__time,/model_pose/x/position,/model_pose/y/position,/model_pose/z/position
1751976373.66494,-0.011276092,-0.020306039,0.07784083
1751976373.66693,-0.011276092,-0.020306039,0.07784083
1751976373.66894,-0.011276092,-0.020306039,0.07784083
1751976373.67094,-0.011276092,-0.020306039,0.07784083
1751976373.67293,-0.011276092,-0.020306039,0.07784083
1751976373.67497,-0.011236414,-0.020297826,0.077905655
1751976373.67695,-0.011236414,-0.020297826,0.077905655
1751976373.67894,-0.011236414,-0.020297826,0.077905655
1751976373.68095,-0.011236414,-0.020297826,0.077905655
1751976373.68293,-0.011236414,-0.020297826,0.077905655
1751976373.68493,-0.011297466,-0.020306865,0.077826575
1751976373.68696,-0.011297466,-0.020306865,0.077826575
1751976373.68894,-0.011297466,-0.020306865,0.077826575
1751976373.69088,-0.011297466,-0.020306865,0.077826575
1751976373.69293,-0.011297466,-0.020306865,0.077826575
1751976373.69498,-0.011299947,-0.020307733,0.077847515
1751976373.69696,-0.011299947,-0.020307733,0.077847515
1751976373.69896,-0.011299947,-0.020307733,0.077847515
1751976373.70097,-0.011299947,-0.020307733,0.077847515
1751976373.70297,-0.011299947,-0.020307733,0.077847515
1751976373.70499,-0.011327872,-0.020289995,0.077806122
1751976373.70699,-0.011327872,-0.020289995,0.077806122
1751976373.70896,-0.011327872,-0.020289995,0.077806122
1751976373.71096,-0.011327872,-0.020289995,0.077806122
1751976373.71295,-0.011327872,-0.020289995,0.077806122
1751976373.71497,-0.011327872,-0.020289995,0.077806122
1751976373.71695,-0.011291404,-0.020285904,0.077824282
1751976373.71894,-0.011291404,-0.020285904,0.077824282
1751976373.72093,-0.011291404,-0.020285904,0.077824282
1751976373.72294,-0.011291404,-0.020285904,0.077824282
1751976373.72493,-0.011291404,-0.020285904,0.077824282
1751976373.72693,-0.011291404,-0.020285904,0.077824282
1751976373.72895,-0.011352175,-0.020295663,0.077788842
1751976373.73093,-0.011352175,-0.020295663,0.077788842
1751976373.73293,-0.011352175,-0.020295663,0.077788842
1751976373.73495,-0.011352175,-0.020295663,0.077788842
1751976373.73699,-0.011352175,-0.020295663,0.077788842
1751976373.73896,-0.011297592,-0.020283791,0.077861501
1751976373.74099,-0.011297592,-0.020283791,0.077861501
1751976373.74296,-0.011297592,-0.020283791,0.077861501
1751976373.745,-0.011297592,-0.020283791,0.077861501
1751976373.74702,-0.011297592,-0.020283791,0.077861501
1751976373.74897,-0.011286249,-0.020277472,0.077875491
1751976373.75098,-0.011286249,-0.020277472,0.077875491
1751976373.75295,-0.011286249,-0.020277472,0.077875491
1751976373.75495,-0.011286249,-0.020277472,0.077875491
1751976373.75704,-0.011286249,-0.020277472,0.077875491
1751976373.75891,-0.011305465,-0.020297771,0.077878302
1751976373.76098,-0.011305465,-0.020297771,0.077878302
1751976373.76298,-0.011305465,-0.020297771,0.077878302
1751976373.76495,-0.011305465,-0.020297771,0.077878302
1751976373.76694,-0.011305465,-0.020297771,0.077878302
1751976373.76894,-0.011305465,-0.020297771,0.077878302
1751976373.77097,-0.011298892,-0.020303596,0.077829049
1751976373.77297,-0.011298892,-0.020303596,0.077829049
1751976373.77495,-0.011298892,-0.020303596,0.077829049
1751976373.777,-0.011298892,-0.020303596,0.077829049
1751976373.77896,-0.011298892,-0.020303596,0.077829049
1751976373.78093,-0.011284011,-0.020310315,0.077829074
1751976373.78295,-0.011284011,-0.020310315,0.077829074
1751976373.78499,-0.011284011,-0.020310315,0.077829074
1751976373.78698,-0.011284011,-0.020310315,0.077829074
1751976373.78896,-0.011284011,-0.020310315,0.077829074
1751976373.79092,-0.011284011,-0.020310315,0.077829074
1751976373.79296,-0.011291428,-0.020292238,0.077836607
1751976373.79496,-0.011291428,-0.020292238,0.077836607
1751976373.79695,-0.011291428,-0.020292238,0.077836607
1751976373.79896,-0.011291428,-0.020292238,0.077836607
1751976373.80095,-0.011291428,-0.020292238,0.077836607
1751976373.80298,-0.01132768,-0.020288453,0.077874488
1751976373.80494,-0.01132768,-0.020288453,0.077874488
1751976373.80695,-0.01132768,-0.020288453,0.077874488
1751976373.80895,-0.01132768,-0.020288453,0.077874488
1751976373.81593,-0.01132768,-0.020288453,0.077874488
1751976373.81595,-0.0113035,-0.020305043,0.077838867
1751976373.81605,-0.0113035,-0.020305043,0.077838867
1751976373.81698,-0.0113035,-0.020305043,0.077838867
1751976373.81898,-0.0113035,-0.020305043,0.077838867
1751976373.82094,-0.0113035,-0.020305043,0.077838867
1751976373.82294,-0.0113035,-0.020305043,0.077838867
1751976373.82502,-0.011284979,-0.020260627,0.077846327
1751976373.82698,-0.011284979,-0.020260627,0.077846327
1751976373.829,-0.011284979,-0.020260627,0.077846327
1751976373.83101,-0.011284979,-0.020260627,0.077846327
1751976373.833,-0.011284979,-0.020260627,0.077846327
1751976373.83497,-0.011214163,-0.020303218,0.077890641
1751976373.83697,-0.011214163,-0.020303218,0.077890641
1751976373.83897,-0.011214163,-0.020303218,0.077890641
1751976373.84095,-0.011214163,-0.020303218,0.077890641
1751976373.84296,-0.011214163,-0.020303218,0.077890641
1751976373.84501,-0.011214163,-0.020303218,0.077890641
1751976373.84695,-0.011270324,-0.020294706,0.077853384
1751976373.84895,-0.011270324,-0.020294706,0.077853384
1751976373.85095,-0.011270324,-0.020294706,0.077853384
1751976373.85299,-0.011270324,-0.020294706,0.077853384
1751976373.85496,-0.011270324,-0.020294706,0.077853384
1751976373.85695,-0.011270324,-0.020294706,0.077853384
1751976373.85896,-0.011277615,-0.020309393,0.077831416
1751976373.86098,-0.011277615,-0.020309393,0.077831416
1751976373.86293,-0.011277615,-0.020309393,0.077831416
1751976373.86499,-0.011277615,-0.020309393,0.077831416
1751976373.86705,-0.011277615,-0.020309393,0.077831416
1751976373.86899,-0.011277615,-0.020309393,0.077831416
1751976373.87097,-0.011306415,-0.020309482,0.07781689
1751976373.87302,-0.011306415,-0.020309482,0.07781689
1751976373.87495,-0.011306415,-0.020309482,0.07781689
1751976373.87695,-0.011306415,-0.020309482,0.07781689
1751976373.87897,-0.011306415,-0.020309482,0.07781689
1751976373.88095,-0.011216382,-0.020309835,0.077838907
1751976373.88291,-0.011216382,-0.020309835,0.077838907
1751976373.88495,-0.011216382,-0.020309835,0.077838907
1751976373.88697,-0.011216382,-0.020309835,0.077838907
1751976373.88895,-0.011216382,-0.020309835,0.077838907
1751976373.89093,-0.011216382,-0.020309835,0.077838907
1751976373.89294,-0.011255549,-0.020314892,0.077812694
1751976373.89498,-0.011255549,-0.020314892,0.077812694
1751976373.89694,-0.011255549,-0.020314892,0.077812694
1751976373.89897,-0.011255549,-0.020314892,0.077812694
1751976373.90095,-0.011255549,-0.020314892,0.077812694
1751976373.90295,-0.011274309,-0.020295012,0.077848932
1751976373.90496,-0.011274309,-0.020295012,0.077848932
1751976373.90695,-0.011274309,-0.020295012,0.077848932
1751976373.90893,-0.011274309,-0.020295012,0.077848932
1751976373.91098,-0.011274309,-0.020295012,0.077848932
1751976373.91294,-0.011300162,-0.020285267,0.077863106
1751976373.91498,-0.011300162,-0.020285267,0.077863106
1751976373.91703,-0.011300162,-0.020285267,0.077863106
1751976373.91896,-0.011300162,-0.020285267,0.077863106
1751976373.92096,-0.011300162,-0.020285267,0.077863106
1751976373.92295,-0.011300162,-0.020285267,0.077863106
1751976373.92495,-0.011290373,-0.020287641,0.077870857
1751976373.92699,-0.011290373,-0.020287641,0.077870857
1751976373.92896,-0.011290373,-0.020287641,0.077870857
1751976373.93095,-0.011290373,-0.020287641,0.077870857
1751976373.93296,-0.011290373,-0.020287641,0.077870857
1751976373.93498,-0.011318753,-0.020282466,0.077856854
1751976373.93694,-0.011318753,-0.020282466,0.077856854
1751976373.93895,-0.011318753,-0.020282466,0.077856854
1751976373.94096,-0.011318753,-0.020282466,0.077856854
1751976373.94294,-0.011318753,-0.020282466,0.077856854
1751976373.94494,-0.011318753,-0.020282466,0.077856854
1751976373.94695,-0.011272131,-0.020282046,0.077862104
1751976373.94898,-0.011272131,-0.020282046,0.077862104
1751976373.95092,-0.011272131,-0.020282046,0.077862104
1751976373.95299,-0.011272131,-0.020282046,0.077862104
1751976373.95496,-0.011272131,-0.020282046,0.077862104
1751976373.95697,-0.011244606,-0.020304293,0.077897881
1751976373.95895,-0.011244606,-0.020304293,0.077897881
1751976373.96094,-0.011244606,-0.020304293,0.077897881
1751976373.96308,-0.011244606,-0.020304293,0.077897881
1751976373.96499,-0.011244606,-0.020304293,0.077897881
1751976373.96701,-0.011305204,-0.020255368,0.077828452
1751976373.96898,-0.011305204,-0.020255368,0.077828452
1751976373.97095,-0.011305204,-0.020255368,0.077828452
1751976373.97294,-0.011305204,-0.020255368,0.077828452
1751976373.97495,-0.011305204,-0.020255368,0.077828452
1751976373.97695,-0.011305204,-0.020255368,0.077828452
1751976373.97893,-0.011333477,-0.020296723,0.077803133
1751976373.98094,-0.011333477,-0.020296723,0.077803133
1751976373.98294,-0.011333477,-0.020296723,0.077803133
1751976373.98493,-0.011333477,-0.020296723,0.077803133
1751976373.98693,-0.011333477,-0.020296723,0.077803133
1751976373.98899,-0.011333477,-0.020296723,0.077803133
1751976373.99095,-0.011329915,-0.020271662,0.077804522
1751976373.99297,-0.011329915,-0.020271662,0.077804522
1751976373.99501,-0.011329915,-0.020271662,0.077804522
1751976373.99695,-0.011329915,-0.020271662,0.077804522
1751976373.99894,-0.011329915,-0.020271662,0.077804522
1751976374.00094,-0.011329915,-0.020271662,0.077804522
1751976374.00299,-0.01125484,-0.020281053,0.077820174
1751976374.00499,-0.01125484,-0.020281053,0.077820174
1751976374.00696,-0.01125484,-0.020281053,0.077820174
1751976374.00901,-0.01125484,-0.020281053,0.077820174
1751976374.01095,-0.01125484,-0.020281053,0.077820174
1751976374.01297,-0.011273025,-0.020281387,0.077869391
1751976374.01496,-0.011273025,-0.020281387,0.077869391
1751976374.01694,-0.011273025,-0.020281387,0.077869391
1751976374.01896,-0.011273025,-0.020281387,0.077869391
1751976374.02103,-0.011273025,-0.020281387,0.077869391
1751976374.02291,-0.011318612,-0.020264528,0.077847508
1751976374.02498,-0.011318612,-0.020264528,0.077847508
1751976374.02696,-0.011318612,-0.020264528,0.077847508
1751976374.02894,-0.011318612,-0.020264528,0.077847508
1751976374.03094,-0.011318612,-0.020264528,0.077847508
1751976374.03294,-0.011318612,-0.020264528,0.077847508
1751976374.03493,-0.011304153,-0.020306858,0.077836064
1751976374.03694,-0.011304153,-0.020306858,0.077836064
1751976374.03895,-0.011304153,-0.020306858,0.077836064
1751976374.04101,-0.011304153,-0.020306858,0.077836064
1751976374.04294,-0.011304153,-0.020306858,0.077836064
1751976374.04493,-0.011304153,-0.020306858,0.077836064
1751976374.04695,-0.011310515,-0.020288758,0.077823337
1751976374.049,-0.011310515,-0.020288758,0.077823337
1751976374.05098,-0.011310515,-0.020288758,0.077823337
1751976374.05296,-0.011310515,-0.020288758,0.077823337
1751976374.05491,-0.011310515,-0.020288758,0.077823337
1751976374.05694,-0.011310515,-0.020288758,0.077823337
1751976374.05895,-0.011318968,-0.020306255,0.0777977
1751976374.06094,-0.011318968,-0.020306255,0.0777977
1751976374.06299,-0.011318968,-0.020306255,0.0777977
1751976374.06497,-0.011318968,-0.020306255,0.0777977
1751976374.06694,-0.011318968,-0.020306255,0.0777977
1751976374.06894,-0.011318968,-0.020306255,0.0777977
1751976374.07093,-0.01133288,-0.020299789,0.0778344
1751976374.07294,-0.01133288,-0.020299789,0.0778344
1751976374.07494,-0.01133288,-0.020299789,0.0778344
1751976374.07693,-0.01133288,-0.020299789,0.0778344
1751976374.07895,-0.01133288,-0.020299789,0.0778344
1751976374.08093,-0.011316682,-0.020307544,0.077814727
1751976374.08296,-0.011316682,-0.020307544,0.077814727
1751976374.08497,-0.011316682,-0.020307544,0.077814727
1751976374.08697,-0.011316682,-0.020307544,0.077814727
1751976374.08906,-0.011316682,-0.020307544,0.077814727
1751976374.09104,-0.011300892,-0.020297975,0.077855676
1751976374.09302,-0.011300892,-0.020297975,0.077855676
1751976374.09498,-0.011300892,-0.020297975,0.077855676
1751976374.09696,-0.011300892,-0.020297975,0.077855676
1751976374.09895,-0.011300892,-0.020297975,0.077855676
1751976374.10094,-0.011300892,-0.020297975,0.077855676
1751976374.10297,-0.011326791,-0.020300365,0.077888317
1751976374.10494,-0.011326791,-0.020300365,0.077888317
1751976374.10693,-0.011326791,-0.020300365,0.077888317
1751976374.10897,-0.011326791,-0.020300365,0.077888317
1751976374.11093,-0.011326791,-0.020300365,0.077888317
1751976374.1129,-0.011326791,-0.020300365,0.077888317
1751976374.11493,-0.01128557,-0.020251393,0.077887741
1751976374.11696,-0.01128557,-0.020251393,0.077887741
1751976374.11896,-0.01128557,-0.020251393,0.077887741
1751976374.121,-0.01128557,-0.020251393,0.077887741
1751976374.12297,-0.01128557,-0.020251393,0.077887741
1751976374.12497,-0.011345361,-0.020279213,0.077834463
1751976374.12697,-0.011345361,-0.020279213,0.077834463
1751976374.12898,-0.011345361,-0.020279213,0.077834463
1751976374.13097,-0.011345361,-0.020279213,0.077834463
1751976374.13301,-0.011345361,-0.020279213,0.077834463
1751976374.13496,-0.011319684,-0.02029561,0.077790629
1751976374.13699,-0.011319684,-0.02029561,0.077790629
1751976374.13897,-0.011319684,-0.02029561,0.077790629
1751976374.14096,-0.011319684,-0.02029561,0.077790629
1751976374.14298,-0.011319684,-0.02029561,0.077790629
1751976374.14495,-0.011282667,-0.020305905,0.077861293
1751976374.14698,-0.011282667,-0.020305905,0.077861293
1751976374.14894,-0.011282667,-0.020305905,0.077861293
1751976374.15095,-0.011282667,-0.020305905,0.077861293
1751976374.15294,-0.011282667,-0.020305905,0.077861293
1751976374.15495,-0.011282667,-0.020305905,0.077861293
1751976374.15693,-0.011278189,-0.020295525,0.07783279
1751976374.15894,-0.011278189,-0.020295525,0.07783279
1751976374.16102,-0.011278189,-0.020295525,0.07783279
1751976374.16292,-0.011278189,-0.020295525,0.07783279
1751976374.16494,-0.011278189,-0.020295525,0.07783279
1751976374.16693,-0.011291744,-0.020299203,0.077815764
1751976374.169,-0.011291744,-0.020299203,0.077815764
1751976374.17096,-0.011291744,-0.020299203,0.077815764
1751976374.17296,-0.011291744,-0.020299203,0.077815764
1751976374.17498,-0.011291744,-0.020299203,0.077815764
1751976374.17695,-0.011291744,-0.020299203,0.077815764
1751976374.17893,-0.01127462,-0.020273987,0.0778361
1751976374.18097,-0.01127462,-0.020273987,0.0778361
1751976374.18299,-0.01127462,-0.020273987,0.0778361
1751976374.185,-0.01127462,-0.020273987,0.0778361
1751976374.18695,-0.01127462,-0.020273987,0.0778361
1751976374.18895,-0.01127462,-0.020273987,0.0778361
1751976374.19094,-0.011287583,-0.020289772,0.077838023
1751976374.19293,-0.011287583,-0.020289772,0.077838023
1751976374.19493,-0.011287583,-0.020289772,0.077838023
1751976374.19695,-0.011287583,-0.020289772,0.077838023
1751976374.19893,-0.011287583,-0.020289772,0.077838023
1751976374.20088,-0.011287583,-0.020289772,0.077838023
1751976374.20292,-0.011262505,-0.020282065,0.077876485
1751976374.20494,-0.011262505,-0.020282065,0.077876485
1751976374.20692,-0.011262505,-0.020282065,0.077876485
1751976374.20895,-0.011262505,-0.020282065,0.077876485
1751976374.21095,-0.011262505,-0.020282065,0.077876485
1751976374.21302,-0.011257568,-0.020272797,0.077853197
1751976374.21499,-0.011257568,-0.020272797,0.077853197
1751976374.21711,-0.011257568,-0.020272797,0.077853197
1751976374.21898,-0.011257568,-0.020272797,0.077853197
1751976374.22104,-0.011257568,-0.020272797,0.077853197
1751976374.22296,-0.011274218,-0.020282612,0.077859328
1751976374.22495,-0.011274218,-0.020282612,0.077859328
1751976374.22696,-0.011274218,-0.020282612,0.077859328
1751976374.22894,-0.011274218,-0.020282612,0.077859328
1751976374.23094,-0.011274218,-0.020282612,0.077859328
1751976374.23296,-0.011274218,-0.020282612,0.077859328
1751976374.23494,-0.011261145,-0.020281567,0.077866018
1751976374.23699,-0.011261145,-0.020281567,0.077866018
1751976374.23894,-0.011261145,-0.020281567,0.077866018
1751976374.24096,-0.011261145,-0.020281567,0.077866018
1751976374.24294,-0.011261145,-0.020281567,0.077866018
1751976374.24493,-0.011261145,-0.020281567,0.077866018
1751976374.24693,-0.011286606,-0.020279992,0.077848584
1751976374.24895,-0.011286606,-0.020279992,0.077848584
1751976374.25097,-0.011286606,-0.020279992,0.077848584
1751976374.25294,-0.011286606,-0.020279992,0.077848584
1751976374.25495,-0.011286606,-0.020279992,0.077848584
1751976374.25698,-0.011273458,-0.020293196,0.077890607
1751976374.25895,-0.011273458,-0.020293196,0.077890607
1751976374.26095,-0.011273458,-0.020293196,0.077890607
1751976374.26291,-0.011273458,-0.020293196,0.077890607
1751976374.26494,-0.011273458,-0.020293196,0.077890607
1751976374.26695,-0.011366013,-0.020298544,0.077822396
1751976374.26896,-0.011366013,-0.020298544,0.077822396
1751976374.27096,-0.011366013,-0.020298544,0.077822396
1751976374.27294,-0.011366013,-0.020298544,0.077822396
1751976374.27496,-0.011366013,-0.020298544,0.077822396
1751976374.27695,-0.011280063,-0.020308438,0.077869462
1751976374.27895,-0.011280063,-0.020308438,0.077869462
1751976374.28096,-0.011280063,-0.020308438,0.077869462
1751976374.28297,-0.011280063,-0.020308438,0.077869462
1751976374.285,-0.011280063,-0.020308438,0.077869462
1751976374.28694,-0.011280063,-0.020308438,0.077869462
1751976374.28893,-0.011321093,-0.020295833,0.077854281
1751976374.29092,-0.011321093,-0.020295833,0.077854281
1751976374.29293,-0.011321093,-0.020295833,0.077854281
1751976374.29493,-0.011321093,-0.020295833,0.077854281
1751976374.29694,-0.011321093,-0.020295833,0.077854281
1751976374.29893,-0.01132105,-0.020293323,0.077843031
1751976374.30095,-0.01132105,-0.020293323,0.077843031
1751976374.30299,-0.01132105,-0.020293323,0.077843031
1751976374.30497,-0.01132105,-0.020293323,0.077843031
1751976374.30705,-0.01132105,-0.020293323,0.077843031
1751976374.30896,-0.011279252,-0.020305592,0.077877067
1751976374.31099,-0.011279252,-0.020305592,0.077877067
1751976374.31299,-0.011279252,-0.020305592,0.077877067
1751976374.31499,-0.011279252,-0.020305592,0.077877067
1751976374.31697,-0.011279252,-0.020305592,0.077877067
1751976374.31897,-0.011350953,-0.020282515,0.077856617
1751976374.32096,-0.011350953,-0.020282515,0.077856617
1751976374.32303,-0.011350953,-0.020282515,0.077856617
1751976374.3249,-0.011350953,-0.020282515,0.077856617
1751976374.32693,-0.011350953,-0.020282515,0.077856617
1751976374.32894,-0.011350953,-0.020282515,0.077856617
1751976374.3309,-0.011298383,-0.020306658,0.07782884
1751976374.33298,-0.011298383,-0.020306658,0.07782884
1751976374.33497,-0.011298383,-0.020306658,0.07782884
1751976374.33692,-0.011298383,-0.020306658,0.07782884
1751976374.33897,-0.011298383,-0.020306658,0.07782884
1751976374.34093,-0.011231573,-0.020314332,0.077871204
1751976374.34293,-0.011231573,-0.020314332,0.077871204
1751976374.34497,-0.011231573,-0.020314332,0.077871204
1751976374.34713,-0.011231573,-0.020314332,0.077871204
1751976374.349,-0.011231573,-0.020314332,0.077871204
1751976374.35095,-0.011312211,-0.020306461,0.077853543
1751976374.35296,-0.011312211,-0.020306461,0.077853543
1751976374.35495,-0.011312211,-0.020306461,0.077853543
1751976374.35695,-0.011312211,-0.020306461,0.077853543
1751976374.35897,-0.011312211,-0.020306461,0.077853543
1751976374.36094,-0.011312211,-0.020306461,0.077853543
1751976374.36296,-0.011339998,-0.020236663,0.077859889
1751976374.36496,-0.011339998,-0.020236663,0.077859889
1751976374.36696,-0.011339998,-0.020236663,0.077859889
1751976374.36894,-0.011339998,-0.020236663,0.077859889
1751976374.37093,-0.011339998,-0.020236663,0.077859889
1751976374.37299,-0.011289015,-0.02028906,0.077842088
1751976374.37494,-0.011289015,-0.02028906,0.077842088
1751976374.37695,-0.011289015,-0.02028906,0.077842088
1751976374.37897,-0.011289015,-0.02028906,0.077842088
1751976374.38096,-0.011289015,-0.02028906,0.077842088
1751976374.38296,-0.011278198,-0.020302632,0.077882531
1751976374.38499,-0.011278198,-0.020302632,0.077882531
1751976374.38695,-0.011278198,-0.020302632,0.077882531
1751976374.38895,-0.011278198,-0.020302632,0.077882531
1751976374.39096,-0.011278198,-0.020302632,0.077882531
1751976374.393,-0.011278198,-0.020302632,0.077882531
1751976374.39499,-0.011324159,-0.020288821,0.077790208
1751976374.39695,-0.011324159,-0.020288821,0.077790208
1751976374.39896,-0.011324159,-0.020288821,0.077790208
1751976374.40097,-0.011324159,-0.020288821,0.077790208
1751976374.40295,-0.011324159,-0.020288821,0.077790208
1751976374.40489,-0.011324159,-0.020288821,0.077790208
1751976374.40697,-0.011298731,-0.020291782,0.077835851
1751976374.40896,-0.011298731,-0.020291782,0.077835851
1751976374.41092,-0.011298731,-0.020291782,0.077835851
1751976374.41298,-0.011298731,-0.020291782,0.077835851
1751976374.41496,-0.011298731,-0.020291782,0.077835851
1751976374.41696,-0.011332719,-0.020297043,0.077773797
1751976374.419,-0.011332719,-0.020297043,0.077773797
1751976374.42095,-0.011332719,-0.020297043,0.077773797
1751976374.42294,-0.011332719,-0.020297043,0.077773797
1751976374.42494,-0.011332719,-0.020297043,0.077773797
1751976374.42688,-0.011332719,-0.020297043,0.077773797
1751976374.42897,-0.011297823,-0.020310413,0.07779117
1751976374.43095,-0.011297823,-0.020310413,0.07779117
1751976374.43294,-0.011297823,-0.020310413,0.07779117
1751976374.43498,-0.011297823,-0.020310413,0.07779117
1751976374.43699,-0.011297823,-0.020310413,0.07779117
1751976374.43896,-0.011267367,-0.020313706,0.077825399
1751976374.44097,-0.011267367,-0.020313706,0.077825399
1751976374.44298,-0.011267367,-0.020313706,0.077825399
1751976374.44494,-0.011267367,-0.020313706,0.077825399
1751976374.44688,-0.011267367,-0.020313706,0.077825399
1751976374.44896,-0.011267367,-0.020313706,0.077825399
1751976374.45097,-0.011253345,-0.020297094,0.077880745
1751976374.45294,-0.011253345,-0.020297094,0.077880745
1751976374.45499,-0.011253345,-0.020297094,0.077880745
1751976374.45687,-0.011253345,-0.020297094,0.077880745
1751976374.45893,-0.011253345,-0.020297094,0.077880745
1751976374.46094,-0.011253345,-0.020297094,0.077880745
1751976374.46298,-0.011255335,-0.02029321,0.077857001
1751976374.46494,-0.011255335,-0.02029321,0.077857001
1751976374.46693,-0.011255335,-0.02029321,0.077857001
1751976374.46902,-0.011255335,-0.02029321,0.077857001
1751976374.47095,-0.011255335,-0.02029321,0.077857001
1751976374.47299,-0.011268395,-0.020294099,0.077867606
1751976374.47512,-0.011268395,-0.020294099,0.077867606
1751976374.47704,-0.011268395,-0.020294099,0.077867606
1751976374.47898,-0.011268395,-0.020294099,0.077867606
1751976374.48096,-0.011268395,-0.020294099,0.077867606
1751976374.48297,-0.011268395,-0.020294099,0.077867606
1751976374.48496,-0.011283244,-0.020287184,0.077787101
1751976374.48695,-0.011283244,-0.020287184,0.077787101
1751976374.48899,-0.011283244,-0.020287184,0.077787101
1751976374.49095,-0.011283244,-0.020287184,0.077787101
1751976374.49294,-0.011283244,-0.020287184,0.077787101
1751976374.49495,-0.011283244,-0.020287184,0.077787101
1751976374.49703,-0.011309291,-0.020302743,0.077840683
1751976374.49897,-0.011309291,-0.020302743,0.077840683
1751976374.50094,-0.011309291,-0.020302743,0.077840683
1751976374.50306,-0.011309291,-0.020302743,0.077840683
1751976374.50496,-0.011309291,-0.020302743,0.077840683
1751976374.50697,-0.011304851,-0.020306618,0.077848228
1751976374.50899,-0.011304851,-0.020306618,0.077848228
1751976374.51094,-0.011304851,-0.020306618,0.077848228
1751976374.51294,-0.011304851,-0.020306618,0.077848228
1751976374.51497,-0.011304851,-0.020306618,0.077848228
1751976374.51697,-0.011304851,-0.020306618,0.077848228
1751976374.519,-0.01132268,-0.020296925,0.07781799
1751976374.52099,-0.01132268,-0.020296925,0.07781799
1751976374.52297,-0.01132268,-0.020296925,0.07781799
1751976374.52496,-0.01132268,-0.020296925,0.07781799
1751976374.5269,-0.01132268,-0.020296925,0.07781799
1751976374.52894,-0.01132268,-0.020296925,0.07781799
1751976374.53096,-0.011263011,-0.020289628,0.077835232
1751976374.53294,-0.011263011,-0.020289628,0.077835232
1751976374.53498,-0.011263011,-0.020289628,0.077835232
1751976374.537,-0.011263011,-0.020289628,0.077835232
1751976374.53896,-0.011263011,-0.020289628,0.077835232
1751976374.54095,-0.011263011,-0.020289628,0.077835232
1751976374.54295,-0.011290525,-0.020299014,0.077855722
1751976374.54496,-0.011290525,-0.020299014,0.077855722
1751976374.547,-0.011290525,-0.020299014,0.077855722
1751976374.54896,-0.011290525,-0.020299014,0.077855722
1751976374.55102,-0.011290525,-0.020299014,0.077855722
1751976374.55301,-0.011298131,-0.020296856,0.07786992
1751976374.55494,-0.011298131,-0.020296856,0.07786992
1751976374.55696,-0.011298131,-0.020296856,0.07786992
1751976374.55906,-0.011298131,-0.020296856,0.07786992
1751976374.56097,-0.011298131,-0.020296856,0.07786992
1751976374.56297,-0.011298131,-0.020296856,0.07786992
1751976374.56501,-0.011373167,-0.020302898,0.077776429
1751976374.56702,-0.011373167,-0.020302898,0.077776429
1751976374.56901,-0.011373167,-0.020302898,0.077776429
1751976374.57091,-0.011373167,-0.020302898,0.077776429
1751976374.57297,-0.011373167,-0.020302898,0.077776429
1751976374.57496,-0.011373167,-0.020302898,0.077776429
1751976374.57701,-0.011320149,-0.020307002,0.077830457
1751976374.57897,-0.011320149,-0.020307002,0.077830457
1751976374.58096,-0.011320149,-0.020307002,0.077830457
1751976374.58294,-0.011320149,-0.020307002,0.077830457
1751976374.58497,-0.011320149,-0.020307002,0.077830457
1751976374.587,-0.011274357,-0.020282058,0.077861371
1751976374.58894,-0.011274357,-0.020282058,0.077861371
1751976374.59097,-0.011274357,-0.020282058,0.077861371
1751976374.59296,-0.011274357,-0.020282058,0.077861371
1751976374.59495,-0.011274357,-0.020282058,0.077861371
1751976374.59694,-0.011274357,-0.020282058,0.077861371
1751976374.59898,-0.011304249,-0.020299704,0.077774639
1751976374.601,-0.011304249,-0.020299704,0.077774639
1751976374.60305,-0.011304249,-0.020299704,0.077774639
1751976374.60497,-0.011304249,-0.020299704,0.077774639
1751976374.60699,-0.011304249,-0.020299704,0.077774639
1751976374.60896,-0.011304249,-0.020299704,0.077774639
1751976374.61103,-0.011266277,-0.020284249,0.077848488
1751976374.61295,-0.011266277,-0.020284249,0.077848488
1751976374.61495,-0.011266277,-0.020284249,0.077848488
1751976374.6169,-0.011266277,-0.020284249,0.077848488
1751976374.61894,-0.011266277,-0.020284249,0.077848488
1751976374.62093,-0.011273843,-0.020305971,0.077829164
1751976374.62295,-0.011273843,-0.020305971,0.077829164
1751976374.62494,-0.011273843,-0.020305971,0.077829164
1751976374.62703,-0.011273843,-0.020305971,0.077829164
1751976374.62897,-0.011273843,-0.020305971,0.077829164
1751976374.63096,-0.011273843,-0.020305971,0.077829164
1751976374.63295,-0.011298699,-0.020303056,0.077831452
1751976374.63497,-0.011298699,-0.020303056,0.077831452
1751976374.63694,-0.011298699,-0.020303056,0.077831452
1751976374.63893,-0.011298699,-0.020303056,0.077831452
1751976374.64096,-0.011298699,-0.020303056,0.077831452
1751976374.64295,-0.011298699,-0.020303056,0.077831452
1751976374.64496,-0.0113551,-0.020283704,0.07777333
1751976374.64698,-0.0113551,-0.020283704,0.07777333
1751976374.64905,-0.0113551,-0.020283704,0.07777333
1751976374.65097,-0.0113551,-0.020283704,0.07777333
1751976374.65298,-0.0113551,-0.020283704,0.07777333
1751976374.65496,-0.011355549,-0.020300612,0.077783659
1751976374.65695,-0.011355549,-0.020300612,0.077783659
1751976374.65895,-0.011355549,-0.020300612,0.077783659
1751976374.66096,-0.011355549,-0.020300612,0.077783659
1751976374.66297,-0.011355549,-0.020300612,0.077783659
1751976374.66496,-0.011355549,-0.020300612,0.077783659
1751976374.66695,-0.011308111,-0.020290522,0.077844405
1751976374.66895,-0.011308111,-0.020290522,0.077844405
1751976374.67095,-0.011308111,-0.020290522,0.077844405
1751976374.67295,-0.011308111,-0.020290522,0.077844405
1751976374.67499,-0.011308111,-0.020290522,0.077844405
1751976374.67698,-0.011308111,-0.020290522,0.077844405
1751976374.67896,-0.011277852,-0.020306382,0.0778699
1751976374.68094,-0.011277852,-0.020306382,0.0778699
1751976374.68295,-0.011277852,-0.020306382,0.0778699
1751976374.68496,-0.011277852,-0.020306382,0.0778699
1751976374.687,-0.011277852,-0.020306382,0.0778699
1751976374.68899,-0.011281175,-0.020250486,0.077855132
1751976374.69099,-0.011281175,-0.020250486,0.077855132
1751976374.69297,-0.011281175,-0.020250486,0.077855132
1751976374.69496,-0.011281175,-0.020250486,0.077855132
1751976374.69696,-0.011281175,-0.020250486,0.077855132
1751976374.699,-0.011281175,-0.020250486,0.077855132
1751976374.70095,-0.011263141,-0.020300541,0.077867806
1751976374.70297,-0.011263141,-0.020300541,0.077867806
1751976374.70497,-0.011263141,-0.020300541,0.077867806
1751976374.70698,-0.011263141,-0.020300541,0.077867806
1751976374.70895,-0.011263141,-0.020300541,0.077867806
1751976374.71093,-0.011263141,-0.020300541,0.077867806
1751976374.71292,-0.011307681,-0.020303849,0.077871184
1751976374.71493,-0.011307681,-0.020303849,0.077871184
1751976374.71693,-0.011307681,-0.020303849,0.077871184
1751976374.71893,-0.011307681,-0.020303849,0.077871184
1751976374.72094,-0.011307681,-0.020303849,0.077871184
1751976374.72294,-0.011274863,-0.020311276,0.077846402
1751976374.72494,-0.011274863,-0.020311276,0.077846402
1751976374.72704,-0.011274863,-0.020311276,0.077846402
1751976374.729,-0.011274863,-0.020311276,0.077846402
1751976374.73116,-0.011274863,-0.020311276,0.077846402
1751976374.7331,-0.011347678,-0.020294204,0.077856997
1751976374.73499,-0.011347678,-0.020294204,0.077856997
1751976374.73697,-0.011347678,-0.020294204,0.077856997
1751976374.73896,-0.011347678,-0.020294204,0.077856997
1751976374.74094,-0.011347678,-0.020294204,0.077856997
1751976374.74296,-0.011347678,-0.020294204,0.077856997
1751976374.74494,-0.011322785,-0.020292155,0.077833397
1751976374.74696,-0.011322785,-0.020292155,0.077833397
1751976374.74897,-0.011322785,-0.020292155,0.077833397
1751976374.75094,-0.011322785,-0.020292155,0.077833397
1751976374.75295,-0.011322785,-0.020292155,0.077833397
1751976374.75495,-0.011322785,-0.020292155,0.077833397
1751976374.75693,-0.011245571,-0.020310427,0.077875866
1751976374.75894,-0.011245571,-0.020310427,0.077875866
1751976374.76096,-0.011245571,-0.020310427,0.077875866
1751976374.76297,-0.011245571,-0.020310427,0.077875866
1751976374.76499,-0.011245571,-0.020310427,0.077875866
1751976374.76693,-0.011254521,-0.020313496,0.077848039
1751976374.76898,-0.011254521,-0.020313496,0.077848039
1751976374.77097,-0.011254521,-0.020313496,0.077848039
1751976374.773,-0.011254521,-0.020313496,0.077848039
1751976374.77496,-0.011254521,-0.020313496,0.077848039
1751976374.77698,-0.011228435,-0.020292664,0.077915057
1751976374.77898,-0.011228435,-0.020292664,0.077915057
1751976374.78098,-0.011228435,-0.020292664,0.077915057
1751976374.78294,-0.011228435,-0.020292664,0.077915057
1751976374.78495,-0.011228435,-0.020292664,0.077915057
1751976374.78695,-0.011228435,-0.020292664,0.077915057
1751976374.78896,-0.011300316,-0.020284718,0.077781923
1751976374.79096,-0.011300316,-0.020284718,0.077781923
1751976374.79298,-0.011300316,-0.020284718,0.077781923
1751976374.79496,-0.011300316,-0.020284718,0.077781923
1751976374.79695,-0.011300316,-0.020284718,0.077781923
1751976374.7989,-0.011300316,-0.020284718,0.077781923
1751976374.80094,-0.011275769,-0.020304404,0.077864015
1751976374.80295,-0.011275769,-0.020304404,0.077864015
1751976374.80494,-0.011275769,-0.020304404,0.077864015
1751976374.80694,-0.011275769,-0.020304404,0.077864015
1751976374.80894,-0.011275769,-0.020304404,0.077864015
1751976374.81089,-0.011295466,-0.020285615,0.077825572
1751976374.81296,-0.011295466,-0.020285615,0.077825572
1751976374.81496,-0.011295466,-0.020285615,0.077825572
1751976374.81696,-0.011295466,-0.020285615,0.077825572
1751976374.81896,-0.011295466,-0.020285615,0.077825572
1751976374.82094,-0.011211354,-0.020313713,0.077839305
1751976374.82299,-0.011211354,-0.020313713,0.077839305
1751976374.82494,-0.011211354,-0.020313713,0.077839305
1751976374.82696,-0.011211354,-0.020313713,0.077839305
1751976374.82898,-0.011211354,-0.020313713,0.077839305
1751976374.83096,-0.011253393,-0.020311716,0.077860265
1751976374.83295,-0.011253393,-0.020311716,0.077860265
1751976374.83494,-0.011253393,-0.020311716,0.077860265
1751976374.83695,-0.011253393,-0.020311716,0.077860265
1751976374.83894,-0.011253393,-0.020311716,0.077860265
1751976374.84094,-0.011253393,-0.020311716,0.077860265
1751976374.84295,-0.011255351,-0.020293898,0.077844818
1751976374.84494,-0.011255351,-0.020293898,0.077844818
1751976374.84693,-0.011255351,-0.020293898,0.077844818
1751976374.84895,-0.011255351,-0.020293898,0.077844818
1751976374.85094,-0.011255351,-0.020293898,0.077844818
1751976374.85294,-0.011255351,-0.020293898,0.077844818
1751976374.85496,-0.011274472,-0.020280967,0.077878693
1751976374.85699,-0.011274472,-0.020280967,0.077878693
1751976374.85904,-0.011274472,-0.020280967,0.077878693
1751976374.861,-0.011274472,-0.020280967,0.077878693
1751976374.86296,-0.011274472,-0.020280967,0.077878693
1751976374.86496,-0.011254766,-0.020305522,0.077867122
1751976374.86695,-0.011254766,-0.020305522,0.077867122
1751976374.86896,-0.011254766,-0.020305522,0.077867122
1751976374.87098,-0.011254766,-0.020305522,0.077867122
1751976374.87296,-0.011254766,-0.020305522,0.077867122
1751976374.87495,-0.011254766,-0.020305522,0.077867122
1751976374.87694,-0.011321339,-0.02030609,0.077826422
1751976374.87892,-0.011321339,-0.02030609,0.077826422
1751976374.88093,-0.011321339,-0.02030609,0.077826422
1751976374.88295,-0.011321339,-0.02030609,0.077826422
1751976374.8849,-0.011321339,-0.02030609,0.077826422
1751976374.88695,-0.011321339,-0.02030609,0.077826422
1751976374.88902,-0.011324508,-0.020307813,0.077814662
1751976374.89096,-0.011324508,-0.020307813,0.077814662
1751976374.89294,-0.011324508,-0.020307813,0.077814662
1751976374.89489,-0.011324508,-0.020307813,0.077814662
1751976374.897,-0.011324508,-0.020307813,0.077814662
1751976374.89897,-0.011293569,-0.020248423,0.077858321
1751976374.90094,-0.011293569,-0.020248423,0.077858321
1751976374.90295,-0.011293569,-0.020248423,0.077858321
1751976374.90498,-0.011293569,-0.020248423,0.077858321
1751976374.90697,-0.011293569,-0.020248423,0.077858321
1751976374.90897,-0.011293569,-0.020248423,0.077858321
1751976374.91103,-0.011305166,-0.020293272,0.077879634
1751976374.91301,-0.011305166,-0.020293272,0.077879634
1751976374.91494,-0.011305166,-0.020293272,0.077879634
1751976374.91704,-0.011305166,-0.020293272,0.077879634
1751976374.91896,-0.011305166,-0.020293272,0.077879634
1751976374.92096,-0.011305166,-0.020293272,0.077879634
1751976374.92297,-0.011297058,-0.020306255,0.077849489
1751976374.92494,-0.011297058,-0.020306255,0.077849489
1751976374.92693,-0.011297058,-0.020306255,0.077849489
1751976374.92895,-0.011297058,-0.020306255,0.077849489
1751976374.93092,-0.011297058,-0.020306255,0.077849489
1751976374.93294,-0.011297058,-0.020306255,0.077849489
1751976374.93494,-0.01129681,-0.020289979,0.077879083
1751976374.93696,-0.01129681,-0.020289979,0.077879083
1751976374.93894,-0.01129681,-0.020289979,0.077879083
1751976374.94093,-0.01129681,-0.020289979,0.077879083
1751976374.94296,-0.01129681,-0.020289979,0.077879083
1751976374.94499,-0.011251131,-0.020295407,0.077872229
1751976374.94694,-0.011251131,-0.020295407,0.077872229
1751976374.94896,-0.011251131,-0.020295407,0.077872229
1751976374.95097,-0.011251131,-0.020295407,0.077872229
1751976374.95296,-0.011251131,-0.020295407,0.077872229
1751976374.95497,-0.011251131,-0.020295407,0.077872229
1751976374.957,-0.011263104,-0.020291769,0.077874633
1751976374.95895,-0.011263104,-0.020291769,0.077874633
1751976374.96094,-0.011263104,-0.020291769,0.077874633
1751976374.96294,-0.011263104,-0.020291769,0.077874633
1751976374.96498,-0.011263104,-0.020291769,0.077874633
1751976374.96695,-0.011263104,-0.020291769,0.077874633
1751976374.96893,-0.011281159,-0.02028226,0.077875026
1751976374.97091,-0.011281159,-0.02028226,0.077875026
1751976374.97295,-0.011281159,-0.02028226,0.077875026
1751976374.97494,-0.011281159,-0.02028226,0.077875026
1751976374.97697,-0.011281159,-0.02028226,0.077875026
1751976374.97897,-0.011245409,-0.02029636,0.077883094
1751976374.98094,-0.011245409,-0.02029636,0.077883094
1751976374.98292,-0.011245409,-0.02029636,0.077883094
1751976374.98497,-0.011245409,-0.02029636,0.077883094
1751976374.98696,-0.011245409,-0.02029636,0.077883094
1751976374.98896,-0.011245409,-0.02029636,0.077883094
1751976374.99099,-0.011323292,-0.020284842,0.077846375
1751976374.99295,-0.011323292,-0.020284842,0.077846375
1751976374.99498,-0.011323292,-0.020284842,0.077846375
1751976374.99696,-0.011323292,-0.020284842,0.077846375
1751976374.99899,-0.011323292,-0.020284842,0.077846375
1751976375.00095,-0.011325337,-0.020293366,0.077845621
1751976375.00296,-0.011325337,-0.020293366,0.077845621
1751976375.00498,-0.011325337,-0.020293366,0.077845621
1751976375.00695,-0.011325337,-0.020293366,0.077845621
1751976375.00894,-0.011325337,-0.020293366,0.077845621
1751976375.01098,-0.011325337,-0.020293366,0.077845621
1751976375.01289,-0.01125757,-0.02030411,0.077878232
1751976375.01495,-0.01125757,-0.02030411,0.077878232
1751976375.01696,-0.01125757,-0.02030411,0.077878232
1751976375.01897,-0.01125757,-0.02030411,0.077878232
1751976375.02099,-0.01125757,-0.02030411,0.077878232
1751976375.02294,-0.01125757,-0.02030411,0.077878232
1751976375.02496,-0.011258829,-0.020310807,0.077867524
1751976375.027,-0.011258829,-0.020310807,0.077867524
1751976375.02893,-0.011258829,-0.020310807,0.077867524
1751976375.03094,-0.011258829,-0.020310807,0.077867524
1751976375.03296,-0.011258829,-0.020310807,0.077867524
1751976375.03498,-0.011258829,-0.020310807,0.077867524
1751976375.03696,-0.011290825,-0.020311719,0.077817652
1751976375.03903,-0.011290825,-0.020311719,0.077817652
1751976375.04099,-0.011290825,-0.020311719,0.077817652
1751976375.04298,-0.011290825,-0.020311719,0.077817652
1751976375.04497,-0.011290825,-0.020311719,0.077817652
1751976375.04703,-0.011290825,-0.020311719,0.077817652
1751976375.049,-0.011254263,-0.020300301,0.077838787
1751976375.05098,-0.011254263,-0.020300301,0.077838787
1751976375.05297,-0.011254263,-0.020300301,0.077838787
1751976375.05496,-0.011254263,-0.020300301,0.077838787
1751976375.05694,-0.011254263,-0.020300301,0.077838787
1751976375.05896,-0.011254263,-0.020300301,0.077838787
1751976375.06099,-0.011256915,-0.020304357,0.077850686
1751976375.06291,-0.011256915,-0.020304357,0.077850686
1751976375.06496,-0.011256915,-0.020304357,0.077850686
1751976375.06699,-0.011256915,-0.020304357,0.077850686
1751976375.0689,-0.011256915,-0.020304357,0.077850686
1751976375.07094,-0.011256915,-0.020304357,0.077850686
1751976375.07295,-0.011278935,-0.020282869,0.077845215
1751976375.07493,-0.011278935,-0.020282869,0.077845215
1751976375.07701,-0.011278935,-0.020282869,0.077845215
1751976375.07897,-0.011278935,-0.020282869,0.077845215
1751976375.08103,-0.011278935,-0.020282869,0.077845215
1751976375.08308,-0.011282236,-0.020296045,0.077820343
1751976375.08499,-0.011282236,-0.020296045,0.077820343
1751976375.087,-0.011282236,-0.020296045,0.077820343
1751976375.08895,-0.011282236,-0.020296045,0.077820343
1751976375.09095,-0.011282236,-0.020296045,0.077820343
1751976375.09294,-0.011282236,-0.020296045,0.077820343
1751976375.09496,-0.011264078,-0.020289867,0.077844517
1751976375.09693,-0.011264078,-0.020289867,0.077844517
1751976375.09895,-0.011264078,-0.020289867,0.077844517
1751976375.10094,-0.011264078,-0.020289867,0.077844517
1751976375.10294,-0.011264078,-0.020289867,0.077844517
1751976375.10493,-0.011307472,-0.020302519,0.077837484
1751976375.10695,-0.011307472,-0.020302519,0.077837484
1751976375.10894,-0.011307472,-0.020302519,0.077837484
1751976375.11093,-0.011307472,-0.020302519,0.077837484
1751976375.11294,-0.011307472,-0.020302519,0.077837484
1751976375.11495,-0.011307472,-0.020302519,0.077837484
1751976375.11694,-0.011332109,-0.020286632,0.07780834
1751976375.11894,-0.011332109,-0.020286632,0.07780834
1751976375.12093,-0.011332109,-0.020286632,0.07780834
1751976375.12294,-0.011332109,-0.020286632,0.07780834
1751976375.12496,-0.011332109,-0.020286632,0.07780834
1751976375.12695,-0.011309449,-0.020297014,0.077839308
1751976375.12896,-0.011309449,-0.020297014,0.077839308
1751976375.13096,-0.011309449,-0.020297014,0.077839308
1751976375.13296,-0.011309449,-0.020297014,0.077839308
1751976375.13495,-0.011309449,-0.020297014,0.077839308
1751976375.13695,-0.011309449,-0.020297014,0.077839308
1751976375.13894,-0.01129558,-0.020288496,0.077827748
1751976375.14098,-0.01129558,-0.020288496,0.077827748
1751976375.14295,-0.01129558,-0.020288496,0.077827748
1751976375.14494,-0.01129558,-0.020288496,0.077827748
1751976375.14698,-0.01129558,-0.020288496,0.077827748
1751976375.14896,-0.011333095,-0.020299825,0.077769775
1751976375.15094,-0.011333095,-0.020299825,0.077769775
1751976375.15294,-0.011333095,-0.020299825,0.077769775
1751976375.15493,-0.011333095,-0.020299825,0.077769775
1751976375.15693,-0.011333095,-0.020299825,0.077769775
1751976375.15895,-0.011333095,-0.020299825,0.077769775
1751976375.16109,-0.011292769,-0.020307172,0.077849374
1751976375.16297,-0.011292769,-0.020307172,0.077849374
1751976375.16496,-0.011292769,-0.020307172,0.077849374
1751976375.16688,-0.011292769,-0.020307172,0.077849374
1751976375.16894,-0.011292769,-0.020307172,0.077849374
1751976375.17095,-0.011292769,-0.020307172,0.077849374
1751976375.17296,-0.011338811,-0.020301911,0.077867555
1751976375.175,-0.011338811,-0.020301911,0.077867555
1751976375.17708,-0.011338811,-0.020301911,0.077867555
1751976375.17901,-0.011338811,-0.020301911,0.077867555
1751976375.18097,-0.011338811,-0.020301911,0.077867555
1751976375.18297,-0.011338811,-0.020301911,0.077867555
1751976375.18496,-0.011320682,-0.020285539,0.077792718
1751976375.18694,-0.011320682,-0.020285539,0.077792718
1751976375.18894,-0.011320682,-0.020285539,0.077792718
1751976375.19089,-0.011320682,-0.020285539,0.077792718
1751976375.19294,-0.011320682,-0.020285539,0.077792718
1751976375.19493,-0.011320682,-0.020285539,0.077792718
1751976375.19687,-0.01134394,-0.020304717,0.077767401
1751976375.19893,-0.01134394,-0.020304717,0.077767401
1751976375.20093,-0.01134394,-0.020304717,0.077767401
1751976375.20292,-0.01134394,-0.020304717,0.077767401
1751976375.20493,-0.01134394,-0.020304717,0.077767401
1751976375.20693,-0.01134394,-0.020304717,0.077767401
1751976375.20894,-0.011339063,-0.020291408,0.077845223
1751976375.21097,-0.011339063,-0.020291408,0.077845223
1751976375.21295,-0.011339063,-0.020291408,0.077845223
1751976375.21495,-0.011339063,-0.020291408,0.077845223
1751976375.21694,-0.011339063,-0.020291408,0.077845223
1751976375.21895,-0.011291071,-0.020278714,0.077811627
1751976375.22093,-0.011291071,-0.020278714,0.077811627
1751976375.22296,-0.011291071,-0.020278714,0.077811627
1751976375.22496,-0.011291071,-0.020278714,0.077811627
1751976375.22695,-0.011291071,-0.020278714,0.077811627
1751976375.22906,-0.011295592,-0.020257849,0.077823321
1751976375.23094,-0.011295592,-0.020257849,0.077823321
1751976375.23293,-0.011295592,-0.020257849,0.077823321
1751976375.23495,-0.011295592,-0.020257849,0.077823321
1751976375.23693,-0.011295592,-0.020257849,0.077823321
1751976375.23894,-0.011295592,-0.020257849,0.077823321
1751976375.24094,-0.011304569,-0.020257588,0.077827435
1751976375.24297,-0.011304569,-0.020257588,0.077827435
1751976375.24496,-0.011304569,-0.020257588,0.077827435
1751976375.24694,-0.011304569,-0.020257588,0.077827435
1751976375.24895,-0.011304569,-0.020257588,0.077827435
1751976375.25094,-0.011275354,-0.020296684,0.077870693
1751976375.25289,-0.011275354,-0.020296684,0.077870693
1751976375.25494,-0.011275354,-0.020296684,0.077870693
1751976375.25696,-0.011275354,-0.020296684,0.077870693
1751976375.25893,-0.011275354,-0.020296684,0.077870693
1751976375.26098,-0.011275354,-0.020296684,0.077870693
1751976375.26297,-0.011227966,-0.020312297,0.077882742
1751976375.26495,-0.011227966,-0.020312297,0.077882742
1751976375.26697,-0.011227966,-0.020312297,0.077882742
1751976375.26896,-0.011227966,-0.020312297,0.077882742
1751976375.27099,-0.011227966,-0.020312297,0.077882742
1751976375.27297,-0.011263517,-0.020290595,0.077843903
1751976375.27499,-0.011263517,-0.020290595,0.077843903
1751976375.27703,-0.011263517,-0.020290595,0.077843903
1751976375.27895,-0.011263517,-0.020290595,0.077843903
1751976375.28097,-0.011263517,-0.020290595,0.077843903
1751976375.28296,-0.011258554,-0.020289753,0.077823577
1751976375.28495,-0.011258554,-0.020289753,0.077823577
1751976375.28692,-0.011258554,-0.020289753,0.077823577
1751976375.28896,-0.011258554,-0.020289753,0.077823577
1751976375.29094,-0.011258554,-0.020289753,0.077823577
1751976375.29298,-0.011258554,-0.020289753,0.077823577
1751976375.29494,-0.011302962,-0.020306518,0.077799956
1751976375.29699,-0.011302962,-0.020306518,0.077799956
1751976375.29893,-0.011302962,-0.020306518,0.077799956
1751976375.30094,-0.011302962,-0.020306518,0.077799956
1751976375.30296,-0.011302962,-0.020306518,0.077799956
1751976375.30497,-0.011263508,-0.020310514,0.077865828
1751976375.30703,-0.011263508,-0.020310514,0.077865828
1751976375.30899,-0.011263508,-0.020310514,0.077865828
1751976375.31103,-0.011263508,-0.020310514,0.077865828
1751976375.31295,-0.011263508,-0.020310514,0.077865828
1751976375.31496,-0.011263508,-0.020310514,0.077865828
1751976375.31695,-0.011322532,-0.020296408,0.077777468
1751976375.31897,-0.011322532,-0.020296408,0.077777468
1751976375.32098,-0.011322532,-0.020296408,0.077777468
1751976375.32295,-0.011322532,-0.020296408,0.077777468
1751976375.32494,-0.011322532,-0.020296408,0.077777468
1751976375.32697,-0.011322532,-0.020296408,0.077777468
1751976375.32895,-0.011297544,-0.020295147,0.077817514
1751976375.33095,-0.011297544,-0.020295147,0.077817514
1751976375.33294,-0.011297544,-0.020295147,0.077817514
1751976375.33493,-0.011297544,-0.020295147,0.077817514
1751976375.33695,-0.011297544,-0.020295147,0.077817514
1751976375.33896,-0.011297544,-0.020295147,0.077817514
1751976375.34094,-0.011303035,-0.020295156,0.077841916
1751976375.34295,-0.011303035,-0.020295156,0.077841916
1751976375.34494,-0.011303035,-0.020295156,0.077841916
1751976375.34696,-0.011303035,-0.020295156,0.077841916
1751976375.34895,-0.011303035,-0.020295156,0.077841916
1751976375.35095,-0.011303035,-0.020295156,0.077841916
1751976375.35291,-0.011289745,-0.020278788,0.077855394
1751976375.35497,-0.011289745,-0.020278788,0.077855394
1751976375.35697,-0.011289745,-0.020278788,0.077855394
1751976375.35898,-0.011289745,-0.020278788,0.077855394
1751976375.36098,-0.011289745,-0.020278788,0.077855394
1751976375.36297,-0.011295594,-0.020292134,0.077857564
1751976375.36495,-0.011295594,-0.020292134,0.077857564
1751976375.367,-0.011295594,-0.020292134,0.077857564
1751976375.36897,-0.011295594,-0.020292134,0.077857564
1751976375.37104,-0.011295594,-0.020292134,0.077857564
1751976375.37292,-0.011315119,-0.020273544,0.077825915
1751976375.37494,-0.011315119,-0.020273544,0.077825915
1751976375.37691,-0.011315119,-0.020273544,0.077825915
1751976375.37895,-0.011315119,-0.020273544,0.077825915
1751976375.38093,-0.011315119,-0.020273544,0.077825915
1751976375.38296,-0.011315119,-0.020273544,0.077825915
1751976375.38495,-0.011282927,-0.020295907,0.077802814
1751976375.38694,-0.011282927,-0.020295907,0.077802814
1751976375.38892,-0.011282927,-0.020295907,0.077802814
1751976375.39096,-0.011282927,-0.020295907,0.077802814
1751976375.39293,-0.011282927,-0.020295907,0.077802814
1751976375.39496,-0.011347868,-0.020300359,0.077817701
1751976375.39695,-0.011347868,-0.020300359,0.077817701
1751976375.39895,-0.011347868,-0.020300359,0.077817701
1751976375.40096,-0.011347868,-0.020300359,0.077817701
1751976375.40297,-0.011347868,-0.020300359,0.077817701
1751976375.40496,-0.011265158,-0.020312036,0.077842995
1751976375.40697,-0.011265158,-0.020312036,0.077842995
1751976375.40896,-0.011265158,-0.020312036,0.077842995
1751976375.41097,-0.011265158,-0.020312036,0.077842995
1751976375.41296,-0.011265158,-0.020312036,0.077842995
1751976375.41495,-0.011319929,-0.020307678,0.07782388
1751976375.41695,-0.011319929,-0.020307678,0.07782388
1751976375.41898,-0.011319929,-0.020307678,0.07782388
1751976375.42097,-0.011319929,-0.020307678,0.07782388
1751976375.42295,-0.011319929,-0.020307678,0.07782388
1751976375.42495,-0.011319929,-0.020307678,0.07782388
1751976375.42696,-0.011326267,-0.020309015,0.07779792
1751976375.42894,-0.011326267,-0.020309015,0.07779792
1751976375.43096,-0.011326267,-0.020309015,0.07779792
1751976375.4329,-0.011326267,-0.020309015,0.07779792
1751976375.43496,-0.011326267,-0.020309015,0.07779792
1751976375.43696,-0.011326267,-0.020309015,0.07779792
1751976375.43896,-0.011307479,-0.020267317,0.077835701
1751976375.44095,-0.011307479,-0.020267317,0.077835701
1751976375.44294,-0.011307479,-0.020267317,0.077835701
1751976375.44495,-0.011307479,-0.020267317,0.077835701
1751976375.44701,-0.011307479,-0.020267317,0.077835701
1751976375.44895,-0.011300562,-0.020262497,0.077790113
1751976375.45094,-0.011300562,-0.020262497,0.077790113
1751976375.45297,-0.011300562,-0.020262497,0.077790113
1751976375.45499,-0.011300562,-0.020262497,0.077790113
1751976375.45697,-0.011300562,-0.020262497,0.077790113
1751976375.45897,-0.011300562,-0.020262497,0.077790113
1751976375.46104,-0.011333049,-0.020292686,0.077789429
1751976375.46297,-0.011333049,-0.020292686,0.077789429
1751976375.46498,-0.011333049,-0.020292686,0.077789429
1751976375.46701,-0.011333049,-0.020292686,0.077789429
1751976375.46901,-0.011333049,-0.020292686,0.077789429
1751976375.47095,-0.011296392,-0.020303694,0.077858158
1751976375.47295,-0.011296392,-0.020303694,0.077858158
1751976375.47497,-0.011296392,-0.020303694,0.077858158
1751976375.47695,-0.011296392,-0.020303694,0.077858158
1751976375.47897,-0.011296392,-0.020303694,0.077858158
1751976375.48094,-0.011350687,-0.020292614,0.077860005
1751976375.48294,-0.011350687,-0.020292614,0.077860005
1751976375.48495,-0.011350687,-0.020292614,0.077860005
1751976375.48695,-0.011350687,-0.020292614,0.077860005
1751976375.48895,-0.011350687,-0.020292614,0.077860005
1751976375.49095,-0.011350687,-0.020292614,0.077860005
1751976375.49303,-0.011286666,-0.02027128,0.077842292
1751976375.49494,-0.011286666,-0.02027128,0.077842292
1751976375.49695,-0.011286666,-0.02027128,0.077842292
1751976375.49896,-0.011286666,-0.02027128,0.077842292
1751976375.50095,-0.011286666,-0.02027128,0.077842292
1751976375.50298,-0.011293394,-0.020289648,0.077836314
1751976375.50497,-0.011293394,-0.020289648,0.077836314
1751976375.507,-0.011293394,-0.020289648,0.077836314
1751976375.50898,-0.011293394,-0.020289648,0.077836314
1751976375.511,-0.011293394,-0.020289648,0.077836314
1751976375.51298,-0.011293394,-0.020289648,0.077836314
1751976375.51491,-0.011330562,-0.020299614,0.077799965
1751976375.51695,-0.011330562,-0.020299614,0.077799965
1751976375.51894,-0.011330562,-0.020299614,0.077799965
1751976375.52091,-0.011330562,-0.020299614,0.077799965
1751976375.52296,-0.011330562,-0.020299614,0.077799965
1751976375.52493,-0.011330562,-0.020299614,0.077799965
1751976375.52696,-0.011288226,-0.020264763,0.077848084
1751976375.52897,-0.011288226,-0.020264763,0.077848084
1751976375.53092,-0.011288226,-0.020264763,0.077848084
1751976375.53294,-0.011288226,-0.020264763,0.077848084
1751976375.535,-0.011288226,-0.020264763,0.077848084
1751976375.53695,-0.01130642,-0.020272668,0.077835426
1751976375.53894,-0.01130642,-0.020272668,0.077835426
1751976375.54094,-0.01130642,-0.020272668,0.077835426
1751976375.54294,-0.01130642,-0.020272668,0.077835426
1751976375.54495,-0.01130642,-0.020272668,0.077835426
1751976375.54695,-0.01130642,-0.020272668,0.077835426
1751976375.54895,-0.011323728,-0.020291236,0.077866325
1751976375.55094,-0.011323728,-0.020291236,0.077866325
1751976375.55296,-0.011323728,-0.020291236,0.077866325
1751976375.55495,-0.011323728,-0.020291236,0.077866325
1751976375.55694,-0.011323728,-0.020291236,0.077866325
1751976375.55896,-0.011323728,-0.020291236,0.077866325
1751976375.56096,-0.011309353,-0.020291998,0.077848166
1751976375.56299,-0.011309353,-0.020291998,0.077848166
1751976375.565,-0.011309353,-0.020291998,0.077848166
1751976375.56694,-0.011309353,-0.020291998,0.077848166
1751976375.56895,-0.011309353,-0.020291998,0.077848166
1751976375.57095,-0.011309353,-0.020291998,0.077848166
1751976375.57295,-0.011309353,-0.020291998,0.077848166
1751976375.57494,-0.011314899,-0.020303414,0.077833825
1751976375.57697,-0.011314899,-0.020303414,0.077833825
1751976375.57895,-0.011314899,-0.020303414,0.077833825
1751976375.58093,-0.011314899,-0.020303414,0.077833825
1751976375.58298,-0.011284362,-0.020291667,0.077813069
1751976375.58495,-0.011284362,-0.020291667,0.077813069
1751976375.58695,-0.011284362,-0.020291667,0.077813069
1751976375.58896,-0.011284362,-0.020291667,0.077813069
1751976375.59096,-0.011284362,-0.020291667,0.077813069
1751976375.59302,-0.011284362,-0.020291667,0.077813069
1751976375.59498,-0.011338111,-0.020265953,0.077857814
1751976375.59696,-0.011338111,-0.020265953,0.077857814
1751976375.59894,-0.011338111,-0.020265953,0.077857814
1751976375.60096,-0.011338111,-0.020265953,0.077857814
1751976375.603,-0.011338111,-0.020265953,0.077857814
1751976375.60497,-0.011328427,-0.020290171,0.077819109
1751976375.60697,-0.011328427,-0.020290171,0.077819109
1751976375.60901,-0.011328427,-0.020290171,0.077819109
1751976375.61099,-0.011328427,-0.020290171,0.077819109
1751976375.61299,-0.011328427,-0.020290171,0.077819109
1751976375.61489,-0.011328427,-0.020290171,0.077819109
1751976375.61696,-0.011336911,-0.020288371,0.077795733
1751976375.61898,-0.011336911,-0.020288371,0.077795733
1751976375.62094,-0.011336911,-0.020288371,0.077795733
1751976375.62298,-0.011336911,-0.020288371,0.077795733
1751976375.62498,-0.011336911,-0.020288371,0.077795733
1751976375.62697,-0.011311682,-0.020306471,0.077790473
1751976375.62898,-0.011311682,-0.020306471,0.077790473
1751976375.63095,-0.011311682,-0.020306471,0.077790473
1751976375.63295,-0.011311682,-0.020306471,0.077790473
1751976375.63497,-0.011311682,-0.020306471,0.077790473
1751976375.63695,-0.011322639,-0.020287167,0.077838916
1751976375.63896,-0.011322639,-0.020287167,0.077838916
1751976375.64094,-0.011322639,-0.020287167,0.077838916
1751976375.643,-0.011322639,-0.020287167,0.077838916
1751976375.64496,-0.011322639,-0.020287167,0.077838916
1751976375.64695,-0.011279975,-0.020297873,0.077830201
1751976375.64895,-0.011279975,-0.020297873,0.077830201
1751976375.65096,-0.011279975,-0.020297873,0.077830201
1751976375.65295,-0.011279975,-0.020297873,0.077830201
1751976375.65503,-0.011279975,-0.020297873,0.077830201
1751976375.657,-0.011300004,-0.020288027,0.077796371
1751976375.65899,-0.011300004,-0.020288027,0.077796371
1751976375.66098,-0.011300004,-0.020288027,0.077796371
1751976375.66294,-0.011300004,-0.020288027,0.077796371
1751976375.66496,-0.011300004,-0.020288027,0.077796371
1751976375.66695,-0.011300004,-0.020288027,0.077796371
1751976375.6689,-0.011326524,-0.020251728,0.077819823
1751976375.67099,-0.011326524,-0.020251728,0.077819823
1751976375.67296,-0.011326524,-0.020251728,0.077819823
1751976375.675,-0.011326524,-0.020251728,0.077819823
1751976375.677,-0.011326524,-0.020251728,0.077819823
1751976375.67896,-0.011326524,-0.020251728,0.077819823
1751976375.68096,-0.011358977,-0.020274409,0.07774223
1751976375.68297,-0.011358977,-0.020274409,0.07774223
1751976375.68499,-0.011358977,-0.020274409,0.07774223
1751976375.68694,-0.011358977,-0.020274409,0.07774223
1751976375.68895,-0.011358977,-0.020274409,0.07774223
1751976375.69092,-0.011358977,-0.020274409,0.07774223
1751976375.69298,-0.011292951,-0.020282728,0.077809105
1751976375.69491,-0.011292951,-0.020282728,0.077809105
1751976375.697,-0.011292951,-0.020282728,0.077809105
1751976375.69899,-0.011292951,-0.020282728,0.077809105
1751976375.70097,-0.011292951,-0.020282728,0.077809105
1751976375.70298,-0.011319432,-0.02029469,0.077788035
1751976375.70502,-0.011319432,-0.02029469,0.077788035
1751976375.70698,-0.011319432,-0.02029469,0.077788035
1751976375.70893,-0.011319432,-0.02029469,0.077788035
1751976375.71094,-0.011319432,-0.02029469,0.077788035
1751976375.71293,-0.011319432,-0.02029469,0.077788035
1751976375.71494,-0.011300443,-0.020289534,0.077862854
1751976375.71696,-0.011300443,-0.020289534,0.077862854
1751976375.71898,-0.011300443,-0.020289534,0.077862854
1751976375.72098,-0.011300443,-0.020289534,0.077862854
1751976375.72293,-0.011300443,-0.020289534,0.077862854
1751976375.72494,-0.011357996,-0.020301467,0.077788623
1751976375.72694,-0.011357996,-0.020301467,0.077788623
1751976375.72892,-0.011357996,-0.020301467,0.077788623
1751976375.73094,-0.011357996,-0.020301467,0.077788623
1751976375.73294,-0.011357996,-0.020301467,0.077788623
1751976375.73493,-0.011321098,-0.020273255,0.077824092
1751976375.73694,-0.011321098,-0.020273255,0.077824092
1751976375.73897,-0.011321098,-0.020273255,0.077824092
1751976375.74088,-0.011321098,-0.020273255,0.077824092
1751976375.74297,-0.011321098,-0.020273255,0.077824092
1751976375.74495,-0.011260598,-0.020280955,0.077898354
1751976375.74696,-0.011260598,-0.020280955,0.077898354
1751976375.74899,-0.011260598,-0.020280955,0.077898354
1751976375.75097,-0.011260598,-0.020280955,0.077898354
1751976375.753,-0.011260598,-0.020280955,0.077898354
1751976375.75497,-0.011319523,-0.020254704,0.07784041
1751976375.75696,-0.011319523,-0.020254704,0.07784041
1751976375.75898,-0.011319523,-0.020254704,0.07784041
1751976375.76101,-0.011319523,-0.020254704,0.07784041
1751976375.76296,-0.011319523,-0.020254704,0.07784041
1751976375.76494,-0.011319523,-0.020254704,0.07784041
1751976375.76697,-0.011302282,-0.02025368,0.077809925
1751976375.76893,-0.011302282,-0.02025368,0.077809925
1751976375.77095,-0.011302282,-0.02025368,0.077809925
1751976375.77295,-0.011302282,-0.02025368,0.077809925
1751976375.77494,-0.011302282,-0.02025368,0.077809925
1751976375.77694,-0.011302282,-0.02025368,0.077809925
1751976375.77895,-0.011307795,-0.020296513,0.077854716
1751976375.78096,-0.011307795,-0.020296513,0.077854716
1751976375.78296,-0.011307795,-0.020296513,0.077854716
1751976375.78496,-0.011307795,-0.020296513,0.077854716
1751976375.78698,-0.011307795,-0.020296513,0.077854716
1751976375.78897,-0.011309469,-0.02029432,0.077829375
1751976375.79097,-0.011309469,-0.02029432,0.077829375
1751976375.793,-0.011309469,-0.02029432,0.077829375
1751976375.79494,-0.011309469,-0.02029432,0.077829375
1751976375.79695,-0.011309469,-0.02029432,0.077829375
1751976375.79888,-0.011309469,-0.02029432,0.077829375
1751976375.80094,-0.011290272,-0.020308038,0.077835893
1751976375.80294,-0.011290272,-0.020308038,0.077835893
1751976375.80493,-0.011290272,-0.020308038,0.077835893
1751976375.80694,-0.011290272,-0.020308038,0.077835893
1751976375.80896,-0.011290272,-0.020308038,0.077835893
1751976375.81093,-0.011276745,-0.020311516,0.077838154
1751976375.81294,-0.011276745,-0.020311516,0.077838154
1751976375.81497,-0.011276745,-0.020311516,0.077838154
1751976375.81695,-0.011276745,-0.020311516,0.077838154
1751976375.81895,-0.011276745,-0.020311516,0.077838154
1751976375.82098,-0.011362633,-0.020292382,0.077784934
1751976375.82296,-0.011362633,-0.020292382,0.077784934
1751976375.825,-0.011362633,-0.020292382,0.077784934
1751976375.82697,-0.011362633,-0.020292382,0.077784934
1751976375.82897,-0.011362633,-0.020292382,0.077784934
1751976375.83099,-0.011269272,-0.020310225,0.07783193
1751976375.83298,-0.011269272,-0.020310225,0.07783193
1751976375.83496,-0.011269272,-0.020310225,0.07783193
1751976375.83697,-0.011269272,-0.020310225,0.07783193
1751976375.83894,-0.011269272,-0.020310225,0.07783193
1751976375.84096,-0.011269272,-0.020310225,0.07783193
1751976375.84293,-0.011317754,-0.020300309,0.077844987
1751976375.84493,-0.011317754,-0.020300309,0.077844987
1751976375.84695,-0.011317754,-0.020300309,0.077844987
1751976375.84897,-0.011317754,-0.020300309,0.077844987
1751976375.8509,-0.011317754,-0.020300309,0.077844987
1751976375.85294,-0.011317754,-0.020300309,0.077844987
1751976375.85494,-0.011336987,-0.020298837,0.077809958
1751976375.85693,-0.011336987,-0.020298837,0.077809958
1751976375.85894,-0.011336987,-0.020298837,0.077809958
1751976375.86096,-0.011336987,-0.020298837,0.077809958
1751976375.86302,-0.011336987,-0.020298837,0.077809958
1751976375.86495,-0.011306748,-0.020303148,0.077852612
1751976375.86696,-0.011306748,-0.020303148,0.077852612
1751976375.869,-0.011306748,-0.020303148,0.077852612
1751976375.87103,-0.011306748,-0.020303148,0.077852612
1751976375.87296,-0.011306748,-0.020303148,0.077852612
1751976375.87496,-0.011306748,-0.020303148,0.077852612
1751976375.87694,-0.011346595,-0.020290661,0.077727392
1751976375.87895,-0.011346595,-0.020290661,0.077727392
1751976375.88094,-0.011346595,-0.020290661,0.077727392
1751976375.88296,-0.011346595,-0.020290661,0.077727392
1751976375.88494,-0.011346595,-0.020290661,0.077727392
1751976375.88688,-0.011305115,-0.020303588,0.07783425
1751976375.88894,-0.011305115,-0.020303588,0.07783425
1751976375.89094,-0.011305115,-0.020303588,0.07783425
1751976375.89295,-0.011305115,-0.020303588,0.07783425
1751976375.89495,-0.011305115,-0.020303588,0.07783425
1751976375.89695,-0.011305115,-0.020303588,0.07783425
1751976375.89894,-0.011275091,-0.020308559,0.077875935
1751976375.90094,-0.011275091,-0.020308559,0.077875935
1751976375.90295,-0.011275091,-0.020308559,0.077875935
1751976375.90505,-0.011275091,-0.020308559,0.077875935
1751976375.90693,-0.011275091,-0.020308559,0.077875935
1751976375.90897,-0.011275091,-0.020308559,0.077875935
1751976375.91108,-0.011341416,-0.02029307,0.077782918
1751976375.91296,-0.011341416,-0.02029307,0.077782918
1751976375.91507,-0.011341416,-0.02029307,0.077782918
1751976375.91701,-0.011341416,-0.02029307,0.077782918
1751976375.91895,-0.011341416,-0.02029307,0.077782918
1751976375.92093,-0.011341416,-0.02029307,0.077782918
1751976375.92294,-0.011281555,-0.020304895,0.077884583
1751976375.92494,-0.011281555,-0.020304895,0.077884583
1751976375.92694,-0.011281555,-0.020304895,0.077884583
1751976375.92899,-0.011281555,-0.020304895,0.077884583
1751976375.93096,-0.011281555,-0.020304895,0.077884583
1751976375.93293,-0.011272399,-0.020300604,0.07788538
1751976375.9349,-0.011272399,-0.020300604,0.07788538
1751976375.93701,-0.011272399,-0.020300604,0.07788538
1751976375.93894,-0.011272399,-0.020300604,0.07788538
1751976375.9409,-0.011272399,-0.020300604,0.07788538
1751976375.94301,-0.011272399,-0.020300604,0.07788538
1751976375.94497,-0.01132778,-0.020294038,0.077819591
1751976375.94698,-0.01132778,-0.020294038,0.077819591
1751976375.94895,-0.01132778,-0.020294038,0.077819591
1751976375.95096,-0.01132778,-0.020294038,0.077819591
1751976375.95296,-0.01132778,-0.020294038,0.077819591
1751976375.9549,-0.01132778,-0.020294038,0.077819591
1751976375.95697,-0.011217534,-0.020313213,0.077887565
1751976375.95896,-0.011217534,-0.020313213,0.077887565
1751976375.96097,-0.011217534,-0.020313213,0.077887565
1751976375.96297,-0.011217534,-0.020313213,0.077887565
1751976375.96497,-0.011217534,-0.020313213,0.077887565
1751976375.96693,-0.011290387,-0.020287684,0.077847963
1751976375.96896,-0.011290387,-0.020287684,0.077847963
1751976375.971,-0.011290387,-0.020287684,0.077847963
1751976375.97294,-0.011290387,-0.020287684,0.077847963
1751976375.97493,-0.011290387,-0.020287684,0.077847963
1751976375.97694,-0.011290387,-0.020287684,0.077847963
1751976375.97894,-0.011313159,-0.020287731,0.077814407
1751976375.98095,-0.011313159,-0.020287731,0.077814407
1751976375.98308,-0.011313159,-0.020287731,0.077814407
1751976375.98495,-0.011313159,-0.020287731,0.077814407
1751976375.98693,-0.011313159,-0.020287731,0.077814407
1751976375.98897,-0.011282618,-0.020303399,0.077857078
1751976375.99095,-0.011282618,-0.020303399,0.077857078
1751976375.99293,-0.011282618,-0.020303399,0.077857078
1751976375.99494,-0.011282618,-0.020303399,0.077857078
1751976375.99695,-0.011282618,-0.020303399,0.077857078
1751976375.99893,-0.01127197,-0.02030808,0.077878239
1751976376.00099,-0.01127197,-0.02030808,0.077878239
1751976376.00295,-0.01127197,-0.02030808,0.077878239
1751976376.00496,-0.01127197,-0.02030808,0.077878239
1751976376.00698,-0.01127197,-0.02030808,0.077878239
1751976376.00899,-0.011285004,-0.02028132,0.077850821
1751976376.01099,-0.011285004,-0.02028132,0.077850821
1751976376.01293,-0.011285004,-0.02028132,0.077850821
1751976376.01496,-0.011285004,-0.02028132,0.077850821
1751976376.017,-0.011285004,-0.02028132,0.077850821
1751976376.01899,-0.011300436,-0.020293211,0.077827329
1751976376.02094,-0.011300436,-0.020293211,0.077827329
1751976376.02293,-0.011300436,-0.020293211,0.077827329
1751976376.02499,-0.011300436,-0.020293211,0.077827329
1751976376.027,-0.011300436,-0.020293211,0.077827329
1751976376.02894,-0.011300436,-0.020293211,0.077827329
1751976376.03096,-0.011311403,-0.020305168,0.077834512
1751976376.03295,-0.011311403,-0.020305168,0.077834512
1751976376.03494,-0.011311403,-0.020305168,0.077834512
1751976376.03694,-0.011311403,-0.020305168,0.077834512
1751976376.03897,-0.011311403,-0.020305168,0.077834512
1751976376.04098,-0.011296646,-0.020308051,0.077849676
1751976376.04296,-0.011296646,-0.020308051,0.077849676
1751976376.04506,-0.011296646,-0.020308051,0.077849676
1751976376.04709,-0.011296646,-0.020308051,0.077849676
1751976376.04895,-0.011296646,-0.020308051,0.077849676
1751976376.05093,-0.011296646,-0.020308051,0.077849676
1751976376.05295,-0.011341668,-0.020293235,0.077855282
1751976376.05497,-0.011341668,-0.020293235,0.077855282
1751976376.05695,-0.011341668,-0.020293235,0.077855282
1751976376.05895,-0.011341668,-0.020293235,0.077855282
1751976376.06095,-0.011341668,-0.020293235,0.077855282
1751976376.06296,-0.011301317,-0.020297571,0.077860335
1751976376.06495,-0.011301317,-0.020297571,0.077860335
1751976376.06696,-0.011301317,-0.020297571,0.077860335
1751976376.06895,-0.011301317,-0.020297571,0.077860335
1751976376.07094,-0.011301317,-0.020297571,0.077860335
1751976376.07296,-0.011301317,-0.020297571,0.077860335
1751976376.07501,-0.01132151,-0.020302843,0.077864077
1751976376.07694,-0.01132151,-0.020302843,0.077864077
1751976376.07901,-0.01132151,-0.020302843,0.077864077
1751976376.08095,-0.01132151,-0.020302843,0.077864077
1751976376.08296,-0.01132151,-0.020302843,0.077864077
1751976376.08499,-0.011291648,-0.020276666,0.077846979
1751976376.08694,-0.011291648,-0.020276666,0.077846979
1751976376.08897,-0.011291648,-0.020276666,0.077846979
1751976376.091,-0.011291648,-0.020276666,0.077846979
1751976376.09296,-0.011291648,-0.020276666,0.077846979
1751976376.09493,-0.011318494,-0.020297968,0.077847438
1751976376.09695,-0.011318494,-0.020297968,0.077847438
1751976376.09897,-0.011318494,-0.020297968,0.077847438
1751976376.10093,-0.011318494,-0.020297968,0.077847438
1751976376.10293,-0.011318494,-0.020297968,0.077847438
1751976376.10496,-0.011318494,-0.020297968,0.077847438
1751976376.10697,-0.011324999,-0.020301792,0.077802443
1751976376.10897,-0.011324999,-0.020301792,0.077802443
1751976376.11094,-0.011324999,-0.020301792,0.077802443
1751976376.11299,-0.011324999,-0.020301792,0.077802443
1751976376.11495,-0.011324999,-0.020301792,0.077802443
1751976376.11693,-0.011324999,-0.020301792,0.077802443
1751976376.11895,-0.011235225,-0.020301669,0.077852605
1751976376.12094,-0.011235225,-0.020301669,0.077852605
1751976376.12295,-0.011235225,-0.020301669,0.077852605
1751976376.12497,-0.011235225,-0.020301669,0.077852605
1751976376.12699,-0.011235225,-0.020301669,0.077852605
1751976376.12899,-0.011326259,-0.020302448,0.077838302
1751976376.13096,-0.011326259,-0.020302448,0.077838302
1751976376.13295,-0.011326259,-0.020302448,0.077838302
1751976376.13494,-0.011326259,-0.020302448,0.077838302
1751976376.137,-0.011326259,-0.020302448,0.077838302
1751976376.13901,-0.011326259,-0.020302448,0.077838302
1751976376.14096,-0.011264644,-0.020313105,0.077836766
1751976376.14295,-0.011264644,-0.020313105,0.077836766
1751976376.14495,-0.011264644,-0.020313105,0.077836766
1751976376.14695,-0.011264644,-0.020313105,0.077836766
1751976376.14895,-0.011264644,-0.020313105,0.077836766
1751976376.15094,-0.011264644,-0.020313105,0.077836766
1751976376.15298,-0.011297301,-0.020302632,0.077827183
1751976376.15495,-0.011297301,-0.020302632,0.077827183
1751976376.157,-0.011297301,-0.020302632,0.077827183
1751976376.15897,-0.011297301,-0.020302632,0.077827183
1751976376.161,-0.011297301,-0.020302632,0.077827183
1751976376.16295,-0.011269272,-0.020310982,0.077840134
1751976376.16498,-0.011269272,-0.020310982,0.077840134
1751976376.16702,-0.011269272,-0.020310982,0.077840134
1751976376.16906,-0.011269272,-0.020310982,0.077840134
1751976376.17105,-0.011269272,-0.020310982,0.077840134
1751976376.17307,-0.011275763,-0.020279574,0.077874791
1751976376.17497,-0.011275763,-0.020279574,0.077874791
1751976376.17695,-0.011275763,-0.020279574,0.077874791
1751976376.17898,-0.011275763,-0.020279574,0.077874791
1751976376.18096,-0.011275763,-0.020279574,0.077874791
1751976376.18296,-0.011275763,-0.020279574,0.077874791
1751976376.18497,-0.011293933,-0.020302709,0.077862022
1751976376.18697,-0.011293933,-0.020302709,0.077862022
1751976376.18898,-0.011293933,-0.020302709,0.077862022
1751976376.19093,-0.011293933,-0.020302709,0.077862022
1751976376.19293,-0.011293933,-0.020302709,0.077862022
1751976376.19494,-0.011293933,-0.020302709,0.077862022
1751976376.19693,-0.011282391,-0.020309548,0.077849976
1751976376.19897,-0.011282391,-0.020309548,0.077849976
1751976376.20095,-0.011282391,-0.020309548,0.077849976
1751976376.20296,-0.011282391,-0.020309548,0.077849976
1751976376.20498,-0.011282391,-0.020309548,0.077849976
1751976376.20694,-0.011221458,-0.020315787,0.077876485
1751976376.20895,-0.011221458,-0.020315787,0.077876485
1751976376.21094,-0.011221458,-0.020315787,0.077876485
1751976376.21297,-0.011221458,-0.020315787,0.077876485
1751976376.21501,-0.011221458,-0.020315787,0.077876485
1751976376.21698,-0.011286732,-0.020293375,0.077805845
1751976376.21895,-0.011286732,-0.020293375,0.077805845
1751976376.22095,-0.011286732,-0.020293375,0.077805845
1751976376.22294,-0.011286732,-0.020293375,0.077805845
1751976376.22495,-0.011286732,-0.020293375,0.077805845
1751976376.22694,-0.011286732,-0.020293375,0.077805845
1751976376.22897,-0.011296418,-0.02029556,0.077831103
1751976376.23095,-0.011296418,-0.02029556,0.077831103
1751976376.23294,-0.011296418,-0.02029556,0.077831103
1751976376.23498,-0.011296418,-0.02029556,0.077831103
1751976376.23698,-0.011296418,-0.02029556,0.077831103
1751976376.23894,-0.01138812,-0.020301919,0.077742852
1751976376.24095,-0.01138812,-0.020301919,0.077742852
1751976376.24296,-0.01138812,-0.020301919,0.077742852
1751976376.24493,-0.01138812,-0.020301919,0.077742852
1751976376.24693,-0.01138812,-0.020301919,0.077742852
1751976376.24894,-0.01138812,-0.020301919,0.077742852
1751976376.25094,-0.011332897,-0.020300005,0.077807209
1751976376.25295,-0.011332897,-0.020300005,0.077807209
1751976376.25497,-0.011332897,-0.020300005,0.077807209
1751976376.25698,-0.011332897,-0.020300005,0.077807209
1751976376.25896,-0.011332897,-0.020300005,0.077807209
1751976376.26097,-0.011332897,-0.020300005,0.077807209
1751976376.263,-0.011289324,-0.020309123,0.077840279
1751976376.26496,-0.011289324,-0.020309123,0.077840279
1751976376.26697,-0.011289324,-0.020309123,0.077840279
1751976376.26897,-0.011289324,-0.020309123,0.077840279
1751976376.27095,-0.011289324,-0.020309123,0.077840279
1751976376.27295,-0.011289324,-0.020309123,0.077840279
1751976376.27494,-0.011296453,-0.020311382,0.077812971
1751976376.27697,-0.011296453,-0.020311382,0.077812971
1751976376.27894,-0.011296453,-0.020311382,0.077812971
1751976376.28095,-0.011296453,-0.020311382,0.077812971
1751976376.28295,-0.011296453,-0.020311382,0.077812971
1751976376.28494,-0.011285862,-0.020296305,0.077766412
1751976376.28693,-0.011285862,-0.020296305,0.077766412
1751976376.28896,-0.011285862,-0.020296305,0.077766412
1751976376.29089,-0.011285862,-0.020296305,0.077766412
1751976376.29294,-0.011285862,-0.020296305,0.077766412
1751976376.29494,-0.011285862,-0.020296305,0.077766412
1751976376.29701,-0.011301553,-0.020298941,0.077831676
1751976376.29912,-0.011301553,-0.020298941,0.077831676
1751976376.30097,-0.011301553,-0.020298941,0.077831676
1751976376.30308,-0.011301553,-0.020298941,0.077831676
1751976376.305,-0.011301553,-0.020298941,0.077831676
1751976376.30698,-0.011288802,-0.02029015,0.077836095
1751976376.30894,-0.011288802,-0.02029015,0.077836095
1751976376.31108,-0.011288802,-0.02029015,0.077836095
1751976376.313,-0.011288802,-0.02029015,0.077836095
1751976376.315,-0.011288802,-0.02029015,0.077836095
1751976376.31704,-0.011288802,-0.02029015,0.077836095
1751976376.31898,-0.011323173,-0.020302438,0.077829263
1751976376.32096,-0.011323173,-0.020302438,0.077829263
1751976376.32294,-0.011323173,-0.020302438,0.077829263
1751976376.32493,-0.011323173,-0.020302438,0.077829263
1751976376.32693,-0.011323173,-0.020302438,0.077829263
1751976376.32896,-0.011323173,-0.020302438,0.077829263
1751976376.33096,-0.011331209,-0.020303044,0.077791986
1751976376.33295,-0.011331209,-0.020303044,0.077791986
1751976376.33494,-0.011331209,-0.020303044,0.077791986
1751976376.33698,-0.011331209,-0.020303044,0.077791986
1751976376.33894,-0.011331209,-0.020303044,0.077791986
1751976376.34098,-0.011331209,-0.020303044,0.077791986
1751976376.34304,-0.011337095,-0.020295145,0.077791828
1751976376.34497,-0.011337095,-0.020295145,0.077791828
1751976376.34704,-0.011337095,-0.020295145,0.077791828
1751976376.34901,-0.011337095,-0.020295145,0.077791828
1751976376.35095,-0.011337095,-0.020295145,0.077791828
1751976376.35293,-0.011337095,-0.020295145,0.077791828
1751976376.35495,-0.011353735,-0.020291359,0.077812928
1751976376.35696,-0.011353735,-0.020291359,0.077812928
1751976376.35892,-0.011353735,-0.020291359,0.077812928
1751976376.36096,-0.011353735,-0.020291359,0.077812928
1751976376.36299,-0.011353735,-0.020291359,0.077812928
1751976376.36501,-0.011310658,-0.020305855,0.077826627
1751976376.36694,-0.011310658,-0.020305855,0.077826627
1751976376.36895,-0.011310658,-0.020305855,0.077826627
1751976376.37094,-0.011310658,-0.020305855,0.077826627
1751976376.37294,-0.011310658,-0.020305855,0.077826627
1751976376.37493,-0.011310658,-0.020305855,0.077826627
1751976376.37693,-0.011314266,-0.020268942,0.07785587
1751976376.37888,-0.011314266,-0.020268942,0.07785587
1751976376.38094,-0.011314266,-0.020268942,0.07785587
1751976376.38295,-0.011314266,-0.020268942,0.07785587
1751976376.38496,-0.011314266,-0.020268942,0.07785587
1751976376.38702,-0.01126934,-0.0202621,0.077886702
1751976376.38899,-0.01126934,-0.0202621,0.077886702
1751976376.39095,-0.01126934,-0.0202621,0.077886702
1751976376.39298,-0.01126934,-0.0202621,0.077886702
1751976376.395,-0.01126934,-0.0202621,0.077886702
1751976376.3969,-0.011322691,-0.020285849,0.077812725
1751976376.399,-0.011322691,-0.020285849,0.077812725
1751976376.40094,-0.011322691,-0.020285849,0.077812725
1751976376.40291,-0.011322691,-0.020285849,0.077812725
1751976376.40494,-0.011322691,-0.020285849,0.077812725
1751976376.40694,-0.011322691,-0.020285849,0.077812725
1751976376.40893,-0.011320665,-0.020293433,0.0778199
1751976376.41093,-0.011320665,-0.020293433,0.0778199
1751976376.41294,-0.011320665,-0.020293433,0.0778199
1751976376.41494,-0.011320665,-0.020293433,0.0778199
1751976376.41701,-0.011320665,-0.020293433,0.0778199
1751976376.41895,-0.011312286,-0.02030775,0.077788761
1751976376.42098,-0.011312286,-0.02030775,0.077788761
1751976376.42293,-0.011312286,-0.02030775,0.077788761
1751976376.42501,-0.011312286,-0.02030775,0.077788761
1751976376.42706,-0.011312286,-0.02030775,0.077788761
1751976376.42898,-0.011312286,-0.02030775,0.077788761
1751976376.431,-0.011340839,-0.0203073,0.077789878
1751976376.43297,-0.011340839,-0.0203073,0.077789878
1751976376.43499,-0.011340839,-0.0203073,0.077789878
1751976376.43695,-0.011340839,-0.0203073,0.077789878
1751976376.43905,-0.011340839,-0.0203073,0.077789878
1751976376.44095,-0.011288118,-0.020268041,0.077841308
1751976376.44295,-0.011288118,-0.020268041,0.077841308
1751976376.44494,-0.011288118,-0.020268041,0.077841308
1751976376.44697,-0.011288118,-0.020268041,0.077841308
1751976376.44895,-0.011288118,-0.020268041,0.077841308
1751976376.45097,-0.011288118,-0.020268041,0.077841308
1751976376.45295,-0.011297877,-0.02029971,0.077864946
1751976376.45489,-0.011297877,-0.02029971,0.077864946
1751976376.45698,-0.011297877,-0.02029971,0.077864946
1751976376.45898,-0.011297877,-0.02029971,0.077864946
1751976376.46097,-0.011297877,-0.02029971,0.077864946
1751976376.46297,-0.011297877,-0.02029971,0.077864946
1751976376.46499,-0.011296886,-0.020305942,0.0778681
1751976376.46707,-0.011296886,-0.020305942,0.0778681
1751976376.46895,-0.011296886,-0.020305942,0.0778681
1751976376.47097,-0.011296886,-0.020305942,0.0778681
1751976376.47299,-0.011296886,-0.020305942,0.0778681
1751976376.47496,-0.011296886,-0.020305942,0.0778681
1751976376.47697,-0.01132615,-0.020270175,0.07781008
1751976376.47897,-0.01132615,-0.020270175,0.07781008
1751976376.48095,-0.01132615,-0.020270175,0.07781008
1751976376.48297,-0.01132615,-0.020270175,0.07781008
1751976376.48493,-0.01132615,-0.020270175,0.07781008
1751976376.48696,-0.011323125,-0.020256107,0.077789547
1751976376.48894,-0.011323125,-0.020256107,0.077789547
1751976376.49096,-0.011323125,-0.020256107,0.077789547
1751976376.49297,-0.011323125,-0.020256107,0.077789547
1751976376.49496,-0.011323125,-0.020256107,0.077789547
1751976376.49695,-0.01135234,-0.020277074,0.077761272
1751976376.49896,-0.01135234,-0.020277074,0.077761272
1751976376.50097,-0.01135234,-0.020277074,0.077761272
1751976376.50297,-0.01135234,-0.020277074,0.077761272
1751976376.50495,-0.01135234,-0.020277074,0.077761272
1751976376.50694,-0.01135234,-0.020277074,0.077761272
1751976376.50898,-0.01130717,-0.020302245,0.077842622
1751976376.51097,-0.01130717,-0.020302245,0.077842622
1751976376.51296,-0.01130717,-0.020302245,0.077842622
1751976376.51499,-0.01130717,-0.020302245,0.077842622
1751976376.517,-0.01130717,-0.020302245,0.077842622
1751976376.51894,-0.011298951,-0.020294993,0.07783754
1751976376.52095,-0.011298951,-0.020294993,0.07783754
1751976376.52299,-0.011298951,-0.020294993,0.07783754
1751976376.52499,-0.011298951,-0.020294993,0.07783754
1751976376.52695,-0.011298951,-0.020294993,0.07783754
1751976376.52898,-0.011298951,-0.020294993,0.07783754
1751976376.53104,-0.011311399,-0.02027899,0.077817549
1751976376.53297,-0.011311399,-0.02027899,0.077817549
1751976376.53495,-0.011311399,-0.02027899,0.077817549
1751976376.53694,-0.011311399,-0.02027899,0.077817549
1751976376.53893,-0.011311399,-0.02027899,0.077817549
1751976376.54096,-0.011311399,-0.02027899,0.077817549
1751976376.54295,-0.011329799,-0.020277896,0.077838671
1751976376.54494,-0.011329799,-0.020277896,0.077838671
1751976376.54695,-0.011329799,-0.020277896,0.077838671
1751976376.54897,-0.011329799,-0.020277896,0.077838671
1751976376.55096,-0.011329799,-0.020277896,0.077838671
1751976376.55299,-0.011308167,-0.020300368,0.07785066
1751976376.55509,-0.011308167,-0.020300368,0.07785066
1751976376.55697,-0.011308167,-0.020300368,0.07785066
1751976376.55898,-0.011308167,-0.020300368,0.07785066
1751976376.56099,-0.011308167,-0.020300368,0.07785066
1751976376.56301,-0.011324857,-0.02028148,0.077814393
1751976376.56496,-0.011324857,-0.02028148,0.077814393
1751976376.56696,-0.011324857,-0.02028148,0.077814393
1751976376.56895,-0.011324857,-0.02028148,0.077814393
1751976376.57098,-0.011324857,-0.02028148,0.077814393
1751976376.57294,-0.011324857,-0.02028148,0.077814393
1751976376.57492,-0.011313249,-0.020300115,0.077872091
1751976376.57694,-0.011313249,-0.020300115,0.077872091
1751976376.57894,-0.011313249,-0.020300115,0.077872091
1751976376.58094,-0.011313249,-0.020300115,0.077872091
1751976376.58294,-0.011313249,-0.020300115,0.077872091
1751976376.58495,-0.011313249,-0.020300115,0.077872091
1751976376.58695,-0.011360441,-0.020300308,0.077770637
1751976376.58895,-0.011360441,-0.020300308,0.077770637
1751976376.59095,-0.011360441,-0.020300308,0.077770637
1751976376.59295,-0.011360441,-0.020300308,0.077770637
1751976376.59496,-0.011360441,-0.020300308,0.077770637
1751976376.59702,-0.011354819,-0.020301965,0.077824636
1751976376.599,-0.011354819,-0.020301965,0.077824636
1751976376.60097,-0.011354819,-0.020301965,0.077824636
1751976376.60293,-0.011354819,-0.020301965,0.077824636
1751976376.60496,-0.011354819,-0.020301965,0.077824636
1751976376.60698,-0.011354819,-0.020301965,0.077824636
1751976376.60896,-0.011283362,-0.020275767,0.077866265
1751976376.61095,-0.011283362,-0.020275767,0.077866265
1751976376.61291,-0.011283362,-0.020275767,0.077866265
1751976376.61494,-0.011283362,-0.020275767,0.077866265
1751976376.61696,-0.011283362,-0.020275767,0.077866265
1751976376.619,-0.011283362,-0.020275767,0.077866265
1751976376.62093,-0.011310692,-0.020295402,0.077812044
1751976376.62292,-0.011310692,-0.020295402,0.077812044
1751976376.62493,-0.011310692,-0.020295402,0.077812044
1751976376.62694,-0.011310692,-0.020295402,0.077812044
1751976376.62892,-0.011310692,-0.020295402,0.077812044
1751976376.63107,-0.011310692,-0.020295402,0.077812044
1751976376.63294,-0.011271385,-0.020309686,0.077843735
1751976376.63495,-0.011271385,-0.020309686,0.077843735
1751976376.63699,-0.011271385,-0.020309686,0.077843735
1751976376.63895,-0.011271385,-0.020309686,0.077843735
1751976376.64094,-0.011271385,-0.020309686,0.077843735
1751976376.64297,-0.011271385,-0.020309686,0.077843735
1751976376.64495,-0.011299353,-0.020304365,0.07782318
1751976376.64695,-0.011299353,-0.020304365,0.07782318
1751976376.64899,-0.011299353,-0.020304365,0.07782318
1751976376.65099,-0.011299353,-0.020304365,0.07782318
1751976376.65298,-0.011299353,-0.020304365,0.07782318
1751976376.65497,-0.011282514,-0.020309041,0.077847367
1751976376.65694,-0.011282514,-0.020309041,0.077847367
1751976376.65899,-0.011282514,-0.020309041,0.077847367
1751976376.66095,-0.011282514,-0.020309041,0.077847367
1751976376.66299,-0.011282514,-0.020309041,0.077847367
1751976376.66497,-0.0113154,-0.020296282,0.077824144
1751976376.66697,-0.0113154,-0.020296282,0.077824144
1751976376.66898,-0.0113154,-0.020296282,0.077824144
1751976376.67095,-0.0113154,-0.020296282,0.077824144
1751976376.67294,-0.0113154,-0.020296282,0.077824144
1751976376.67497,-0.0113154,-0.020296282,0.077824144
1751976376.67701,-0.011292192,-0.020310949,0.077799304
1751976376.67895,-0.011292192,-0.020310949,0.077799304
1751976376.68097,-0.011292192,-0.020310949,0.077799304
1751976376.68297,-0.011292192,-0.020310949,0.077799304
1751976376.68498,-0.011292192,-0.020310949,0.077799304
1751976376.68695,-0.011292192,-0.020310949,0.077799304
1751976376.68896,-0.011233561,-0.020334401,0.077845414
1751976376.69096,-0.011233561,-0.020334401,0.077845414
1751976376.69296,-0.011233561,-0.020334401,0.077845414
1751976376.695,-0.011233561,-0.020334401,0.077845414
1751976376.69696,-0.011233561,-0.020334401,0.077845414
1751976376.69895,-0.011233561,-0.020334401,0.077845414
1751976376.70094,-0.011343179,-0.020287614,0.077785457
1751976376.70294,-0.011343179,-0.020287614,0.077785457
1751976376.70496,-0.011343179,-0.020287614,0.077785457
1751976376.70695,-0.011343179,-0.020287614,0.077785457
1751976376.70895,-0.011343179,-0.020287614,0.077785457
1751976376.71098,-0.011311335,-0.020285189,0.077777058
1751976376.71299,-0.011311335,-0.020285189,0.077777058
1751976376.71497,-0.011311335,-0.020285189,0.077777058
1751976376.71698,-0.011311335,-0.020285189,0.077777058
1751976376.71902,-0.011311335,-0.020285189,0.077777058
1751976376.72093,-0.011296195,-0.020284971,0.077846094
1751976376.72293,-0.011296195,-0.020284971,0.077846094
1751976376.72495,-0.011296195,-0.020284971,0.077846094
1751976376.72699,-0.011296195,-0.020284971,0.077846094
1751976376.72899,-0.011296195,-0.020284971,0.077846094
1751976376.73099,-0.011341698,-0.020299464,0.077811216
1751976376.73297,-0.011341698,-0.020299464,0.077811216
1751976376.73497,-0.011341698,-0.020299464,0.077811216
1751976376.73698,-0.011341698,-0.020299464,0.077811216
1751976376.73896,-0.011341698,-0.020299464,0.077811216
1751976376.74094,-0.011341698,-0.020299464,0.077811216
1751976376.74291,-0.011300646,-0.020307354,0.077846329
1751976376.74498,-0.011300646,-0.020307354,0.077846329
1751976376.74697,-0.011300646,-0.020307354,0.077846329
1751976376.74898,-0.011300646,-0.020307354,0.077846329
1751976376.75097,-0.011300646,-0.020307354,0.077846329
1751976376.75295,-0.011309134,-0.020310426,0.077805037
1751976376.75494,-0.011309134,-0.020310426,0.077805037
1751976376.75693,-0.011309134,-0.020310426,0.077805037
1751976376.75894,-0.011309134,-0.020310426,0.077805037
1751976376.76095,-0.011309134,-0.020310426,0.077805037
1751976376.76293,-0.011241391,-0.020286742,0.077866011
1751976376.76494,-0.011241391,-0.020286742,0.077866011
1751976376.76693,-0.011241391,-0.020286742,0.077866011
1751976376.76894,-0.011241391,-0.020286742,0.077866011
1751976376.77095,-0.011241391,-0.020286742,0.077866011
1751976376.77295,-0.011241391,-0.020286742,0.077866011
1751976376.77489,-0.011321104,-0.020278089,0.077833005
1751976376.77696,-0.011321104,-0.020278089,0.077833005
1751976376.77901,-0.011321104,-0.020278089,0.077833005
1751976376.78095,-0.011321104,-0.020278089,0.077833005
1751976376.78301,-0.011321104,-0.020278089,0.077833005
1751976376.78495,-0.011284288,-0.020294139,0.077841253
1751976376.78694,-0.011284288,-0.020294139,0.077841253
1751976376.78895,-0.011284288,-0.020294139,0.077841253
1751976376.79097,-0.011284288,-0.020294139,0.077841253
1751976376.79294,-0.011284288,-0.020294139,0.077841253
1751976376.79494,-0.011284288,-0.020294139,0.077841253
1751976376.79698,-0.011295778,-0.020298908,0.077853659
1751976376.79894,-0.011295778,-0.020298908,0.077853659
1751976376.80095,-0.011295778,-0.020298908,0.077853659
1751976376.80295,-0.011295778,-0.020298908,0.077853659
1751976376.80496,-0.011295778,-0.020298908,0.077853659
1751976376.80695,-0.011327967,-0.02030161,0.077865856
1751976376.80898,-0.011327967,-0.02030161,0.077865856
1751976376.81098,-0.011327967,-0.02030161,0.077865856
1751976376.81296,-0.011327967,-0.02030161,0.077865856
1751976376.81497,-0.011327967,-0.02030161,0.077865856
1751976376.81695,-0.011327967,-0.02030161,0.077865856
1751976376.81904,-0.011283224,-0.02029817,0.077861526
1751976376.82098,-0.011283224,-0.02029817,0.077861526
1751976376.82295,-0.011283224,-0.02029817,0.077861526
1751976376.82503,-0.011283224,-0.02029817,0.077861526
1751976376.82696,-0.011283224,-0.02029817,0.077861526
1751976376.82895,-0.011279492,-0.020313149,0.077781683
1751976376.83094,-0.011279492,-0.020313149,0.077781683
1751976376.83296,-0.011279492,-0.020313149,0.077781683
1751976376.83495,-0.011279492,-0.020313149,0.077781683
1751976376.83695,-0.011279492,-0.020313149,0.077781683
1751976376.83892,-0.011279492,-0.020313149,0.077781683
1751976376.84096,-0.011313269,-0.020308413,0.077820926
1751976376.84295,-0.011313269,-0.020308413,0.077820926
1751976376.84498,-0.011313269,-0.020308413,0.077820926
1751976376.84694,-0.011313269,-0.020308413,0.077820926
1751976376.84897,-0.011313269,-0.020308413,0.077820926
1751976376.85095,-0.01133231,-0.020308086,0.077800408
1751976376.85294,-0.01133231,-0.020308086,0.077800408
1751976376.85497,-0.01133231,-0.020308086,0.077800408
1751976376.85695,-0.01133231,-0.020308086,0.077800408
1751976376.85902,-0.01133231,-0.020308086,0.077800408
1751976376.86095,-0.011333262,-0.020307924,0.077801002
1751976376.86296,-0.011333262,-0.020307924,0.077801002
1751976376.865,-0.011333262,-0.020307924,0.077801002
1751976376.86696,-0.011333262,-0.020307924,0.077801002
1751976376.86896,-0.011333262,-0.020307924,0.077801002
1751976376.87097,-0.011333262,-0.020307924,0.077801002
1751976376.87295,-0.011299995,-0.020305857,0.077816572
1751976376.87496,-0.011299995,-0.020305857,0.077816572
1751976376.87701,-0.011299995,-0.020305857,0.077816572
1751976376.87896,-0.011299995,-0.020305857,0.077816572
1751976376.88095,-0.011299995,-0.020305857,0.077816572
1751976376.88294,-0.011299995,-0.020305857,0.077816572
1751976376.88495,-0.011259802,-0.020310706,0.077871336
1751976376.88695,-0.011259802,-0.020310706,0.077871336
1751976376.88894,-0.011259802,-0.020310706,0.077871336
1751976376.89095,-0.011259802,-0.020310706,0.077871336
1751976376.89294,-0.011259802,-0.020310706,0.077871336
1751976376.89494,-0.01126917,-0.020274597,0.077866289
1751976376.89691,-0.01126917,-0.020274597,0.077866289
1751976376.89896,-0.01126917,-0.020274597,0.077866289
1751976376.90096,-0.01126917,-0.020274597,0.077866289
1751976376.90308,-0.01126917,-0.020274597,0.077866289
1751976376.90498,-0.011279547,-0.020293325,0.077820208
1751976376.90698,-0.011279547,-0.020293325,0.077820208
1751976376.909,-0.011279547,-0.020293325,0.077820208
1751976376.91097,-0.011279547,-0.020293325,0.077820208
1751976376.91296,-0.011279547,-0.020293325,0.077820208
1751976376.91496,-0.011279547,-0.020293325,0.077820208
1751976376.91694,-0.011314511,-0.02028477,0.077827126
1751976376.91895,-0.011314511,-0.02028477,0.077827126
1751976376.92095,-0.011314511,-0.02028477,0.077827126
1751976376.92291,-0.011314511,-0.02028477,0.077827126
1751976376.92498,-0.011314511,-0.02028477,0.077827126
1751976376.92699,-0.011334408,-0.020298655,0.077844916
1751976376.92897,-0.011334408,-0.020298655,0.077844916
1751976376.93095,-0.011334408,-0.020298655,0.077844916
1751976376.93294,-0.011334408,-0.020298655,0.077844916
1751976376.93498,-0.011334408,-0.020298655,0.077844916
1751976376.93694,-0.011334408,-0.020298655,0.077844916
1751976376.93898,-0.011283889,-0.020301891,0.07783446
1751976376.94102,-0.011283889,-0.020301891,0.07783446
1751976376.943,-0.011283889,-0.020301891,0.07783446
1751976376.94497,-0.011283889,-0.020301891,0.07783446
1751976376.94699,-0.011283889,-0.020301891,0.07783446
1751976376.94896,-0.011282255,-0.020283965,0.077840506
1751976376.95094,-0.011282255,-0.020283965,0.077840506
1751976376.953,-0.011282255,-0.020283965,0.077840506
1751976376.95497,-0.011282255,-0.020283965,0.077840506
1751976376.95694,-0.011282255,-0.020283965,0.077840506
1751976376.95893,-0.011282255,-0.020283965,0.077840506
1751976376.96094,-0.011320309,-0.020280078,0.077799804
1751976376.96288,-0.011320309,-0.020280078,0.077799804
1751976376.96495,-0.011320309,-0.020280078,0.077799804
1751976376.96693,-0.011320309,-0.020280078,0.077799804
1751976376.9689,-0.011320309,-0.020280078,0.077799804
1751976376.97099,-0.011320309,-0.020280078,0.077799804
1751976376.97289,-0.011374073,-0.020265595,0.077791993
1751976376.97497,-0.011374073,-0.020265595,0.077791993
1751976376.97696,-0.011374073,-0.020265595,0.077791993
1751976376.97898,-0.011374073,-0.020265595,0.077791993
1751976376.98094,-0.011374073,-0.020265595,0.077791993
1751976376.98294,-0.011302881,-0.020305082,0.077761368
1751976376.98493,-0.011302881,-0.020305082,0.077761368
1751976376.98694,-0.011302881,-0.020305082,0.077761368
1751976376.98896,-0.011302881,-0.020305082,0.077761368
1751976376.99099,-0.011302881,-0.020305082,0.077761368
1751976376.99296,-0.011286923,-0.020308438,0.077842106
1751976376.99498,-0.011286923,-0.020308438,0.077842106
1751976376.99696,-0.011286923,-0.020308438,0.077842106
1751976376.99896,-0.011286923,-0.020308438,0.077842106
1751976377.00092,-0.011286923,-0.020308438,0.077842106
1751976377.00296,-0.011286923,-0.020308438,0.077842106
1751976377.00494,-0.011269571,-0.02027152,0.077850641
1751976377.00696,-0.011269571,-0.02027152,0.077850641
1751976377.00895,-0.011269571,-0.02027152,0.077850641
1751976377.01095,-0.011269571,-0.02027152,0.077850641
1751976377.01291,-0.011269571,-0.02027152,0.077850641
1751976377.01496,-0.011269571,-0.02027152,0.077850641
1751976377.01698,-0.011284141,-0.020302302,0.077856981
1751976377.01889,-0.011284141,-0.020302302,0.077856981
1751976377.02093,-0.011284141,-0.020302302,0.077856981
1751976377.02297,-0.011284141,-0.020302302,0.077856981
1751976377.02495,-0.011284141,-0.020302302,0.077856981
1751976377.02694,-0.011284141,-0.020302302,0.077856981
1751976377.02891,-0.011291991,-0.020311911,0.077799037
1751976377.03097,-0.011291991,-0.020311911,0.077799037
1751976377.03295,-0.011291991,-0.020311911,0.077799037
1751976377.03503,-0.011291991,-0.020311911,0.077799037
1751976377.03698,-0.011291991,-0.020311911,0.077799037
1751976377.03896,-0.011267768,-0.0203133,0.077833159
1751976377.04097,-0.011267768,-0.0203133,0.077833159
1751976377.043,-0.011267768,-0.0203133,0.077833159
1751976377.04499,-0.011267768,-0.0203133,0.077833159
1751976377.04696,-0.011267768,-0.0203133,0.077833159
1751976377.04895,-0.011267768,-0.0203133,0.077833159
1751976377.05102,-0.011292197,-0.020309998,0.07784023
1751976377.05296,-0.011292197,-0.020309998,0.07784023
1751976377.05493,-0.011292197,-0.020309998,0.07784023
1751976377.05693,-0.011292197,-0.020309998,0.07784023
1751976377.05894,-0.011292197,-0.020309998,0.07784023
1751976377.06089,-0.011292197,-0.020309998,0.07784023
1751976377.06295,-0.011347906,-0.020283952,0.077769559
1751976377.06496,-0.011347906,-0.020283952,0.077769559
1751976377.06698,-0.011347906,-0.020283952,0.077769559
1751976377.06898,-0.011347906,-0.020283952,0.077769559
1751976377.07099,-0.011347906,-0.020283952,0.077769559
1751976377.07297,-0.011318431,-0.020303977,0.077786208
1751976377.07495,-0.011318431,-0.020303977,0.077786208
1751976377.07702,-0.011318431,-0.020303977,0.077786208
1751976377.07898,-0.011318431,-0.020303977,0.077786208
1751976377.08097,-0.011318431,-0.020303977,0.077786208
1751976377.08296,-0.011318431,-0.020303977,0.077786208
1751976377.085,-0.011365898,-0.020296432,0.077801955
1751976377.08694,-0.011365898,-0.020296432,0.077801955
1751976377.08896,-0.011365898,-0.020296432,0.077801955
1751976377.09102,-0.011365898,-0.020296432,0.077801955
1751976377.09294,-0.011365898,-0.020296432,0.077801955
1751976377.09496,-0.011365898,-0.020296432,0.077801955
1751976377.09697,-0.011366204,-0.020303975,0.077781572
1751976377.09899,-0.011366204,-0.020303975,0.077781572
1751976377.10095,-0.011366204,-0.020303975,0.077781572
1751976377.10294,-0.011366204,-0.020303975,0.077781572
1751976377.10505,-0.011366204,-0.020303975,0.077781572
1751976377.10694,-0.011330924,-0.020307051,0.077813327
1751976377.10894,-0.011330924,-0.020307051,0.077813327
1751976377.11097,-0.011330924,-0.020307051,0.077813327
1751976377.11295,-0.011330924,-0.020307051,0.077813327
1751976377.11497,-0.011330924,-0.020307051,0.077813327
1751976377.11697,-0.011330924,-0.020307051,0.077813327
1751976377.11897,-0.011315957,-0.020307722,0.077831777
1751976377.12098,-0.011315957,-0.020307722,0.077831777
1751976377.12295,-0.011315957,-0.020307722,0.077831777
1751976377.12494,-0.011315957,-0.020307722,0.077831777
1751976377.12695,-0.011315957,-0.020307722,0.077831777
1751976377.12892,-0.011315957,-0.020307722,0.077831777
1751976377.13097,-0.011252914,-0.020306714,0.077874611
1751976377.13296,-0.011252914,-0.020306714,0.077874611
1751976377.13495,-0.011252914,-0.020306714,0.077874611
1751976377.13698,-0.011252914,-0.020306714,0.077874611
1751976377.13897,-0.011252914,-0.020306714,0.077874611
1751976377.14095,-0.011227487,-0.020314341,0.07787064
1751976377.14295,-0.011227487,-0.020314341,0.07787064
1751976377.14501,-0.011227487,-0.020314341,0.07787064
1751976377.14698,-0.011227487,-0.020314341,0.07787064
1751976377.14895,-0.011227487,-0.020314341,0.07787064
1751976377.15099,-0.011227487,-0.020314341,0.07787064
1751976377.15295,-0.011315449,-0.020306412,0.077847917
1751976377.15493,-0.011315449,-0.020306412,0.077847917
1751976377.15695,-0.011315449,-0.020306412,0.077847917
1751976377.15896,-0.011315449,-0.020306412,0.077847917
1751976377.16101,-0.011315449,-0.020306412,0.077847917
1751976377.16315,-0.011315449,-0.020306412,0.077847917
1751976377.16494,-0.011345516,-0.020297213,0.077784192
1751976377.16698,-0.011345516,-0.020297213,0.077784192
1751976377.16896,-0.011345516,-0.020297213,0.077784192
1751976377.17097,-0.011345516,-0.020297213,0.077784192
1751976377.17296,-0.011345516,-0.020297213,0.077784192
1751976377.17494,-0.011345516,-0.020297213,0.077784192
1751976377.17697,-0.011236305,-0.020312937,0.077864771
1751976377.17904,-0.011236305,-0.020312937,0.077864771
1751976377.18095,-0.011236305,-0.020312937,0.077864771
1751976377.18293,-0.011236305,-0.020312937,0.077864771
1751976377.18493,-0.011236305,-0.020312937,0.077864771
1751976377.18693,-0.011286262,-0.020294831,0.077852186
1751976377.18894,-0.011286262,-0.020294831,0.077852186
1751976377.19095,-0.011286262,-0.020294831,0.077852186
1751976377.19294,-0.011286262,-0.020294831,0.077852186
1751976377.19494,-0.011286262,-0.020294831,0.077852186
1751976377.19695,-0.011290535,-0.020285993,0.077852902
1751976377.19894,-0.011290535,-0.020285993,0.077852902
1751976377.20095,-0.011290535,-0.020285993,0.077852902
1751976377.20303,-0.011290535,-0.020285993,0.077852902
1751976377.20494,-0.011290535,-0.020285993,0.077852902
1751976377.20699,-0.011290535,-0.020285993,0.077852902
1751976377.209,-0.011324706,-0.020296417,0.077791044
1751976377.21099,-0.011324706,-0.020296417,0.077791044
1751976377.21295,-0.011324706,-0.020296417,0.077791044
1751976377.21499,-0.011324706,-0.020296417,0.077791044
1751976377.21694,-0.011324706,-0.020296417,0.077791044
1751976377.21897,-0.011324706,-0.020296417,0.077791044
1751976377.22095,-0.011323874,-0.020283982,0.077829466
1751976377.22297,-0.011323874,-0.020283982,0.077829466
1751976377.22495,-0.011323874,-0.020283982,0.077829466
1751976377.22696,-0.011323874,-0.020283982,0.077829466
1751976377.22896,-0.011323874,-0.020283982,0.077829466
1751976377.23088,-0.011323874,-0.020283982,0.077829466
1751976377.23298,-0.011279461,-0.020297977,0.077863111
1751976377.23496,-0.011279461,-0.020297977,0.077863111
1751976377.23696,-0.011279461,-0.020297977,0.077863111
1751976377.23896,-0.011279461,-0.020297977,0.077863111
1751976377.24097,-0.011279461,-0.020297977,0.077863111
1751976377.24303,-0.011290236,-0.020292163,0.07786285
1751976377.245,-0.011290236,-0.020292163,0.07786285
1751976377.24697,-0.011290236,-0.020292163,0.07786285
1751976377.24898,-0.011290236,-0.020292163,0.07786285
1751976377.25099,-0.011290236,-0.020292163,0.07786285
1751976377.25302,-0.011290236,-0.020292163,0.07786285
1751976377.25501,-0.01133447,-0.020305193,0.077791658
1751976377.25699,-0.01133447,-0.020305193,0.077791658
1751976377.25897,-0.01133447,-0.020305193,0.077791658
1751976377.26094,-0.01133447,-0.020305193,0.077791658
1751976377.26293,-0.01133447,-0.020305193,0.077791658
1751976377.26497,-0.01133447,-0.020305193,0.077791658
1751976377.26696,-0.011294658,-0.020308781,0.077845257
1751976377.26895,-0.011294658,-0.020308781,0.077845257
1751976377.27097,-0.011294658,-0.020308781,0.077845257
1751976377.27295,-0.011294658,-0.020308781,0.077845257
1751976377.27493,-0.011294658,-0.020308781,0.077845257
1751976377.27693,-0.011294658,-0.020308781,0.077845257
1751976377.279,-0.011247113,-0.020295059,0.077844846
1751976377.28092,-0.011247113,-0.020295059,0.077844846
1751976377.28293,-0.011247113,-0.020295059,0.077844846
1751976377.28495,-0.011247113,-0.020295059,0.077844846
1751976377.28697,-0.011247113,-0.020295059,0.077844846
1751976377.289,-0.011318313,-0.020304752,0.077801447
1751976377.29101,-0.011318313,-0.020304752,0.077801447
1751976377.29299,-0.011318313,-0.020304752,0.077801447
1751976377.29495,-0.011318313,-0.020304752,0.077801447
1751976377.29697,-0.011318313,-0.020304752,0.077801447
1751976377.299,-0.011294465,-0.020301513,0.077841547
1751976377.30094,-0.011294465,-0.020301513,0.077841547
1751976377.30295,-0.011294465,-0.020301513,0.077841547
1751976377.30497,-0.011294465,-0.020301513,0.077841547
1751976377.30693,-0.011294465,-0.020301513,0.077841547
1751976377.30897,-0.011294465,-0.020301513,0.077841547
1751976377.31093,-0.01133169,-0.020293217,0.077824118
1751976377.31295,-0.01133169,-0.020293217,0.077824118
1751976377.31493,-0.01133169,-0.020293217,0.077824118
1751976377.31693,-0.01133169,-0.020293217,0.077824118
1751976377.31899,-0.01133169,-0.020293217,0.077824118
1751976377.32095,-0.011303425,-0.020306117,0.077830846
1751976377.32295,-0.011303425,-0.020306117,0.077830846
1751976377.32495,-0.011303425,-0.020306117,0.077830846
1751976377.32696,-0.011303425,-0.020306117,0.077830846
1751976377.32897,-0.011303425,-0.020306117,0.077830846
1751976377.331,-0.011303425,-0.020306117,0.077830846
1751976377.33296,-0.011303023,-0.020289854,0.07781692
1751976377.33496,-0.011303023,-0.020289854,0.07781692
1751976377.33698,-0.011303023,-0.020289854,0.07781692
1751976377.33899,-0.011303023,-0.020289854,0.07781692
1751976377.34096,-0.011303023,-0.020289854,0.07781692
1751976377.343,-0.011323821,-0.020291978,0.077845198
1751976377.34494,-0.011323821,-0.020291978,0.077845198
1751976377.34696,-0.011323821,-0.020291978,0.077845198
1751976377.34893,-0.011323821,-0.020291978,0.077845198
1751976377.35095,-0.011323821,-0.020291978,0.077845198
1751976377.35296,-0.011309111,-0.020305742,0.077823542
1751976377.35498,-0.011309111,-0.020305742,0.077823542
1751976377.35695,-0.011309111,-0.020305742,0.077823542
1751976377.35895,-0.011309111,-0.020305742,0.077823542
1751976377.36097,-0.011309111,-0.020305742,0.077823542
1751976377.36296,-0.011331523,-0.020286072,0.077788331
1751976377.36495,-0.011331523,-0.020286072,0.077788331
1751976377.36694,-0.011331523,-0.020286072,0.077788331
1751976377.36898,-0.011331523,-0.020286072,0.077788331
1751976377.37094,-0.011331523,-0.020286072,0.077788331
1751976377.37299,-0.011331523,-0.020286072,0.077788331
1751976377.37498,-0.011271244,-0.020303064,0.077828319
1751976377.37698,-0.011271244,-0.020303064,0.077828319
1751976377.37901,-0.011271244,-0.020303064,0.077828319
1751976377.38096,-0.011271244,-0.020303064,0.077828319
1751976377.38296,-0.011271244,-0.020303064,0.077828319
1751976377.38495,-0.011271244,-0.020303064,0.077828319
1751976377.38699,-0.011287203,-0.020309699,0.077825969
1751976377.38895,-0.011287203,-0.020309699,0.077825969
1751976377.39094,-0.011287203,-0.020309699,0.077825969
1751976377.39295,-0.011287203,-0.020309699,0.077825969
1751976377.39494,-0.011287203,-0.020309699,0.077825969
1751976377.39694,-0.011379108,-0.020278279,0.077828528
1751976377.3989,-0.011379108,-0.020278279,0.077828528
1751976377.40096,-0.011379108,-0.020278279,0.077828528
1751976377.40296,-0.011379108,-0.020278279,0.077828528
1751976377.40494,-0.011379108,-0.020278279,0.077828528
1751976377.40694,-0.011379108,-0.020278279,0.077828528
1751976377.40893,-0.01132194,-0.020294224,0.077821536
1751976377.41094,-0.01132194,-0.020294224,0.077821536
1751976377.41297,-0.01132194,-0.020294224,0.077821536
1751976377.415,-0.01132194,-0.020294224,0.077821536
1751976377.41697,-0.01132194,-0.020294224,0.077821536
1751976377.41904,-0.011247783,-0.020285541,0.077800535
1751976377.42098,-0.011247783,-0.020285541,0.077800535
1751976377.42297,-0.011247783,-0.020285541,0.077800535
1751976377.42496,-0.011247783,-0.020285541,0.077800535
1751976377.42696,-0.011247783,-0.020285541,0.077800535
1751976377.42896,-0.011324111,-0.02030396,0.077758982
1751976377.43094,-0.011324111,-0.02030396,0.077758982
1751976377.43296,-0.011324111,-0.02030396,0.077758982
1751976377.43498,-0.011324111,-0.02030396,0.077758982
1751976377.43694,-0.011324111,-0.02030396,0.077758982
1751976377.43894,-0.011324111,-0.02030396,0.077758982
1751976377.44094,-0.011332291,-0.020300932,0.077790851
1751976377.44293,-0.011332291,-0.020300932,0.077790851
1751976377.44494,-0.011332291,-0.020300932,0.077790851
1751976377.44697,-0.011332291,-0.020300932,0.077790851
1751976377.44895,-0.011332291,-0.020300932,0.077790851
1751976377.45094,-0.011348954,-0.020306317,0.077773516
1751976377.45294,-0.011348954,-0.020306317,0.077773516
1751976377.45499,-0.011348954,-0.020306317,0.077773516
1751976377.45696,-0.011348954,-0.020306317,0.077773516
1751976377.45896,-0.011348954,-0.020306317,0.077773516
1751976377.46105,-0.011348954,-0.020306317,0.077773516
1751976377.46296,-0.011326382,-0.020296008,0.077810956
1751976377.46496,-0.011326382,-0.020296008,0.077810956
1751976377.46697,-0.011326382,-0.020296008,0.077810956
1751976377.46895,-0.011326382,-0.020296008,0.077810956
1751976377.47096,-0.011326382,-0.020296008,0.077810956
1751976377.47295,-0.011326382,-0.020296008,0.077810956
1751976377.47495,-0.011302436,-0.02030742,0.077829383
1751976377.47696,-0.011302436,-0.02030742,0.077829383
1751976377.47896,-0.011302436,-0.02030742,0.077829383
1751976377.481,-0.011302436,-0.02030742,0.077829383
1751976377.48295,-0.011302436,-0.02030742,0.077829383
1751976377.48495,-0.011320055,-0.02030997,0.077790305
1751976377.48701,-0.011320055,-0.02030997,0.077790305
1751976377.48893,-0.011320055,-0.02030997,0.077790305
1751976377.49095,-0.011320055,-0.02030997,0.077790305
1751976377.49299,-0.011320055,-0.02030997,0.077790305
1751976377.49495,-0.01128774,-0.020311817,0.077823396
1751976377.49694,-0.01128774,-0.020311817,0.077823396
1751976377.49895,-0.01128774,-0.020311817,0.077823396
1751976377.50099,-0.01128774,-0.020311817,0.077823396
1751976377.50297,-0.01128774,-0.020311817,0.077823396
1751976377.50502,-0.01128774,-0.020311817,0.077823396
1751976377.50697,-0.011258218,-0.020293399,0.077857928
1751976377.50896,-0.011258218,-0.020293399,0.077857928
1751976377.51095,-0.011258218,-0.020293399,0.077857928
1751976377.5129,-0.011258218,-0.020293399,0.077857928
1751976377.51496,-0.011258218,-0.020293399,0.077857928
1751976377.51694,-0.011258218,-0.020293399,0.077857928
1751976377.51898,-0.011267173,-0.020282545,0.077871665
1751976377.52094,-0.011267173,-0.020282545,0.077871665
1751976377.52299,-0.011267173,-0.020282545,0.077871665
1751976377.52494,-0.011267173,-0.020282545,0.077871665
1751976377.52693,-0.011267173,-0.020282545,0.077871665
1751976377.52893,-0.011267173,-0.020282545,0.077871665
1751976377.53093,-0.011271896,-0.020309449,0.077812618
1751976377.53293,-0.011271896,-0.020309449,0.077812618
1751976377.53491,-0.011271896,-0.020309449,0.077812618
1751976377.53695,-0.011271896,-0.020309449,0.077812618
1751976377.53894,-0.011271896,-0.020309449,0.077812618
1751976377.54094,-0.011258866,-0.020287871,0.077844976
1751976377.54297,-0.011258866,-0.020287871,0.077844976
1751976377.54501,-0.011258866,-0.020287871,0.077844976
1751976377.54701,-0.011258866,-0.020287871,0.077844976
1751976377.549,-0.011258866,-0.020287871,0.077844976
1751976377.55097,-0.011325199,-0.02029126,0.077793703
1751976377.55296,-0.011325199,-0.02029126,0.077793703
1751976377.55498,-0.011325199,-0.02029126,0.077793703
1751976377.55698,-0.011325199,-0.02029126,0.077793703
1751976377.55898,-0.011325199,-0.02029126,0.077793703
1751976377.56099,-0.011287316,-0.020282106,0.077851853
1751976377.56299,-0.011287316,-0.020282106,0.077851853
1751976377.56493,-0.011287316,-0.020282106,0.077851853
1751976377.56695,-0.011287316,-0.020282106,0.077851853
1751976377.56896,-0.011287316,-0.020282106,0.077851853
1751976377.57095,-0.011287316,-0.020282106,0.077851853
1751976377.57294,-0.011305712,-0.020262275,0.077836465
1751976377.57495,-0.011305712,-0.020262275,0.077836465
1751976377.57703,-0.011305712,-0.020262275,0.077836465
1751976377.57896,-0.011305712,-0.020262275,0.077836465
1751976377.58096,-0.011305712,-0.020262275,0.077836465
1751976377.58307,-0.011277592,-0.020281095,0.077798896
1751976377.58493,-0.011277592,-0.020281095,0.077798896
1751976377.58694,-0.011277592,-0.020281095,0.077798896
1751976377.589,-0.011277592,-0.020281095,0.077798896
1751976377.59103,-0.011277592,-0.020281095,0.077798896
1751976377.59298,-0.011277592,-0.020281095,0.077798896
1751976377.595,-0.0113005,-0.020302962,0.07783788
1751976377.59697,-0.0113005,-0.020302962,0.07783788
1751976377.59894,-0.0113005,-0.020302962,0.07783788
1751976377.60094,-0.0113005,-0.020302962,0.07783788
1751976377.60298,-0.0113005,-0.020302962,0.07783788
1751976377.60494,-0.011257231,-0.020311797,0.07785296
1751976377.60696,-0.011257231,-0.020311797,0.07785296
1751976377.60898,-0.011257231,-0.020311797,0.07785296
1751976377.61095,-0.011257231,-0.020311797,0.07785296
1751976377.61295,-0.011257231,-0.020311797,0.07785296
1751976377.61494,-0.011257231,-0.020311797,0.07785296
1751976377.61699,-0.011301868,-0.020308716,0.077839482
1751976377.61893,-0.011301868,-0.020308716,0.077839482
1751976377.62095,-0.011301868,-0.020308716,0.077839482
1751976377.62301,-0.011301868,-0.020308716,0.077839482
1751976377.62496,-0.011301868,-0.020308716,0.077839482
1751976377.62694,-0.011305402,-0.020276761,0.0778396
1751976377.62896,-0.011305402,-0.020276761,0.0778396
1751976377.63097,-0.011305402,-0.020276761,0.0778396
1751976377.63297,-0.011305402,-0.020276761,0.0778396
1751976377.63496,-0.011305402,-0.020276761,0.0778396
1751976377.63701,-0.011275073,-0.020303967,0.077842571
1751976377.63897,-0.011275073,-0.020303967,0.077842571
1751976377.64096,-0.011275073,-0.020303967,0.077842571
1751976377.64298,-0.011275073,-0.020303967,0.077842571
1751976377.64494,-0.011275073,-0.020303967,0.077842571
1751976377.64694,-0.011275073,-0.020303967,0.077842571
1751976377.64895,-0.011295942,-0.020283993,0.077861507
1751976377.65094,-0.011295942,-0.020283993,0.077861507
1751976377.65295,-0.011295942,-0.020283993,0.077861507
1751976377.65495,-0.011295942,-0.020283993,0.077861507
1751976377.65695,-0.011295942,-0.020283993,0.077861507
1751976377.65898,-0.011324518,-0.020269615,0.077849574
1751976377.66095,-0.011324518,-0.020269615,0.077849574
1751976377.66297,-0.011324518,-0.020269615,0.077849574
1751976377.66497,-0.011324518,-0.020269615,0.077849574
1751976377.66693,-0.011324518,-0.020269615,0.077849574
1751976377.66896,-0.011324518,-0.020269615,0.077849574
1751976377.67097,-0.011363379,-0.020300806,0.077759274
1751976377.67301,-0.011363379,-0.020300806,0.077759274
1751976377.67496,-0.011363379,-0.020300806,0.077759274
1751976377.67703,-0.011363379,-0.020300806,0.077759274
1751976377.67897,-0.011363379,-0.020300806,0.077759274
1751976377.68097,-0.011363379,-0.020300806,0.077759274
1751976377.68296,-0.011315663,-0.020270781,0.077827188
1751976377.68496,-0.011315663,-0.020270781,0.077827188
1751976377.68693,-0.011315663,-0.020270781,0.077827188
1751976377.68894,-0.011315663,-0.020270781,0.077827188
1751976377.691,-0.011315663,-0.020270781,0.077827188
1751976377.69298,-0.011271625,-0.020302029,0.07785458
1751976377.69491,-0.011271625,-0.020302029,0.07785458
1751976377.69695,-0.011271625,-0.020302029,0.07785458
1751976377.69895,-0.011271625,-0.020302029,0.07785458
1751976377.70093,-0.011271625,-0.020302029,0.07785458
1751976377.70294,-0.011271625,-0.020302029,0.07785458
1751976377.70496,-0.011344323,-0.020304058,0.077812964
1751976377.70697,-0.011344323,-0.020304058,0.077812964
1751976377.70893,-0.011344323,-0.020304058,0.077812964
1751976377.71095,-0.011344323,-0.020304058,0.077812964
1751976377.71297,-0.011344323,-0.020304058,0.077812964
1751976377.71498,-0.011335875,-0.020295175,0.077835951
1751976377.71695,-0.011335875,-0.020295175,0.077835951
1751976377.71898,-0.011335875,-0.020295175,0.077835951
1751976377.72098,-0.011335875,-0.020295175,0.077835951
1751976377.72297,-0.011335875,-0.020295175,0.077835951
1751976377.72494,-0.011335875,-0.020295175,0.077835951
1751976377.72702,-0.011334013,-0.020297036,0.077808246
1751976377.72895,-0.011334013,-0.020297036,0.077808246
1751976377.73088,-0.011334013,-0.020297036,0.077808246
1751976377.73301,-0.011334013,-0.020297036,0.077808246
1751976377.73498,-0.011334013,-0.020297036,0.077808246
1751976377.73696,-0.011334013,-0.020297036,0.077808246
1751976377.73899,-0.011361904,-0.020303437,0.07778758
1751976377.74097,-0.011361904,-0.020303437,0.07778758
1751976377.74299,-0.011361904,-0.020303437,0.07778758
1751976377.74501,-0.011361904,-0.020303437,0.07778758
1751976377.74696,-0.011361904,-0.020303437,0.07778758
1751976377.74894,-0.011325397,-0.020271936,0.077818378
1751976377.75089,-0.011325397,-0.020271936,0.077818378
1751976377.75297,-0.011325397,-0.020271936,0.077818378
1751976377.75495,-0.011325397,-0.020271936,0.077818378
1751976377.75697,-0.011325397,-0.020271936,0.077818378
1751976377.759,-0.011325397,-0.020271936,0.077818378
1751976377.76092,-0.011305537,-0.020301299,0.077847671
1751976377.76297,-0.011305537,-0.020301299,0.077847671
1751976377.76498,-0.011305537,-0.020301299,0.077847671
1751976377.76694,-0.011305537,-0.020301299,0.077847671
1751976377.76897,-0.011305537,-0.020301299,0.077847671
1751976377.77097,-0.011305537,-0.020301299,0.077847671
1751976377.77297,-0.011313019,-0.020296412,0.077775629
1751976377.77496,-0.011313019,-0.020296412,0.077775629
1751976377.77695,-0.011313019,-0.020296412,0.077775629
1751976377.77897,-0.011313019,-0.020296412,0.077775629
1751976377.78094,-0.011313019,-0.020296412,0.077775629
1751976377.78294,-0.011313019,-0.020296412,0.077775629
1751976377.78497,-0.011278393,-0.020310024,0.077824833
1751976377.78699,-0.011278393,-0.020310024,0.077824833
1751976377.78895,-0.011278393,-0.020310024,0.077824833
1751976377.79095,-0.011278393,-0.020310024,0.077824833
1751976377.79296,-0.011278393,-0.020310024,0.077824833
1751976377.79493,-0.011310191,-0.020294115,0.077820791
1751976377.79693,-0.011310191,-0.020294115,0.077820791
1751976377.79896,-0.011310191,-0.020294115,0.077820791
1751976377.80104,-0.011310191,-0.020294115,0.077820791
1751976377.80303,-0.011310191,-0.020294115,0.077820791
1751976377.80498,-0.011283004,-0.02028865,0.07786945
1751976377.80701,-0.011283004,-0.02028865,0.07786945
1751976377.80901,-0.011283004,-0.02028865,0.07786945
1751976377.81099,-0.011283004,-0.02028865,0.07786945
1751976377.81296,-0.011283004,-0.02028865,0.07786945
1751976377.81494,-0.011283004,-0.02028865,0.07786945
1751976377.8169,-0.011293522,-0.020299157,0.077849972
1751976377.81897,-0.011293522,-0.020299157,0.077849972
1751976377.82091,-0.011293522,-0.020299157,0.077849972
1751976377.82294,-0.011293522,-0.020299157,0.077849972
1751976377.82494,-0.011293522,-0.020299157,0.077849972
1751976377.82695,-0.011293522,-0.020299157,0.077849972
1751976377.82895,-0.011289331,-0.020308496,0.077839463
1751976377.83093,-0.011289331,-0.020308496,0.077839463
1751976377.83299,-0.011289331,-0.020308496,0.077839463
1751976377.83495,-0.011289331,-0.020308496,0.077839463
1751976377.83694,-0.011289331,-0.020308496,0.077839463
1751976377.83892,-0.011289331,-0.020308496,0.077839463
1751976377.84095,-0.011357397,-0.020285474,0.077818089
1751976377.84296,-0.011357397,-0.020285474,0.077818089
1751976377.84494,-0.011357397,-0.020285474,0.077818089
1751976377.8469,-0.011357397,-0.020285474,0.077818089
1751976377.84895,-0.011357397,-0.020285474,0.077818089
1751976377.85094,-0.011320518,-0.020302438,0.077833575
1751976377.85293,-0.011320518,-0.020302438,0.077833575
1751976377.85494,-0.011320518,-0.020302438,0.077833575
1751976377.85694,-0.011320518,-0.020302438,0.077833575
1751976377.85892,-0.011320518,-0.020302438,0.077833575
1751976377.861,-0.011288179,-0.020280469,0.077874193
1751976377.8629,-0.011288179,-0.020280469,0.077874193
1751976377.86495,-0.011288179,-0.020280469,0.077874193
1751976377.86696,-0.011288179,-0.020280469,0.077874193
1751976377.86899,-0.011288179,-0.020280469,0.077874193
1751976377.87097,-0.011288179,-0.020280469,0.077874193
1751976377.87293,-0.011328097,-0.020282577,0.077834128
1751976377.8749,-0.011328097,-0.020282577,0.077834128
1751976377.87695,-0.011328097,-0.020282577,0.077834128
1751976377.87896,-0.011328097,-0.020282577,0.077834128
1751976377.88099,-0.011328097,-0.020282577,0.077834128
1751976377.88294,-0.011339884,-0.020281812,0.07779472
1751976377.88494,-0.011339884,-0.020281812,0.07779472
1751976377.88698,-0.011339884,-0.020281812,0.07779472
1751976377.88896,-0.011339884,-0.020281812,0.07779472
1751976377.89095,-0.011339884,-0.020281812,0.07779472
1751976377.89302,-0.011339884,-0.020281812,0.07779472
1751976377.89495,-0.011337737,-0.020294209,0.077799125
1751976377.89695,-0.011337737,-0.020294209,0.077799125
1751976377.89899,-0.011337737,-0.020294209,0.077799125
1751976377.90094,-0.011337737,-0.020294209,0.077799125
1751976377.90294,-0.011337737,-0.020294209,0.077799125
1751976377.90489,-0.011337737,-0.020294209,0.077799125
1751976377.90697,-0.011306125,-0.020292149,0.077845324
1751976377.90894,-0.011306125,-0.020292149,0.077845324
1751976377.91095,-0.011306125,-0.020292149,0.077845324
1751976377.91293,-0.011306125,-0.020292149,0.077845324
1751976377.91489,-0.011306125,-0.020292149,0.077845324
1751976377.91695,-0.011306125,-0.020292149,0.077845324
1751976377.91893,-0.011294592,-0.020306269,0.077837107
1751976377.92094,-0.011294592,-0.020306269,0.077837107
1751976377.92294,-0.011294592,-0.020306269,0.077837107
1751976377.92493,-0.011294592,-0.020306269,0.077837107
1751976377.92695,-0.011294592,-0.020306269,0.077837107
1751976377.92896,-0.011294592,-0.020306269,0.077837107
1751976377.93104,-0.011293326,-0.020311219,0.077815145
1751976377.93299,-0.011293326,-0.020311219,0.077815145
1751976377.93496,-0.011293326,-0.020311219,0.077815145
1751976377.93692,-0.011293326,-0.020311219,0.077815145
1751976377.93896,-0.011293326,-0.020311219,0.077815145
1751976377.94096,-0.011293326,-0.020311219,0.077815145
1751976377.94294,-0.011244261,-0.020314268,0.077861569
1751976377.94494,-0.011244261,-0.020314268,0.077861569
1751976377.94696,-0.011244261,-0.020314268,0.077861569
1751976377.94893,-0.011244261,-0.020314268,0.077861569
1751976377.95097,-0.011244261,-0.020314268,0.077861569
1751976377.95297,-0.011214022,-0.020317636,0.077866113
1751976377.95494,-0.011214022,-0.020317636,0.077866113
1751976377.95695,-0.011214022,-0.020317636,0.077866113
1751976377.95896,-0.011214022,-0.020317636,0.077866113
1751976377.96097,-0.011214022,-0.020317636,0.077866113
1751976377.96299,-0.011214022,-0.020317636,0.077866113
1751976377.96501,-0.011255685,-0.020293099,0.077820396
1751976377.96695,-0.011255685,-0.020293099,0.077820396
1751976377.96896,-0.011255685,-0.020293099,0.077820396
1751976377.97096,-0.011255685,-0.020293099,0.077820396
1751976377.97298,-0.011255685,-0.020293099,0.077820396
1751976377.97495,-0.011255685,-0.020293099,0.077820396
1751976377.97693,-0.011307487,-0.020284844,0.07784971
1751976377.97897,-0.011307487,-0.020284844,0.07784971
1751976377.98096,-0.011307487,-0.020284844,0.07784971
1751976377.98296,-0.011307487,-0.020284844,0.07784971
1751976377.985,-0.011307487,-0.020284844,0.07784971
1751976377.98687,-0.011308319,-0.020300556,0.077864126
1751976377.98894,-0.011308319,-0.020300556,0.077864126
1751976377.99095,-0.011308319,-0.020300556,0.077864126
1751976377.99298,-0.011308319,-0.020300556,0.077864126
1751976377.99495,-0.011308319,-0.020300556,0.077864126
1751976377.99691,-0.011308319,-0.020300556,0.077864126
1751976377.99894,-0.011346971,-0.02029609,0.077830119
1751976378.00094,-0.011346971,-0.02029609,0.077830119
1751976378.00294,-0.011346971,-0.02029609,0.077830119
1751976378.00497,-0.011346971,-0.02029609,0.077830119
1751976378.00696,-0.011346971,-0.02029609,0.077830119
1751976378.00891,-0.011328148,-0.020303745,0.077841348
1751976378.01095,-0.011328148,-0.020303745,0.077841348
1751976378.01296,-0.011328148,-0.020303745,0.077841348
1751976378.01497,-0.011328148,-0.020303745,0.077841348
1751976378.01698,-0.011328148,-0.020303745,0.077841348
1751976378.01898,-0.011343888,-0.020282324,0.077789549
1751976378.02096,-0.011343888,-0.020282324,0.077789549
1751976378.02294,-0.011343888,-0.020282324,0.077789549
1751976378.02496,-0.011343888,-0.020282324,0.077789549
1751976378.02695,-0.011343888,-0.020282324,0.077789549
1751976378.02894,-0.011343888,-0.020282324,0.077789549
1751976378.03096,-0.011305298,-0.020306033,0.077810684
1751976378.03294,-0.011305298,-0.020306033,0.077810684
1751976378.03492,-0.011305298,-0.020306033,0.077810684
1751976378.03693,-0.011305298,-0.020306033,0.077810684
1751976378.03902,-0.011305298,-0.020306033,0.077810684
1751976378.04093,-0.011309186,-0.020291518,0.077829463
1751976378.04293,-0.011309186,-0.020291518,0.077829463
1751976378.04495,-0.011309186,-0.020291518,0.077829463
1751976378.04695,-0.011309186,-0.020291518,0.077829463
1751976378.04893,-0.011309186,-0.020291518,0.077829463
1751976378.05095,-0.011309186,-0.020291518,0.077829463
1751976378.05297,-0.011336143,-0.02028897,0.077793097
1751976378.05496,-0.011336143,-0.02028897,0.077793097
1751976378.05697,-0.011336143,-0.02028897,0.077793097
1751976378.05899,-0.011336143,-0.02028897,0.077793097
1751976378.06099,-0.011336143,-0.02028897,0.077793097
1751976378.06297,-0.011286757,-0.020304796,0.077854142
1751976378.06507,-0.011286757,-0.020304796,0.077854142
1751976378.06701,-0.011286757,-0.020304796,0.077854142
1751976378.06897,-0.011286757,-0.020304796,0.077854142
1751976378.07097,-0.011286757,-0.020304796,0.077854142
1751976378.073,-0.011286757,-0.020304796,0.077854142
1751976378.07495,-0.011326565,-0.020289578,0.077805667
1751976378.07698,-0.011326565,-0.020289578,0.077805667
1751976378.07899,-0.011326565,-0.020289578,0.077805667
1751976378.08099,-0.011326565,-0.020289578,0.077805667
1751976378.08296,-0.011326565,-0.020289578,0.077805667
1751976378.08494,-0.011326565,-0.020289578,0.077805667
1751976378.08695,-0.011332061,-0.020302645,0.077827284
1751976378.08897,-0.011332061,-0.020302645,0.077827284
1751976378.09097,-0.011332061,-0.020302645,0.077827284
1751976378.093,-0.011332061,-0.020302645,0.077827284
1751976378.09494,-0.011332061,-0.020302645,0.077827284
1751976378.09695,-0.011332061,-0.020302645,0.077827284
1751976378.09896,-0.011338264,-0.02028927,0.077795815
1751976378.10098,-0.011338264,-0.02028927,0.077795815
1751976378.103,-0.011338264,-0.02028927,0.077795815
1751976378.10495,-0.011338264,-0.02028927,0.077795815
1751976378.10698,-0.011338264,-0.02028927,0.077795815
1751976378.10896,-0.011360452,-0.020299799,0.077803679
1751976378.11095,-0.011360452,-0.020299799,0.077803679
1751976378.11296,-0.011360452,-0.020299799,0.077803679
1751976378.11498,-0.011360452,-0.020299799,0.077803679
1751976378.11698,-0.011360452,-0.020299799,0.077803679
1751976378.11893,-0.011360452,-0.020299799,0.077803679
1751976378.12098,-0.011335658,-0.020281568,0.077870706
1751976378.12297,-0.011335658,-0.020281568,0.077870706
1751976378.12494,-0.011335658,-0.020281568,0.077870706
1751976378.12694,-0.011335658,-0.020281568,0.077870706
1751976378.12896,-0.011335658,-0.020281568,0.077870706
1751976378.13093,-0.011335658,-0.020281568,0.077870706
1751976378.13295,-0.011316716,-0.020302596,0.077843733
1751976378.13493,-0.011316716,-0.020302596,0.077843733
1751976378.13695,-0.011316716,-0.020302596,0.077843733
1751976378.13893,-0.011316716,-0.020302596,0.077843733
1751976378.14096,-0.011316716,-0.020302596,0.077843733
1751976378.14295,-0.011327544,-0.020308115,0.077796626
1751976378.14497,-0.011327544,-0.020308115,0.077796626
1751976378.14696,-0.011327544,-0.020308115,0.077796626
1751976378.14895,-0.011327544,-0.020308115,0.077796626
1751976378.15096,-0.011327544,-0.020308115,0.077796626
1751976378.15297,-0.011327544,-0.020308115,0.077796626
1751976378.15496,-0.011332548,-0.020271268,0.077795335
1751976378.15695,-0.011332548,-0.020271268,0.077795335
1751976378.159,-0.011332548,-0.020271268,0.077795335
1751976378.16098,-0.011332548,-0.020271268,0.077795335
1751976378.16293,-0.011332548,-0.020271268,0.077795335
1751976378.16501,-0.011347962,-0.02029861,0.077775905
1751976378.16695,-0.011347962,-0.02029861,0.077775905
1751976378.16893,-0.011347962,-0.02029861,0.077775905
1751976378.17088,-0.011347962,-0.02029861,0.077775905
1751976378.17296,-0.011347962,-0.02029861,0.077775905
1751976378.17493,-0.011288802,-0.020308597,0.077834933
1751976378.17689,-0.011288802,-0.020308597,0.077834933
1751976378.17894,-0.011288802,-0.020308597,0.077834933
1751976378.18095,-0.011288802,-0.020308597,0.077834933
1751976378.18292,-0.011288802,-0.020308597,0.077834933
1751976378.18496,-0.011288802,-0.020308597,0.077834933
1751976378.18697,-0.01124907,-0.020281915,0.07785668
1751976378.18903,-0.01124907,-0.020281915,0.07785668
1751976378.19096,-0.01124907,-0.020281915,0.07785668
1751976378.19303,-0.01124907,-0.020281915,0.07785668
1751976378.19498,-0.01124907,-0.020281915,0.07785668
1751976378.19697,-0.01124907,-0.020281915,0.07785668
1751976378.19897,-0.011301328,-0.020304552,0.077820536
1751976378.20095,-0.011301328,-0.020304552,0.077820536
1751976378.20294,-0.011301328,-0.020304552,0.077820536
1751976378.20495,-0.011301328,-0.020304552,0.077820536
1751976378.20698,-0.011301328,-0.020304552,0.077820536
1751976378.20894,-0.011255267,-0.020294049,0.077856142
1751976378.21094,-0.011255267,-0.020294049,0.077856142
1751976378.21299,-0.011255267,-0.020294049,0.077856142
1751976378.21497,-0.011255267,-0.020294049,0.077856142
1751976378.21696,-0.011255267,-0.020294049,0.077856142
1751976378.21906,-0.011255267,-0.020294049,0.077856142
1751976378.22096,-0.011250561,-0.020311644,0.077834414
1751976378.22293,-0.011250561,-0.020311644,0.077834414
1751976378.22494,-0.011250561,-0.020311644,0.077834414
1751976378.22695,-0.011250561,-0.020311644,0.077834414
1751976378.22894,-0.011250561,-0.020311644,0.077834414
1751976378.23101,-0.011250561,-0.020311644,0.077834414
1751976378.23297,-0.011380227,-0.020276664,0.077752862
1751976378.23499,-0.011380227,-0.020276664,0.077752862
1751976378.23696,-0.011380227,-0.020276664,0.077752862
1751976378.23898,-0.011380227,-0.020276664,0.077752862
1751976378.24095,-0.011380227,-0.020276664,0.077752862
1751976378.24289,-0.011380227,-0.020276664,0.077752862
1751976378.24494,-0.011332922,-0.020242323,0.077800271
1751976378.24695,-0.011332922,-0.020242323,0.077800271
1751976378.24899,-0.011332922,-0.020242323,0.077800271
1751976378.251,-0.011332922,-0.020242323,0.077800271
1751976378.25296,-0.011332922,-0.020242323,0.077800271
1751976378.25499,-0.011342316,-0.020285803,0.077755115
1751976378.25693,-0.011342316,-0.020285803,0.077755115
1751976378.25891,-0.011342316,-0.020285803,0.077755115
1751976378.26095,-0.011342316,-0.020285803,0.077755115
1751976378.26293,-0.011342316,-0.020285803,0.077755115
1751976378.26494,-0.011342316,-0.020285803,0.077755115
1751976378.26693,-0.011343741,-0.02029573,0.077777335
1751976378.26894,-0.011343741,-0.02029573,0.077777335
1751976378.27095,-0.011343741,-0.02029573,0.077777335
1751976378.27298,-0.011343741,-0.02029573,0.077777335
1751976378.27495,-0.011343741,-0.02029573,0.077777335
1751976378.27696,-0.011366444,-0.020294108,0.077766016
1751976378.27896,-0.011366444,-0.020294108,0.077766016
1751976378.281,-0.011366444,-0.020294108,0.077766016
1751976378.28296,-0.011366444,-0.020294108,0.077766016
1751976378.28494,-0.011366444,-0.020294108,0.077766016
1751976378.28696,-0.011366444,-0.020294108,0.077766016
1751976378.28896,-0.011331393,-0.020309447,0.077751488
1751976378.29094,-0.011331393,-0.020309447,0.077751488
1751976378.29294,-0.011331393,-0.020309447,0.077751488
1751976378.29494,-0.011331393,-0.020309447,0.077751488
1751976378.29693,-0.011331393,-0.020309447,0.077751488
1751976378.29893,-0.011331393,-0.020309447,0.077751488
1751976378.30094,-0.011396962,-0.020304887,0.077733758
1751976378.30292,-0.011396962,-0.020304887,0.077733758
1751976378.30493,-0.011396962,-0.020304887,0.077733758
1751976378.30693,-0.011396962,-0.020304887,0.077733758
1751976378.30891,-0.011396962,-0.020304887,0.077733758
1751976378.31093,-0.011396962,-0.020304887,0.077733758
1751976378.31296,-0.01131382,-0.020307776,0.077834534
1751976378.31503,-0.01131382,-0.020307776,0.077834534
1751976378.31701,-0.01131382,-0.020307776,0.077834534
1751976378.3191,-0.01131382,-0.020307776,0.077834534
1751976378.32103,-0.01131382,-0.020307776,0.077834534
1751976378.32296,-0.01131161,-0.02030783,0.07783741
1751976378.32495,-0.01131161,-0.02030783,0.07783741
1751976378.32695,-0.01131161,-0.02030783,0.07783741
1751976378.32891,-0.01131161,-0.02030783,0.07783741
1751976378.33096,-0.01131161,-0.02030783,0.07783741
1751976378.33292,-0.01131161,-0.02030783,0.07783741
1751976378.33498,-0.01135515,-0.020293099,0.077789615
1751976378.33699,-0.01135515,-0.020293099,0.077789615
1751976378.33895,-0.01135515,-0.020293099,0.077789615
1751976378.34096,-0.01135515,-0.020293099,0.077789615
1751976378.34297,-0.01135515,-0.020293099,0.077789615
1751976378.34494,-0.011321477,-0.020283002,0.077777409
1751976378.34699,-0.011321477,-0.020283002,0.077777409
1751976378.34893,-0.011321477,-0.020283002,0.077777409
1751976378.35094,-0.011321477,-0.020283002,0.077777409
1751976378.35294,-0.011321477,-0.020283002,0.077777409
1751976378.35494,-0.011309283,-0.020301657,0.077829747
1751976378.35696,-0.011309283,-0.020301657,0.077829747
1751976378.35898,-0.011309283,-0.020301657,0.077829747
1751976378.36101,-0.011309283,-0.020301657,0.077829747
1751976378.36296,-0.011309283,-0.020301657,0.077829747
1751976378.36498,-0.011371122,-0.020300634,0.077812757
1751976378.36696,-0.011371122,-0.020300634,0.077812757
1751976378.36895,-0.011371122,-0.020300634,0.077812757
1751976378.37094,-0.011371122,-0.020300634,0.077812757
1751976378.37293,-0.011371122,-0.020300634,0.077812757
1751976378.3749,-0.011371122,-0.020300634,0.077812757
1751976378.37695,-0.011326851,-0.020298754,0.077846756
1751976378.37895,-0.011326851,-0.020298754,0.077846756
1751976378.38096,-0.011326851,-0.020298754,0.077846756
1751976378.38293,-0.011326851,-0.020298754,0.077846756
1751976378.38488,-0.011326851,-0.020298754,0.077846756
1751976378.38696,-0.011326851,-0.020298754,0.077846756
1751976378.38893,-0.011263239,-0.020298969,0.07784186
1751976378.39093,-0.011263239,-0.020298969,0.07784186
1751976378.39295,-0.011263239,-0.020298969,0.07784186
1751976378.39496,-0.011263239,-0.020298969,0.07784186
1751976378.39699,-0.011263239,-0.020298969,0.07784186
1751976378.39888,-0.011263239,-0.020298969,0.07784186
1751976378.40096,-0.01134496,-0.020300501,0.077845855
1751976378.40296,-0.01134496,-0.020300501,0.077845855
1751976378.40499,-0.01134496,-0.020300501,0.077845855
1751976378.40696,-0.01134496,-0.020300501,0.077845855
1751976378.40901,-0.01134496,-0.020300501,0.077845855
1751976378.41101,-0.01133667,-0.020305815,0.077814277
1751976378.41296,-0.01133667,-0.020305815,0.077814277
1751976378.41495,-0.01133667,-0.020305815,0.077814277
1751976378.41693,-0.01133667,-0.020305815,0.077814277
1751976378.41897,-0.01133667,-0.020305815,0.077814277
1751976378.42095,-0.01133667,-0.020305815,0.077814277
1751976378.42294,-0.011360559,-0.020299885,0.077736549
1751976378.42498,-0.011360559,-0.020299885,0.077736549
1751976378.42699,-0.011360559,-0.020299885,0.077736549
1751976378.42894,-0.011360559,-0.020299885,0.077736549
1751976378.43094,-0.011360559,-0.020299885,0.077736549
1751976378.43293,-0.01131589,-0.020305886,0.077824799
1751976378.43492,-0.01131589,-0.020305886,0.077824799
1751976378.43692,-0.01131589,-0.020305886,0.077824799
1751976378.43895,-0.01131589,-0.020305886,0.077824799
1751976378.44096,-0.01131589,-0.020305886,0.077824799
1751976378.44296,-0.01131589,-0.020305886,0.077824799
1751976378.44494,-0.011301258,-0.020309305,0.077830645
1751976378.44696,-0.011301258,-0.020309305,0.077830645
1751976378.44896,-0.011301258,-0.020309305,0.077830645
1751976378.45095,-0.011301258,-0.020309305,0.077830645
1751976378.45295,-0.011301258,-0.020309305,0.077830645
1751976378.45494,-0.011301258,-0.020309305,0.077830645
1751976378.45695,-0.011350897,-0.020287862,0.077741279
1751976378.45902,-0.011350897,-0.020287862,0.077741279
1751976378.46094,-0.011350897,-0.020287862,0.077741279
1751976378.463,-0.011350897,-0.020287862,0.077741279
1751976378.46497,-0.011350897,-0.020287862,0.077741279
1751976378.46695,-0.011346768,-0.020304955,0.07774448
1751976378.46893,-0.011346768,-0.020304955,0.07774448
1751976378.47093,-0.011346768,-0.020304955,0.07774448
1751976378.47294,-0.011346768,-0.020304955,0.07774448
1751976378.47499,-0.011346768,-0.020304955,0.07774448
1751976378.47695,-0.011346768,-0.020304955,0.07774448
1751976378.47896,-0.011328062,-0.020305849,0.077823757
1751976378.48093,-0.011328062,-0.020305849,0.077823757
1751976378.48292,-0.011328062,-0.020305849,0.077823757
1751976378.48494,-0.011328062,-0.020305849,0.077823757
1751976378.48694,-0.011328062,-0.020305849,0.077823757
1751976378.48895,-0.011363827,-0.020290019,0.077753521
1751976378.49097,-0.011363827,-0.020290019,0.077753521
1751976378.49295,-0.011363827,-0.020290019,0.077753521
1751976378.49495,-0.011363827,-0.020290019,0.077753521
1751976378.49696,-0.011363827,-0.020290019,0.077753521
1751976378.49895,-0.011363827,-0.020290019,0.077753521
1751976378.50094,-0.011320023,-0.020272458,0.077834378
1751976378.50298,-0.011320023,-0.020272458,0.077834378
1751976378.50495,-0.011320023,-0.020272458,0.077834378
1751976378.50701,-0.011320023,-0.020272458,0.077834378
1751976378.50887,-0.011320023,-0.020272458,0.077834378
1751976378.51094,-0.011320023,-0.020272458,0.077834378
1751976378.51295,-0.011314884,-0.020301432,0.077833767
1751976378.51489,-0.011314884,-0.020301432,0.077833767
1751976378.51694,-0.011314884,-0.020301432,0.077833767
1751976378.51893,-0.011314884,-0.020301432,0.077833767
1751976378.52094,-0.011314884,-0.020301432,0.077833767
1751976378.52294,-0.011314884,-0.020301432,0.077833767
1751976378.52493,-0.011325106,-0.020309908,0.077773816
1751976378.52694,-0.011325106,-0.020309908,0.077773816
1751976378.52893,-0.011325106,-0.020309908,0.077773816
1751976378.53095,-0.011325106,-0.020309908,0.077773816
1751976378.53298,-0.011325106,-0.020309908,0.077773816
1751976378.53496,-0.011325106,-0.020309908,0.077773816
1751976378.53701,-0.01127646,-0.020287032,0.077828532
1751976378.53903,-0.01127646,-0.020287032,0.077828532
1751976378.54101,-0.01127646,-0.020287032,0.077828532
1751976378.54297,-0.01127646,-0.020287032,0.077828532
1751976378.54495,-0.01127646,-0.020287032,0.077828532
1751976378.54695,-0.011300336,-0.020295496,0.07781951
1751976378.54895,-0.011300336,-0.020295496,0.07781951
1751976378.55094,-0.011300336,-0.020295496,0.07781951
1751976378.55295,-0.011300336,-0.020295496,0.07781951
1751976378.55495,-0.011300336,-0.020295496,0.07781951
1751976378.55695,-0.011310424,-0.020304855,0.077830118
1751976378.55894,-0.011310424,-0.020304855,0.077830118
1751976378.56097,-0.011310424,-0.020304855,0.077830118
1751976378.56296,-0.011310424,-0.020304855,0.077830118
1751976378.56496,-0.011310424,-0.020304855,0.077830118
1751976378.56695,-0.011298438,-0.020302597,0.077824791
1751976378.57349,-0.011298438,-0.020302597,0.077824791
1751976378.575,-0.011298438,-0.020302597,0.077824791
1751976378.57698,-0.011311259,-0.020305394,0.077821629
1751976378.579,-0.011311259,-0.020305394,0.077821629
1751976378.58101,-0.011311259,-0.020305394,0.077821629
1751976378.58298,-0.011311259,-0.020305394,0.077821629
1751976378.58497,-0.011311259,-0.020305394,0.077821629
1751976378.58698,-0.011311259,-0.020305394,0.077821629
1751976378.58896,-0.011282106,-0.020298582,0.077842683
1751976378.59096,-0.011282106,-0.020298582,0.077842683
1751976378.59295,-0.011282106,-0.020298582,0.077842683
1751976378.59496,-0.011282106,-0.020298582,0.077842683
1751976378.59697,-0.011282106,-0.020298582,0.077842683
1751976378.59895,-0.011282106,-0.020298582,0.077842683
1751976378.60094,-0.011273073,-0.020286261,0.077861491
1751976378.60297,-0.011273073,-0.020286261,0.077861491
1751976378.60496,-0.011273073,-0.020286261,0.077861491
1751976378.60695,-0.011273073,-0.020286261,0.077861491
1751976378.60895,-0.011273073,-0.020286261,0.077861491
1751976378.61093,-0.011273073,-0.020286261,0.077861491
1751976378.61295,-0.011297554,-0.020304025,0.077852893
1751976378.61499,-0.011297554,-0.020304025,0.077852893
1751976378.61699,-0.011297554,-0.020304025,0.077852893
1751976378.61895,-0.011297554,-0.020304025,0.077852893
1751976378.62097,-0.011297554,-0.020304025,0.077852893
1751976378.62299,-0.011297554,-0.020304025,0.077852893
1751976378.62494,-0.011279866,-0.020300723,0.077858492
1751976378.62696,-0.011279866,-0.020300723,0.077858492
1751976378.62893,-0.011279866,-0.020300723,0.077858492
1751976378.63094,-0.011279866,-0.020300723,0.077858492
1751976378.63298,-0.011279866,-0.020300723,0.077858492
1751976378.63499,-0.011301371,-0.020291824,0.077844177
1751976378.63699,-0.011301371,-0.020291824,0.077844177
1751976378.63894,-0.011301371,-0.020291824,0.077844177
1751976378.64093,-0.011301371,-0.020291824,0.077844177
1751976378.64294,-0.011301371,-0.020291824,0.077844177
1751976378.64495,-0.011301371,-0.020291824,0.077844177
1751976378.64694,-0.011256041,-0.020294653,0.077866133
1751976378.64896,-0.011256041,-0.020294653,0.077866133
1751976378.65095,-0.011256041,-0.020294653,0.077866133
1751976378.65296,-0.011256041,-0.020294653,0.077866133
1751976378.65499,-0.011256041,-0.020294653,0.077866133
1751976378.65696,-0.011256041,-0.020294653,0.077866133
1751976378.65894,-0.011315266,-0.020307006,0.07779985
1751976378.66096,-0.011315266,-0.020307006,0.07779985
1751976378.66307,-0.011315266,-0.020307006,0.07779985
1751976378.66499,-0.011315266,-0.020307006,0.07779985
1751976378.66701,-0.011315266,-0.020307006,0.07779985
1751976378.66903,-0.011276741,-0.020299045,0.077828043
1751976378.67097,-0.011276741,-0.020299045,0.077828043
1751976378.67298,-0.011276741,-0.020299045,0.077828043
1751976378.67501,-0.011276741,-0.020299045,0.077828043
1751976378.67695,-0.011276741,-0.020299045,0.077828043
1751976378.6789,-0.011276741,-0.020299045,0.077828043
1751976378.68098,-0.011267919,-0.020289555,0.077821127
1751976378.68298,-0.011267919,-0.020289555,0.077821127
1751976378.68496,-0.011267919,-0.020289555,0.077821127
1751976378.68695,-0.011267919,-0.020289555,0.077821127
1751976378.68894,-0.011267919,-0.020289555,0.077821127
1751976378.69095,-0.011285825,-0.020308106,0.077801704
1751976378.69298,-0.011285825,-0.020308106,0.077801704
1751976378.69503,-0.011285825,-0.020308106,0.077801704
1751976378.6969,-0.011285825,-0.020308106,0.077801704
1751976378.69899,-0.011285825,-0.020308106,0.077801704
1751976378.70096,-0.011270484,-0.020294131,0.077835395
1751976378.703,-0.011270484,-0.020294131,0.077835395
1751976378.70498,-0.011270484,-0.020294131,0.077835395
1751976378.70691,-0.011270484,-0.020294131,0.077835395
1751976378.70898,-0.011270484,-0.020294131,0.077835395
1751976378.71094,-0.011270484,-0.020294131,0.077835395
1751976378.71299,-0.011321319,-0.020277593,0.077816923
1751976378.71496,-0.011321319,-0.020277593,0.077816923
1751976378.71698,-0.011321319,-0.020277593,0.077816923
1751976378.71894,-0.011321319,-0.020277593,0.077816923
1751976378.72097,-0.011321319,-0.020277593,0.077816923
1751976378.723,-0.011335365,-0.020300222,0.077797289
1751976378.72495,-0.011335365,-0.020300222,0.077797289
1751976378.72696,-0.011335365,-0.020300222,0.077797289
1751976378.72897,-0.011335365,-0.020300222,0.077797289
1751976378.73103,-0.011335365,-0.020300222,0.077797289
1751976378.73294,-0.011405739,-0.020278347,0.077757045
1751976378.73495,-0.011405739,-0.020278347,0.077757045
1751976378.73694,-0.011405739,-0.020278347,0.077757045
1751976378.73894,-0.011405739,-0.020278347,0.077757045
1751976378.74094,-0.011405739,-0.020278347,0.077757045
1751976378.743,-0.011405739,-0.020278347,0.077757045
1751976378.74499,-0.011320037,-0.020309398,0.077745252
1751976378.74697,-0.011320037,-0.020309398,0.077745252
1751976378.74904,-0.011320037,-0.020309398,0.077745252
1751976378.75095,-0.011320037,-0.020309398,0.077745252
1751976378.75296,-0.011320037,-0.020309398,0.077745252
1751976378.75493,-0.011315025,-0.020309593,0.077795361
1751976378.75694,-0.011315025,-0.020309593,0.077795361
1751976378.75895,-0.011315025,-0.020309593,0.077795361
1751976378.761,-0.011315025,-0.020309593,0.077795361
1751976378.76298,-0.011315025,-0.020309593,0.077795361
1751976378.76495,-0.011315025,-0.020309593,0.077795361
1751976378.76699,-0.0112767,-0.020300002,0.077804286
1751976378.76896,-0.0112767,-0.020300002,0.077804286
1751976378.77098,-0.0112767,-0.020300002,0.077804286
1751976378.77293,-0.0112767,-0.020300002,0.077804286
1751976378.77489,-0.0112767,-0.020300002,0.077804286
1751976378.77698,-0.0112767,-0.020300002,0.077804286
1751976378.77895,-0.011271913,-0.020309504,0.077841233
1751976378.78095,-0.011271913,-0.020309504,0.077841233
1751976378.78296,-0.011271913,-0.020309504,0.077841233
1751976378.78498,-0.011271913,-0.020309504,0.077841233
1751976378.78695,-0.011271913,-0.020309504,0.077841233
1751976378.78898,-0.011271913,-0.020309504,0.077841233
1751976378.79098,-0.011276569,-0.020310643,0.077852013
1751976378.79302,-0.011276569,-0.020310643,0.077852013
1751976378.79506,-0.011276569,-0.020310643,0.077852013
1751976378.79706,-0.011276569,-0.020310643,0.077852013
1751976378.79897,-0.011276569,-0.020310643,0.077852013
1751976378.80096,-0.011305103,-0.020294894,0.077862297
1751976378.80298,-0.011305103,-0.020294894,0.077862297
1751976378.80496,-0.011305103,-0.020294894,0.077862297
1751976378.80693,-0.011305103,-0.020294894,0.077862297
1751976378.80903,-0.011305103,-0.020294894,0.077862297
1751976378.81095,-0.011286872,-0.020307511,0.077843327
1751976378.81292,-0.011286872,-0.020307511,0.077843327
1751976378.81494,-0.011286872,-0.020307511,0.077843327
1751976378.81703,-0.011286872,-0.020307511,0.077843327
1751976378.81893,-0.011286872,-0.020307511,0.077843327
1751976378.82093,-0.011286872,-0.020307511,0.077843327
1751976378.82295,-0.01129829,-0.020310684,0.077816198
1751976378.82498,-0.01129829,-0.020310684,0.077816198
1751976378.82695,-0.01129829,-0.020310684,0.077816198
1751976378.82896,-0.01129829,-0.020310684,0.077816198
1751976378.83104,-0.01129829,-0.020310684,0.077816198
1751976378.83297,-0.011310422,-0.020272351,0.077779366
1751976378.83498,-0.011310422,-0.020272351,0.077779366
1751976378.83699,-0.011310422,-0.020272351,0.077779366
1751976378.83895,-0.011310422,-0.020272351,0.077779366
1751976378.84094,-0.011310422,-0.020272351,0.077779366
1751976378.84294,-0.011310422,-0.020272351,0.077779366
1751976378.84494,-0.011336302,-0.020276293,0.077781442
1751976378.84694,-0.011336302,-0.020276293,0.077781442
1751976378.84895,-0.011336302,-0.020276293,0.077781442
1751976378.85094,-0.011336302,-0.020276293,0.077781442
1751976378.85294,-0.011336302,-0.020276293,0.077781442
1751976378.85493,-0.011336302,-0.020276293,0.077781442
1751976378.85698,-0.011319758,-0.02029653,0.077812777
1751976378.85897,-0.011319758,-0.02029653,0.077812777
1751976378.86097,-0.011319758,-0.02029653,0.077812777
1751976378.86299,-0.011319758,-0.02029653,0.077812777
1751976378.86497,-0.011319758,-0.02029653,0.077812777
1751976378.86694,-0.011273305,-0.020285861,0.077821795
1751976378.86892,-0.011273305,-0.020285861,0.077821795
1751976378.87099,-0.011273305,-0.020285861,0.077821795
1751976378.87297,-0.011273305,-0.020285861,0.077821795
1751976378.87499,-0.011273305,-0.020285861,0.077821795
1751976378.87698,-0.01128731,-0.020295488,0.077855974
1751976378.87895,-0.01128731,-0.020295488,0.077855974
1751976378.88094,-0.01128731,-0.020295488,0.077855974
1751976378.88301,-0.01128731,-0.020295488,0.077855974
1751976378.88494,-0.01128731,-0.020295488,0.077855974
1751976378.88695,-0.01128731,-0.020295488,0.077855974
1751976378.88894,-0.01133133,-0.020305689,0.077801323
1751976378.89097,-0.01133133,-0.020305689,0.077801323
1751976378.89294,-0.01133133,-0.020305689,0.077801323
1751976378.895,-0.01133133,-0.020305689,0.077801323
1751976378.89694,-0.01133133,-0.020305689,0.077801323
1751976378.89894,-0.01133133,-0.020305689,0.077801323
1751976378.90095,-0.011337,-0.020306113,0.077814861
1751976378.90298,-0.011337,-0.020306113,0.077814861
1751976378.90493,-0.011337,-0.020306113,0.077814861
1751976378.90694,-0.011337,-0.020306113,0.077814861
1751976378.90894,-0.011337,-0.020306113,0.077814861
1751976378.91095,-0.011337,-0.020306113,0.077814861
1751976378.91296,-0.011296744,-0.02030228,0.077843891
1751976378.91497,-0.011296744,-0.02030228,0.077843891
1751976378.91697,-0.011296744,-0.02030228,0.077843891
1751976378.91896,-0.011296744,-0.02030228,0.077843891
1751976378.92098,-0.011296744,-0.02030228,0.077843891
1751976378.92295,-0.011321827,-0.020279907,0.07782901
1751976378.92499,-0.011321827,-0.020279907,0.07782901
1751976378.92694,-0.011321827,-0.020279907,0.07782901
1751976378.92894,-0.011321827,-0.020279907,0.07782901
1751976378.93096,-0.011321827,-0.020279907,0.07782901
1751976378.93297,-0.011321827,-0.020279907,0.07782901
1751976378.93495,-0.011333568,-0.020291115,0.077843842
1751976378.93699,-0.011333568,-0.020291115,0.077843842
1751976378.93896,-0.011333568,-0.020291115,0.077843842
1751976378.94094,-0.011333568,-0.020291115,0.077843842
1751976378.94295,-0.011333568,-0.020291115,0.077843842
1751976378.94495,-0.01132903,-0.020301919,0.077838774
1751976378.94691,-0.01132903,-0.020301919,0.077838774
1751976378.94894,-0.01132903,-0.020301919,0.077838774
1751976378.95098,-0.01132903,-0.020301919,0.077838774
1751976378.953,-0.01132903,-0.020301919,0.077838774
1751976378.95498,-0.011345021,-0.020305011,0.077797191
1751976378.95696,-0.011345021,-0.020305011,0.077797191
1751976378.95894,-0.011345021,-0.020305011,0.077797191
1751976378.96095,-0.011345021,-0.020305011,0.077797191
1751976378.96298,-0.011345021,-0.020305011,0.077797191
1751976378.96497,-0.011345021,-0.020305011,0.077797191
1751976378.96695,-0.011313429,-0.020296848,0.077836064
1751976378.96896,-0.011313429,-0.020296848,0.077836064
1751976378.97102,-0.011313429,-0.020296848,0.077836064
1751976378.97295,-0.011313429,-0.020296848,0.077836064
1751976378.9749,-0.011313429,-0.020296848,0.077836064
1751976378.97695,-0.011313429,-0.020296848,0.077836064
1751976378.97894,-0.011305603,-0.020289043,0.077805241
1751976378.98093,-0.011305603,-0.020289043,0.077805241
1751976378.98296,-0.011305603,-0.020289043,0.077805241
1751976378.98495,-0.011305603,-0.020289043,0.077805241
1751976378.98698,-0.011305603,-0.020289043,0.077805241
1751976378.98895,-0.011305603,-0.020289043,0.077805241
1751976378.99094,-0.011310298,-0.020307294,0.077794989
1751976378.99293,-0.011310298,-0.020307294,0.077794989
1751976378.99492,-0.011310298,-0.020307294,0.077794989
1751976378.99693,-0.011310298,-0.020307294,0.077794989
1751976378.99894,-0.011310298,-0.020307294,0.077794989
1751976379.00096,-0.011310147,-0.020279522,0.077824696
1751976379.00296,-0.011310147,-0.020279522,0.077824696
1751976379.00496,-0.011310147,-0.020279522,0.077824696
1751976379.00693,-0.011310147,-0.020279522,0.077824696
1751976379.00896,-0.011310147,-0.020279522,0.077824696
1751976379.01095,-0.011310147,-0.020279522,0.077824696
1751976379.01296,-0.011300738,-0.020269605,0.077829481
1751976379.01494,-0.011300738,-0.020269605,0.077829481
1751976379.01691,-0.011300738,-0.020269605,0.077829481
1751976379.01898,-0.011300738,-0.020269605,0.077829481
1751976379.02094,-0.011300738,-0.020269605,0.077829481
1751976379.02291,-0.011303627,-0.020276173,0.077871586
1751976379.02496,-0.011303627,-0.020276173,0.077871586
1751976379.02695,-0.011303627,-0.020276173,0.077871586
1751976379.0289,-0.011303627,-0.020276173,0.077871586
1751976379.03101,-0.011303627,-0.020276173,0.077871586
1751976379.03294,-0.011303627,-0.020276173,0.077871586
1751976379.03493,-0.01127118,-0.020293039,0.07778892
1751976379.03694,-0.01127118,-0.020293039,0.07778892
1751976379.039,-0.01127118,-0.020293039,0.07778892
1751976379.04093,-0.01127118,-0.020293039,0.07778892
1751976379.04294,-0.01127118,-0.020293039,0.07778892
1751976379.04496,-0.01127118,-0.020293039,0.07778892
1751976379.04699,-0.011322794,-0.020304885,0.077795449
1751976379.04899,-0.011322794,-0.020304885,0.077795449
1751976379.05105,-0.011322794,-0.020304885,0.077795449
1751976379.05299,-0.011322794,-0.020304885,0.077795449
1751976379.05496,-0.011322794,-0.020304885,0.077795449
1751976379.05693,-0.011309977,-0.0203098,0.077799803
1751976379.05902,-0.011309977,-0.0203098,0.077799803
1751976379.06096,-0.011309977,-0.0203098,0.077799803
1751976379.06295,-0.011309977,-0.0203098,0.077799803
1751976379.06493,-0.011309977,-0.0203098,0.077799803
1751976379.06697,-0.011309977,-0.0203098,0.077799803
1751976379.06895,-0.011276664,-0.020304561,0.077869607
1751976379.07095,-0.011276664,-0.020304561,0.077869607
1751976379.07295,-0.011276664,-0.020304561,0.077869607
1751976379.07494,-0.011276664,-0.020304561,0.077869607
1751976379.07693,-0.011276664,-0.020304561,0.077869607
1751976379.07895,-0.011276664,-0.020304561,0.077869607
1751976379.08096,-0.011299164,-0.020282949,0.07784983
1751976379.08295,-0.011299164,-0.020282949,0.07784983
1751976379.08496,-0.011299164,-0.020282949,0.07784983
1751976379.08697,-0.011299164,-0.020282949,0.07784983
1751976379.08901,-0.011299164,-0.020282949,0.07784983
1751976379.09098,-0.011319841,-0.020300171,0.077841399
1751976379.09299,-0.011319841,-0.020300171,0.077841399
1751976379.09496,-0.011319841,-0.020300171,0.077841399
1751976379.09695,-0.011319841,-0.020300171,0.077841399
1751976379.09894,-0.011319841,-0.020300171,0.077841399
1751976379.10094,-0.011319841,-0.020300171,0.077841399
1751976379.10293,-0.011245548,-0.020313245,0.077856821
1751976379.10492,-0.011245548,-0.020313245,0.077856821
1751976379.10697,-0.011245548,-0.020313245,0.077856821
1751976379.10894,-0.011245548,-0.020313245,0.077856821
1751976379.11094,-0.011245548,-0.020313245,0.077856821
1751976379.11296,-0.011245548,-0.020313245,0.077856821
1751976379.1149,-0.011261059,-0.020307973,0.077848755
1751976379.11695,-0.011261059,-0.020307973,0.077848755
1751976379.11896,-0.011261059,-0.020307973,0.077848755
1751976379.12092,-0.011261059,-0.020307973,0.077848755
1751976379.12298,-0.011261059,-0.020307973,0.077848755
1751976379.12497,-0.011261059,-0.020307973,0.077848755
1751976379.12696,-0.011288675,-0.020298158,0.077817369
1751976379.12901,-0.011288675,-0.020298158,0.077817369
1751976379.13102,-0.011288675,-0.020298158,0.077817369
1751976379.13294,-0.011288675,-0.020298158,0.077817369
1751976379.13506,-0.011288675,-0.020298158,0.077817369
1751976379.13695,-0.011280492,-0.020289759,0.077838554
1751976379.13897,-0.011280492,-0.020289759,0.077838554
1751976379.14093,-0.011280492,-0.020289759,0.077838554
1751976379.14302,-0.011280492,-0.020289759,0.077838554
1751976379.14495,-0.011280492,-0.020289759,0.077838554
1751976379.14699,-0.011280492,-0.020289759,0.077838554
1751976379.14896,-0.011278938,-0.020277062,0.077877586
1751976379.15094,-0.011278938,-0.020277062,0.077877586
1751976379.15294,-0.011278938,-0.020277062,0.077877586
1751976379.15496,-0.011278938,-0.020277062,0.077877586
1751976379.15694,-0.011278938,-0.020277062,0.077877586
1751976379.15894,-0.011261938,-0.020291839,0.077861405
1751976379.16094,-0.011261938,-0.020291839,0.077861405
1751976379.16298,-0.011261938,-0.020291839,0.077861405
1751976379.16494,-0.011261938,-0.020291839,0.077861405
1751976379.16695,-0.011261938,-0.020291839,0.077861405
1751976379.16895,-0.011302791,-0.020305894,0.077809515
1751976379.17097,-0.011302791,-0.020305894,0.077809515
1751976379.17296,-0.011302791,-0.020305894,0.077809515
1751976379.17502,-0.011302791,-0.020305894,0.077809515
1751976379.17697,-0.011302791,-0.020305894,0.077809515
1751976379.17893,-0.011322734,-0.020307426,0.077808487
1751976379.18099,-0.011322734,-0.020307426,0.077808487
1751976379.18295,-0.011322734,-0.020307426,0.077808487
1751976379.18495,-0.011322734,-0.020307426,0.077808487
1751976379.18694,-0.011322734,-0.020307426,0.077808487
1751976379.18897,-0.011322734,-0.020307426,0.077808487
1751976379.19096,-0.011303536,-0.020297341,0.077846615
1751976379.19295,-0.011303536,-0.020297341,0.077846615
1751976379.19493,-0.011303536,-0.020297341,0.077846615
1751976379.19697,-0.011303536,-0.020297341,0.077846615
1751976379.19895,-0.011303536,-0.020297341,0.077846615
1751976379.20088,-0.011303536,-0.020297341,0.077846615
1751976379.20298,-0.011220962,-0.020280665,0.077885435
1751976379.20495,-0.011220962,-0.020280665,0.077885435
1751976379.20689,-0.011220962,-0.020280665,0.077885435
1751976379.20902,-0.011220962,-0.020280665,0.077885435
1751976379.21099,-0.011220962,-0.020280665,0.077885435
1751976379.21297,-0.011323357,-0.020257181,0.077844956
1751976379.21496,-0.011323357,-0.020257181,0.077844956
1751976379.21697,-0.011323357,-0.020257181,0.077844956
1751976379.21895,-0.011323357,-0.020257181,0.077844956
1751976379.22096,-0.011323357,-0.020257181,0.077844956
1751976379.22296,-0.011323357,-0.020257181,0.077844956
1751976379.22495,-0.011352774,-0.020284538,0.077774156
1751976379.22693,-0.011352774,-0.020284538,0.077774156
1751976379.22894,-0.011352774,-0.020284538,0.077774156
1751976379.23095,-0.011352774,-0.020284538,0.077774156
1751976379.23295,-0.011352774,-0.020284538,0.077774156
1751976379.23499,-0.011352774,-0.020284538,0.077774156
1751976379.23702,-0.011346517,-0.020292393,0.077757267
1751976379.23893,-0.011346517,-0.020292393,0.077757267
1751976379.24094,-0.011346517,-0.020292393,0.077757267
1751976379.24299,-0.011346517,-0.020292393,0.077757267
1751976379.24495,-0.011346517,-0.020292393,0.077757267
1751976379.24696,-0.011346517,-0.020292393,0.077757267
1751976379.24897,-0.011303625,-0.020293664,0.07784148
1751976379.25108,-0.011303625,-0.020293664,0.07784148
1751976379.25299,-0.011303625,-0.020293664,0.07784148
1751976379.25497,-0.011303625,-0.020293664,0.07784148
1751976379.25696,-0.011303625,-0.020293664,0.07784148
1751976379.25899,-0.011303625,-0.020293664,0.07784148
1751976379.26096,-0.011377232,-0.02030409,0.077741907
1751976379.26299,-0.011377232,-0.02030409,0.077741907
1751976379.26499,-0.011377232,-0.02030409,0.077741907
1751976379.26699,-0.011377232,-0.02030409,0.077741907
1751976379.26899,-0.011377232,-0.02030409,0.077741907
1751976379.27095,-0.011321583,-0.020304431,0.077764947
1751976379.27299,-0.011321583,-0.020304431,0.077764947
1751976379.27497,-0.011321583,-0.020304431,0.077764947
1751976379.27695,-0.011321583,-0.020304431,0.077764947
1751976379.27896,-0.011321583,-0.020304431,0.077764947
1751976379.28095,-0.011275819,-0.020311427,0.077823617
1751976379.28294,-0.011275819,-0.020311427,0.077823617
1751976379.28497,-0.011275819,-0.020311427,0.077823617
1751976379.28695,-0.011275819,-0.020311427,0.077823617
1751976379.2889,-0.011275819,-0.020311427,0.077823617
1751976379.29098,-0.011275819,-0.020311427,0.077823617
1751976379.29299,-0.011312205,-0.020284317,0.077819645
1751976379.29495,-0.011312205,-0.020284317,0.077819645
1751976379.29695,-0.011312205,-0.020284317,0.077819645
1751976379.29895,-0.011312205,-0.020284317,0.077819645
1751976379.30098,-0.011312205,-0.020284317,0.077819645
1751976379.30296,-0.011312205,-0.020284317,0.077819645
1751976379.30495,-0.01133212,-0.020277739,0.077855231
1751976379.30704,-0.01133212,-0.020277739,0.077855231
1751976379.30903,-0.01133212,-0.020277739,0.077855231
1751976379.31099,-0.01133212,-0.020277739,0.077855231
1751976379.31295,-0.01133212,-0.020277739,0.077855231
1751976379.31497,-0.01133212,-0.020277739,0.077855231
1751976379.31698,-0.011321447,-0.020270411,0.077807484
1751976379.31894,-0.011321447,-0.020270411,0.077807484
1751976379.32096,-0.011321447,-0.020270411,0.077807484
1751976379.32295,-0.011321447,-0.020270411,0.077807484
1751976379.32497,-0.011321447,-0.020270411,0.077807484
1751976379.32696,-0.011321447,-0.020270411,0.077807484
1751976379.32896,-0.011372603,-0.020295787,0.077804669
1751976379.33095,-0.011372603,-0.020295787,0.077804669
1751976379.33296,-0.011372603,-0.020295787,0.077804669
1751976379.33495,-0.011372603,-0.020295787,0.077804669
1751976379.33694,-0.011372603,-0.020295787,0.077804669
1751976379.33895,-0.011372603,-0.020295787,0.077804669
1751976379.34096,-0.011305251,-0.020299286,0.077862638
1751976379.34294,-0.011305251,-0.020299286,0.077862638
1751976379.34497,-0.011305251,-0.020299286,0.077862638
1751976379.34703,-0.011305251,-0.020299286,0.077862638
1751976379.34896,-0.011305251,-0.020299286,0.077862638
1751976379.35105,-0.011305251,-0.020299286,0.077862638
1751976379.35296,-0.01128875,-0.020290856,0.077842035
1751976379.35497,-0.01128875,-0.020290856,0.077842035
1751976379.35694,-0.01128875,-0.020290856,0.077842035
1751976379.35896,-0.01128875,-0.020290856,0.077842035
1751976379.36099,-0.01128875,-0.020290856,0.077842035
1751976379.363,-0.011353654,-0.020282853,0.077730204
1751976379.36502,-0.011353654,-0.020282853,0.077730204
1751976379.36695,-0.011353654,-0.020282853,0.077730204
1751976379.36891,-0.011353654,-0.020282853,0.077730204
1751976379.37098,-0.011353654,-0.020282853,0.077730204
1751976379.37295,-0.011353654,-0.020282853,0.077730204
1751976379.37495,-0.011296235,-0.020293616,0.077790266
1751976379.37693,-0.011296235,-0.020293616,0.077790266
1751976379.37893,-0.011296235,-0.020293616,0.077790266
1751976379.381,-0.011296235,-0.020293616,0.077790266
1751976379.38293,-0.011296235,-0.020293616,0.077790266
1751976379.38494,-0.011296235,-0.020293616,0.077790266
1751976379.38696,-0.011329414,-0.020305072,0.077793368
1751976379.38893,-0.011329414,-0.020305072,0.077793368
1751976379.39094,-0.011329414,-0.020305072,0.077793368
1751976379.39296,-0.011329414,-0.020305072,0.077793368
1751976379.39495,-0.011329414,-0.020305072,0.077793368
1751976379.39698,-0.011329414,-0.020305072,0.077793368
1751976379.39897,-0.011257489,-0.020312401,0.077855681
1751976379.40098,-0.011257489,-0.020312401,0.077855681
1751976379.40299,-0.011257489,-0.020312401,0.077855681
1751976379.40495,-0.011257489,-0.020312401,0.077855681
1751976379.40693,-0.011257489,-0.020312401,0.077855681
1751976379.40889,-0.011257489,-0.020312401,0.077855681
1751976379.41097,-0.011304947,-0.020308934,0.07783361
1751976379.41293,-0.011304947,-0.020308934,0.07783361
1751976379.41488,-0.011304947,-0.020308934,0.07783361
1751976379.41693,-0.011304947,-0.020308934,0.07783361
1751976379.4189,-0.011304947,-0.020308934,0.07783361
1751976379.42093,-0.011304947,-0.020308934,0.07783361
1751976379.42294,-0.011304445,-0.020282755,0.077855997
1751976379.42493,-0.011304445,-0.020282755,0.077855997
1751976379.42697,-0.011304445,-0.020282755,0.077855997
1751976379.42896,-0.011304445,-0.020282755,0.077855997
1751976379.43101,-0.011304445,-0.020282755,0.077855997
1751976379.43296,-0.011395143,-0.020298007,0.077749838
1751976379.43503,-0.011395143,-0.020298007,0.077749838
1751976379.43698,-0.011395143,-0.020298007,0.077749838
1751976379.43895,-0.011395143,-0.020298007,0.077749838
1751976379.441,-0.011395143,-0.020298007,0.077749838
1751976379.44295,-0.011326991,-0.020309723,0.077767131
1751976379.44495,-0.011326991,-0.020309723,0.077767131
1751976379.44695,-0.011326991,-0.020309723,0.077767131
1751976379.44896,-0.011326991,-0.020309723,0.077767131
1751976379.45094,-0.011326991,-0.020309723,0.077767131
1751976379.45296,-0.011326991,-0.020309723,0.077767131
1751976379.45495,-0.011305666,-0.020264196,0.077788712
1751976379.45693,-0.011305666,-0.020264196,0.077788712
1751976379.45892,-0.011305666,-0.020264196,0.077788712
1751976379.46098,-0.011305666,-0.020264196,0.077788712
1751976379.46295,-0.011305666,-0.020264196,0.077788712
1751976379.46494,-0.011305666,-0.020264196,0.077788712
1751976379.46693,-0.011301304,-0.020305193,0.077772584
1751976379.46895,-0.011301304,-0.020305193,0.077772584
1751976379.47095,-0.011301304,-0.020305193,0.077772584
1751976379.47292,-0.011301304,-0.020305193,0.077772584
1751976379.47496,-0.011301304,-0.020305193,0.077772584
1751976379.47697,-0.011301304,-0.020305193,0.077772584
1751976379.479,-0.011303726,-0.02030746,0.077834857
1751976379.481,-0.011303726,-0.02030746,0.077834857
1751976379.48294,-0.011303726,-0.02030746,0.077834857
1751976379.48493,-0.011303726,-0.02030746,0.077834857
1751976379.48693,-0.011303726,-0.02030746,0.077834857
1751976379.48892,-0.011303726,-0.02030746,0.077834857
1751976379.49095,-0.01133115,-0.020289771,0.077778443
1751976379.49292,-0.01133115,-0.020289771,0.077778443
1751976379.4949,-0.01133115,-0.020289771,0.077778443
1751976379.497,-0.01133115,-0.020289771,0.077778443
1751976379.49898,-0.01133115,-0.020289771,0.077778443
1751976379.50093,-0.011334008,-0.020303806,0.077794566
1751976379.50294,-0.011334008,-0.020303806,0.077794566
1751976379.50493,-0.011334008,-0.020303806,0.077794566
1751976379.50694,-0.011334008,-0.020303806,0.077794566
1751976379.50895,-0.011334008,-0.020303806,0.077794566
1751976379.51097,-0.011334008,-0.020303806,0.077794566
1751976379.51296,-0.011306188,-0.020304546,0.077878566
1751976379.51496,-0.011306188,-0.020304546,0.077878566
1751976379.51695,-0.011306188,-0.020304546,0.077878566
1751976379.51896,-0.011306188,-0.020304546,0.077878566
1751976379.52096,-0.011306188,-0.020304546,0.077878566
1751976379.52298,-0.011306188,-0.020304546,0.077878566
1751976379.52493,-0.011378705,-0.020272792,0.077729622
1751976379.52696,-0.011378705,-0.020272792,0.077729622
1751976379.52897,-0.011378705,-0.020272792,0.077729622
1751976379.53098,-0.011378705,-0.020272792,0.077729622
1751976379.53295,-0.011378705,-0.020272792,0.077729622
1751976379.53496,-0.011297681,-0.020292136,0.077859218
1751976379.53696,-0.011297681,-0.020292136,0.077859218
1751976379.53896,-0.011297681,-0.020292136,0.077859218
1751976379.54094,-0.011297681,-0.020292136,0.077859218
1751976379.54294,-0.011297681,-0.020292136,0.077859218
1751976379.54493,-0.011297681,-0.020292136,0.077859218
1751976379.54695,-0.011371933,-0.020284792,0.0777944
1751976379.54897,-0.011371933,-0.020284792,0.0777944
1751976379.55094,-0.011371933,-0.020284792,0.0777944
1751976379.55289,-0.011371933,-0.020284792,0.0777944
1751976379.55498,-0.011371933,-0.020284792,0.0777944
1751976379.55698,-0.011338959,-0.020280298,0.077831496
1751976379.55896,-0.011338959,-0.020280298,0.077831496
1751976379.56097,-0.011338959,-0.020280298,0.077831496
1751976379.56308,-0.011338959,-0.020280298,0.077831496
1751976379.56498,-0.011338959,-0.020280298,0.077831496
1751976379.56698,-0.011338959,-0.020280298,0.077831496
1751976379.569,-0.011319296,-0.020295375,0.07774676
1751976379.57097,-0.011319296,-0.020295375,0.07774676
1751976379.57294,-0.011319296,-0.020295375,0.07774676
1751976379.57496,-0.011319296,-0.020295375,0.07774676
1751976379.57698,-0.011319296,-0.020295375,0.07774676
1751976379.57893,-0.011308115,-0.020270674,0.077818543
1751976379.58089,-0.011308115,-0.020270674,0.077818543
1751976379.58298,-0.011308115,-0.020270674,0.077818543
1751976379.58495,-0.011308115,-0.020270674,0.077818543
1751976379.58695,-0.011308115,-0.020270674,0.077818543
1751976379.58895,-0.011308115,-0.020270674,0.077818543
1751976379.59095,-0.011308191,-0.020302942,0.0778135
1751976379.59294,-0.011308191,-0.020302942,0.0778135
1751976379.59498,-0.011308191,-0.020302942,0.0778135
1751976379.59704,-0.011308191,-0.020302942,0.0778135
1751976379.59898,-0.011308191,-0.020302942,0.0778135
1751976379.60094,-0.011298951,-0.020270752,0.077827313
1751976379.60298,-0.011298951,-0.020270752,0.077827313
1751976379.60497,-0.011298951,-0.020270752,0.077827313
1751976379.60696,-0.011298951,-0.020270752,0.077827313
1751976379.60898,-0.011298951,-0.020270752,0.077827313
1751976379.61098,-0.011298951,-0.020270752,0.077827313
1751976379.61297,-0.011269607,-0.020256499,0.07786517
1751976379.61495,-0.011269607,-0.020256499,0.07786517
1751976379.61694,-0.011269607,-0.020256499,0.07786517
1751976379.61899,-0.011269607,-0.020256499,0.07786517
1751976379.62095,-0.011269607,-0.020256499,0.07786517
1751976379.62297,-0.011269607,-0.020256499,0.07786517
1751976379.62497,-0.011293083,-0.020292054,0.07787082
1751976379.62698,-0.011293083,-0.020292054,0.07787082
1751976379.62892,-0.011293083,-0.020292054,0.07787082
1751976379.63096,-0.011293083,-0.020292054,0.07787082
1751976379.63296,-0.011293083,-0.020292054,0.07787082
1751976379.63497,-0.011293083,-0.020292054,0.07787082
1751976379.63696,-0.011316286,-0.020286875,0.077827764
1751976379.63895,-0.011316286,-0.020286875,0.077827764
1751976379.64094,-0.011316286,-0.020286875,0.077827764
1751976379.64299,-0.011316286,-0.020286875,0.077827764
1751976379.64499,-0.011316286,-0.020286875,0.077827764
1751976379.64697,-0.011309468,-0.02030268,0.077840207
1751976379.64896,-0.011309468,-0.02030268,0.077840207
1751976379.65101,-0.011309468,-0.02030268,0.077840207
1751976379.65298,-0.011309468,-0.02030268,0.077840207
1751976379.6549,-0.011309468,-0.02030268,0.077840207
1751976379.65697,-0.011309468,-0.02030268,0.077840207
1751976379.65899,-0.011345512,-0.020308977,0.077756051
1751976379.66098,-0.011345512,-0.020308977,0.077756051
1751976379.66296,-0.011345512,-0.020308977,0.077756051
1751976379.665,-0.011345512,-0.020308977,0.077756051
1751976379.66696,-0.011345512,-0.020308977,0.077756051
1751976379.66888,-0.011345512,-0.020308977,0.077756051
1751976379.67095,-0.011391556,-0.020303458,0.07776448
1751976379.67297,-0.011391556,-0.020303458,0.07776448
1751976379.67494,-0.011391556,-0.020303458,0.07776448
1751976379.67695,-0.011391556,-0.020303458,0.07776448
1751976379.67894,-0.011391556,-0.020303458,0.07776448
1751976379.68099,-0.011349987,-0.020308261,0.077769395
1751976379.68295,-0.011349987,-0.020308261,0.077769395
1751976379.68495,-0.011349987,-0.020308261,0.077769395
1751976379.68697,-0.011349987,-0.020308261,0.077769395
1751976379.68896,-0.011349987,-0.020308261,0.077769395
1751976379.69107,-0.011340229,-0.020301617,0.077771934
1751976379.69297,-0.011340229,-0.020301617,0.077771934
1751976379.69495,-0.011340229,-0.020301617,0.077771934
1751976379.69695,-0.011340229,-0.020301617,0.077771934
1751976379.69898,-0.011340229,-0.020301617,0.077771934
1751976379.70094,-0.01131784,-0.020302893,0.077821777
1751976379.70294,-0.01131784,-0.020302893,0.077821777
1751976379.70494,-0.01131784,-0.020302893,0.077821777
1751976379.70694,-0.01131784,-0.020302893,0.077821777
1751976379.70896,-0.01131784,-0.020302893,0.077821777
1751976379.71096,-0.01131784,-0.020302893,0.077821777
1751976379.71296,-0.011281999,-0.020313337,0.077799426
1751976379.71496,-0.011281999,-0.020313337,0.077799426
1751976379.71694,-0.011281999,-0.020313337,0.077799426
1751976379.71897,-0.011281999,-0.020313337,0.077799426
1751976379.72098,-0.011281999,-0.020313337,0.077799426
1751976379.72298,-0.011288073,-0.020312029,0.077818021
1751976379.72497,-0.011288073,-0.020312029,0.077818021
1751976379.727,-0.011288073,-0.020312029,0.077818021
1751976379.72894,-0.011288073,-0.020312029,0.077818021
1751976379.73096,-0.011288073,-0.020312029,0.077818021
1751976379.73297,-0.011288073,-0.020312029,0.077818021
1751976379.73497,-0.011301841,-0.020308746,0.07784115
1751976379.73689,-0.011301841,-0.020308746,0.07784115
1751976379.73902,-0.011301841,-0.020308746,0.07784115
1751976379.74096,-0.011301841,-0.020308746,0.07784115
1751976379.74294,-0.011301841,-0.020308746,0.07784115
1751976379.74495,-0.011301841,-0.020308746,0.07784115
1751976379.74697,-0.011306655,-0.020272629,0.077813248
1751976379.74894,-0.011306655,-0.020272629,0.077813248
1751976379.75101,-0.011306655,-0.020272629,0.077813248
1751976379.75299,-0.011306655,-0.020272629,0.077813248
1751976379.75498,-0.011306655,-0.020272629,0.077813248
1751976379.75695,-0.011337392,-0.020275325,0.077781344
1751976379.75898,-0.011337392,-0.020275325,0.077781344
1751976379.76099,-0.011337392,-0.020275325,0.077781344
1751976379.76299,-0.011337392,-0.020275325,0.077781344
1751976379.76496,-0.011337392,-0.020275325,0.077781344
1751976379.76695,-0.011337392,-0.020275325,0.077781344
1751976379.76894,-0.011374126,-0.020256002,0.077769037
1751976379.77094,-0.011374126,-0.020256002,0.077769037
1751976379.77301,-0.011374126,-0.020256002,0.077769037
1751976379.77496,-0.011374126,-0.020256002,0.077769037
1751976379.77698,-0.011374126,-0.020256002,0.077769037
1751976379.77897,-0.011332382,-0.020263065,0.077811087
1751976379.78096,-0.011332382,-0.020263065,0.077811087
1751976379.78294,-0.011332382,-0.020263065,0.077811087
1751976379.78496,-0.011332382,-0.020263065,0.077811087
1751976379.78698,-0.011332382,-0.020263065,0.077811087
1751976379.78895,-0.011351885,-0.020288222,0.077792649
1751976379.79094,-0.011351885,-0.020288222,0.077792649
1751976379.79296,-0.011351885,-0.020288222,0.077792649
1751976379.79496,-0.011351885,-0.020288222,0.077792649
1751976379.79694,-0.011351885,-0.020288222,0.077792649
1751976379.79895,-0.011351885,-0.020288222,0.077792649
1751976379.80096,-0.011359703,-0.02030434,0.077763007
1751976379.80294,-0.011359703,-0.02030434,0.077763007
1751976379.80495,-0.011359703,-0.02030434,0.077763007
1751976379.80699,-0.011359703,-0.02030434,0.077763007
1751976379.80896,-0.011359703,-0.02030434,0.077763007
1751976379.81096,-0.011311953,-0.020296568,0.077836083
1751976379.81296,-0.011311953,-0.020296568,0.077836083
1751976379.81499,-0.011311953,-0.020296568,0.077836083
1751976379.81698,-0.011311953,-0.020296568,0.077836083
1751976379.81908,-0.011311953,-0.020296568,0.077836083
1751976379.821,-0.011324653,-0.020303641,0.077834223
1751976379.82296,-0.011324653,-0.020303641,0.077834223
1751976379.825,-0.011324653,-0.020303641,0.077834223
1751976379.82698,-0.011324653,-0.020303641,0.077834223
1751976379.82894,-0.011324653,-0.020303641,0.077834223
1751976379.83095,-0.011324653,-0.020303641,0.077834223
1751976379.83295,-0.011270439,-0.020269512,0.077857612
1751976379.83495,-0.011270439,-0.020269512,0.077857612
1751976379.83694,-0.011270439,-0.020269512,0.077857612
1751976379.83895,-0.011270439,-0.020269512,0.077857612
1751976379.84097,-0.011270439,-0.020269512,0.077857612
1751976379.84294,-0.011270439,-0.020269512,0.077857612
1751976379.84494,-0.011262091,-0.020288452,0.077880704
1751976379.84695,-0.011262091,-0.020288452,0.077880704
1751976379.84896,-0.011262091,-0.020288452,0.077880704
1751976379.85095,-0.011262091,-0.020288452,0.077880704
1751976379.85295,-0.011262091,-0.020288452,0.077880704
1751976379.85497,-0.011262091,-0.020288452,0.077880704
1751976379.857,-0.011282615,-0.020284224,0.077874001
1751976379.85895,-0.011282615,-0.020284224,0.077874001
1751976379.86098,-0.011282615,-0.020284224,0.077874001
1751976379.86297,-0.011282615,-0.020284224,0.077874001
1751976379.86495,-0.011282615,-0.020284224,0.077874001
1751976379.86696,-0.011296154,-0.020301996,0.077859762
1751976379.86896,-0.011296154,-0.020301996,0.077859762
1751976379.87099,-0.011296154,-0.020301996,0.077859762
1751976379.87294,-0.011296154,-0.020301996,0.077859762
1751976379.87503,-0.011296154,-0.020301996,0.077859762
1751976379.87695,-0.011296154,-0.020301996,0.077859762
1751976379.87898,-0.011326339,-0.020290377,0.077794437
1751976379.88098,-0.011326339,-0.020290377,0.077794437
1751976379.88298,-0.011326339,-0.020290377,0.077794437
1751976379.88495,-0.011326339,-0.020290377,0.077794437
1751976379.88695,-0.011326339,-0.020290377,0.077794437
1751976379.88897,-0.011326339,-0.020290377,0.077794437
1751976379.89095,-0.011288065,-0.020254193,0.077842447
1751976379.89293,-0.011288065,-0.020254193,0.077842447
1751976379.89493,-0.011288065,-0.020254193,0.077842447
1751976379.89693,-0.011288065,-0.020254193,0.077842447
1751976379.89888,-0.011288065,-0.020254193,0.077842447
1751976379.90095,-0.011288065,-0.020254193,0.077842447
1751976379.90302,-0.011296281,-0.020300281,0.077826547
1751976379.90499,-0.011296281,-0.020300281,0.077826547
1751976379.90696,-0.011296281,-0.020300281,0.077826547
1751976379.90897,-0.011296281,-0.020300281,0.077826547
1751976379.91095,-0.011296281,-0.020300281,0.077826547
1751976379.91301,-0.011296281,-0.020300281,0.077826547
1751976379.91495,-0.011367764,-0.020286462,0.077759802
1751976379.91694,-0.011367764,-0.020286462,0.077759802
1751976379.91896,-0.011367764,-0.020286462,0.077759802
1751976379.92095,-0.011367764,-0.020286462,0.077759802
1751976379.92295,-0.011367764,-0.020286462,0.077759802
1751976379.92494,-0.011367764,-0.020286462,0.077759802
1751976379.92695,-0.011309697,-0.020264362,0.077734304
1751976379.92892,-0.011309697,-0.020264362,0.077734304
1751976379.93095,-0.011309697,-0.020264362,0.077734304
1751976379.93294,-0.011309697,-0.020264362,0.077734304
1751976379.93492,-0.011309697,-0.020264362,0.077734304
1751976379.93695,-0.011309697,-0.020264362,0.077734304
1751976379.93895,-0.01125916,-0.020281031,0.0778236
1751976379.94095,-0.01125916,-0.020281031,0.0778236
1751976379.94299,-0.01125916,-0.020281031,0.0778236
1751976379.94493,-0.01125916,-0.020281031,0.0778236
1751976379.94704,-0.01125916,-0.020281031,0.0778236
1751976379.94899,-0.011314838,-0.020290394,0.077823017
1751976379.95106,-0.011314838,-0.020290394,0.077823017
1751976379.95295,-0.011314838,-0.020290394,0.077823017
1751976379.95495,-0.011314838,-0.020290394,0.077823017
1751976379.957,-0.011314838,-0.020290394,0.077823017
1751976379.95897,-0.011310875,-0.020280796,0.077843132
1751976379.96098,-0.011310875,-0.020280796,0.077843132
1751976379.96295,-0.011310875,-0.020280796,0.077843132
1751976379.96495,-0.011310875,-0.020280796,0.077843132
1751976379.96695,-0.011310875,-0.020280796,0.077843132
1751976379.96895,-0.011310875,-0.020280796,0.077843132
1751976379.97095,-0.011302438,-0.020285227,0.077832567
1751976379.97293,-0.011302438,-0.020285227,0.077832567
1751976379.97496,-0.011302438,-0.020285227,0.077832567
1751976379.97697,-0.011302438,-0.020285227,0.077832567
1751976379.97898,-0.011302438,-0.020285227,0.077832567
1751976379.98096,-0.011351897,-0.020291658,0.077765359
1751976379.98295,-0.011351897,-0.020291658,0.077765359
1751976379.98499,-0.011351897,-0.020291658,0.077765359
1751976379.98694,-0.011351897,-0.020291658,0.077765359
1751976379.98894,-0.011351897,-0.020291658,0.077765359
1751976379.99095,-0.011351897,-0.020291658,0.077765359
1751976379.99296,-0.011344442,-0.020297285,0.077792067
1751976379.99493,-0.011344442,-0.020297285,0.077792067
1751976379.99695,-0.011344442,-0.020297285,0.077792067
1751976379.99893,-0.011344442,-0.020297285,0.077792067
1751976380.00088,-0.011344442,-0.020297285,0.077792067
1751976380.00295,-0.011344442,-0.020297285,0.077792067
1751976380.0049,-0.01135515,-0.020305496,0.077774331
1751976380.00697,-0.01135515,-0.020305496,0.077774331
1751976380.00897,-0.01135515,-0.020305496,0.077774331
1751976380.01096,-0.01135515,-0.020305496,0.077774331
1751976380.01295,-0.01135515,-0.020305496,0.077774331
1751976380.01494,-0.011328929,-0.020315755,0.077765143
1751976380.01696,-0.011328929,-0.020315755,0.077765143
1751976380.01895,-0.011328929,-0.020315755,0.077765143
1751976380.02095,-0.011328929,-0.020315755,0.077765143
1751976380.02292,-0.011328929,-0.020315755,0.077765143
1751976380.02493,-0.011328929,-0.020315755,0.077765143
1751976380.02696,-0.011287104,-0.020312007,0.07783508
1751976380.02896,-0.011287104,-0.020312007,0.07783508
1751976380.03094,-0.011287104,-0.020312007,0.07783508
1751976380.03294,-0.011287104,-0.020312007,0.07783508
1751976380.03494,-0.011287104,-0.020312007,0.07783508
1751976380.03698,-0.011237875,-0.020290751,0.077818576
1751976380.03897,-0.011237875,-0.020290751,0.077818576
1751976380.04102,-0.011237875,-0.020290751,0.077818576
1751976380.04314,-0.011237875,-0.020290751,0.077818576
1751976380.04502,-0.011237875,-0.020290751,0.077818576
1751976380.04692,-0.011237875,-0.020290751,0.077818576
1751976380.04896,-0.011328182,-0.020284307,0.077847547
1751976380.05101,-0.011328182,-0.020284307,0.077847547
1751976380.05296,-0.011328182,-0.020284307,0.077847547
1751976380.05497,-0.011328182,-0.020284307,0.077847547
1751976380.05699,-0.011328182,-0.020284307,0.077847547
1751976380.05896,-0.011335954,-0.020281756,0.07778867
1751976380.06096,-0.011335954,-0.020281756,0.07778867
1751976380.06297,-0.011335954,-0.020281756,0.07778867
1751976380.06498,-0.011335954,-0.020281756,0.07778867
1751976380.06695,-0.011335954,-0.020281756,0.07778867
1751976380.06902,-0.011335954,-0.020281756,0.07778867
1751976380.07099,-0.011392183,-0.020284392,0.077752661
1751976380.07296,-0.011392183,-0.020284392,0.077752661
1751976380.07495,-0.011392183,-0.020284392,0.077752661
1751976380.07699,-0.011392183,-0.020284392,0.077752661
1751976380.07893,-0.011392183,-0.020284392,0.077752661
1751976380.08095,-0.011392183,-0.020284392,0.077752661
1751976380.08295,-0.011309006,-0.020257857,0.077816663
1751976380.08495,-0.011309006,-0.020257857,0.077816663
1751976380.08695,-0.011309006,-0.020257857,0.077816663
1751976380.08895,-0.011309006,-0.020257857,0.077816663
1751976380.09094,-0.011309006,-0.020257857,0.077816663
1751976380.09298,-0.011295735,-0.020273092,0.07780151
1751976380.09496,-0.011295735,-0.020273092,0.07780151
1751976380.09699,-0.011295735,-0.020273092,0.07780151
1751976380.09899,-0.011295735,-0.020273092,0.07780151
1751976380.10094,-0.011295735,-0.020273092,0.07780151
1751976380.10294,-0.011295735,-0.020273092,0.07780151
1751976380.10495,-0.011326335,-0.020288267,0.077800105
1751976380.10694,-0.011326335,-0.020288267,0.077800105
1751976380.10893,-0.011326335,-0.020288267,0.077800105
1751976380.11097,-0.011326335,-0.020288267,0.077800105
1751976380.11296,-0.011326335,-0.020288267,0.077800105
1751976380.11496,-0.011326335,-0.020288267,0.077800105
1751976380.11696,-0.011307774,-0.02028931,0.077820479
1751976380.11895,-0.011307774,-0.02028931,0.077820479
1751976380.12094,-0.011307774,-0.02028931,0.077820479
1751976380.12293,-0.011307774,-0.02028931,0.077820479
1751976380.125,-0.011307774,-0.02028931,0.077820479
1751976380.12695,-0.011307774,-0.02028931,0.077820479
1751976380.12893,-0.011335902,-0.020290452,0.077806288
1751976380.13095,-0.011335902,-0.020290452,0.077806288
1751976380.133,-0.011335902,-0.020290452,0.077806288
1751976380.13496,-0.011335902,-0.020290452,0.077806288
1751976380.13703,-0.011335902,-0.020290452,0.077806288
1751976380.13902,-0.011355478,-0.020256341,0.077830322
1751976380.14103,-0.011355478,-0.020256341,0.077830322
1751976380.14297,-0.011355478,-0.020256341,0.077830322
1751976380.14497,-0.011355478,-0.020256341,0.077830322
1751976380.14697,-0.011355478,-0.020256341,0.077830322
1751976380.14898,-0.011355478,-0.020256341,0.077830322
1751976380.15097,-0.011307702,-0.020293381,0.077854813
1751976380.15297,-0.011307702,-0.020293381,0.077854813
1751976380.155,-0.011307702,-0.020293381,0.077854813
1751976380.15698,-0.011307702,-0.020293381,0.077854813
1751976380.15895,-0.011307702,-0.020293381,0.077854813
1751976380.16099,-0.011298691,-0.020304269,0.077860984
1751976380.16296,-0.011298691,-0.020304269,0.077860984
1751976380.16495,-0.011298691,-0.020304269,0.077860984
1751976380.167,-0.011298691,-0.020304269,0.077860984
1751976380.16901,-0.011298691,-0.020304269,0.077860984
1751976380.17097,-0.011238629,-0.020267153,0.077880702
1751976380.17296,-0.011238629,-0.020267153,0.077880702
1751976380.17495,-0.011238629,-0.020267153,0.077880702
1751976380.17698,-0.011238629,-0.020267153,0.077880702
1751976380.17895,-0.011238629,-0.020267153,0.077880702
1751976380.18097,-0.011271149,-0.020299025,0.077865765
1751976380.18298,-0.011271149,-0.020299025,0.077865765
1751976380.185,-0.011271149,-0.020299025,0.077865765
1751976380.18693,-0.011271149,-0.020299025,0.077865765
1751976380.18899,-0.011271149,-0.020299025,0.077865765
1751976380.19097,-0.011271149,-0.020299025,0.077865765
1751976380.19298,-0.011335797,-0.020290158,0.077788056
1751976380.195,-0.011335797,-0.020290158,0.077788056
1751976380.19695,-0.011335797,-0.020290158,0.077788056
1751976380.19896,-0.011335797,-0.020290158,0.077788056
1751976380.20096,-0.011335797,-0.020290158,0.077788056
1751976380.20295,-0.011294497,-0.020291786,0.077860922
1751976380.20493,-0.011294497,-0.020291786,0.077860922
1751976380.20696,-0.011294497,-0.020291786,0.077860922
1751976380.2089,-0.011294497,-0.020291786,0.077860922
1751976380.21093,-0.011294497,-0.020291786,0.077860922
1751976380.21295,-0.011294497,-0.020291786,0.077860922
1751976380.21503,-0.011291585,-0.020307349,0.077837812
1751976380.21694,-0.011291585,-0.020307349,0.077837812
1751976380.21894,-0.011291585,-0.020307349,0.077837812
1751976380.22094,-0.011291585,-0.020307349,0.077837812
1751976380.22297,-0.011291585,-0.020307349,0.077837812
1751976380.22495,-0.011291585,-0.020307349,0.077837812
1751976380.22696,-0.011302092,-0.020310751,0.077809133
1751976380.22904,-0.011302092,-0.020310751,0.077809133
1751976380.23099,-0.011302092,-0.020310751,0.077809133
1751976380.23302,-0.011302092,-0.020310751,0.077809133
1751976380.23501,-0.011302092,-0.020310751,0.077809133
1751976380.23698,-0.011321498,-0.020308786,0.077808692
1751976380.23898,-0.011321498,-0.020308786,0.077808692
1751976380.24096,-0.011321498,-0.020308786,0.077808692
1751976380.24294,-0.011321498,-0.020308786,0.077808692
1751976380.24494,-0.011321498,-0.020308786,0.077808692
1751976380.24694,-0.011321498,-0.020308786,0.077808692
1751976380.2489,-0.011299631,-0.020299596,0.07782714
1751976380.25096,-0.011299631,-0.020299596,0.07782714
1751976380.25294,-0.011299631,-0.020299596,0.07782714
1751976380.25495,-0.011299631,-0.020299596,0.07782714
1751976380.25694,-0.011299631,-0.020299596,0.07782714
1751976380.25893,-0.011299631,-0.020299596,0.07782714
1751976380.26099,-0.011250493,-0.020301913,0.077865119
1751976380.26294,-0.011250493,-0.020301913,0.077865119
1751976380.26495,-0.011250493,-0.020301913,0.077865119
1751976380.26695,-0.011250493,-0.020301913,0.077865119
1751976380.26896,-0.011250493,-0.020301913,0.077865119
1751976380.27096,-0.011317739,-0.020276095,0.077805072
1751976380.27298,-0.011317739,-0.020276095,0.077805072
1751976380.27496,-0.011317739,-0.020276095,0.077805072
1751976380.27706,-0.011317739,-0.020276095,0.077805072
1751976380.27898,-0.011317739,-0.020276095,0.077805072
1751976380.28096,-0.011317739,-0.020276095,0.077805072
1751976380.28299,-0.011392229,-0.020278854,0.077745915
1751976380.28498,-0.011392229,-0.020278854,0.077745915
1751976380.28695,-0.011392229,-0.020278854,0.077745915
1751976380.28896,-0.011392229,-0.020278854,0.077745915
1751976380.29099,-0.011392229,-0.020278854,0.077745915
1751976380.29299,-0.011325323,-0.020301869,0.077806969
1751976380.29494,-0.011325323,-0.020301869,0.077806969
1751976380.297,-0.011325323,-0.020301869,0.077806969
1751976380.29896,-0.011325323,-0.020301869,0.077806969
1751976380.30094,-0.011325323,-0.020301869,0.077806969
1751976380.30292,-0.011325323,-0.020301869,0.077806969
1751976380.30495,-0.011290065,-0.020298271,0.077869341
1751976380.30696,-0.011290065,-0.020298271,0.077869341
1751976380.30897,-0.011290065,-0.020298271,0.077869341
1751976380.31098,-0.011290065,-0.020298271,0.077869341
1751976380.31305,-0.011290065,-0.020298271,0.077869341
1751976380.31495,-0.01129202,-0.0202953,0.077867033
1751976380.31697,-0.01129202,-0.0202953,0.077867033
1751976380.31893,-0.01129202,-0.0202953,0.077867033
1751976380.32098,-0.01129202,-0.0202953,0.077867033
1751976380.32294,-0.01129202,-0.0202953,0.077867033
1751976380.32498,-0.01129202,-0.0202953,0.077867033
1751976380.32694,-0.01134386,-0.020301425,0.077836416
1751976380.32901,-0.01134386,-0.020301425,0.077836416
1751976380.33102,-0.01134386,-0.020301425,0.077836416
1751976380.33295,-0.01134386,-0.020301425,0.077836416
1751976380.33493,-0.01134386,-0.020301425,0.077836416
1751976380.33695,-0.01134386,-0.020301425,0.077836416
1751976380.33901,-0.011355452,-0.020274422,0.077797458
1751976380.34093,-0.011355452,-0.020274422,0.077797458
1751976380.34294,-0.011355452,-0.020274422,0.077797458
1751976380.34494,-0.011355452,-0.020274422,0.077797458
1751976380.34693,-0.011355452,-0.020274422,0.077797458
1751976380.34895,-0.011355452,-0.020274422,0.077797458
1751976380.35094,-0.011337016,-0.020301679,0.077801644
1751976380.35302,-0.011337016,-0.020301679,0.077801644
1751976380.35493,-0.011337016,-0.020301679,0.077801644
1751976380.35696,-0.011337016,-0.020301679,0.077801644
1751976380.35895,-0.011337016,-0.020301679,0.077801644
1751976380.36096,-0.011337016,-0.020301679,0.077801644
1751976380.36299,-0.011282553,-0.020292237,0.077870298
1751976380.36498,-0.011282553,-0.020292237,0.077870298
1751976380.36692,-0.011282553,-0.020292237,0.077870298
1751976380.36896,-0.011282553,-0.020292237,0.077870298
1751976380.37097,-0.011282553,-0.020292237,0.077870298
1751976380.37299,-0.011276234,-0.020284949,0.077850418
1751976380.37497,-0.011276234,-0.020284949,0.077850418
1751976380.37703,-0.011276234,-0.020284949,0.077850418
1751976380.37897,-0.011276234,-0.020284949,0.077850418
1751976380.38098,-0.011276234,-0.020284949,0.077850418
1751976380.38296,-0.011294091,-0.020274535,0.07777286
1751976380.38499,-0.011294091,-0.020274535,0.07777286
1751976380.38696,-0.011294091,-0.020274535,0.07777286
1751976380.38895,-0.011294091,-0.020274535,0.07777286
1751976380.39095,-0.011294091,-0.020274535,0.07777286
1751976380.39303,-0.011294091,-0.020274535,0.07777286
1751976380.39498,-0.011337926,-0.020279138,0.07777252
1751976380.397,-0.011337926,-0.020279138,0.07777252
1751976380.39899,-0.011337926,-0.020279138,0.07777252
1751976380.40094,-0.011337926,-0.020279138,0.07777252
1751976380.40297,-0.011337926,-0.020279138,0.07777252
1751976380.40495,-0.011337926,-0.020279138,0.07777252
1751976380.40696,-0.011342973,-0.020243898,0.077812789
1751976380.40894,-0.011342973,-0.020243898,0.077812789
1751976380.41093,-0.011342973,-0.020243898,0.077812789
1751976380.41296,-0.011342973,-0.020243898,0.077812789
1751976380.41496,-0.011342973,-0.020243898,0.077812789
1751976380.41699,-0.011318358,-0.020291736,0.077832965
1751976380.41904,-0.011318358,-0.020291736,0.077832965
1751976380.42093,-0.011318358,-0.020291736,0.077832965
1751976380.42296,-0.011318358,-0.020291736,0.077832965
1751976380.42501,-0.011318358,-0.020291736,0.077832965
1751976380.42699,-0.011332551,-0.0202861,0.077802511
1751976380.42895,-0.011332551,-0.0202861,0.077802511
1751976380.43093,-0.011332551,-0.0202861,0.077802511
1751976380.43293,-0.011332551,-0.0202861,0.077802511
1751976380.43493,-0.011332551,-0.0202861,0.077802511
1751976380.43695,-0.011332551,-0.0202861,0.077802511
1751976380.43895,-0.011352454,-0.020299608,0.077822222
1751976380.44093,-0.011352454,-0.020299608,0.077822222
1751976380.44296,-0.011352454,-0.020299608,0.077822222
1751976380.44495,-0.011352454,-0.020299608,0.077822222
1751976380.44687,-0.011352454,-0.020299608,0.077822222
1751976380.44893,-0.011352454,-0.020299608,0.077822222
1751976380.45094,-0.011368067,-0.020282065,0.077751708
1751976380.45293,-0.011368067,-0.020282065,0.077751708
1751976380.45494,-0.011368067,-0.020282065,0.077751708
1751976380.45701,-0.011368067,-0.020282065,0.077751708
1751976380.45901,-0.011368067,-0.020282065,0.077751708
1751976380.46095,-0.011342722,-0.020297944,0.077834743
1751976380.46295,-0.011342722,-0.020297944,0.077834743
1751976380.46495,-0.011342722,-0.020297944,0.077834743
1751976380.46696,-0.011342722,-0.020297944,0.077834743
1751976380.46896,-0.011342722,-0.020297944,0.077834743
1751976380.47101,-0.011342722,-0.020297944,0.077834743
1751976380.47299,-0.011359258,-0.020278141,0.077800775
1751976380.47496,-0.011359258,-0.020278141,0.077800775
1751976380.4769,-0.011359258,-0.020278141,0.077800775
1751976380.47894,-0.011359258,-0.020278141,0.077800775
1751976380.48096,-0.011359258,-0.020278141,0.077800775
1751976380.48296,-0.011359258,-0.020278141,0.077800775
1751976380.48499,-0.011342246,-0.020279895,0.077792974
1751976380.48696,-0.011342246,-0.020279895,0.077792974
1751976380.48895,-0.011342246,-0.020279895,0.077792974
1751976380.49094,-0.011342246,-0.020279895,0.077792974
1751976380.49295,-0.011342246,-0.020279895,0.077792974
1751976380.49493,-0.011342246,-0.020279895,0.077792974
1751976380.49697,-0.011332456,-0.020272357,0.07780031
1751976380.49902,-0.011332456,-0.020272357,0.07780031
1751976380.50094,-0.011332456,-0.020272357,0.07780031
1751976380.50295,-0.011332456,-0.020272357,0.07780031
1751976380.50496,-0.011332456,-0.020272357,0.07780031
1751976380.50694,-0.011292696,-0.020277828,0.077864344
1751976380.50895,-0.011292696,-0.020277828,0.077864344
1751976380.51096,-0.011292696,-0.020277828,0.077864344
1751976380.51299,-0.011292696,-0.020277828,0.077864344
1751976380.51498,-0.011292696,-0.020277828,0.077864344
1751976380.51695,-0.011292696,-0.020277828,0.077864344
1751976380.51898,-0.011287478,-0.020288093,0.077826986
1751976380.52098,-0.011287478,-0.020288093,0.077826986
1751976380.52306,-0.011287478,-0.020288093,0.077826986
1751976380.52498,-0.011287478,-0.020288093,0.077826986
1751976380.52697,-0.011287478,-0.020288093,0.077826986
1751976380.52895,-0.011306655,-0.020289379,0.077826447
1751976380.53095,-0.011306655,-0.020289379,0.077826447
1751976380.53293,-0.011306655,-0.020289379,0.077826447
1751976380.5349,-0.011306655,-0.020289379,0.077826447
1751976380.53694,-0.011306655,-0.020289379,0.077826447
1751976380.53894,-0.011306655,-0.020289379,0.077826447
1751976380.54095,-0.011314247,-0.020298985,0.077820612
1751976380.54294,-0.011314247,-0.020298985,0.077820612
1751976380.54494,-0.011314247,-0.020298985,0.077820612
1751976380.54693,-0.011314247,-0.020298985,0.077820612
1751976380.54894,-0.011314247,-0.020298985,0.077820612
1751976380.55094,-0.011314247,-0.020298985,0.077820612
1751976380.55297,-0.011290706,-0.020282982,0.077850966
1751976380.55496,-0.011290706,-0.020282982,0.077850966
1751976380.55696,-0.011290706,-0.020282982,0.077850966
1751976380.55896,-0.011290706,-0.020282982,0.077850966
1751976380.56102,-0.011290706,-0.020282982,0.077850966
1751976380.563,-0.011330786,-0.020264243,0.077818336
1751976380.56496,-0.011330786,-0.020264243,0.077818336
1751976380.56702,-0.011330786,-0.020264243,0.077818336
1751976380.56897,-0.011330786,-0.020264243,0.077818336
1751976380.571,-0.011330786,-0.020264243,0.077818336
1751976380.57296,-0.011330786,-0.020264243,0.077818336
1751976380.57499,-0.011329094,-0.020198527,0.077856006
1751976380.57695,-0.011329094,-0.020198527,0.077856006
1751976380.57897,-0.011329094,-0.020198527,0.077856006
1751976380.58096,-0.011329094,-0.020198527,0.077856006
1751976380.58298,-0.011329094,-0.020198527,0.077856006
1751976380.58496,-0.011329094,-0.020198527,0.077856006
1751976380.58696,-0.011320262,-0.02026335,0.077809736
1751976380.58895,-0.011320262,-0.02026335,0.077809736
1751976380.59094,-0.011320262,-0.02026335,0.077809736
1751976380.59295,-0.011320262,-0.02026335,0.077809736
1751976380.59494,-0.011320262,-0.02026335,0.077809736
1751976380.59696,-0.011320262,-0.02026335,0.077809736
1751976380.59893,-0.011290136,-0.02027342,0.077813346
1751976380.60094,-0.011290136,-0.02027342,0.077813346
1751976380.60294,-0.011290136,-0.02027342,0.077813346
1751976380.60496,-0.011290136,-0.02027342,0.077813346
1751976380.60695,-0.011290136,-0.02027342,0.077813346
1751976380.60895,-0.011299816,-0.020269196,0.07784047
1751976380.61096,-0.011299816,-0.020269196,0.07784047
1751976380.613,-0.011299816,-0.020269196,0.07784047
1751976380.615,-0.011299816,-0.020269196,0.07784047
1751976380.61701,-0.011299816,-0.020269196,0.07784047
1751976380.61899,-0.01131805,-0.020257331,0.077789666
1751976380.62095,-0.01131805,-0.020257331,0.077789666
1751976380.62296,-0.01131805,-0.020257331,0.077789666
1751976380.62493,-0.01131805,-0.020257331,0.077789666
1751976380.627,-0.01131805,-0.020257331,0.077789666
1751976380.62897,-0.011309511,-0.020286612,0.077830087
1751976380.63095,-0.011309511,-0.020286612,0.077830087
1751976380.63296,-0.011309511,-0.020286612,0.077830087
1751976380.63499,-0.011309511,-0.020286612,0.077830087
1751976380.63696,-0.011309511,-0.020286612,0.077830087
1751976380.63894,-0.011309511,-0.020286612,0.077830087
1751976380.64095,-0.011328002,-0.020287909,0.077789969
1751976380.64303,-0.011328002,-0.020287909,0.077789969
1751976380.64494,-0.011328002,-0.020287909,0.077789969
1751976380.64695,-0.011328002,-0.020287909,0.077789969
1751976380.64897,-0.011328002,-0.020287909,0.077789969
1751976380.65098,-0.011309951,-0.020278792,0.077813393
1751976380.65294,-0.011309951,-0.020278792,0.077813393
1751976380.65497,-0.011309951,-0.020278792,0.077813393
1751976380.65698,-0.011309951,-0.020278792,0.077813393
1751976380.65897,-0.011309951,-0.020278792,0.077813393
1751976380.66099,-0.011309951,-0.020278792,0.077813393
1751976380.66298,-0.011333653,-0.020285239,0.077784764
1751976380.66495,-0.011333653,-0.020285239,0.077784764
1751976380.66696,-0.011333653,-0.020285239,0.077784764
1751976380.66898,-0.011333653,-0.020285239,0.077784764
1751976380.67097,-0.011333653,-0.020285239,0.077784764
1751976380.67295,-0.011333653,-0.020285239,0.077784764
1751976380.67496,-0.011313891,-0.020302369,0.077848291
1751976380.67697,-0.011313891,-0.020302369,0.077848291
1751976380.67895,-0.011313891,-0.020302369,0.077848291
1751976380.681,-0.011313891,-0.020302369,0.077848291
1751976380.683,-0.011313891,-0.020302369,0.077848291
1751976380.68501,-0.011318183,-0.020313216,0.077742286
1751976380.68697,-0.011318183,-0.020313216,0.077742286
1751976380.68894,-0.011318183,-0.020313216,0.077742286
1751976380.69095,-0.011318183,-0.020313216,0.077742286
1751976380.69296,-0.011318183,-0.020313216,0.077742286
1751976380.6949,-0.011318183,-0.020313216,0.077742286
1751976380.69697,-0.011333627,-0.020308015,0.077797181
1751976380.69894,-0.011333627,-0.020308015,0.077797181
1751976380.70092,-0.011333627,-0.020308015,0.077797181
1751976380.70295,-0.011333627,-0.020308015,0.077797181
1751976380.70496,-0.011333627,-0.020308015,0.077797181
1751976380.707,-0.011300854,-0.020296822,0.077805157
1751976380.70905,-0.011300854,-0.020296822,0.077805157
1751976380.71096,-0.011300854,-0.020296822,0.077805157
1751976380.713,-0.011300854,-0.020296822,0.077805157
1751976380.71503,-0.011300854,-0.020296822,0.077805157
1751976380.71698,-0.01129187,-0.020264305,0.07785129
1751976380.71898,-0.01129187,-0.020264305,0.07785129
1751976380.72099,-0.01129187,-0.020264305,0.07785129
1751976380.723,-0.01129187,-0.020264305,0.07785129
1751976380.72495,-0.01129187,-0.020264305,0.07785129
1751976380.72694,-0.01129187,-0.020264305,0.07785129
1751976380.72895,-0.011368235,-0.020264052,0.077827014
1751976380.73095,-0.011368235,-0.020264052,0.077827014
1751976380.73293,-0.011368235,-0.020264052,0.077827014
1751976380.73498,-0.011368235,-0.020264052,0.077827014
1751976380.73697,-0.011368235,-0.020264052,0.077827014
1751976380.73894,-0.011257537,-0.020289091,0.077809653
1751976380.74094,-0.011257537,-0.020289091,0.077809653
1751976380.74297,-0.011257537,-0.020289091,0.077809653
1751976380.74501,-0.011257537,-0.020289091,0.077809653
1751976380.74698,-0.011257537,-0.020289091,0.077809653
1751976380.74896,-0.011286553,-0.020248718,0.07784346
1751976380.75096,-0.011286553,-0.020248718,0.07784346
1751976380.75296,-0.011286553,-0.020248718,0.07784346
1751976380.75496,-0.011286553,-0.020248718,0.07784346
1751976380.75706,-0.011286553,-0.020248718,0.07784346
1751976380.75896,-0.011285369,-0.020285519,0.077854386
1751976380.76094,-0.011285369,-0.020285519,0.077854386
1751976380.76299,-0.011285369,-0.020285519,0.077854386
1751976380.76498,-0.011285369,-0.020285519,0.077854386
1751976380.76695,-0.011285369,-0.020285519,0.077854386
1751976380.76895,-0.011285369,-0.020285519,0.077854386
1751976380.771,-0.011271158,-0.020277672,0.077842571
1751976380.77293,-0.011271158,-0.020277672,0.077842571
1751976380.77496,-0.011271158,-0.020277672,0.077842571
1751976380.77693,-0.011271158,-0.020277672,0.077842571
1751976380.77898,-0.011271158,-0.020277672,0.077842571
1751976380.78095,-0.011296738,-0.020300288,0.077845979
1751976380.78293,-0.011296738,-0.020300288,0.077845979
1751976380.78494,-0.011296738,-0.020300288,0.077845979
1751976380.78694,-0.011296738,-0.020300288,0.077845979
1751976380.78894,-0.011296738,-0.020300288,0.077845979
1751976380.79095,-0.011296738,-0.020300288,0.077845979
1751976380.79298,-0.011343646,-0.020305319,0.077798384
1751976380.795,-0.011343646,-0.020305319,0.077798384
1751976380.79705,-0.011343646,-0.020305319,0.077798384
1751976380.79892,-0.011343646,-0.020305319,0.077798384
1751976380.80098,-0.011343646,-0.020305319,0.077798384
1751976380.80298,-0.011341044,-0.020301151,0.077791973
1751976380.805,-0.011341044,-0.020301151,0.077791973
1751976380.80693,-0.011341044,-0.020301151,0.077791973
1751976380.80897,-0.011341044,-0.020301151,0.077791973
1751976380.81099,-0.011341044,-0.020301151,0.077791973
1751976380.81296,-0.011309073,-0.020309117,0.077804243
1751976380.81496,-0.011309073,-0.020309117,0.077804243
1751976380.81696,-0.011309073,-0.020309117,0.077804243
1751976380.81895,-0.011309073,-0.020309117,0.077804243
1751976380.82096,-0.011309073,-0.020309117,0.077804243
1751976380.82295,-0.011309073,-0.020309117,0.077804243
1751976380.82497,-0.011312557,-0.020292905,0.07779446
1751976380.82695,-0.011312557,-0.020292905,0.07779446
1751976380.82893,-0.011312557,-0.020292905,0.07779446
1751976380.83094,-0.011312557,-0.020292905,0.07779446
1751976380.83295,-0.011312557,-0.020292905,0.07779446
1751976380.83496,-0.011313851,-0.020251042,0.077816001
1751976380.83699,-0.011313851,-0.020251042,0.077816001
1751976380.839,-0.011313851,-0.020251042,0.077816001
1751976380.84098,-0.011313851,-0.020251042,0.077816001
1751976380.84298,-0.011313851,-0.020251042,0.077816001
1751976380.84501,-0.01140194,-0.020275904,0.077778367
1751976380.84696,-0.01140194,-0.020275904,0.077778367
1751976380.84894,-0.01140194,-0.020275904,0.077778367
1751976380.85096,-0.01140194,-0.020275904,0.077778367
1751976380.85295,-0.01140194,-0.020275904,0.077778367
1751976380.85494,-0.01140194,-0.020275904,0.077778367
1751976380.85696,-0.011330655,-0.020284239,0.077820109
1751976380.85893,-0.011330655,-0.020284239,0.077820109
1751976380.86097,-0.011330655,-0.020284239,0.077820109
1751976380.86296,-0.011330655,-0.020284239,0.077820109
1751976380.86498,-0.011330655,-0.020284239,0.077820109
1751976380.86695,-0.011305253,-0.020269808,0.077846849
1751976380.86895,-0.011305253,-0.020269808,0.077846849
1751976380.87095,-0.011305253,-0.020269808,0.077846849
1751976380.87296,-0.011305253,-0.020269808,0.077846849
1751976380.87496,-0.011305253,-0.020269808,0.077846849
1751976380.87696,-0.011305253,-0.020269808,0.077846849
1751976380.87898,-0.011271672,-0.02028719,0.077859565
1751976380.88099,-0.011271672,-0.02028719,0.077859565
1751976380.88297,-0.011271672,-0.02028719,0.077859565
1751976380.88501,-0.011271672,-0.02028719,0.077859565
1751976380.88694,-0.011271672,-0.02028719,0.077859565
1751976380.88896,-0.011271672,-0.02028719,0.077859565
1751976380.89095,-0.011313269,-0.020274482,0.077822562
1751976380.89296,-0.011313269,-0.020274482,0.077822562
1751976380.89494,-0.011313269,-0.020274482,0.077822562
1751976380.89694,-0.011313269,-0.020274482,0.077822562
1751976380.89896,-0.011313269,-0.020274482,0.077822562
1751976380.90095,-0.011282129,-0.020274508,0.077834239
1751976380.90294,-0.011282129,-0.020274508,0.077834239
1751976380.90496,-0.011282129,-0.020274508,0.077834239
1751976380.90694,-0.011282129,-0.020274508,0.077834239
1751976380.90893,-0.011282129,-0.020274508,0.077834239
1751976380.91094,-0.011282129,-0.020274508,0.077834239
1751976380.91296,-0.011292692,-0.020252525,0.077852002
1751976380.91496,-0.011292692,-0.020252525,0.077852002
1751976380.91694,-0.011292692,-0.020252525,0.077852002
1751976380.9189,-0.011292692,-0.020252525,0.077852002
1751976380.92093,-0.011292692,-0.020252525,0.077852002
1751976380.92297,-0.011324966,-0.020255993,0.077806349
1751976380.92497,-0.011324966,-0.020255993,0.077806349
1751976380.92697,-0.011324966,-0.020255993,0.077806349
1751976380.92894,-0.011324966,-0.020255993,0.077806349
1751976380.93096,-0.011324966,-0.020255993,0.077806349
1751976380.93297,-0.011264093,-0.020277205,0.077851105
1751976380.93496,-0.011264093,-0.020277205,0.077851105
1751976380.93694,-0.011264093,-0.020277205,0.077851105
1751976380.93895,-0.011264093,-0.020277205,0.077851105
1751976380.94093,-0.011264093,-0.020277205,0.077851105
1751976380.94294,-0.011264093,-0.020277205,0.077851105
1751976380.94495,-0.01129125,-0.020296526,0.077832781
1751976380.94694,-0.01129125,-0.020296526,0.077832781
1751976380.94893,-0.01129125,-0.020296526,0.077832781
1751976380.95093,-0.01129125,-0.020296526,0.077832781
1751976380.95295,-0.01129125,-0.020296526,0.077832781
1751976380.95493,-0.011354153,-0.020268958,0.077795965
1751976380.95695,-0.011354153,-0.020268958,0.077795965
1751976380.95895,-0.011354153,-0.020268958,0.077795965
1751976380.961,-0.011354153,-0.020268958,0.077795965
1751976380.96298,-0.011354153,-0.020268958,0.077795965
1751976380.96489,-0.011354153,-0.020268958,0.077795965
1751976380.96698,-0.011292298,-0.020284697,0.077783056
1751976380.96902,-0.011292298,-0.020284697,0.077783056
1751976380.97095,-0.011292298,-0.020284697,0.077783056
1751976380.97302,-0.011292298,-0.020284697,0.077783056
1751976380.97495,-0.011292298,-0.020284697,0.077783056
1751976380.97696,-0.011298292,-0.02030039,0.077859318
1751976380.97895,-0.011298292,-0.02030039,0.077859318
1751976380.98094,-0.011298292,-0.02030039,0.077859318
1751976380.98294,-0.011298292,-0.02030039,0.077859318
1751976380.98493,-0.011298292,-0.02030039,0.077859318
1751976380.98689,-0.011316716,-0.020273205,0.077833903
1751976380.98893,-0.011316716,-0.020273205,0.077833903
1751976380.99095,-0.011316716,-0.020273205,0.077833903
1751976380.99294,-0.011316716,-0.020273205,0.077833903
1751976380.99495,-0.011316716,-0.020273205,0.077833903
1751976380.99696,-0.011282608,-0.020303446,0.077828103
1751976380.99895,-0.011282608,-0.020303446,0.077828103
1751976381.00099,-0.011282608,-0.020303446,0.077828103
1751976381.00298,-0.011282608,-0.020303446,0.077828103
1751976381.0049,-0.011282608,-0.020303446,0.077828103
1751976381.00697,-0.011282608,-0.020303446,0.077828103
1751976381.009,-0.01131932,-0.02025666,0.077807682
1751976381.01097,-0.01131932,-0.02025666,0.077807682
1751976381.01299,-0.01131932,-0.02025666,0.077807682
1751976381.01498,-0.01131932,-0.02025666,0.077807682
1751976381.01697,-0.01131932,-0.02025666,0.077807682
1751976381.01899,-0.011304737,-0.020263847,0.077806019
1751976381.02103,-0.011304737,-0.020263847,0.077806019
1751976381.02296,-0.011304737,-0.020263847,0.077806019
1751976381.02495,-0.011304737,-0.020263847,0.077806019
1751976381.02692,-0.011304737,-0.020263847,0.077806019
1751976381.02894,-0.011304737,-0.020263847,0.077806019
1751976381.03099,-0.011310186,-0.020291522,0.077854136
1751976381.03299,-0.011310186,-0.020291522,0.077854136
1751976381.03508,-0.011310186,-0.020291522,0.077854136
1751976381.03697,-0.011310186,-0.020291522,0.077854136
1751976381.03894,-0.011310186,-0.020291522,0.077854136
1751976381.04095,-0.011321843,-0.020303823,0.077824223
1751976381.04299,-0.011321843,-0.020303823,0.077824223
1751976381.04493,-0.011321843,-0.020303823,0.077824223
1751976381.04697,-0.011321843,-0.020303823,0.077824223
1751976381.04897,-0.011321843,-0.020303823,0.077824223
1751976381.05099,-0.011366048,-0.020305569,0.077767813
1751976381.05296,-0.011366048,-0.020305569,0.077767813
1751976381.05502,-0.011366048,-0.020305569,0.077767813
1751976381.05697,-0.011366048,-0.020305569,0.077767813
1751976381.05891,-0.011366048,-0.020305569,0.077767813
1751976381.06092,-0.011366048,-0.020305569,0.077767813
1751976381.06292,-0.01135723,-0.02029761,0.077796377
1751976381.06496,-0.01135723,-0.02029761,0.077796377
1751976381.06697,-0.01135723,-0.02029761,0.077796377
1751976381.06901,-0.01135723,-0.02029761,0.077796377
1751976381.07095,-0.01135723,-0.02029761,0.077796377
1751976381.07294,-0.011275791,-0.020289312,0.077901797
1751976381.07497,-0.011275791,-0.020289312,0.077901797
1751976381.07695,-0.011275791,-0.020289312,0.077901797
1751976381.07894,-0.011275791,-0.020289312,0.077901797
1751976381.08095,-0.011275791,-0.020289312,0.077901797
1751976381.08294,-0.011278461,-0.020284282,0.077890127
1751976381.08494,-0.011278461,-0.020284282,0.077890127
1751976381.08693,-0.011278461,-0.020284282,0.077890127
1751976381.08893,-0.011278461,-0.020284282,0.077890127
1751976381.09091,-0.011278461,-0.020284282,0.077890127
1751976381.09297,-0.011278461,-0.020284282,0.077890127
1751976381.09496,-0.011294031,-0.020303441,0.077867364
1751976381.09697,-0.011294031,-0.020303441,0.077867364
1751976381.09901,-0.011294031,-0.020303441,0.077867364
1751976381.10098,-0.011294031,-0.020303441,0.077867364
1751976381.10295,-0.011294031,-0.020303441,0.077867364
1751976381.10492,-0.011294031,-0.020303441,0.077867364
1751976381.10697,-0.011322124,-0.020307135,0.077820423
1751976381.10895,-0.011322124,-0.020307135,0.077820423
1751976381.11095,-0.011322124,-0.020307135,0.077820423
1751976381.11293,-0.011322124,-0.020307135,0.077820423
1751976381.11499,-0.011322124,-0.020307135,0.077820423
1751976381.11694,-0.011350281,-0.020303417,0.077832016
1751976381.11892,-0.011350281,-0.020303417,0.077832016
1751976381.12095,-0.011350281,-0.020303417,0.077832016
1751976381.12298,-0.011350281,-0.020303417,0.077832016
1751976381.12495,-0.011350281,-0.020303417,0.077832016
1751976381.12694,-0.011383768,-0.020293534,0.077784988
1751976381.12895,-0.011383768,-0.020293534,0.077784988
1751976381.13099,-0.011383768,-0.020293534,0.077784988
1751976381.13295,-0.011383768,-0.020293534,0.077784988
1751976381.13497,-0.011383768,-0.020293534,0.077784988
1751976381.137,-0.011383768,-0.020293534,0.077784988
1751976381.13895,-0.011328991,-0.020284799,0.0778083
1751976381.14095,-0.011328991,-0.020284799,0.0778083
1751976381.14295,-0.011328991,-0.020284799,0.0778083
1751976381.14494,-0.011328991,-0.020284799,0.0778083
1751976381.14692,-0.011328991,-0.020284799,0.0778083
1751976381.14894,-0.011328991,-0.020284799,0.0778083
1751976381.15094,-0.011312787,-0.020298992,0.077835049
1751976381.15296,-0.011312787,-0.020298992,0.077835049
1751976381.15496,-0.011312787,-0.020298992,0.077835049
1751976381.15694,-0.011312787,-0.020298992,0.077835049
1751976381.15898,-0.011312787,-0.020298992,0.077835049
1751976381.16094,-0.011256464,-0.020309292,0.077879274
1751976381.16297,-0.011256464,-0.020309292,0.077879274
1751976381.16503,-0.011256464,-0.020309292,0.077879274
1751976381.16694,-0.011256464,-0.020309292,0.077879274
1751976381.16894,-0.011256464,-0.020309292,0.077879274
1751976381.17094,-0.011256464,-0.020309292,0.077879274
1751976381.17292,-0.01132607,-0.020296538,0.077803431
1751976381.17496,-0.01132607,-0.020296538,0.077803431
1751976381.17694,-0.01132607,-0.020296538,0.077803431
1751976381.17902,-0.01132607,-0.020296538,0.077803431
1751976381.18108,-0.01132607,-0.020296538,0.077803431
1751976381.18297,-0.011276019,-0.020284267,0.077842571
1751976381.18498,-0.011276019,-0.020284267,0.077842571
1751976381.18703,-0.011276019,-0.020284267,0.077842571
1751976381.18897,-0.011276019,-0.020284267,0.077842571
1751976381.19097,-0.011276019,-0.020284267,0.077842571
1751976381.19303,-0.011276019,-0.020284267,0.077842571
1751976381.19499,-0.011313238,-0.020278319,0.077820418
1751976381.19693,-0.011313238,-0.020278319,0.077820418
1751976381.19897,-0.011313238,-0.020278319,0.077820418
1751976381.20093,-0.011313238,-0.020278319,0.077820418
1751976381.20295,-0.011313238,-0.020278319,0.077820418
1751976381.20494,-0.011313238,-0.020278319,0.077820418
1751976381.20703,-0.011438528,-0.020281524,0.077750882
1751976381.20894,-0.011438528,-0.020281524,0.077750882
1751976381.2109,-0.011438528,-0.020281524,0.077750882
1751976381.21299,-0.011438528,-0.020281524,0.077750882
1751976381.21494,-0.011438528,-0.020281524,0.077750882
1751976381.21691,-0.011438528,-0.020281524,0.077750882
1751976381.21895,-0.011362683,-0.020284624,0.0778238
1751976381.22098,-0.011362683,-0.020284624,0.0778238
1751976381.22297,-0.011362683,-0.020284624,0.0778238
1751976381.22498,-0.011362683,-0.020284624,0.0778238
1751976381.22714,-0.011362683,-0.020284624,0.0778238
1751976381.22906,-0.011362683,-0.020284624,0.0778238
1751976381.23096,-0.011312227,-0.020281613,0.077836182
1751976381.23295,-0.011312227,-0.020281613,0.077836182
1751976381.235,-0.011312227,-0.020281613,0.077836182
1751976381.23694,-0.011312227,-0.020281613,0.077836182
1751976381.23895,-0.011312227,-0.020281613,0.077836182
1751976381.24093,-0.011312227,-0.020281613,0.077836182
1751976381.24299,-0.011298744,-0.020234195,0.07784894
1751976381.24494,-0.011298744,-0.020234195,0.07784894
1751976381.24688,-0.011298744,-0.020234195,0.07784894
1751976381.24894,-0.011298744,-0.020234195,0.07784894
1751976381.25095,-0.011298744,-0.020234195,0.07784894
1751976381.25291,-0.011307912,-0.020276251,0.07783924
1751976381.25502,-0.011307912,-0.020276251,0.07783924
1751976381.25695,-0.011307912,-0.020276251,0.07783924
1751976381.25896,-0.011307912,-0.020276251,0.07783924
1751976381.26101,-0.011307912,-0.020276251,0.07783924
1751976381.26292,-0.011300839,-0.020275685,0.077822736
1751976381.26496,-0.011300839,-0.020275685,0.077822736
1751976381.26696,-0.011300839,-0.020275685,0.077822736
1751976381.26895,-0.011300839,-0.020275685,0.077822736
1751976381.27096,-0.011300839,-0.020275685,0.077822736
1751976381.27297,-0.011300839,-0.020275685,0.077822736
1751976381.27498,-0.01130141,-0.020265371,0.077842959
1751976381.27696,-0.01130141,-0.020265371,0.077842959
1751976381.27896,-0.01130141,-0.020265371,0.077842959
1751976381.28094,-0.01130141,-0.020265371,0.077842959
1751976381.28299,-0.01130141,-0.020265371,0.077842959
1751976381.28494,-0.011304965,-0.020250321,0.077838982
1751976381.28698,-0.011304965,-0.020250321,0.077838982
1751976381.28895,-0.011304965,-0.020250321,0.077838982
1751976381.29097,-0.011304965,-0.020250321,0.077838982
1751976381.29295,-0.011304965,-0.020250321,0.077838982
1751976381.29497,-0.011304965,-0.020250321,0.077838982
1751976381.29694,-0.011271602,-0.020278372,0.077859955
1751976381.29895,-0.011271602,-0.020278372,0.077859955
1751976381.30097,-0.011271602,-0.020278372,0.077859955
1751976381.30299,-0.011271602,-0.020278372,0.077859955
1751976381.30496,-0.011271602,-0.020278372,0.077859955
1751976381.30696,-0.011271602,-0.020278372,0.077859955
1751976381.30896,-0.011288486,-0.020284679,0.077864523
1751976381.31097,-0.011288486,-0.020284679,0.077864523
1751976381.31295,-0.011288486,-0.020284679,0.077864523
1751976381.315,-0.011288486,-0.020284679,0.077864523
1751976381.31696,-0.011288486,-0.020284679,0.077864523
1751976381.31893,-0.011300884,-0.020285396,0.077880504
1751976381.32096,-0.011300884,-0.020285396,0.077880504
1751976381.323,-0.011300884,-0.020285396,0.077880504
1751976381.32495,-0.011300884,-0.020285396,0.077880504
1751976381.32695,-0.011300884,-0.020285396,0.077880504
1751976381.32895,-0.011300884,-0.020285396,0.077880504
1751976381.33096,-0.011308109,-0.020282387,0.077844773
1751976381.33295,-0.011308109,-0.020282387,0.077844773
1751976381.33492,-0.011308109,-0.020282387,0.077844773
1751976381.33698,-0.011308109,-0.020282387,0.077844773
1751976381.33896,-0.011308109,-0.020282387,0.077844773
1751976381.34095,-0.01129246,-0.020285334,0.077866619
1751976381.34297,-0.01129246,-0.020285334,0.077866619
1751976381.34492,-0.01129246,-0.020285334,0.077866619
1751976381.34693,-0.01129246,-0.020285334,0.077866619
1751976381.34894,-0.01129246,-0.020285334,0.077866619
1751976381.3509,-0.011330435,-0.02030215,0.077806088
1751976381.35302,-0.011330435,-0.02030215,0.077806088
1751976381.35499,-0.011330435,-0.02030215,0.077806088
1751976381.35705,-0.011330435,-0.02030215,0.077806088
1751976381.35896,-0.011330435,-0.02030215,0.077806088
1751976381.36112,-0.011346267,-0.020291877,0.077781728
1751976381.36299,-0.011346267,-0.020291877,0.077781728
1751976381.36497,-0.011346267,-0.020291877,0.077781728
1751976381.36696,-0.011346267,-0.020291877,0.077781728
1751976381.36896,-0.011346267,-0.020291877,0.077781728
1751976381.37099,-0.011291866,-0.02028785,0.077834234
1751976381.37297,-0.011291866,-0.02028785,0.077834234
1751976381.37494,-0.011291866,-0.02028785,0.077834234
1751976381.37699,-0.011291866,-0.02028785,0.077834234
1751976381.37892,-0.011291866,-0.02028785,0.077834234
1751976381.38094,-0.011291866,-0.02028785,0.077834234
1751976381.38296,-0.011251906,-0.020284974,0.077857161
1751976381.38494,-0.011251906,-0.020284974,0.077857161
1751976381.38697,-0.011251906,-0.020284974,0.077857161
1751976381.38893,-0.011251906,-0.020284974,0.077857161
1751976381.39097,-0.011251906,-0.020284974,0.077857161
1751976381.39298,-0.011271199,-0.020265518,0.07782613
1751976381.39498,-0.011271199,-0.020265518,0.07782613
1751976381.397,-0.011271199,-0.020265518,0.07782613
1751976381.39898,-0.011271199,-0.020265518,0.07782613
1751976381.40101,-0.011271199,-0.020265518,0.07782613
1751976381.40295,-0.011271199,-0.020265518,0.07782613
1751976381.40499,-0.011351553,-0.020297733,0.077776622
1751976381.40694,-0.011351553,-0.020297733,0.077776622
1751976381.40894,-0.011351553,-0.020297733,0.077776622
1751976381.41101,-0.011351553,-0.020297733,0.077776622
1751976381.41292,-0.011351553,-0.020297733,0.077776622
1751976381.41495,-0.011351553,-0.020297733,0.077776622
1751976381.41695,-0.011317589,-0.020305145,0.077839952
1751976381.41896,-0.011317589,-0.020305145,0.077839952
1751976381.42096,-0.011317589,-0.020305145,0.077839952
1751976381.4229,-0.011317589,-0.020305145,0.077839952
1751976381.42494,-0.011317589,-0.020305145,0.077839952
1751976381.42695,-0.011343249,-0.020307298,0.077789026
1751976381.42894,-0.011343249,-0.020307298,0.077789026
1751976381.43094,-0.011343249,-0.020307298,0.077789026
1751976381.43296,-0.011343249,-0.020307298,0.077789026
1751976381.43496,-0.011343249,-0.020307298,0.077789026
1751976381.43696,-0.011343249,-0.020307298,0.077789026
1751976381.43897,-0.011335048,-0.020283494,0.077796492
1751976381.44095,-0.011335048,-0.020283494,0.077796492
1751976381.44296,-0.011335048,-0.020283494,0.077796492
1751976381.44494,-0.011335048,-0.020283494,0.077796492
1751976381.44693,-0.011335048,-0.020283494,0.077796492
1751976381.44894,-0.011335048,-0.020283494,0.077796492
1751976381.45098,-0.011268411,-0.020309834,0.07782229
1751976381.45295,-0.011268411,-0.020309834,0.07782229
1751976381.45494,-0.011268411,-0.020309834,0.07782229
1751976381.45694,-0.011268411,-0.020309834,0.07782229
1751976381.45894,-0.011268411,-0.020309834,0.07782229
1751976381.46093,-0.011322763,-0.020271883,0.077820306
1751976381.46293,-0.011322763,-0.020271883,0.077820306
1751976381.46494,-0.011322763,-0.020271883,0.077820306
1751976381.46695,-0.011322763,-0.020271883,0.077820306
1751976381.46893,-0.011322763,-0.020271883,0.077820306
1751976381.47095,-0.011322763,-0.020271883,0.077820306
1751976381.47295,-0.011331677,-0.020301264,0.077804676
1751976381.47496,-0.011331677,-0.020301264,0.077804676
1751976381.47693,-0.011331677,-0.020301264,0.077804676
1751976381.47896,-0.011331677,-0.020301264,0.077804676
1751976381.48099,-0.011331677,-0.020301264,0.077804676
1751976381.48303,-0.011315474,-0.020310356,0.077777449
1751976381.48497,-0.011315474,-0.020310356,0.077777449
1751976381.48695,-0.011315474,-0.020310356,0.077777449
1751976381.48896,-0.011315474,-0.020310356,0.077777449
1751976381.49096,-0.011315474,-0.020310356,0.077777449
1751976381.49299,-0.011315474,-0.020310356,0.077777449
1751976381.49495,-0.011337564,-0.020281897,0.077823707
1751976381.49694,-0.011337564,-0.020281897,0.077823707
1751976381.49896,-0.011337564,-0.020281897,0.077823707
1751976381.50094,-0.011337564,-0.020281897,0.077823707
1751976381.50293,-0.011337564,-0.020281897,0.077823707
1751976381.5049,-0.011337564,-0.020281897,0.077823707
1751976381.50694,-0.011328091,-0.020281739,0.077835108
1751976381.50893,-0.011328091,-0.020281739,0.077835108
1751976381.51095,-0.011328091,-0.020281739,0.077835108
1751976381.51296,-0.011328091,-0.020281739,0.077835108
1751976381.51497,-0.011328091,-0.020281739,0.077835108
1751976381.51695,-0.011344308,-0.020298548,0.077835309
1751976381.51895,-0.011344308,-0.020298548,0.077835309
1751976381.52093,-0.011344308,-0.020298548,0.077835309
1751976381.52295,-0.011344308,-0.020298548,0.077835309
1751976381.52494,-0.011344308,-0.020298548,0.077835309
1751976381.52703,-0.011344308,-0.020298548,0.077835309
1751976381.52895,-0.011300785,-0.020306064,0.077865206
1751976381.53093,-0.011300785,-0.020306064,0.077865206
1751976381.53297,-0.011300785,-0.020306064,0.077865206
1751976381.53497,-0.011300785,-0.020306064,0.077865206
1751976381.53694,-0.011300785,-0.020306064,0.077865206
1751976381.53894,-0.011300785,-0.020306064,0.077865206
1751976381.54093,-0.011277588,-0.020300105,0.077818704
1751976381.54294,-0.011277588,-0.020300105,0.077818704
1751976381.54495,-0.011277588,-0.020300105,0.077818704
1751976381.54696,-0.011277588,-0.020300105,0.077818704
1751976381.549,-0.011277588,-0.020300105,0.077818704
1751976381.55096,-0.011309278,-0.020305974,0.077822222
1751976381.55295,-0.011309278,-0.020305974,0.077822222
1751976381.55496,-0.011309278,-0.020305974,0.077822222
1751976381.55695,-0.011309278,-0.020305974,0.077822222
1751976381.55895,-0.011309278,-0.020305974,0.077822222
1751976381.56098,-0.011309278,-0.020305974,0.077822222
1751976381.56296,-0.011315115,-0.020284187,0.077842997
1751976381.56495,-0.011315115,-0.020284187,0.077842997
1751976381.56695,-0.011315115,-0.020284187,0.077842997
1751976381.57368,-0.011315115,-0.020284187,0.077842997
1751976381.57496,-0.011309039,-0.02029968,0.07784519
1751976381.57697,-0.011309039,-0.02029968,0.07784519
1751976381.57895,-0.011309039,-0.02029968,0.07784519
1751976381.58095,-0.011309039,-0.02029968,0.07784519
1751976381.58298,-0.011309039,-0.02029968,0.07784519
1751976381.58495,-0.011309039,-0.02029968,0.07784519
1751976381.58694,-0.011332069,-0.020291403,0.077825244
1751976381.58894,-0.011332069,-0.020291403,0.077825244
1751976381.59093,-0.011332069,-0.020291403,0.077825244
1751976381.59295,-0.011332069,-0.020291403,0.077825244
1751976381.59493,-0.011332069,-0.020291403,0.077825244
1751976381.597,-0.011332069,-0.020291403,0.077825244
1751976381.59893,-0.011286424,-0.020296737,0.077819575
1751976381.60095,-0.011286424,-0.020296737,0.077819575
1751976381.60293,-0.011286424,-0.020296737,0.077819575
1751976381.60498,-0.011286424,-0.020296737,0.077819575
1751976381.60699,-0.011286424,-0.020296737,0.077819575
1751976381.60902,-0.011285467,-0.020256041,0.077859699
1751976381.61104,-0.011285467,-0.020256041,0.077859699
1751976381.61293,-0.011285467,-0.020256041,0.077859699
1751976381.61496,-0.011285467,-0.020256041,0.077859699
1751976381.61696,-0.011285467,-0.020256041,0.077859699
1751976381.61894,-0.011285467,-0.020256041,0.077859699
1751976381.62094,-0.011338295,-0.020248081,0.077783125
1751976381.62295,-0.011338295,-0.020248081,0.077783125
1751976381.62495,-0.011338295,-0.020248081,0.077783125
1751976381.62695,-0.011338295,-0.020248081,0.077783125
1751976381.62891,-0.011338295,-0.020248081,0.077783125
1751976381.63094,-0.011338295,-0.020248081,0.077783125
1751976381.63293,-0.011321173,-0.02025774,0.077842093
1751976381.63492,-0.011321173,-0.02025774,0.077842093
1751976381.63706,-0.011321173,-0.02025774,0.077842093
1751976381.63894,-0.011321173,-0.02025774,0.077842093
1751976381.64096,-0.011321173,-0.02025774,0.077842093
1751976381.64297,-0.011316642,-0.020288324,0.077833321
1751976381.64496,-0.011316642,-0.020288324,0.077833321
1751976381.64694,-0.011316642,-0.020288324,0.077833321
1751976381.64894,-0.011316642,-0.020288324,0.077833321
1751976381.65093,-0.011316642,-0.020288324,0.077833321
1751976381.65296,-0.011316642,-0.020288324,0.077833321
1751976381.65495,-0.011348972,-0.020265231,0.077810186
1751976381.65699,-0.011348972,-0.020265231,0.077810186
1751976381.65894,-0.011348972,-0.020265231,0.077810186
1751976381.66096,-0.011348972,-0.020265231,0.077810186
1751976381.66296,-0.011348972,-0.020265231,0.077810186
1751976381.66495,-0.011348972,-0.020265231,0.077810186
1751976381.66693,-0.011338816,-0.02030174,0.077777663
1751976381.66893,-0.011338816,-0.02030174,0.077777663
1751976381.67103,-0.011338816,-0.02030174,0.077777663
1751976381.67294,-0.011338816,-0.02030174,0.077777663
1751976381.67495,-0.011338816,-0.02030174,0.077777663
1751976381.67695,-0.01132091,-0.020293435,0.077816441
1751976381.67894,-0.01132091,-0.020293435,0.077816441
1751976381.68093,-0.01132091,-0.020293435,0.077816441
1751976381.68296,-0.01132091,-0.020293435,0.077816441
1751976381.68495,-0.01132091,-0.020293435,0.077816441
1751976381.68688,-0.01132091,-0.020293435,0.077816441
1751976381.68893,-0.01131968,-0.02030526,0.077822883
1751976381.69096,-0.01131968,-0.02030526,0.077822883
1751976381.69296,-0.01131968,-0.02030526,0.077822883
1751976381.69497,-0.01131968,-0.02030526,0.077822883
1751976381.69696,-0.01131968,-0.02030526,0.077822883
1751976381.69901,-0.011304136,-0.020286972,0.077823916
1751976381.70098,-0.011304136,-0.020286972,0.077823916
1751976381.70291,-0.011304136,-0.020286972,0.077823916
1751976381.70496,-0.011304136,-0.020286972,0.077823916
1751976381.70695,-0.011304136,-0.020286972,0.077823916
1751976381.70897,-0.011304136,-0.020286972,0.077823916
1751976381.71093,-0.011346605,-0.020278821,0.077777833
1751976381.71294,-0.011346605,-0.020278821,0.077777833
1751976381.71493,-0.011346605,-0.020278821,0.077777833
1751976381.71694,-0.011346605,-0.020278821,0.077777833
1751976381.71903,-0.011346605,-0.020278821,0.077777833
1751976381.72095,-0.011346605,-0.020278821,0.077777833
1751976381.72295,-0.011328342,-0.020302605,0.077809547
1751976381.72499,-0.011328342,-0.020302605,0.077809547
1751976381.72688,-0.011328342,-0.020302605,0.077809547
1751976381.72894,-0.011328342,-0.020302605,0.077809547
1751976381.73094,-0.011328342,-0.020302605,0.077809547
1751976381.733,-0.011345105,-0.020296824,0.07781938
1751976381.73498,-0.011345105,-0.020296824,0.07781938
1751976381.73699,-0.011345105,-0.020296824,0.07781938
1751976381.73907,-0.011345105,-0.020296824,0.07781938
1751976381.741,-0.011345105,-0.020296824,0.07781938
1751976381.74294,-0.011306943,-0.020292766,0.077822645
1751976381.74493,-0.011306943,-0.020292766,0.077822645
1751976381.74703,-0.011306943,-0.020292766,0.077822645
1751976381.74889,-0.011306943,-0.020292766,0.077822645
1751976381.751,-0.011306943,-0.020292766,0.077822645
1751976381.75294,-0.011306943,-0.020292766,0.077822645
1751976381.75497,-0.011308161,-0.020305249,0.077838707
1751976381.75694,-0.011308161,-0.020305249,0.077838707
1751976381.75892,-0.011308161,-0.020305249,0.077838707
1751976381.76095,-0.011308161,-0.020305249,0.077838707
1751976381.76297,-0.011308161,-0.020305249,0.077838707
1751976381.76495,-0.011375532,-0.02030467,0.077766343
1751976381.76696,-0.011375532,-0.02030467,0.077766343
1751976381.76893,-0.011375532,-0.02030467,0.077766343
1751976381.77095,-0.011375532,-0.02030467,0.077766343
1751976381.77296,-0.011375532,-0.02030467,0.077766343
1751976381.77493,-0.0113132,-0.020290978,0.07781693
1751976381.77694,-0.0113132,-0.020290978,0.07781693
1751976381.77893,-0.0113132,-0.020290978,0.07781693
1751976381.78102,-0.0113132,-0.020290978,0.07781693
1751976381.78296,-0.0113132,-0.020290978,0.07781693
1751976381.78499,-0.0113132,-0.020290978,0.07781693
1751976381.78697,-0.011325821,-0.020293487,0.07784323
1751976381.78896,-0.011325821,-0.020293487,0.07784323
1751976381.79097,-0.011325821,-0.020293487,0.07784323
1751976381.79305,-0.011325821,-0.020293487,0.07784323
1751976381.79495,-0.011325821,-0.020293487,0.07784323
1751976381.79694,-0.011325821,-0.020293487,0.07784323
1751976381.79902,-0.011343657,-0.020300471,0.07785445
1751976381.80096,-0.011343657,-0.020300471,0.07785445
1751976381.80295,-0.011343657,-0.020300471,0.07785445
1751976381.80494,-0.011343657,-0.020300471,0.07785445
1751976381.80696,-0.011343657,-0.020300471,0.07785445
1751976381.8089,-0.011320521,-0.02030966,0.077793649
1751976381.81093,-0.011320521,-0.02030966,0.077793649
1751976381.81297,-0.011320521,-0.02030966,0.077793649
1751976381.81492,-0.011320521,-0.02030966,0.077793649
1751976381.81695,-0.011320521,-0.02030966,0.077793649
1751976381.81895,-0.011320521,-0.02030966,0.077793649
1751976381.82098,-0.011351315,-0.020308261,0.077767239
1751976381.82295,-0.011351315,-0.020308261,0.077767239
1751976381.82495,-0.011351315,-0.020308261,0.077767239
1751976381.82697,-0.011351315,-0.020308261,0.077767239
1751976381.82906,-0.011351315,-0.020308261,0.077767239
1751976381.83095,-0.011351315,-0.020308261,0.077767239
1751976381.83296,-0.011330406,-0.020313617,0.077806214
1751976381.83496,-0.011330406,-0.020313617,0.077806214
1751976381.83696,-0.011330406,-0.020313617,0.077806214
1751976381.83892,-0.011330406,-0.020313617,0.077806214
1751976381.84094,-0.011330406,-0.020313617,0.077806214
1751976381.84297,-0.011336809,-0.020311055,0.077774054
1751976381.84491,-0.011336809,-0.020311055,0.077774054
1751976381.84701,-0.011336809,-0.020311055,0.077774054
1751976381.84894,-0.011336809,-0.020311055,0.077774054
1751976381.85093,-0.011336809,-0.020311055,0.077774054
1751976381.85305,-0.011336809,-0.020311055,0.077774054
1751976381.85496,-0.011381608,-0.020238502,0.077804453
1751976381.85694,-0.011381608,-0.020238502,0.077804453
1751976381.85897,-0.011381608,-0.020238502,0.077804453
1751976381.86102,-0.011381608,-0.020238502,0.077804453
1751976381.86299,-0.011381608,-0.020238502,0.077804453
1751976381.86501,-0.011381608,-0.020238502,0.077804453
1751976381.86702,-0.011343421,-0.020297038,0.077757505
1751976381.86907,-0.011343421,-0.020297038,0.077757505
1751976381.87098,-0.011343421,-0.020297038,0.077757505
1751976381.87295,-0.011343421,-0.020297038,0.077757505
1751976381.87498,-0.011343421,-0.020297038,0.077757505
1751976381.87696,-0.011343421,-0.020297038,0.077757505
1751976381.87895,-0.011299741,-0.020300119,0.077823069
1751976381.88091,-0.011299741,-0.020300119,0.077823069
1751976381.88298,-0.011299741,-0.020300119,0.077823069
1751976381.88493,-0.011299741,-0.020300119,0.077823069
1751976381.887,-0.011299741,-0.020300119,0.077823069
1751976381.88899,-0.011299741,-0.020300119,0.077823069
1751976381.89095,-0.011311994,-0.020304625,0.077854913
1751976381.89294,-0.011311994,-0.020304625,0.077854913
1751976381.89509,-0.011311994,-0.020304625,0.077854913
1751976381.89696,-0.011311994,-0.020304625,0.077854913
1751976381.899,-0.011311994,-0.020304625,0.077854913
1751976381.90099,-0.011311994,-0.020304625,0.077854913
1751976381.90302,-0.011281811,-0.020308941,0.077867049
1751976381.90493,-0.011281811,-0.020308941,0.077867049
1751976381.90696,-0.011281811,-0.020308941,0.077867049
1751976381.90892,-0.011281811,-0.020308941,0.077867049
1751976381.91098,-0.011281811,-0.020308941,0.077867049
1751976381.91296,-0.011281811,-0.020308941,0.077867049
1751976381.91498,-0.01128377,-0.020311265,0.077837155
1751976381.91695,-0.01128377,-0.020311265,0.077837155
1751976381.91895,-0.01128377,-0.020311265,0.077837155
1751976381.92093,-0.01128377,-0.020311265,0.077837155
1751976381.92293,-0.01128377,-0.020311265,0.077837155
1751976381.92493,-0.01128377,-0.020311265,0.077837155
1751976381.92694,-0.0112753,-0.020289278,0.077781373
1751976381.92896,-0.0112753,-0.020289278,0.077781373
1751976381.93099,-0.0112753,-0.020289278,0.077781373
1751976381.933,-0.0112753,-0.020289278,0.077781373
1751976381.93495,-0.0112753,-0.020289278,0.077781373
1751976381.93694,-0.0112845,-0.020305561,0.077821346
1751976381.93894,-0.0112845,-0.020305561,0.077821346
1751976381.94094,-0.0112845,-0.020305561,0.077821346
1751976381.94294,-0.0112845,-0.020305561,0.077821346
1751976381.94494,-0.0112845,-0.020305561,0.077821346
1751976381.94695,-0.0112845,-0.020305561,0.077821346
1751976381.94895,-0.011334762,-0.02028775,0.077837856
1751976381.95098,-0.011334762,-0.02028775,0.077837856
1751976381.95297,-0.011334762,-0.02028775,0.077837856
1751976381.95502,-0.011334762,-0.02028775,0.077837856
1751976381.95697,-0.011334762,-0.02028775,0.077837856
1751976381.95897,-0.011327373,-0.020297203,0.077832016
1751976381.96097,-0.011327373,-0.020297203,0.077832016
1751976381.96297,-0.011327373,-0.020297203,0.077832016
1751976381.96496,-0.011327373,-0.020297203,0.077832016
1751976381.96689,-0.011327373,-0.020297203,0.077832016
1751976381.969,-0.011327373,-0.020297203,0.077832016
1751976381.97093,-0.011337094,-0.020304257,0.077820044
1751976381.97295,-0.011337094,-0.020304257,0.077820044
1751976381.97506,-0.011337094,-0.020304257,0.077820044
1751976381.97694,-0.011337094,-0.020304257,0.077820044
1751976381.97893,-0.011337094,-0.020304257,0.077820044
1751976381.98097,-0.011337094,-0.020304257,0.077820044
1751976381.98294,-0.01137764,-0.020304335,0.077772419
1751976381.98495,-0.01137764,-0.020304335,0.077772419
1751976381.98694,-0.01137764,-0.020304335,0.077772419
1751976381.98899,-0.01137764,-0.020304335,0.077772419
1751976381.99089,-0.01137764,-0.020304335,0.077772419
1751976381.99305,-0.01137764,-0.020304335,0.077772419
1751976381.995,-0.011340425,-0.020307264,0.077798109
1751976381.99699,-0.011340425,-0.020307264,0.077798109
1751976381.99897,-0.011340425,-0.020307264,0.077798109
1751976382.00102,-0.011340425,-0.020307264,0.077798109
1751976382.00299,-0.011340425,-0.020307264,0.077798109
1751976382.005,-0.011340425,-0.020307264,0.077798109
1751976382.00694,-0.01129873,-0.020276156,0.077839192
1751976382.00892,-0.01129873,-0.020276156,0.077839192
1751976382.01095,-0.01129873,-0.020276156,0.077839192
1751976382.01295,-0.01129873,-0.020276156,0.077839192
1751976382.01495,-0.01129873,-0.020276156,0.077839192
1751976382.01694,-0.01129873,-0.020276156,0.077839192
1751976382.01894,-0.011308821,-0.02027515,0.077868597
1751976382.02095,-0.011308821,-0.02027515,0.077868597
1751976382.02295,-0.011308821,-0.02027515,0.077868597
1751976382.02494,-0.011308821,-0.02027515,0.077868597
1751976382.02695,-0.011308821,-0.02027515,0.077868597
1751976382.02894,-0.011302131,-0.020267584,0.077855048
1751976382.0309,-0.011302131,-0.020267584,0.077855048
1751976382.03294,-0.011302131,-0.020267584,0.077855048
1751976382.03494,-0.011302131,-0.020267584,0.077855048
1751976382.03699,-0.011302131,-0.020267584,0.077855048
1751976382.03896,-0.011302131,-0.020267584,0.077855048
1751976382.04096,-0.011320549,-0.020260734,0.07784296
1751976382.043,-0.011320549,-0.020260734,0.07784296
1751976382.04495,-0.011320549,-0.020260734,0.07784296
1751976382.04693,-0.011320549,-0.020260734,0.07784296
1751976382.04895,-0.011320549,-0.020260734,0.07784296
1751976382.05095,-0.01129195,-0.020297211,0.077858032
1751976382.05293,-0.01129195,-0.020297211,0.077858032
1751976382.05494,-0.01129195,-0.020297211,0.077858032
1751976382.05703,-0.01129195,-0.020297211,0.077858032
1751976382.05895,-0.01129195,-0.020297211,0.077858032
1751976382.06096,-0.01129195,-0.020297211,0.077858032
1751976382.06294,-0.011295274,-0.020311221,0.077792714
1751976382.06496,-0.011295274,-0.020311221,0.077792714
1751976382.06695,-0.011295274,-0.020311221,0.077792714
1751976382.06894,-0.011295274,-0.020311221,0.077792714
1751976382.07094,-0.011295274,-0.020311221,0.077792714
1751976382.07293,-0.011346024,-0.020309148,0.077759023
1751976382.07493,-0.011346024,-0.020309148,0.077759023
1751976382.07696,-0.011346024,-0.020309148,0.077759023
1751976382.07895,-0.011346024,-0.020309148,0.077759023
1751976382.08098,-0.011346024,-0.020309148,0.077759023
1751976382.08297,-0.011275025,-0.020311116,0.077853322
1751976382.08492,-0.011275025,-0.020311116,0.077853322
1751976382.08696,-0.011275025,-0.020311116,0.077853322
1751976382.08897,-0.011275025,-0.020311116,0.077853322
1751976382.09095,-0.011275025,-0.020311116,0.077853322
1751976382.09301,-0.011275025,-0.020311116,0.077853322
1751976382.09488,-0.011310194,-0.020299061,0.077843412
1751976382.09696,-0.011310194,-0.020299061,0.077843412
1751976382.09894,-0.011310194,-0.020299061,0.077843412
1751976382.1009,-0.011310194,-0.020299061,0.077843412
1751976382.10294,-0.011310194,-0.020299061,0.077843412
1751976382.10498,-0.011310194,-0.020299061,0.077843412
1751976382.10693,-0.011338672,-0.020306262,0.07779398
1751976382.10894,-0.011338672,-0.020306262,0.07779398
1751976382.11093,-0.011338672,-0.020306262,0.07779398
1751976382.11294,-0.011338672,-0.020306262,0.07779398
1751976382.11493,-0.011338672,-0.020306262,0.07779398
1751976382.11695,-0.011338672,-0.020306262,0.07779398
1751976382.11899,-0.011332406,-0.020308743,0.077789537
1751976382.121,-0.011332406,-0.020308743,0.077789537
1751976382.12298,-0.011332406,-0.020308743,0.077789537
1751976382.12497,-0.011332406,-0.020308743,0.077789537
1751976382.12699,-0.011332406,-0.020308743,0.077789537
1751976382.12896,-0.011286969,-0.020310187,0.077846225
1751976382.131,-0.011286969,-0.020310187,0.077846225
1751976382.13295,-0.011286969,-0.020310187,0.077846225
1751976382.13493,-0.011286969,-0.020310187,0.077846225
1751976382.13696,-0.011286969,-0.020310187,0.077846225
1751976382.13899,-0.01128041,-0.020278136,0.077875158
1751976382.1409,-0.01128041,-0.020278136,0.077875158
1751976382.14295,-0.01128041,-0.020278136,0.077875158
1751976382.14496,-0.01128041,-0.020278136,0.077875158
1751976382.14694,-0.01128041,-0.020278136,0.077875158
1751976382.14894,-0.01128041,-0.020278136,0.077875158
1751976382.15092,-0.011294866,-0.020294573,0.077863933
1751976382.15296,-0.011294866,-0.020294573,0.077863933
1751976382.15496,-0.011294866,-0.020294573,0.077863933
1751976382.15695,-0.011294866,-0.020294573,0.077863933
1751976382.15894,-0.011294866,-0.020294573,0.077863933
1751976382.16095,-0.01129952,-0.020293237,0.077880155
1751976382.16295,-0.01129952,-0.020293237,0.077880155
1751976382.16496,-0.01129952,-0.020293237,0.077880155
1751976382.16699,-0.01129952,-0.020293237,0.077880155
1751976382.16897,-0.01129952,-0.020293237,0.077880155
1751976382.17103,-0.01129952,-0.020293237,0.077880155
1751976382.17297,-0.011332509,-0.020282993,0.07780523
1751976382.17494,-0.011332509,-0.020282993,0.07780523
1751976382.17693,-0.011332509,-0.020282993,0.07780523
1751976382.17893,-0.011332509,-0.020282993,0.07780523
1751976382.18094,-0.011332509,-0.020282993,0.07780523
1751976382.18293,-0.011338664,-0.020248795,0.077755796
1751976382.18494,-0.011338664,-0.020248795,0.077755796
1751976382.18696,-0.011338664,-0.020248795,0.077755796
1751976382.18895,-0.011338664,-0.020248795,0.077755796
1751976382.19093,-0.011338664,-0.020248795,0.077755796
1751976382.193,-0.011338664,-0.020248795,0.077755796
1751976382.19493,-0.011268129,-0.020253294,0.077872553
1751976382.19693,-0.011268129,-0.020253294,0.077872553
1751976382.19894,-0.011268129,-0.020253294,0.077872553
1751976382.201,-0.011268129,-0.020253294,0.077872553
1751976382.20296,-0.011268129,-0.020253294,0.077872553
1751976382.20499,-0.011268129,-0.020253294,0.077872553
1751976382.20698,-0.011383317,-0.020290398,0.077694592
1751976382.209,-0.011383317,-0.020290398,0.077694592
1751976382.211,-0.011383317,-0.020290398,0.077694592
1751976382.21305,-0.011383317,-0.020290398,0.077694592
1751976382.21507,-0.011383317,-0.020290398,0.077694592
1751976382.21697,-0.011339757,-0.020293075,0.077749068
1751976382.21898,-0.011339757,-0.020293075,0.077749068
1751976382.221,-0.011339757,-0.020293075,0.077749068
1751976382.22295,-0.011339757,-0.020293075,0.077749068
1751976382.22496,-0.011339757,-0.020293075,0.077749068
1751976382.22689,-0.011339757,-0.020293075,0.077749068
1751976382.22895,-0.011357848,-0.020302084,0.077791824
1751976382.23094,-0.011357848,-0.020302084,0.077791824
1751976382.23295,-0.011357848,-0.020302084,0.077791824
1751976382.23495,-0.011357848,-0.020302084,0.077791824
1751976382.23694,-0.011357848,-0.020302084,0.077791824
1751976382.23898,-0.011324808,-0.020282266,0.077819258
1751976382.24097,-0.011324808,-0.020282266,0.077819258
1751976382.24293,-0.011324808,-0.020282266,0.077819258
1751976382.24495,-0.011324808,-0.020282266,0.077819258
1751976382.24698,-0.011324808,-0.020282266,0.077819258
1751976382.24893,-0.011398259,-0.020292034,0.077822844
1751976382.25096,-0.011398259,-0.020292034,0.077822844
1751976382.25302,-0.011398259,-0.020292034,0.077822844
1751976382.25501,-0.011398259,-0.020292034,0.077822844
1751976382.25697,-0.011398259,-0.020292034,0.077822844
1751976382.25895,-0.011398259,-0.020292034,0.077822844
1751976382.26098,-0.011350601,-0.020302093,0.077833843
1751976382.26292,-0.011350601,-0.020302093,0.077833843
1751976382.26499,-0.011350601,-0.020302093,0.077833843
1751976382.26693,-0.011350601,-0.020302093,0.077833843
1751976382.26903,-0.011350601,-0.020302093,0.077833843
1751976382.27094,-0.011370175,-0.020305456,0.077771722
1751976382.27307,-0.011370175,-0.020305456,0.077771722
1751976382.27495,-0.011370175,-0.020305456,0.077771722
1751976382.27694,-0.011370175,-0.020305456,0.077771722
1751976382.27893,-0.011370175,-0.020305456,0.077771722
1751976382.28099,-0.011370175,-0.020305456,0.077771722
1751976382.28296,-0.011275631,-0.020312342,0.07783611
1751976382.28495,-0.011275631,-0.020312342,0.07783611
1751976382.28695,-0.011275631,-0.020312342,0.07783611
1751976382.289,-0.011275631,-0.020312342,0.07783611
1751976382.29089,-0.011275631,-0.020312342,0.07783611
1751976382.29298,-0.011275631,-0.020312342,0.07783611
1751976382.29498,-0.011349637,-0.020278707,0.077759214
1751976382.29705,-0.011349637,-0.020278707,0.077759214
1751976382.29902,-0.011349637,-0.020278707,0.077759214
1751976382.30095,-0.011349637,-0.020278707,0.077759214
1751976382.303,-0.011349637,-0.020278707,0.077759214
1751976382.30494,-0.011349637,-0.020278707,0.077759214
1751976382.30695,-0.011301829,-0.020265533,0.077761989
1751976382.30895,-0.011301829,-0.020265533,0.077761989
1751976382.31095,-0.011301829,-0.020265533,0.077761989
1751976382.31297,-0.011301829,-0.020265533,0.077761989
1751976382.315,-0.011301829,-0.020265533,0.077761989
1751976382.31695,-0.01129444,-0.020277438,0.077839303
1751976382.31895,-0.01129444,-0.020277438,0.077839303
1751976382.32103,-0.01129444,-0.020277438,0.077839303
1751976382.32295,-0.01129444,-0.020277438,0.077839303
1751976382.32493,-0.01129444,-0.020277438,0.077839303
1751976382.32692,-0.01129444,-0.020277438,0.077839303
1751976382.32899,-0.011277439,-0.020295739,0.077826112
1751976382.33095,-0.011277439,-0.020295739,0.077826112
1751976382.33297,-0.011277439,-0.020295739,0.077826112
1751976382.33493,-0.011277439,-0.020295739,0.077826112
1751976382.33699,-0.011277439,-0.020295739,0.077826112
1751976382.33898,-0.011334709,-0.020293574,0.07778307
1751976382.34096,-0.011334709,-0.020293574,0.07778307
1751976382.343,-0.011334709,-0.020293574,0.07778307
1751976382.34496,-0.011334709,-0.020293574,0.07778307
1751976382.34695,-0.011334709,-0.020293574,0.07778307
1751976382.34897,-0.011334709,-0.020293574,0.07778307
1751976382.35096,-0.011290896,-0.020288172,0.077842698
1751976382.35297,-0.011290896,-0.020288172,0.077842698
1751976382.35496,-0.011290896,-0.020288172,0.077842698
1751976382.35695,-0.011290896,-0.020288172,0.077842698
1751976382.35896,-0.011290896,-0.020288172,0.077842698
1751976382.36101,-0.011303828,-0.020289066,0.077841262
1751976382.36297,-0.011303828,-0.020289066,0.077841262
1751976382.36495,-0.011303828,-0.020289066,0.077841262
1751976382.36694,-0.011303828,-0.020289066,0.077841262
1751976382.369,-0.011303828,-0.020289066,0.077841262
1751976382.37094,-0.011353469,-0.020303118,0.077767024
1751976382.37292,-0.011353469,-0.020303118,0.077767024
1751976382.37494,-0.011353469,-0.020303118,0.077767024
1751976382.37706,-0.011353469,-0.020303118,0.077767024
1751976382.37903,-0.011353469,-0.020303118,0.077767024
1751976382.381,-0.011353469,-0.020303118,0.077767024
1751976382.383,-0.011313622,-0.020306962,0.077833487
1751976382.385,-0.011313622,-0.020306962,0.077833487
1751976382.38695,-0.011313622,-0.020306962,0.077833487
1751976382.38897,-0.011313622,-0.020306962,0.077833487
1751976382.39099,-0.011313622,-0.020306962,0.077833487
1751976382.39295,-0.011313622,-0.020306962,0.077833487
1751976382.39494,-0.01134808,-0.020307795,0.07777765
1751976382.39696,-0.01134808,-0.020307795,0.07777765
1751976382.39894,-0.01134808,-0.020307795,0.07777765
1751976382.40094,-0.01134808,-0.020307795,0.07777765
1751976382.40294,-0.01134808,-0.020307795,0.07777765
1751976382.40502,-0.011321001,-0.020278403,0.077836097
1751976382.40688,-0.011321001,-0.020278403,0.077836097
1751976382.40898,-0.011321001,-0.020278403,0.077836097
1751976382.41097,-0.011321001,-0.020278403,0.077836097
1751976382.41292,-0.011321001,-0.020278403,0.077836097
1751976382.41496,-0.011321001,-0.020278403,0.077836097
1751976382.41699,-0.011336793,-0.020302527,0.077798877
1751976382.41896,-0.011336793,-0.020302527,0.077798877
1751976382.42096,-0.011336793,-0.020302527,0.077798877
1751976382.42295,-0.011336793,-0.020302527,0.077798877
1751976382.42496,-0.011336793,-0.020302527,0.077798877
1751976382.42698,-0.011336793,-0.020302527,0.077798877
1751976382.42894,-0.01133295,-0.020305286,0.077825289
1751976382.43096,-0.01133295,-0.020305286,0.077825289
1751976382.43294,-0.01133295,-0.020305286,0.077825289
1751976382.43493,-0.01133295,-0.020305286,0.077825289
1751976382.43695,-0.01133295,-0.020305286,0.077825289
1751976382.43891,-0.011305681,-0.020308204,0.077840065
1751976382.44094,-0.011305681,-0.020308204,0.077840065
1751976382.44301,-0.011305681,-0.020308204,0.077840065
1751976382.44498,-0.011305681,-0.020308204,0.077840065
1751976382.44695,-0.011305681,-0.020308204,0.077840065
1751976382.44896,-0.0113571,-0.020303237,0.077824342
1751976382.451,-0.0113571,-0.020303237,0.077824342
1751976382.45294,-0.0113571,-0.020303237,0.077824342
1751976382.45494,-0.0113571,-0.020303237,0.077824342
1751976382.45696,-0.0113571,-0.020303237,0.077824342
1751976382.459,-0.0113571,-0.020303237,0.077824342
1751976382.46096,-0.011308931,-0.020295409,0.077851284
1751976382.463,-0.011308931,-0.020295409,0.077851284
1751976382.46497,-0.011308931,-0.020295409,0.077851284
1751976382.46695,-0.011308931,-0.020295409,0.077851284
1751976382.46893,-0.011308931,-0.020295409,0.077851284
1751976382.47094,-0.011308931,-0.020295409,0.077851284
1751976382.47298,-0.011365984,-0.020287148,0.077761702
1751976382.47499,-0.011365984,-0.020287148,0.077761702
1751976382.47695,-0.011365984,-0.020287148,0.077761702
1751976382.47895,-0.011365984,-0.020287148,0.077761702
1751976382.48094,-0.011365984,-0.020287148,0.077761702
1751976382.48293,-0.011302569,-0.020296522,0.077796211
1751976382.48493,-0.011302569,-0.020296522,0.077796211
1751976382.48693,-0.011302569,-0.020296522,0.077796211
1751976382.48895,-0.011302569,-0.020296522,0.077796211
1751976382.49093,-0.011302569,-0.020296522,0.077796211
1751976382.49295,-0.011302569,-0.020296522,0.077796211
1751976382.49493,-0.011359014,-0.020291414,0.077768178
1751976382.49694,-0.011359014,-0.020291414,0.077768178
1751976382.49896,-0.011359014,-0.020291414,0.077768178
1751976382.50095,-0.011359014,-0.020291414,0.077768178
1751976382.50298,-0.011359014,-0.020291414,0.077768178
1751976382.50501,-0.011359014,-0.020291414,0.077768178
1751976382.50708,-0.011333688,-0.02028693,0.077823104
1751976382.50901,-0.011333688,-0.02028693,0.077823104
1751976382.51098,-0.011333688,-0.02028693,0.077823104
1751976382.51296,-0.011333688,-0.02028693,0.077823104
1751976382.51497,-0.011333688,-0.02028693,0.077823104
1751976382.51695,-0.011333688,-0.02028693,0.077823104
1751976382.51893,-0.011314651,-0.020293168,0.077835214
1751976382.52094,-0.011314651,-0.020293168,0.077835214
1751976382.52294,-0.011314651,-0.020293168,0.077835214
1751976382.52499,-0.011314651,-0.020293168,0.077835214
1751976382.52701,-0.011314651,-0.020293168,0.077835214
1751976382.52894,-0.011302221,-0.020292934,0.077851409
1751976382.53096,-0.011302221,-0.020292934,0.077851409
1751976382.53294,-0.011302221,-0.020292934,0.077851409
1751976382.53497,-0.011302221,-0.020292934,0.077851409
1751976382.53695,-0.011302221,-0.020292934,0.077851409
1751976382.53894,-0.011302221,-0.020292934,0.077851409
1751976382.54094,-0.011328446,-0.020273361,0.077879714
1751976382.54294,-0.011328446,-0.020273361,0.077879714
1751976382.54498,-0.011328446,-0.020273361,0.077879714
1751976382.54694,-0.011328446,-0.020273361,0.077879714
1751976382.54891,-0.011328446,-0.020273361,0.077879714
1751976382.551,-0.011328446,-0.020273361,0.077879714
1751976382.55297,-0.011362645,-0.02028013,0.077851002
1751976382.55496,-0.011362645,-0.02028013,0.077851002
1751976382.55695,-0.011362645,-0.02028013,0.077851002
1751976382.55904,-0.011362645,-0.02028013,0.077851002
1751976382.56095,-0.011362645,-0.02028013,0.077851002
1751976382.56292,-0.011362645,-0.02028013,0.077851002
1751976382.56496,-0.011350407,-0.020303293,0.077785879
1751976382.56697,-0.011350407,-0.020303293,0.077785879
1751976382.56895,-0.011350407,-0.020303293,0.077785879
1751976382.57097,-0.011350407,-0.020303293,0.077785879
1751976382.57296,-0.011350407,-0.020303293,0.077785879
1751976382.57494,-0.01130244,-0.02027196,0.077850262
1751976382.57697,-0.01130244,-0.02027196,0.077850262
1751976382.57898,-0.01130244,-0.02027196,0.077850262
1751976382.58095,-0.01130244,-0.02027196,0.077850262
1751976382.58296,-0.01130244,-0.02027196,0.077850262
1751976382.58495,-0.011239072,-0.020262872,0.077876895
1751976382.58694,-0.011239072,-0.020262872,0.077876895
1751976382.58896,-0.011239072,-0.020262872,0.077876895
1751976382.59094,-0.011239072,-0.020262872,0.077876895
1751976382.59297,-0.011239072,-0.020262872,0.077876895
1751976382.59496,-0.011239072,-0.020262872,0.077876895
1751976382.59696,-0.011343849,-0.020269625,0.07776633
1751976382.59893,-0.011343849,-0.020269625,0.07776633
1751976382.60098,-0.011343849,-0.020269625,0.07776633
1751976382.60297,-0.011343849,-0.020269625,0.07776633
1751976382.60495,-0.011343849,-0.020269625,0.07776633
1751976382.60694,-0.011331223,-0.020275733,0.077823465
1751976382.60895,-0.011331223,-0.020275733,0.077823465
1751976382.61094,-0.011331223,-0.020275733,0.077823465
1751976382.61298,-0.011331223,-0.020275733,0.077823465
1751976382.61494,-0.011331223,-0.020275733,0.077823465
1751976382.61693,-0.011331223,-0.020275733,0.077823465
1751976382.61894,-0.011352828,-0.020285983,0.077805588
1751976382.62095,-0.011352828,-0.020285983,0.077805588
1751976382.62293,-0.011352828,-0.020285983,0.077805588
1751976382.62496,-0.011352828,-0.020285983,0.077805588
1751976382.62695,-0.011352828,-0.020285983,0.077805588
1751976382.62895,-0.011351401,-0.020279981,0.0778307
1751976382.63099,-0.011351401,-0.020279981,0.0778307
1751976382.63303,-0.011351401,-0.020279981,0.0778307
1751976382.63506,-0.011351401,-0.020279981,0.0778307
1751976382.63701,-0.011351401,-0.020279981,0.0778307
1751976382.63896,-0.011346026,-0.020280633,0.077791255
1751976382.64101,-0.011346026,-0.020280633,0.077791255
1751976382.64301,-0.011346026,-0.020280633,0.077791255
1751976382.64496,-0.011346026,-0.020280633,0.077791255
1751976382.64694,-0.011346026,-0.020280633,0.077791255
1751976382.64894,-0.011346026,-0.020280633,0.077791255
1751976382.65096,-0.011340304,-0.020289629,0.077813078
1751976382.65298,-0.011340304,-0.020289629,0.077813078
1751976382.65496,-0.011340304,-0.020289629,0.077813078
1751976382.65695,-0.011340304,-0.020289629,0.077813078
1751976382.65896,-0.011340304,-0.020289629,0.077813078
1751976382.66096,-0.011370211,-0.020276613,0.077774871
1751976382.66297,-0.011370211,-0.020276613,0.077774871
1751976382.66498,-0.011370211,-0.020276613,0.077774871
1751976382.66698,-0.011370211,-0.020276613,0.077774871
1751976382.66894,-0.011370211,-0.020276613,0.077774871
1751976382.67094,-0.011370211,-0.020276613,0.077774871
1751976382.67294,-0.011359764,-0.020296608,0.077830846
1751976382.67494,-0.011359764,-0.020296608,0.077830846
1751976382.67695,-0.011359764,-0.020296608,0.077830846
1751976382.67894,-0.011359764,-0.020296608,0.077830846
1751976382.68099,-0.011359764,-0.020296608,0.077830846
1751976382.68296,-0.011335625,-0.020305379,0.077814655
1751976382.68497,-0.011335625,-0.020305379,0.077814655
1751976382.68699,-0.011335625,-0.020305379,0.077814655
1751976382.68894,-0.011335625,-0.020305379,0.077814655
1751976382.69095,-0.011335625,-0.020305379,0.077814655
1751976382.69294,-0.011253493,-0.020317422,0.077801781
1751976382.69496,-0.011253493,-0.020317422,0.077801781
1751976382.69694,-0.011253493,-0.020317422,0.077801781
1751976382.69897,-0.011253493,-0.020317422,0.077801781
1751976382.70093,-0.011253493,-0.020317422,0.077801781
1751976382.70293,-0.011253493,-0.020317422,0.077801781
1751976382.70493,-0.011145441,-0.020391387,0.07785963
1751976382.70701,-0.011145441,-0.020391387,0.07785963
1751976382.70893,-0.011145441,-0.020391387,0.07785963
1751976382.71088,-0.011145441,-0.020391387,0.07785963
1751976382.71293,-0.011145441,-0.020391387,0.07785963
1751976382.71493,-0.011002235,-0.020473038,0.077863348
1751976382.71694,-0.011002235,-0.020473038,0.077863348
1751976382.71897,-0.011002235,-0.020473038,0.077863348
1751976382.72095,-0.011002235,-0.020473038,0.077863348
1751976382.72295,-0.011002235,-0.020473038,0.077863348
1751976382.72499,-0.01097163,-0.020541034,0.07778817
1751976382.72706,-0.01097163,-0.020541034,0.07778817
1751976382.72897,-0.01097163,-0.020541034,0.07778817
1751976382.73105,-0.01097163,-0.020541034,0.07778817
1751976382.73299,-0.01097163,-0.020541034,0.07778817
1751976382.73497,-0.010692063,-0.020610861,0.077781525
1751976382.73693,-0.010692063,-0.020610861,0.077781525
1751976382.73894,-0.010692063,-0.020610861,0.077781525
1751976382.74101,-0.010692063,-0.020610861,0.077781525
1751976382.74293,-0.010692063,-0.020610861,0.077781525
1751976382.74495,-0.010692063,-0.020610861,0.077781525
1751976382.74696,-0.010302955,-0.020688226,0.077856007
1751976382.74894,-0.010302955,-0.020688226,0.077856007
1751976382.75092,-0.010302955,-0.020688226,0.077856007
1751976382.75295,-0.010302955,-0.020688226,0.077856007
1751976382.75494,-0.010302955,-0.020688226,0.077856007
1751976382.75697,-0.010302955,-0.020688226,0.077856007
1751976382.75895,-0.009916095,-0.020667295,0.077783467
1751976382.761,-0.009916095,-0.020667295,0.077783467
1751976382.76299,-0.009916095,-0.020667295,0.077783467
1751976382.76492,-0.009916095,-0.020667295,0.077783467
1751976382.76697,-0.009916095,-0.020667295,0.077783467
1751976382.76898,-0.009604358,-0.020624344,0.077836251
1751976382.77096,-0.009604358,-0.020624344,0.077836251
1751976382.77296,-0.009604358,-0.020624344,0.077836251
1751976382.77497,-0.009604358,-0.020624344,0.077836251
1751976382.77693,-0.009604358,-0.020624344,0.077836251
1751976382.77898,-0.009604358,-0.020624344,0.077836251
1751976382.78097,-0.00911969,-0.020601347,0.077790932
1751976382.78295,-0.00911969,-0.020601347,0.077790932
1751976382.78495,-0.00911969,-0.020601347,0.077790932
1751976382.78694,-0.00911969,-0.020601347,0.077790932
1751976382.78894,-0.00911969,-0.020601347,0.077790932
1751976382.79095,-0.00911969,-0.020601347,0.077790932
1751976382.79298,-0.008642432,-0.02059955,0.077831434
1751976382.79499,-0.008642432,-0.02059955,0.077831434
1751976382.79698,-0.008642432,-0.02059955,0.077831434
1751976382.79896,-0.008642432,-0.02059955,0.077831434
1751976382.80098,-0.008642432,-0.02059955,0.077831434
1751976382.80291,-0.008152818,-0.020541429,0.077855929
1751976382.80494,-0.008152818,-0.020541429,0.077855929
1751976382.80695,-0.008152818,-0.020541429,0.077855929
1751976382.80898,-0.008152818,-0.020541429,0.077855929
1751976382.81094,-0.008152818,-0.020541429,0.077855929
1751976382.81294,-0.008152818,-0.020541429,0.077855929
1751976382.81495,-0.007762966,-0.02051477,0.077898727
1751976382.817,-0.007762966,-0.02051477,0.077898727
1751976382.81895,-0.007762966,-0.02051477,0.077898727
1751976382.821,-0.007762966,-0.02051477,0.077898727
1751976382.82299,-0.007762966,-0.02051477,0.077898727
1751976382.82495,-0.007530328,-0.020539265,0.077915501
1751976382.82699,-0.007530328,-0.020539265,0.077915501
1751976382.829,-0.007530328,-0.020539265,0.077915501
1751976382.83094,-0.007530328,-0.020539265,0.077915501
1751976382.83293,-0.007530328,-0.020539265,0.077915501
1751976382.83499,-0.007530328,-0.020539265,0.077915501
1751976382.83695,-0.007186752,-0.020727116,0.077868359
1751976382.83893,-0.007186752,-0.020727116,0.077868359
1751976382.84093,-0.007186752,-0.020727116,0.077868359
1751976382.84297,-0.007186752,-0.020727116,0.077868359
1751976382.84495,-0.007186752,-0.020727116,0.077868359
1751976382.84691,-0.007186752,-0.020727116,0.077868359
1751976382.84899,-0.006984057,-0.020809395,0.077848266
1751976382.85096,-0.006984057,-0.020809395,0.077848266
1751976382.85296,-0.006984057,-0.020809395,0.077848266
1751976382.85498,-0.006984057,-0.020809395,0.077848266
1751976382.85693,-0.006984057,-0.020809395,0.077848266
1751976382.85904,-0.006984057,-0.020809395,0.077848266
1751976382.86099,-0.006748287,-0.020861352,0.077909761
1751976382.86298,-0.006748287,-0.020861352,0.077909761
1751976382.86495,-0.006748287,-0.020861352,0.077909761
1751976382.867,-0.006748287,-0.020861352,0.077909761
1751976382.86895,-0.006748287,-0.020861352,0.077909761
1751976382.871,-0.006748287,-0.020861352,0.077909761
1751976382.87294,-0.006505108,-0.020897569,0.077897204
1751976382.8749,-0.006505108,-0.020897569,0.077897204
1751976382.87694,-0.006505108,-0.020897569,0.077897204
1751976382.87894,-0.006505108,-0.020897569,0.077897204
1751976382.88094,-0.006505108,-0.020897569,0.077897204
1751976382.88299,-0.006505108,-0.020897569,0.077897204
1751976382.88494,-0.006264706,-0.020925282,0.077942072
1751976382.88694,-0.006264706,-0.020925282,0.077942072
1751976382.88898,-0.006264706,-0.020925282,0.077942072
1751976382.89094,-0.006264706,-0.020925282,0.077942072
1751976382.89297,-0.006264706,-0.020925282,0.077942072
1751976382.89494,-0.006264706,-0.020925282,0.077942072
1751976382.89697,-0.006154713,-0.02094227,0.077942307
1751976382.89898,-0.006154713,-0.02094227,0.077942307
1751976382.90096,-0.006154713,-0.02094227,0.077942307
1751976382.90302,-0.006154713,-0.02094227,0.077942307
1751976382.90496,-0.006154713,-0.02094227,0.077942307
1751976382.90699,-0.006154713,-0.02094227,0.077942307
1751976382.90897,-0.006112121,-0.020947656,0.077910289
1751976382.91094,-0.006112121,-0.020947656,0.077910289
1751976382.91295,-0.006112121,-0.020947656,0.077910289
1751976382.91495,-0.006112121,-0.020947656,0.077910289
1751976382.91696,-0.006112121,-0.020947656,0.077910289
1751976382.91898,-0.006112121,-0.020947656,0.077910289
1751976382.92095,-0.006106334,-0.020967654,0.077921535
1751976382.92298,-0.006106334,-0.020967654,0.077921535
1751976382.92493,-0.006106334,-0.020967654,0.077921535
1751976382.92693,-0.006106334,-0.020967654,0.077921535
1751976382.92893,-0.006106334,-0.020967654,0.077921535
1751976382.93098,-0.006106334,-0.020967654,0.077921535
1751976382.93294,-0.006073722,-0.021045836,0.077904183
1751976382.93496,-0.006073722,-0.021045836,0.077904183
1751976382.93697,-0.006073722,-0.021045836,0.077904183
1751976382.93896,-0.006073722,-0.021045836,0.077904183
1751976382.94096,-0.006073722,-0.021045836,0.077904183
1751976382.94301,-0.006075647,-0.021094792,0.077877986
1751976382.94497,-0.006075647,-0.021094792,0.077877986
1751976382.94699,-0.006075647,-0.021094792,0.077877986
1751976382.94899,-0.006075647,-0.021094792,0.077877986
1751976382.95097,-0.006075647,-0.021094792,0.077877986
1751976382.95297,-0.006075647,-0.021094792,0.077877986
1751976382.95494,-0.006038285,-0.021179809,0.077899831
1751976382.95695,-0.006038285,-0.021179809,0.077899831
1751976382.95896,-0.006038285,-0.021179809,0.077899831
1751976382.96095,-0.006038285,-0.021179809,0.077899831
1751976382.963,-0.006038285,-0.021179809,0.077899831
1751976382.96494,-0.006038285,-0.021179809,0.077899831
1751976382.96699,-0.006011644,-0.021191792,0.077934991
1751976382.96894,-0.006011644,-0.021191792,0.077934991
1751976382.97097,-0.006011644,-0.021191792,0.077934991
1751976382.97299,-0.006011644,-0.021191792,0.077934991
1751976382.97494,-0.006011644,-0.021191792,0.077934991
1751976382.97694,-0.005971739,-0.021235751,0.077953067
1751976382.97899,-0.005971739,-0.021235751,0.077953067
1751976382.98095,-0.005971739,-0.021235751,0.077953067
1751976382.98296,-0.005971739,-0.021235751,0.077953067
1751976382.98499,-0.005971739,-0.021235751,0.077953067
1751976382.98698,-0.005971739,-0.021235751,0.077953067
1751976382.98893,-0.006037025,-0.021245685,0.077932656
1751976382.99097,-0.006037025,-0.021245685,0.077932656
1751976382.99297,-0.006037025,-0.021245685,0.077932656
1751976382.99497,-0.006037025,-0.021245685,0.077932656
1751976382.99696,-0.006037025,-0.021245685,0.077932656
1751976382.99892,-0.006064087,-0.021360445,0.077835216
1751976383.00097,-0.006064087,-0.021360445,0.077835216
1751976383.00294,-0.006064087,-0.021360445,0.077835216
1751976383.00493,-0.006064087,-0.021360445,0.077835216
1751976383.00693,-0.006064087,-0.021360445,0.077835216
1751976383.00887,-0.006064087,-0.021360445,0.077835216
1751976383.01098,-0.006052433,-0.021419966,0.077853996
1751976383.01293,-0.006052433,-0.021419966,0.077853996
1751976383.01492,-0.006052433,-0.021419966,0.077853996
1751976383.01697,-0.006052433,-0.021419966,0.077853996
1751976383.01898,-0.006052433,-0.021419966,0.077853996
1751976383.02094,-0.006047969,-0.021452141,0.077897845
1751976383.02295,-0.006047969,-0.021452141,0.077897845
1751976383.02495,-0.006047969,-0.021452141,0.077897845
1751976383.02701,-0.006047969,-0.021452141,0.077897845
1751976383.0289,-0.006047969,-0.021452141,0.077897845
1751976383.03097,-0.006047969,-0.021452141,0.077897845
1751976383.03301,-0.006038266,-0.021464905,0.077871476
1751976383.03496,-0.006038266,-0.021464905,0.077871476
1751976383.03694,-0.006038266,-0.021464905,0.077871476
1751976383.03892,-0.006038266,-0.021464905,0.077871476
1751976383.04093,-0.006038266,-0.021464905,0.077871476
1751976383.04293,-0.006038266,-0.021464905,0.077871476
1751976383.04493,-0.006055223,-0.021479901,0.077890447
1751976383.04694,-0.006055223,-0.021479901,0.077890447
1751976383.04899,-0.006055223,-0.021479901,0.077890447
1751976383.05101,-0.006055223,-0.021479901,0.077890447
1751976383.05295,-0.006055223,-0.021479901,0.077890447
1751976383.05498,-0.005968366,-0.021491666,0.077908126
1751976383.05694,-0.005968366,-0.021491666,0.077908126
1751976383.05896,-0.005968366,-0.021491666,0.077908126
1751976383.06096,-0.005968366,-0.021491666,0.077908126
1751976383.06296,-0.005968366,-0.021491666,0.077908126
1751976383.06496,-0.005920518,-0.021532484,0.077870828
1751976383.06698,-0.005920518,-0.021532484,0.077870828
1751976383.06899,-0.005920518,-0.021532484,0.077870828
1751976383.07102,-0.005920518,-0.021532484,0.077870828
1751976383.07299,-0.005920518,-0.021532484,0.077870828
1751976383.075,-0.005920518,-0.021532484,0.077870828
1751976383.07696,-0.005945397,-0.021585147,0.077860944
1751976383.07895,-0.005945397,-0.021585147,0.077860944
1751976383.08096,-0.005945397,-0.021585147,0.077860944
1751976383.08296,-0.005945397,-0.021585147,0.077860944
1751976383.08496,-0.005945397,-0.021585147,0.077860944
1751976383.08695,-0.005871283,-0.021634158,0.077881492
1751976383.08898,-0.005871283,-0.021634158,0.077881492
1751976383.09099,-0.005871283,-0.021634158,0.077881492
1751976383.09295,-0.005871283,-0.021634158,0.077881492
1751976383.09493,-0.005871283,-0.021634158,0.077881492
1751976383.09695,-0.005871283,-0.021634158,0.077881492
1751976383.09895,-0.005866508,-0.021585086,0.077911303
1751976383.10094,-0.005866508,-0.021585086,0.077911303
1751976383.10294,-0.005866508,-0.021585086,0.077911303
1751976383.10494,-0.005866508,-0.021585086,0.077911303
1751976383.10695,-0.005866508,-0.021585086,0.077911303
1751976383.109,-0.005866508,-0.021585086,0.077911303
1751976383.11096,-0.005952584,-0.02158046,0.077875746
1751976383.11304,-0.005952584,-0.02158046,0.077875746
1751976383.11499,-0.005952584,-0.02158046,0.077875746
1751976383.11701,-0.005952584,-0.02158046,0.077875746
1751976383.11895,-0.005952584,-0.02158046,0.077875746
1751976383.12099,-0.005952584,-0.02158046,0.077875746
1751976383.12299,-0.00598158,-0.021545105,0.077922593
1751976383.12493,-0.00598158,-0.021545105,0.077922593
1751976383.12694,-0.00598158,-0.021545105,0.077922593
1751976383.12896,-0.00598158,-0.021545105,0.077922593
1751976383.13087,-0.00598158,-0.021545105,0.077922593
1751976383.13297,-0.00598158,-0.021545105,0.077922593
1751976383.13495,-0.005979258,-0.021532632,0.077936478
1751976383.13695,-0.005979258,-0.021532632,0.077936478
1751976383.13893,-0.005979258,-0.021532632,0.077936478
1751976383.14094,-0.005979258,-0.021532632,0.077936478
1751976383.14297,-0.005979258,-0.021532632,0.077936478
1751976383.14501,-0.005990496,-0.021543963,0.077932676
1751976383.14697,-0.005990496,-0.021543963,0.077932676
1751976383.14895,-0.005990496,-0.021543963,0.077932676
1751976383.1509,-0.005990496,-0.021543963,0.077932676
1751976383.15295,-0.005990496,-0.021543963,0.077932676
1751976383.15496,-0.005990496,-0.021543963,0.077932676
1751976383.15696,-0.006023558,-0.021514349,0.07786747
1751976383.15901,-0.006023558,-0.021514349,0.07786747
1751976383.16093,-0.006023558,-0.021514349,0.07786747
1751976383.16297,-0.006023558,-0.021514349,0.07786747
1751976383.16498,-0.006023558,-0.021514349,0.07786747
1751976383.16695,-0.006023558,-0.021514349,0.07786747
1751976383.16894,-0.00604526,-0.021477957,0.077842309
1751976383.17094,-0.00604526,-0.021477957,0.077842309
1751976383.17294,-0.00604526,-0.021477957,0.077842309
1751976383.17497,-0.00604526,-0.021477957,0.077842309
1751976383.17695,-0.00604526,-0.021477957,0.077842309
1751976383.17895,-0.006019677,-0.021469838,0.077900829
1751976383.18092,-0.006019677,-0.021469838,0.077900829
1751976383.18293,-0.006019677,-0.021469838,0.077900829
1751976383.18494,-0.006019677,-0.021469838,0.077900829
1751976383.18694,-0.006019677,-0.021469838,0.077900829
1751976383.18893,-0.006019677,-0.021469838,0.077900829
1751976383.19094,-0.00593289,-0.021480924,0.07787604
1751976383.19295,-0.00593289,-0.021480924,0.07787604
1751976383.19496,-0.00593289,-0.021480924,0.07787604
1751976383.19695,-0.00593289,-0.021480924,0.07787604
1751976383.199,-0.00593289,-0.021480924,0.07787604
1751976383.20094,-0.005997354,-0.021474538,0.077848553
1751976383.20295,-0.005997354,-0.021474538,0.077848553
1751976383.20494,-0.005997354,-0.021474538,0.077848553
1751976383.20701,-0.005997354,-0.021474538,0.077848553
1751976383.20896,-0.005997354,-0.021474538,0.077848553
1751976383.211,-0.005997354,-0.021474538,0.077848553
1751976383.21298,-0.005917239,-0.021486995,0.077820516
1751976383.215,-0.005917239,-0.021486995,0.077820516
1751976383.21694,-0.005917239,-0.021486995,0.077820516
1751976383.21901,-0.005917239,-0.021486995,0.077820516
1751976383.22093,-0.005917239,-0.021486995,0.077820516
1751976383.22293,-0.005917239,-0.021486995,0.077820516
1751976383.22495,-0.005924377,-0.021478829,0.077914184
1751976383.22695,-0.005924377,-0.021478829,0.077914184
1751976383.22894,-0.005924377,-0.021478829,0.077914184
1751976383.23095,-0.005924377,-0.021478829,0.077914184
1751976383.23298,-0.005924377,-0.021478829,0.077914184
1751976383.23495,-0.006003106,-0.021476801,0.077809773
1751976383.23693,-0.006003106,-0.021476801,0.077809773
1751976383.23894,-0.006003106,-0.021476801,0.077809773
1751976383.241,-0.006003106,-0.021476801,0.077809773
1751976383.24313,-0.006003106,-0.021476801,0.077809773
1751976383.24497,-0.00602127,-0.021474954,0.077803511
1751976383.24696,-0.00602127,-0.021474954,0.077803511
1751976383.24895,-0.00602127,-0.021474954,0.077803511
1751976383.25096,-0.00602127,-0.021474954,0.077803511
1751976383.253,-0.00602127,-0.021474954,0.077803511
1751976383.25496,-0.005941991,-0.021477926,0.077896617
1751976383.25693,-0.005941991,-0.021477926,0.077896617
1751976383.25895,-0.005941991,-0.021477926,0.077896617
1751976383.26097,-0.005941991,-0.021477926,0.077896617
1751976383.26296,-0.005941991,-0.021477926,0.077896617
1751976383.26494,-0.005941991,-0.021477926,0.077896617
1751976383.26694,-0.006036702,-0.021469261,0.077851468
1751976383.26889,-0.006036702,-0.021469261,0.077851468
1751976383.27095,-0.006036702,-0.021469261,0.077851468
1751976383.27296,-0.006036702,-0.021469261,0.077851468
1751976383.27495,-0.006036702,-0.021469261,0.077851468
1751976383.27695,-0.006036702,-0.021469261,0.077851468
1751976383.27895,-0.006085012,-0.021496556,0.077899255
1751976383.28096,-0.006085012,-0.021496556,0.077899255
1751976383.28297,-0.006085012,-0.021496556,0.077899255
1751976383.28495,-0.006085012,-0.021496556,0.077899255
1751976383.28696,-0.006085012,-0.021496556,0.077899255
1751976383.28896,-0.006085012,-0.021496556,0.077899255
1751976383.29099,-0.0061912,-0.021565526,0.077921743
1751976383.29297,-0.0061912,-0.021565526,0.077921743
1751976383.29496,-0.0061912,-0.021565526,0.077921743
1751976383.29694,-0.0061912,-0.021565526,0.077921743
1751976383.29894,-0.0061912,-0.021565526,0.077921743
1751976383.30095,-0.006357334,-0.021629718,0.077915754
1751976383.30296,-0.006357334,-0.021629718,0.077915754
1751976383.30498,-0.006357334,-0.021629718,0.077915754
1751976383.30699,-0.006357334,-0.021629718,0.077915754
1751976383.30895,-0.006357334,-0.021629718,0.077915754
1751976383.31098,-0.006449407,-0.021653326,0.07791093
1751976383.31303,-0.006449407,-0.021653326,0.07791093
1751976383.31499,-0.006449407,-0.021653326,0.07791093
1751976383.31694,-0.006449407,-0.021653326,0.07791093
1751976383.31894,-0.006449407,-0.021653326,0.07791093
1751976383.32088,-0.006449407,-0.021653326,0.07791093
1751976383.32294,-0.006710735,-0.021790715,0.077916759
1751976383.32496,-0.006710735,-0.021790715,0.077916759
1751976383.32703,-0.006710735,-0.021790715,0.077916759
1751976383.32897,-0.006710735,-0.021790715,0.077916759
1751976383.33095,-0.006710735,-0.021790715,0.077916759
1751976383.33302,-0.006970669,-0.021976577,0.077892328
1751976383.33501,-0.006970669,-0.021976577,0.077892328
1751976383.33697,-0.006970669,-0.021976577,0.077892328
1751976383.33892,-0.006970669,-0.021976577,0.077892328
1751976383.34099,-0.006970669,-0.021976577,0.077892328
1751976383.34303,-0.007140116,-0.022128423,0.077859155
1751976383.34495,-0.007140116,-0.022128423,0.077859155
1751976383.34695,-0.007140116,-0.022128423,0.077859155
1751976383.34897,-0.007140116,-0.022128423,0.077859155
1751976383.35094,-0.007140116,-0.022128423,0.077859155
1751976383.35289,-0.007140116,-0.022128423,0.077859155
1751976383.35498,-0.007502672,-0.022309247,0.077819188
1751976383.35693,-0.007502672,-0.022309247,0.077819188
1751976383.35894,-0.007502672,-0.022309247,0.077819188
1751976383.36098,-0.007502672,-0.022309247,0.077819188
1751976383.36294,-0.007502672,-0.022309247,0.077819188
1751976383.36493,-0.007600183,-0.022462593,0.077837773
1751976383.36698,-0.007600183,-0.022462593,0.077837773
1751976383.36899,-0.007600183,-0.022462593,0.077837773
1751976383.37107,-0.007600183,-0.022462593,0.077837773
1751976383.373,-0.007600183,-0.022462593,0.077837773
1751976383.37497,-0.00792759,-0.022574674,0.077702841
1751976383.37693,-0.00792759,-0.022574674,0.077702841
1751976383.37896,-0.00792759,-0.022574674,0.077702841
1751976383.38098,-0.00792759,-0.022574674,0.077702841
1751976383.38295,-0.00792759,-0.022574674,0.077702841
1751976383.38494,-0.00792759,-0.022574674,0.077702841
1751976383.38702,-0.008182377,-0.022672165,0.077818475
1751976383.38894,-0.008182377,-0.022672165,0.077818475
1751976383.39095,-0.008182377,-0.022672165,0.077818475
1751976383.39295,-0.008182377,-0.022672165,0.077818475
1751976383.39494,-0.008182377,-0.022672165,0.077818475
1751976383.39697,-0.008182377,-0.022672165,0.077818475
1751976383.39894,-0.008337589,-0.022762361,0.077767265
1751976383.40096,-0.008337589,-0.022762361,0.077767265
1751976383.40297,-0.008337589,-0.022762361,0.077767265
1751976383.40493,-0.008337589,-0.022762361,0.077767265
1751976383.40696,-0.008337589,-0.022762361,0.077767265
1751976383.40897,-0.008337589,-0.022762361,0.077767265
1751976383.41091,-0.008624832,-0.022847344,0.077767756
1751976383.41294,-0.008624832,-0.022847344,0.077767756
1751976383.41498,-0.008624832,-0.022847344,0.077767756
1751976383.41697,-0.008624832,-0.022847344,0.077767756
1751976383.41897,-0.008624832,-0.022847344,0.077767756
1751976383.42098,-0.008624832,-0.022847344,0.077767756
1751976383.42295,-0.008718961,-0.022878466,0.077731945
1751976383.42494,-0.008718961,-0.022878466,0.077731945
1751976383.42696,-0.008718961,-0.022878466,0.077731945
1751976383.42899,-0.008718961,-0.022878466,0.077731945
1751976383.43098,-0.008718961,-0.022878466,0.077731945
1751976383.43298,-0.008718961,-0.022878466,0.077731945
1751976383.435,-0.008714175,-0.022883003,0.077787832
1751976383.43695,-0.008714175,-0.022883003,0.077787832
1751976383.43894,-0.008714175,-0.022883003,0.077787832
1751976383.44096,-0.008714175,-0.022883003,0.077787832
1751976383.44295,-0.008714175,-0.022883003,0.077787832
1751976383.44494,-0.008714175,-0.022883003,0.077787832
1751976383.44694,-0.008730497,-0.022879615,0.07782001
1751976383.44895,-0.008730497,-0.022879615,0.07782001
1751976383.45096,-0.008730497,-0.022879615,0.07782001
1751976383.45294,-0.008730497,-0.022879615,0.07782001
1751976383.45497,-0.008730497,-0.022879615,0.07782001
1751976383.45699,-0.008719591,-0.022866238,0.077782904
1751976383.45896,-0.008719591,-0.022866238,0.077782904
1751976383.46099,-0.008719591,-0.022866238,0.077782904
1751976383.46296,-0.008719591,-0.022866238,0.077782904
1751976383.46497,-0.008719591,-0.022866238,0.077782904
1751976383.46695,-0.008671952,-0.022856816,0.077752259
1751976383.469,-0.008671952,-0.022856816,0.077752259
1751976383.47094,-0.008671952,-0.022856816,0.077752259
1751976383.47295,-0.008671952,-0.022856816,0.077752259
1751976383.47499,-0.008671952,-0.022856816,0.077752259
1751976383.47694,-0.008527823,-0.022889863,0.077807439
1751976383.47895,-0.008527823,-0.022889863,0.077807439
1751976383.48099,-0.008527823,-0.022889863,0.077807439
1751976383.48302,-0.008527823,-0.022889863,0.077807439
1751976383.48494,-0.008527823,-0.022889863,0.077807439
1751976383.48695,-0.008527823,-0.022889863,0.077807439
1751976383.48895,-0.008334945,-0.022928361,0.077847462
1751976383.49095,-0.008334945,-0.022928361,0.077847462
1751976383.49296,-0.008334945,-0.022928361,0.077847462
1751976383.49498,-0.008334945,-0.022928361,0.077847462
1751976383.497,-0.008334945,-0.022928361,0.077847462
1751976383.49903,-0.00812244,-0.023009933,0.077829027
1751976383.50101,-0.00812244,-0.023009933,0.077829027
1751976383.50297,-0.00812244,-0.023009933,0.077829027
1751976383.50495,-0.00812244,-0.023009933,0.077829027
1751976383.50696,-0.00812244,-0.023009933,0.077829027
1751976383.5089,-0.00812244,-0.023009933,0.077829027
1751976383.51095,-0.008059521,-0.023070711,0.077819713
1751976383.51293,-0.008059521,-0.023070711,0.077819713
1751976383.51495,-0.008059521,-0.023070711,0.077819713
1751976383.51698,-0.008059521,-0.023070711,0.077819713
1751976383.51899,-0.008059521,-0.023070711,0.077819713
1751976383.52093,-0.008037553,-0.023184595,0.077825992
1751976383.52295,-0.008037553,-0.023184595,0.077825992
1751976383.52489,-0.008037553,-0.023184595,0.077825992
1751976383.52694,-0.008037553,-0.023184595,0.077825992
1751976383.5289,-0.008037553,-0.023184595,0.077825992
1751976383.53096,-0.008037553,-0.023184595,0.077825992
1751976383.53296,-0.008140528,-0.023278221,0.077757808
1751976383.53493,-0.008140528,-0.023278221,0.077757808
1751976383.53693,-0.008140528,-0.023278221,0.077757808
1751976383.53893,-0.008140528,-0.023278221,0.077757808
1751976383.54099,-0.008140528,-0.023278221,0.077757808
1751976383.54297,-0.008250084,-0.023482664,0.077796847
1751976383.54501,-0.008250084,-0.023482664,0.077796847
1751976383.54696,-0.008250084,-0.023482664,0.077796847
1751976383.54894,-0.008250084,-0.023482664,0.077796847
1751976383.55095,-0.008250084,-0.023482664,0.077796847
1751976383.55295,-0.008250084,-0.023482664,0.077796847
1751976383.55493,-0.008518692,-0.023769189,0.077752515
1751976383.5569,-0.008518692,-0.023769189,0.077752515
1751976383.55893,-0.008518692,-0.023769189,0.077752515
1751976383.56103,-0.008518692,-0.023769189,0.077752515
1751976383.56298,-0.008518692,-0.023769189,0.077752515
1751976383.56498,-0.008752528,-0.023975427,0.077735596
1751976383.56695,-0.008752528,-0.023975427,0.077735596
1751976383.56897,-0.008752528,-0.023975427,0.077735596
1751976383.57094,-0.008752528,-0.023975427,0.077735596
1751976383.57293,-0.008752528,-0.023975427,0.077735596
1751976383.57493,-0.008752528,-0.023975427,0.077735596
1751976383.57695,-0.009073016,-0.024206854,0.077683928
1751976383.57897,-0.009073016,-0.024206854,0.077683928
1751976383.58095,-0.009073016,-0.024206854,0.077683928
1751976383.58296,-0.009073016,-0.024206854,0.077683928
1751976383.58496,-0.009073016,-0.024206854,0.077683928
1751976383.587,-0.009392194,-0.024333514,0.077748911
1751976383.58896,-0.009392194,-0.024333514,0.077748911
1751976383.59095,-0.009392194,-0.024333514,0.077748911
1751976383.59302,-0.009392194,-0.024333514,0.077748911
1751976383.59498,-0.009392194,-0.024333514,0.077748911
1751976383.59701,-0.009763543,-0.024386888,0.077690125
1751976383.59894,-0.009763543,-0.024386888,0.077690125
1751976383.60095,-0.009763543,-0.024386888,0.077690125
1751976383.60293,-0.009763543,-0.024386888,0.077690125
1751976383.60495,-0.009763543,-0.024386888,0.077690125
1751976383.60694,-0.009763543,-0.024386888,0.077690125
1751976383.60895,-0.010035647,-0.024430903,0.077729548
1751976383.61093,-0.010035647,-0.024430903,0.077729548
1751976383.61299,-0.010035647,-0.024430903,0.077729548
1751976383.61493,-0.010035647,-0.024430903,0.077729548
1751976383.61695,-0.010035647,-0.024430903,0.077729548
1751976383.61893,-0.010035647,-0.024430903,0.077729548
1751976383.62094,-0.01036666,-0.024399522,0.077711589
1751976383.62291,-0.01036666,-0.024399522,0.077711589
1751976383.62496,-0.01036666,-0.024399522,0.077711589
1751976383.62701,-0.01036666,-0.024399522,0.077711589
1751976383.62898,-0.01036666,-0.024399522,0.077711589
1751976383.63095,-0.010576714,-0.024368738,0.077743208
1751976383.63298,-0.010576714,-0.024368738,0.077743208
1751976383.63495,-0.010576714,-0.024368738,0.077743208
1751976383.63695,-0.010576714,-0.024368738,0.077743208
1751976383.63894,-0.010576714,-0.024368738,0.077743208
1751976383.64095,-0.010576714,-0.024368738,0.077743208
1751976383.64295,-0.010670813,-0.024340797,0.07766105
1751976383.64494,-0.010670813,-0.024340797,0.07766105
1751976383.64694,-0.010670813,-0.024340797,0.07766105
1751976383.64894,-0.010670813,-0.024340797,0.07766105
1751976383.65096,-0.010670813,-0.024340797,0.07766105
1751976383.65295,-0.010659813,-0.024201579,0.077645385
1751976383.65492,-0.010659813,-0.024201579,0.077645385
1751976383.65693,-0.010659813,-0.024201579,0.077645385
1751976383.65897,-0.010659813,-0.024201579,0.077645385
1751976383.66097,-0.010659813,-0.024201579,0.077645385
1751976383.663,-0.010579109,-0.024098121,0.077735554
1751976383.66496,-0.010579109,-0.024098121,0.077735554
1751976383.66694,-0.010579109,-0.024098121,0.077735554
1751976383.66897,-0.010579109,-0.024098121,0.077735554
1751976383.67096,-0.010579109,-0.024098121,0.077735554
1751976383.67297,-0.010579109,-0.024098121,0.077735554
1751976383.67495,-0.010313272,-0.023929111,0.077768467
1751976383.67696,-0.010313272,-0.023929111,0.077768467
1751976383.67896,-0.010313272,-0.023929111,0.077768467
1751976383.68099,-0.010313272,-0.023929111,0.077768467
1751976383.68295,-0.010313272,-0.023929111,0.077768467
1751976383.68496,-0.010313272,-0.023929111,0.077768467
1751976383.68694,-0.010193526,-0.023762248,0.077682242
1751976383.68895,-0.010193526,-0.023762248,0.077682242
1751976383.69099,-0.010193526,-0.023762248,0.077682242
1751976383.69296,-0.010193526,-0.023762248,0.077682242
1751976383.69495,-0.010193526,-0.023762248,0.077682242
1751976383.69694,-0.010193526,-0.023762248,0.077682242
1751976383.69894,-0.009966789,-0.023728229,0.077725115
1751976383.70093,-0.009966789,-0.023728229,0.077725115
1751976383.70294,-0.009966789,-0.023728229,0.077725115
1751976383.70494,-0.009966789,-0.023728229,0.077725115
1751976383.70695,-0.009966789,-0.023728229,0.077725115
1751976383.70892,-0.009881658,-0.023678163,0.077742773
1751976383.71096,-0.009881658,-0.023678163,0.077742773
1751976383.713,-0.009881658,-0.023678163,0.077742773
1751976383.71504,-0.009881658,-0.023678163,0.077742773
1751976383.71697,-0.009881658,-0.023678163,0.077742773
1751976383.71899,-0.009881658,-0.023678163,0.077742773
1751976383.72095,-0.009724749,-0.023656135,0.077753825
1751976383.72292,-0.009724749,-0.023656135,0.077753825
1751976383.72495,-0.009724749,-0.023656135,0.077753825
1751976383.72695,-0.009724749,-0.023656135,0.077753825
1751976383.72893,-0.009724749,-0.023656135,0.077753825
1751976383.73094,-0.009724749,-0.023656135,0.077753825
1751976383.7329,-0.009571059,-0.023571468,0.07773359
1751976383.73502,-0.009571059,-0.023571468,0.07773359
1751976383.73693,-0.009571059,-0.023571468,0.07773359
1751976383.73895,-0.009571059,-0.023571468,0.07773359
1751976383.741,-0.009571059,-0.023571468,0.07773359
1751976383.74294,-0.009487056,-0.023543143,0.07775667
1751976383.74495,-0.009487056,-0.023543143,0.07775667
1751976383.74699,-0.009487056,-0.023543143,0.07775667
1751976383.74896,-0.009487056,-0.023543143,0.07775667
1751976383.75093,-0.009487056,-0.023543143,0.07775667
1751976383.75305,-0.009487056,-0.023543143,0.07775667
1751976383.75509,-0.009447068,-0.02353922,0.077748309
1751976383.757,-0.009447068,-0.02353922,0.077748309
1751976383.75897,-0.009447068,-0.02353922,0.077748309
1751976383.76098,-0.009447068,-0.02353922,0.077748309
1751976383.76298,-0.009447068,-0.02353922,0.077748309
1751976383.76498,-0.009447068,-0.02353922,0.077748309
1751976383.76696,-0.009280973,-0.023561594,0.077736033
1751976383.76896,-0.009280973,-0.023561594,0.077736033
1751976383.77094,-0.009280973,-0.023561594,0.077736033
1751976383.77293,-0.009280973,-0.023561594,0.077736033
1751976383.775,-0.009280973,-0.023561594,0.077736033
1751976383.77693,-0.00912496,-0.023548879,0.077725501
1751976383.77894,-0.00912496,-0.023548879,0.077725501
1751976383.78096,-0.00912496,-0.023548879,0.077725501
1751976383.78294,-0.00912496,-0.023548879,0.077725501
1751976383.78496,-0.00912496,-0.023548879,0.077725501
1751976383.78697,-0.00912496,-0.023548879,0.077725501
1751976383.78896,-0.008857049,-0.023514565,0.077707848
1751976383.79094,-0.008857049,-0.023514565,0.077707848
1751976383.79295,-0.008857049,-0.023514565,0.077707848
1751976383.79496,-0.008857049,-0.023514565,0.077707848
1751976383.79696,-0.008857049,-0.023514565,0.077707848
1751976383.79894,-0.008857049,-0.023514565,0.077707848
1751976383.80098,-0.008474635,-0.023472008,0.077803746
1751976383.80295,-0.008474635,-0.023472008,0.077803746
1751976383.80496,-0.008474635,-0.023472008,0.077803746
1751976383.80696,-0.008474635,-0.023472008,0.077803746
1751976383.80898,-0.008474635,-0.023472008,0.077803746
1751976383.81096,-0.008170249,-0.023399609,0.077779946
1751976383.81297,-0.008170249,-0.023399609,0.077779946
1751976383.81495,-0.008170249,-0.023399609,0.077779946
1751976383.81692,-0.008170249,-0.023399609,0.077779946
1751976383.81896,-0.008170249,-0.023399609,0.077779946
1751976383.82094,-0.008170249,-0.023399609,0.077779946
1751976383.823,-0.007749659,-0.02332825,0.077817401
1751976383.82493,-0.007749659,-0.02332825,0.077817401
1751976383.82692,-0.007749659,-0.02332825,0.077817401
1751976383.82894,-0.007749659,-0.02332825,0.077817401
1751976383.83094,-0.007749659,-0.02332825,0.077817401
1751976383.83293,-0.007749659,-0.02332825,0.077817401
1751976383.83501,-0.007346328,-0.023200899,0.077773881
1751976383.83694,-0.007346328,-0.023200899,0.077773881
1751976383.83893,-0.007346328,-0.023200899,0.077773881
1751976383.84096,-0.007346328,-0.023200899,0.077773881
1751976383.84295,-0.007346328,-0.023200899,0.077773881
1751976383.84496,-0.007041223,-0.023146351,0.077808602
1751976383.84697,-0.007041223,-0.023146351,0.077808602
1751976383.84903,-0.007041223,-0.023146351,0.077808602
1751976383.85103,-0.007041223,-0.023146351,0.077808602
1751976383.85298,-0.007041223,-0.023146351,0.077808602
1751976383.85502,-0.006825631,-0.023005606,0.077753479
1751976383.85696,-0.006825631,-0.023005606,0.077753479
1751976383.85894,-0.006825631,-0.023005606,0.077753479
1751976383.86099,-0.006825631,-0.023005606,0.077753479
1751976383.86298,-0.006825631,-0.023005606,0.077753479
1751976383.86496,-0.006633943,-0.022884198,0.07779675
1751976383.86695,-0.006633943,-0.022884198,0.07779675
1751976383.86894,-0.006633943,-0.022884198,0.07779675
1751976383.87097,-0.006633943,-0.022884198,0.07779675
1751976383.87289,-0.006633943,-0.022884198,0.07779675
1751976383.87496,-0.006633943,-0.022884198,0.07779675
1751976383.87699,-0.006533322,-0.022713751,0.077675223
1751976383.87896,-0.006533322,-0.022713751,0.077675223
1751976383.88104,-0.006533322,-0.022713751,0.077675223
1751976383.88298,-0.006533322,-0.022713751,0.077675223
1751976383.88497,-0.006533322,-0.022713751,0.077675223
1751976383.88698,-0.006533322,-0.022713751,0.077675223
1751976383.88897,-0.006268703,-0.02254172,0.077811017
1751976383.89097,-0.006268703,-0.02254172,0.077811017
1751976383.89292,-0.006268703,-0.02254172,0.077811017
1751976383.89494,-0.006268703,-0.02254172,0.077811017
1751976383.89699,-0.006268703,-0.02254172,0.077811017
1751976383.89894,-0.006178002,-0.022364107,0.077871103
1751976383.90094,-0.006178002,-0.022364107,0.077871103
1751976383.90295,-0.006178002,-0.022364107,0.077871103
1751976383.90495,-0.006178002,-0.022364107,0.077871103
1751976383.90695,-0.006178002,-0.022364107,0.077871103
1751976383.90893,-0.006178002,-0.022364107,0.077871103
1751976383.91097,-0.006129245,-0.022236282,0.077806326
1751976383.91298,-0.006129245,-0.022236282,0.077806326
1751976383.91497,-0.006129245,-0.022236282,0.077806326
1751976383.91694,-0.006129245,-0.022236282,0.077806326
1751976383.91899,-0.006129245,-0.022236282,0.077806326
1751976383.92096,-0.006104186,-0.022104346,0.07775423
1751976383.92294,-0.006104186,-0.022104346,0.07775423
1751976383.92496,-0.006104186,-0.022104346,0.07775423
1751976383.92695,-0.006104186,-0.022104346,0.07775423
1751976383.92901,-0.006104186,-0.022104346,0.07775423
1751976383.93098,-0.006104186,-0.022104346,0.07775423
1751976383.93296,-0.005767918,-0.021860696,0.077830725
1751976383.93496,-0.005767918,-0.021860696,0.077830725
1751976383.93699,-0.005767918,-0.021860696,0.077830725
1751976383.93897,-0.005767918,-0.021860696,0.077830725
1751976383.94094,-0.005767918,-0.021860696,0.077830725
1751976383.94296,-0.005767918,-0.021860696,0.077830725
1751976383.94498,-0.005438739,-0.021658248,0.077919462
1751976383.94708,-0.005438739,-0.021658248,0.077919462
1751976383.949,-0.005438739,-0.021658248,0.077919462
1751976383.95097,-0.005438739,-0.021658248,0.077919462
1751976383.95296,-0.005438739,-0.021658248,0.077919462
1751976383.95495,-0.005056807,-0.021602439,0.077919154
1751976383.95695,-0.005056807,-0.021602439,0.077919154
1751976383.95894,-0.005056807,-0.021602439,0.077919154
1751976383.96096,-0.005056807,-0.021602439,0.077919154
1751976383.96295,-0.005056807,-0.021602439,0.077919154
1751976383.96494,-0.005056807,-0.021602439,0.077919154
1751976383.96696,-0.004711497,-0.021554542,0.077967892
1751976383.96897,-0.004711497,-0.021554542,0.077967892
1751976383.97095,-0.004711497,-0.021554542,0.077967892
1751976383.97298,-0.004711497,-0.021554542,0.077967892
1751976383.97496,-0.004711497,-0.021554542,0.077967892
1751976383.97698,-0.004711497,-0.021554542,0.077967892
1751976383.979,-0.004262929,-0.021315784,0.078011167
1751976383.98098,-0.004262929,-0.021315784,0.078011167
1751976383.98295,-0.004262929,-0.021315784,0.078011167
1751976383.98495,-0.004262929,-0.021315784,0.078011167
1751976383.98698,-0.004262929,-0.021315784,0.078011167
1751976383.98896,-0.004262929,-0.021315784,0.078011167
1751976383.99095,-0.003955244,-0.021242899,0.077977657
1751976383.99301,-0.003955244,-0.021242899,0.077977657
1751976383.99497,-0.003955244,-0.021242899,0.077977657
1751976383.99695,-0.003955244,-0.021242899,0.077977657
1751976383.99899,-0.003955244,-0.021242899,0.077977657
1751976384.00094,-0.003874093,-0.021033334,0.077913895
1751976384.00294,-0.003874093,-0.021033334,0.077913895
1751976384.00492,-0.003874093,-0.021033334,0.077913895
1751976384.00696,-0.003874093,-0.021033334,0.077913895
1751976384.00899,-0.003874093,-0.021033334,0.077913895
1751976384.01098,-0.003827842,-0.020844422,0.077958434
1751976384.01297,-0.003827842,-0.020844422,0.077958434
1751976384.01496,-0.003827842,-0.020844422,0.077958434
1751976384.01695,-0.003827842,-0.020844422,0.077958434
1751976384.01897,-0.003827842,-0.020844422,0.077958434
1751976384.02095,-0.003827842,-0.020844422,0.077958434
1751976384.02303,-0.003965471,-0.020676525,0.077956136
1751976384.02496,-0.003965471,-0.020676525,0.077956136
1751976384.02697,-0.003965471,-0.020676525,0.077956136
1751976384.02897,-0.003965471,-0.020676525,0.077956136
1751976384.03095,-0.003965471,-0.020676525,0.077956136
1751976384.03298,-0.004122459,-0.020501766,0.078031247
1751976384.035,-0.004122459,-0.020501766,0.078031247
1751976384.03694,-0.004122459,-0.020501766,0.078031247
1751976384.03898,-0.004122459,-0.020501766,0.078031247
1751976384.04095,-0.004122459,-0.020501766,0.078031247
1751976384.04297,-0.004122459,-0.020501766,0.078031247
1751976384.04496,-0.004410233,-0.020587056,0.078007562
1751976384.04696,-0.004410233,-0.020587056,0.078007562
1751976384.04893,-0.004410233,-0.020587056,0.078007562
1751976384.05094,-0.004410233,-0.020587056,0.078007562
1751976384.05296,-0.004410233,-0.020587056,0.078007562
1751976384.05494,-0.004534789,-0.020756734,0.077983452
1751976384.05694,-0.004534789,-0.020756734,0.077983452
1751976384.05893,-0.004534789,-0.020756734,0.077983452
1751976384.06098,-0.004534789,-0.020756734,0.077983452
1751976384.06296,-0.004534789,-0.020756734,0.077983452
1751976384.06498,-0.004534789,-0.020756734,0.077983452
1751976384.06697,-0.004578666,-0.021118822,0.07799036
1751976384.06898,-0.004578666,-0.021118822,0.07799036
1751976384.07094,-0.004578666,-0.021118822,0.07799036
1751976384.07295,-0.004578666,-0.021118822,0.07799036
1751976384.07496,-0.004578666,-0.021118822,0.07799036
1751976384.07696,-0.004566894,-0.021463256,0.077995265
1751976384.07892,-0.004566894,-0.021463256,0.077995265
1751976384.08097,-0.004566894,-0.021463256,0.077995265
1751976384.08294,-0.004566894,-0.021463256,0.077995265
1751976384.0849,-0.004566894,-0.021463256,0.077995265
1751976384.08698,-0.004566894,-0.021463256,0.077995265
1751976384.08896,-0.004621667,-0.021731605,0.077976047
1751976384.09089,-0.004621667,-0.021731605,0.077976047
1751976384.09297,-0.004621667,-0.021731605,0.077976047
1751976384.095,-0.004621667,-0.021731605,0.077976047
1751976384.09694,-0.004621667,-0.021731605,0.077976047
1751976384.09894,-0.004621667,-0.021731605,0.077976047
1751976384.10095,-0.004669658,-0.022005784,0.077941765
1751976384.10299,-0.004669658,-0.022005784,0.077941765
1751976384.10499,-0.004669658,-0.022005784,0.077941765
1751976384.10699,-0.004669658,-0.022005784,0.077941765
1751976384.109,-0.004669658,-0.022005784,0.077941765
1751976384.11095,-0.004771285,-0.022182695,0.077941247
1751976384.11295,-0.004771285,-0.022182695,0.077941247
1751976384.11494,-0.004771285,-0.022182695,0.077941247
1751976384.11694,-0.004771285,-0.022182695,0.077941247
1751976384.11895,-0.004771285,-0.022182695,0.077941247
1751976384.12097,-0.004771285,-0.022182695,0.077941247
1751976384.12296,-0.005188003,-0.022252791,0.077930973
1751976384.12491,-0.005188003,-0.022252791,0.077930973
1751976384.12694,-0.005188003,-0.022252791,0.077930973
1751976384.12895,-0.005188003,-0.022252791,0.077930973
1751976384.13094,-0.005188003,-0.022252791,0.077930973
1751976384.13294,-0.005188003,-0.022252791,0.077930973
1751976384.1349,-0.005699546,-0.022153887,0.077928337
1751976384.13694,-0.005699546,-0.022153887,0.077928337
1751976384.13895,-0.005699546,-0.022153887,0.077928337
1751976384.14099,-0.005699546,-0.022153887,0.077928337
1751976384.14295,-0.005699546,-0.022153887,0.077928337
1751976384.14497,-0.006185707,-0.021970099,0.077834793
1751976384.14701,-0.006185707,-0.021970099,0.077834793
1751976384.14901,-0.006185707,-0.021970099,0.077834793
1751976384.15098,-0.006185707,-0.021970099,0.077834793
1751976384.15303,-0.006185707,-0.021970099,0.077834793
1751976384.15497,-0.006185707,-0.021970099,0.077834793
1751976384.15695,-0.006516695,-0.021665581,0.077858366
1751976384.15894,-0.006516695,-0.021665581,0.077858366
1751976384.16095,-0.006516695,-0.021665581,0.077858366
1751976384.16297,-0.006516695,-0.021665581,0.077858366
1751976384.16494,-0.006516695,-0.021665581,0.077858366
1751976384.16697,-0.006516695,-0.021665581,0.077858366
1751976384.16901,-0.006827516,-0.021209184,0.077683517
1751976384.17096,-0.006827516,-0.021209184,0.077683517
1751976384.17295,-0.006827516,-0.021209184,0.077683517
1751976384.17496,-0.006827516,-0.021209184,0.077683517
1751976384.17694,-0.006827516,-0.021209184,0.077683517
1751976384.17893,-0.006827516,-0.021209184,0.077683517
1751976384.18094,-0.006657509,-0.020710192,0.07740275
1751976384.18308,-0.006657509,-0.020710192,0.07740275
1751976384.18494,-0.006657509,-0.020710192,0.07740275
1751976384.18696,-0.006657509,-0.020710192,0.07740275
1751976384.18901,-0.006657509,-0.020710192,0.07740275
1751976384.19095,-0.006288387,-0.020152929,0.077030382
1751976384.19296,-0.006288387,-0.020152929,0.077030382
1751976384.19497,-0.006288387,-0.020152929,0.077030382
1751976384.19698,-0.006288387,-0.020152929,0.077030382
1751976384.19895,-0.006288387,-0.020152929,0.077030382
1751976384.20097,-0.006288387,-0.020152929,0.077030382
1751976384.20304,-0.005691476,-0.019470217,0.076455087
1751976384.20495,-0.005691476,-0.019470217,0.076455087
1751976384.20695,-0.005691476,-0.019470217,0.076455087
1751976384.2089,-0.005691476,-0.019470217,0.076455087
1751976384.21095,-0.005691476,-0.019470217,0.076455087
1751976384.21297,-0.00532064,-0.018921121,0.076002744
1751976384.21495,-0.00532064,-0.018921121,0.076002744
1751976384.21696,-0.00532064,-0.018921121,0.076002744
1751976384.21895,-0.00532064,-0.018921121,0.076002744
1751976384.22095,-0.00532064,-0.018921121,0.076002744
1751976384.22294,-0.00532064,-0.018921121,0.076002744
1751976384.22493,-0.005053325,-0.018342239,0.075608345
1751976384.22693,-0.005053325,-0.018342239,0.075608345
1751976384.22896,-0.005053325,-0.018342239,0.075608345
1751976384.23097,-0.005053325,-0.018342239,0.075608345
1751976384.23299,-0.005053325,-0.018342239,0.075608345
1751976384.23499,-0.004976458,-0.018100426,0.075380599
1751976384.23702,-0.004976458,-0.018100426,0.075380599
1751976384.23895,-0.004976458,-0.018100426,0.075380599
1751976384.24094,-0.004976458,-0.018100426,0.075380599
1751976384.24296,-0.004976458,-0.018100426,0.075380599
1751976384.24494,-0.004976458,-0.018100426,0.075380599
1751976384.24694,-0.004963522,-0.017824468,0.07532604
1751976384.24894,-0.004963522,-0.017824468,0.07532604
1751976384.25093,-0.004963522,-0.017824468,0.07532604
1751976384.2529,-0.004963522,-0.017824468,0.07532604
1751976384.25494,-0.004963522,-0.017824468,0.07532604
1751976384.25693,-0.005070148,-0.017536936,0.075382444
1751976384.25889,-0.005070148,-0.017536936,0.075382444
1751976384.26093,-0.005070148,-0.017536936,0.075382444
1751976384.26294,-0.005070148,-0.017536936,0.075382444
1751976384.26496,-0.005070148,-0.017536936,0.075382444
1751976384.26696,-0.005280956,-0.017376763,0.075434666
1751976384.26894,-0.005280956,-0.017376763,0.075434666
1751976384.27095,-0.005280956,-0.017376763,0.075434666
1751976384.27297,-0.005280956,-0.017376763,0.075434666
1751976384.27495,-0.005280956,-0.017376763,0.075434666
1751976384.27702,-0.005280956,-0.017376763,0.075434666
1751976384.27896,-0.005394277,-0.016990632,0.075501892
1751976384.28096,-0.005394277,-0.016990632,0.075501892
1751976384.28299,-0.005394277,-0.016990632,0.075501892
1751976384.28495,-0.005394277,-0.016990632,0.075501892
1751976384.28695,-0.005394277,-0.016990632,0.075501892
1751976384.28896,-0.005394277,-0.016990632,0.075501892
1751976384.291,-0.005435498,-0.016653977,0.075447668
1751976384.29297,-0.005435498,-0.016653977,0.075447668
1751976384.29496,-0.005435498,-0.016653977,0.075447668
1751976384.29698,-0.005435498,-0.016653977,0.075447668
1751976384.29896,-0.005435498,-0.016653977,0.075447668
1751976384.30095,-0.005435498,-0.016653977,0.075447668
1751976384.30297,-0.005505886,-0.016411887,0.075244833
1751976384.30496,-0.005505886,-0.016411887,0.075244833
1751976384.30695,-0.005505886,-0.016411887,0.075244833
1751976384.30895,-0.005505886,-0.016411887,0.075244833
1751976384.31097,-0.005505886,-0.016411887,0.075244833
1751976384.31296,-0.005449352,-0.016281457,0.075076281
1751976384.31495,-0.005449352,-0.016281457,0.075076281
1751976384.31698,-0.005449352,-0.016281457,0.075076281
1751976384.31896,-0.005449352,-0.016281457,0.075076281
1751976384.32095,-0.005449352,-0.016281457,0.075076281
1751976384.32297,-0.005449352,-0.016281457,0.075076281
1751976384.32499,-0.005346494,-0.016170394,0.074756735
1751976384.32696,-0.005346494,-0.016170394,0.074756735
1751976384.32895,-0.005346494,-0.016170394,0.074756735
1751976384.33096,-0.005346494,-0.016170394,0.074756735
1751976384.33301,-0.005346494,-0.016170394,0.074756735
1751976384.33498,-0.005346494,-0.016170394,0.074756735
1751976384.33694,-0.005003525,-0.016224834,0.074427569
1751976384.33904,-0.005003525,-0.016224834,0.074427569
1751976384.3409,-0.005003525,-0.016224834,0.074427569
1751976384.34296,-0.005003525,-0.016224834,0.074427569
1751976384.345,-0.005003525,-0.016224834,0.074427569
1751976384.34697,-0.005003525,-0.016224834,0.074427569
1751976384.34894,-0.004819067,-0.016387172,0.073805247
1751976384.35094,-0.004819067,-0.016387172,0.073805247
1751976384.35293,-0.004819067,-0.016387172,0.073805247
1751976384.35497,-0.004819067,-0.016387172,0.073805247
1751976384.35694,-0.004819067,-0.016387172,0.073805247
1751976384.35896,-0.004819067,-0.016387172,0.073805247
1751976384.36098,-0.004830718,-0.016486879,0.073233934
1751976384.36305,-0.004830718,-0.016486879,0.073233934
1751976384.365,-0.004830718,-0.016486879,0.073233934
1751976384.367,-0.004830718,-0.016486879,0.073233934
1751976384.36894,-0.004830718,-0.016486879,0.073233934
1751976384.37093,-0.004830718,-0.016486879,0.073233934
1751976384.37295,-0.004839205,-0.016584991,0.072475166
1751976384.37497,-0.004839205,-0.016584991,0.072475166
1751976384.37694,-0.004839205,-0.016584991,0.072475166
1751976384.37897,-0.004839205,-0.016584991,0.072475166
1751976384.38095,-0.004839205,-0.016584991,0.072475166
1751976384.38294,-0.00476736,-0.016807352,0.07189501
1751976384.385,-0.00476736,-0.016807352,0.07189501
1751976384.38696,-0.00476736,-0.016807352,0.07189501
1751976384.38894,-0.00476736,-0.016807352,0.07189501
1751976384.39095,-0.00476736,-0.016807352,0.07189501
1751976384.39297,-0.00476736,-0.016807352,0.07189501
1751976384.39492,-0.004845392,-0.017074885,0.071049218
1751976384.39694,-0.004845392,-0.017074885,0.071049218
1751976384.39902,-0.004845392,-0.017074885,0.071049218
1751976384.40093,-0.004845392,-0.017074885,0.071049218
1751976384.40295,-0.004845392,-0.017074885,0.071049218
1751976384.40496,-0.004845392,-0.017074885,0.071049218
1751976384.40697,-0.004974519,-0.017380146,0.070200851
1751976384.40897,-0.004974519,-0.017380146,0.070200851
1751976384.41094,-0.004974519,-0.017380146,0.070200851
1751976384.41296,-0.004974519,-0.017380146,0.070200851
1751976384.41489,-0.004974519,-0.017380146,0.070200851
1751976384.41694,-0.004974519,-0.017380146,0.070200851
1751976384.41894,-0.005127088,-0.017685414,0.069258104
1751976384.42095,-0.005127088,-0.017685414,0.069258104
1751976384.42295,-0.005127088,-0.017685414,0.069258104
1751976384.42494,-0.005127088,-0.017685414,0.069258104
1751976384.42696,-0.005127088,-0.017685414,0.069258104
1751976384.42896,-0.005262059,-0.017957137,0.068565247
1751976384.4309,-0.005262059,-0.017957137,0.068565247
1751976384.43297,-0.005262059,-0.017957137,0.068565247
1751976384.435,-0.005262059,-0.017957137,0.068565247
1751976384.43694,-0.005262059,-0.017957137,0.068565247
1751976384.43894,-0.005262059,-0.017957137,0.068565247
1751976384.44099,-0.00553958,-0.01837223,0.067638664
1751976384.44295,-0.00553958,-0.01837223,0.067638664
1751976384.44499,-0.00553958,-0.01837223,0.067638664
1751976384.447,-0.00553958,-0.01837223,0.067638664
1751976384.44896,-0.00553958,-0.01837223,0.067638664
1751976384.45096,-0.005772449,-0.018594347,0.066825314
1751976384.45296,-0.005772449,-0.018594347,0.066825314
1751976384.45497,-0.005772449,-0.018594347,0.066825314
1751976384.45697,-0.005772449,-0.018594347,0.066825314
1751976384.45895,-0.005772449,-0.018594347,0.066825314
1751976384.46096,-0.005876387,-0.01889318,0.066113966
1751976384.46298,-0.005876387,-0.01889318,0.066113966
1751976384.46495,-0.005876387,-0.01889318,0.066113966
1751976384.46695,-0.005876387,-0.01889318,0.066113966
1751976384.46896,-0.005876387,-0.01889318,0.066113966
1751976384.47094,-0.005876387,-0.01889318,0.066113966
1751976384.47296,-0.005870461,-0.01917302,0.065289122
1751976384.47508,-0.005870461,-0.01917302,0.065289122
1751976384.47689,-0.005870461,-0.01917302,0.065289122
1751976384.47895,-0.005870461,-0.01917302,0.065289122
1751976384.48096,-0.005870461,-0.01917302,0.065289122
1751976384.483,-0.005986444,-0.01928426,0.064597845
1751976384.48493,-0.005986444,-0.01928426,0.064597845
1751976384.48693,-0.005986444,-0.01928426,0.064597845
1751976384.48901,-0.005986444,-0.01928426,0.064597845
1751976384.49103,-0.005986444,-0.01928426,0.064597845
1751976384.49298,-0.005968919,-0.019350543,0.064044464
1751976384.49502,-0.005968919,-0.019350543,0.064044464
1751976384.49707,-0.005968919,-0.019350543,0.064044464
1751976384.49895,-0.005968919,-0.019350543,0.064044464
1751976384.50097,-0.005968919,-0.019350543,0.064044464
1751976384.50296,-0.005968919,-0.019350543,0.064044464
1751976384.50496,-0.005942467,-0.019381119,0.063352267
1751976384.50697,-0.005942467,-0.019381119,0.063352267
1751976384.50894,-0.005942467,-0.019381119,0.063352267
1751976384.51099,-0.005942467,-0.019381119,0.063352267
1751976384.51296,-0.005942467,-0.019381119,0.063352267
1751976384.51498,-0.00592061,-0.019366783,0.062846049
1751976384.51699,-0.00592061,-0.019366783,0.062846049
1751976384.51897,-0.00592061,-0.019366783,0.062846049
1751976384.52102,-0.00592061,-0.019366783,0.062846049
1751976384.52297,-0.00592061,-0.019366783,0.062846049
1751976384.52495,-0.00592061,-0.019366783,0.062846049
1751976384.52694,-0.005830573,-0.019404119,0.062305652
1751976384.52896,-0.005830573,-0.019404119,0.062305652
1751976384.53095,-0.005830573,-0.019404119,0.062305652
1751976384.53296,-0.005830573,-0.019404119,0.062305652
1751976384.53498,-0.005830573,-0.019404119,0.062305652
1751976384.53696,-0.005788392,-0.019457356,0.062005996
1751976384.53898,-0.005788392,-0.019457356,0.062005996
1751976384.54096,-0.005788392,-0.019457356,0.062005996
1751976384.54306,-0.005788392,-0.019457356,0.062005996
1751976384.54493,-0.005788392,-0.019457356,0.062005996
1751976384.5469,-0.005788392,-0.019457356,0.062005996
1751976384.549,-0.005742373,-0.01940783,0.06165324
1751976384.55095,-0.005742373,-0.01940783,0.06165324
1751976384.55294,-0.005742373,-0.01940783,0.06165324
1751976384.55502,-0.005742373,-0.01940783,0.06165324
1751976384.55696,-0.005742373,-0.01940783,0.06165324
1751976384.55894,-0.005785009,-0.019383423,0.061392052
1751976384.56097,-0.005785009,-0.019383423,0.061392052
1751976384.56295,-0.005785009,-0.019383423,0.061392052
1751976384.56493,-0.005785009,-0.019383423,0.061392052
1751976384.56695,-0.005785009,-0.019383423,0.061392052
1751976384.56896,-0.005785009,-0.019383423,0.061392052
1751976384.57095,-0.00582831,-0.019370028,0.061095719
1751976384.57292,-0.00582831,-0.019370028,0.061095719
1751976384.57497,-0.00582831,-0.019370028,0.061095719
1751976384.57698,-0.00582831,-0.019370028,0.061095719
1751976384.57896,-0.00582831,-0.019370028,0.061095719
1751976384.58099,-0.00582831,-0.019370028,0.061095719
1751976384.58298,-0.005770761,-0.019385468,0.060915029
1751976384.58498,-0.005770761,-0.019385468,0.060915029
1751976384.58698,-0.005770761,-0.019385468,0.060915029
1751976384.58897,-0.005770761,-0.019385468,0.060915029
1751976384.59094,-0.005770761,-0.019385468,0.060915029
1751976384.59296,-0.005770761,-0.019385468,0.060915029
1751976384.59495,-0.005826251,-0.019411537,0.06072899
1751976384.59697,-0.005826251,-0.019411537,0.06072899
1751976384.59895,-0.005826251,-0.019411537,0.06072899
1751976384.60092,-0.005826251,-0.019411537,0.06072899
1751976384.60296,-0.005826251,-0.019411537,0.06072899
1751976384.60494,-0.005826251,-0.019411537,0.06072899
1751976384.60694,-0.005693601,-0.019579512,0.060419122
1751976384.60898,-0.005693601,-0.019579512,0.060419122
1751976384.61091,-0.005693601,-0.019579512,0.060419122
1751976384.61294,-0.005693601,-0.019579512,0.060419122
1751976384.61494,-0.005693601,-0.019579512,0.060419122
1751976384.61704,-0.005693601,-0.019579512,0.060419122
1751976384.61895,-0.005661783,-0.01968109,0.060197162
1751976384.62097,-0.005661783,-0.01968109,0.060197162
1751976384.62295,-0.005661783,-0.01968109,0.060197162
1751976384.62496,-0.005661783,-0.01968109,0.060197162
1751976384.62695,-0.005661783,-0.01968109,0.060197162
1751976384.62896,-0.005661783,-0.01968109,0.060197162
1751976384.63094,-0.005617414,-0.019778375,0.059984987
1751976384.63294,-0.005617414,-0.019778375,0.059984987
1751976384.63495,-0.005617414,-0.019778375,0.059984987
1751976384.63699,-0.005617414,-0.019778375,0.059984987
1751976384.63894,-0.005617414,-0.019778375,0.059984987
1751976384.64093,-0.005617414,-0.019778375,0.059984987
1751976384.64295,-0.005608465,-0.019966459,0.059680276
1751976384.64495,-0.005608465,-0.019966459,0.059680276
1751976384.64695,-0.005608465,-0.019966459,0.059680276
1751976384.64896,-0.005608465,-0.019966459,0.059680276
1751976384.65097,-0.005608465,-0.019966459,0.059680276
1751976384.65298,-0.005608465,-0.019966459,0.059680276
1751976384.65493,-0.005721125,-0.020174862,0.059431902
1751976384.65697,-0.005721125,-0.020174862,0.059431902
1751976384.65897,-0.005721125,-0.020174862,0.059431902
1751976384.66099,-0.005721125,-0.020174862,0.059431902
1751976384.663,-0.005721125,-0.020174862,0.059431902
1751976384.66495,-0.005842622,-0.020259146,0.059102334
1751976384.66696,-0.005842622,-0.020259146,0.059102334
1751976384.66895,-0.005842622,-0.020259146,0.059102334
1751976384.67096,-0.005842622,-0.020259146,0.059102334
1751976384.67293,-0.005842622,-0.020259146,0.059102334
1751976384.67494,-0.005842622,-0.020259146,0.059102334
1751976384.67697,-0.005780777,-0.020423302,0.05896262
1751976384.67895,-0.005780777,-0.020423302,0.05896262
1751976384.68097,-0.005780777,-0.020423302,0.05896262
1751976384.68294,-0.005780777,-0.020423302,0.05896262
1751976384.68497,-0.005780777,-0.020423302,0.05896262
1751976384.68694,-0.005730714,-0.020520137,0.058813725
1751976384.68894,-0.005730714,-0.020520137,0.058813725
1751976384.6909,-0.005730714,-0.020520137,0.058813725
1751976384.69294,-0.005730714,-0.020520137,0.058813725
1751976384.69488,-0.005730714,-0.020520137,0.058813725
1751976384.69696,-0.005730714,-0.020520137,0.058813725
1751976384.69894,-0.005707226,-0.020582406,0.058639988
1751976384.70095,-0.005707226,-0.020582406,0.058639988
1751976384.70289,-0.005707226,-0.020582406,0.058639988
1751976384.70495,-0.005707226,-0.020582406,0.058639988
1751976384.70698,-0.005707226,-0.020582406,0.058639988
1751976384.70895,-0.005707226,-0.020582406,0.058639988
1751976384.71099,-0.005671046,-0.0206087,0.058520785
1751976384.71296,-0.005671046,-0.0206087,0.058520785
1751976384.71496,-0.005671046,-0.0206087,0.058520785
1751976384.71696,-0.005671046,-0.0206087,0.058520785
1751976384.71895,-0.005671046,-0.0206087,0.058520785
1751976384.721,-0.005671046,-0.0206087,0.058520785
1751976384.72296,-0.005539222,-0.020491005,0.058412081
1751976384.72494,-0.005539222,-0.020491005,0.058412081
1751976384.72694,-0.005539222,-0.020491005,0.058412081
1751976384.72895,-0.005539222,-0.020491005,0.058412081
1751976384.73094,-0.005539222,-0.020491005,0.058412081
1751976384.73291,-0.005539222,-0.020491005,0.058412081
1751976384.73495,-0.005522093,-0.020486879,0.058238502
1751976384.73695,-0.005522093,-0.020486879,0.058238502
1751976384.73893,-0.005522093,-0.020486879,0.058238502
1751976384.74097,-0.005522093,-0.020486879,0.058238502
1751976384.74294,-0.005522093,-0.020486879,0.058238502
1751976384.74501,-0.005543669,-0.020595381,0.058132421
1751976384.74704,-0.005543669,-0.020595381,0.058132421
1751976384.74902,-0.005543669,-0.020595381,0.058132421
1751976384.75097,-0.005543669,-0.020595381,0.058132421
1751976384.75296,-0.005543669,-0.020595381,0.058132421
1751976384.75501,-0.005543669,-0.020595381,0.058132421
1751976384.75699,-0.005563905,-0.020735141,0.057857948
1751976384.75896,-0.005563905,-0.020735141,0.057857948
1751976384.76094,-0.005563905,-0.020735141,0.057857948
1751976384.76295,-0.005563905,-0.020735141,0.057857948
1751976384.76495,-0.005563905,-0.020735141,0.057857948
1751976384.76695,-0.005563905,-0.020735141,0.057857948
1751976384.76893,-0.005591607,-0.021053407,0.057680404
1751976384.77095,-0.005591607,-0.021053407,0.057680404
1751976384.77295,-0.005591607,-0.021053407,0.057680404
1751976384.77494,-0.005591607,-0.021053407,0.057680404
1751976384.77697,-0.005591607,-0.021053407,0.057680404
1751976384.77896,-0.005591607,-0.021053407,0.057680404
1751976384.78094,-0.005705043,-0.021347732,0.057628305
1751976384.78294,-0.005705043,-0.021347732,0.057628305
1751976384.78494,-0.005705043,-0.021347732,0.057628305
1751976384.78696,-0.005705043,-0.021347732,0.057628305
1751976384.78896,-0.005705043,-0.021347732,0.057628305
1751976384.79103,-0.005705043,-0.021347732,0.057628305
1751976384.79297,-0.005798524,-0.021616798,0.05750889
1751976384.79499,-0.005798524,-0.021616798,0.05750889
1751976384.79697,-0.005798524,-0.021616798,0.05750889
1751976384.79897,-0.005798524,-0.021616798,0.05750889
1751976384.80093,-0.005798524,-0.021616798,0.05750889
1751976384.80303,-0.005798524,-0.021616798,0.05750889
1751976384.80493,-0.005920938,-0.021858276,0.057367801
1751976384.80694,-0.005920938,-0.021858276,0.057367801
1751976384.80896,-0.005920938,-0.021858276,0.057367801
1751976384.81098,-0.005920938,-0.021858276,0.057367801
1751976384.81295,-0.005920938,-0.021858276,0.057367801
1751976384.81494,-0.005920938,-0.021858276,0.057367801
1751976384.8169,-0.006037708,-0.022063953,0.057324716
1751976384.81894,-0.006037708,-0.022063953,0.057324716
1751976384.82094,-0.006037708,-0.022063953,0.057324716
1751976384.82294,-0.006037708,-0.022063953,0.057324716
1751976384.82495,-0.006037708,-0.022063953,0.057324716
1751976384.82695,-0.006037708,-0.022063953,0.057324716
1751976384.82895,-0.005910161,-0.022269937,0.057339602
1751976384.83098,-0.005910161,-0.022269937,0.057339602
1751976384.83298,-0.005910161,-0.022269937,0.057339602
1751976384.83494,-0.005910161,-0.022269937,0.057339602
1751976384.83697,-0.005910161,-0.022269937,0.057339602
1751976384.83898,-0.005913238,-0.022326395,0.057317977
1751976384.84097,-0.005913238,-0.022326395,0.057317977
1751976384.84302,-0.005913238,-0.022326395,0.057317977
1751976384.84497,-0.005913238,-0.022326395,0.057317977
1751976384.84697,-0.005913238,-0.022326395,0.057317977
1751976384.84895,-0.005913238,-0.022326395,0.057317977
1751976384.851,-0.005897372,-0.022322246,0.057312584
1751976384.85297,-0.005897372,-0.022322246,0.057312584
1751976384.85496,-0.005897372,-0.022322246,0.057312584
1751976384.85699,-0.005897372,-0.022322246,0.057312584
1751976384.85896,-0.005897372,-0.022322246,0.057312584
1751976384.861,-0.005774727,-0.022325643,0.057312573
1751976384.86295,-0.005774727,-0.022325643,0.057312573
1751976384.86494,-0.005774727,-0.022325643,0.057312573
1751976384.86695,-0.005774727,-0.022325643,0.057312573
1751976384.86894,-0.005774727,-0.022325643,0.057312573
1751976384.8709,-0.005774727,-0.022325643,0.057312573
1751976384.87299,-0.005786749,-0.022315081,0.057291652
1751976384.87509,-0.005786749,-0.022315081,0.057291652
1751976384.87699,-0.005786749,-0.022315081,0.057291652
1751976384.87898,-0.005786749,-0.022315081,0.057291652
1751976384.88094,-0.005786749,-0.022315081,0.057291652
1751976384.88295,-0.005844653,-0.022314954,0.0572872
1751976384.88495,-0.005844653,-0.022314954,0.0572872
1751976384.88697,-0.005844653,-0.022314954,0.0572872
1751976384.88893,-0.005844653,-0.022314954,0.0572872
1751976384.8909,-0.005844653,-0.022314954,0.0572872
1751976384.893,-0.005844653,-0.022314954,0.0572872
1751976384.89495,-0.005754712,-0.022368581,0.057294473
1751976384.89695,-0.005754712,-0.022368581,0.057294473
1751976384.89901,-0.005754712,-0.022368581,0.057294473
1751976384.90093,-0.005754712,-0.022368581,0.057294473
1751976384.90295,-0.005754712,-0.022368581,0.057294473
1751976384.90496,-0.005754712,-0.022368581,0.057294473
1751976384.90696,-0.00572767,-0.022428677,0.057307095
1751976384.90893,-0.00572767,-0.022428677,0.057307095
1751976384.91095,-0.00572767,-0.022428677,0.057307095
1751976384.91296,-0.00572767,-0.022428677,0.057307095
1751976384.91496,-0.00572767,-0.022428677,0.057307095
1751976384.91695,-0.00573422,-0.022548226,0.057306653
1751976384.91898,-0.00573422,-0.022548226,0.057306653
1751976384.92093,-0.00573422,-0.022548226,0.057306653
1751976384.92297,-0.00573422,-0.022548226,0.057306653
1751976384.92499,-0.00573422,-0.022548226,0.057306653
1751976384.92697,-0.00573065,-0.022560684,0.057307007
1751976384.92896,-0.00573065,-0.022560684,0.057307007
1751976384.93095,-0.00573065,-0.022560684,0.057307007
1751976384.93296,-0.00573065,-0.022560684,0.057307007
1751976384.93493,-0.00573065,-0.022560684,0.057307007
1751976384.93695,-0.00573065,-0.022560684,0.057307007
1751976384.93894,-0.005667115,-0.022537184,0.057308061
1751976384.94094,-0.005667115,-0.022537184,0.057308061
1751976384.94296,-0.005667115,-0.022537184,0.057308061
1751976384.94488,-0.005667115,-0.022537184,0.057308061
1751976384.94698,-0.005667115,-0.022537184,0.057308061
1751976384.94898,-0.005614678,-0.022530688,0.057331787
1751976384.95096,-0.005614678,-0.022530688,0.057331787
1751976384.95296,-0.005614678,-0.022530688,0.057331787
1751976384.95497,-0.005614678,-0.022530688,0.057331787
1751976384.95697,-0.005614678,-0.022530688,0.057331787
1751976384.95894,-0.005614678,-0.022530688,0.057331787
1751976384.96102,-0.005609043,-0.02256847,0.057316855
1751976384.96295,-0.005609043,-0.02256847,0.057316855
1751976384.96496,-0.005609043,-0.02256847,0.057316855
1751976384.96697,-0.005609043,-0.02256847,0.057316855
1751976384.96902,-0.005609043,-0.02256847,0.057316855
1751976384.97105,-0.005635439,-0.022638042,0.057246127
1751976384.97299,-0.005635439,-0.022638042,0.057246127
1751976384.97496,-0.005635439,-0.022638042,0.057246127
1751976384.97695,-0.005635439,-0.022638042,0.057246127
1751976384.97895,-0.005635439,-0.022638042,0.057246127
1751976384.98094,-0.005635439,-0.022638042,0.057246127
1751976384.98294,-0.005547179,-0.022696868,0.057328488
1751976384.98496,-0.005547179,-0.022696868,0.057328488
1751976384.98694,-0.005547179,-0.022696868,0.057328488
1751976384.98898,-0.005547179,-0.022696868,0.057328488
1751976384.99096,-0.005547179,-0.022696868,0.057328488
1751976384.99294,-0.005547179,-0.022696868,0.057328488
1751976384.99495,-0.005546231,-0.022681882,0.057310205
1751976384.9969,-0.005546231,-0.022681882,0.057310205
1751976384.99896,-0.005546231,-0.022681882,0.057310205
1751976385.00098,-0.005546231,-0.022681882,0.057310205
1751976385.00299,-0.005546231,-0.022681882,0.057310205
1751976385.00494,-0.005571714,-0.022632283,0.05730794
1751976385.00692,-0.005571714,-0.022632283,0.05730794
1751976385.00898,-0.005571714,-0.022632283,0.05730794
1751976385.01098,-0.005571714,-0.022632283,0.05730794
1751976385.01299,-0.005571714,-0.022632283,0.05730794
1751976385.01496,-0.005493791,-0.022506282,0.057310628
1751976385.01699,-0.005493791,-0.022506282,0.057310628
1751976385.01901,-0.005493791,-0.022506282,0.057310628
1751976385.02096,-0.005493791,-0.022506282,0.057310628
1751976385.02295,-0.005493791,-0.022506282,0.057310628
1751976385.025,-0.005493791,-0.022506282,0.057310628
1751976385.02688,-0.005347255,-0.022427159,0.057313768
1751976385.02896,-0.005347255,-0.022427159,0.057313768
1751976385.03093,-0.005347255,-0.022427159,0.057313768
1751976385.0329,-0.005347255,-0.022427159,0.057313768
1751976385.03496,-0.005347255,-0.022427159,0.057313768
1751976385.03701,-0.005231222,-0.022358645,0.057301085
1751976385.03896,-0.005231222,-0.022358645,0.057301085
1751976385.04094,-0.005231222,-0.022358645,0.057301085
1751976385.04302,-0.005231222,-0.022358645,0.057301085
1751976385.04493,-0.005231222,-0.022358645,0.057301085
1751976385.04694,-0.005231222,-0.022358645,0.057301085
1751976385.04895,-0.005178034,-0.02224558,0.057316429
1751976385.05099,-0.005178034,-0.02224558,0.057316429
1751976385.05296,-0.005178034,-0.02224558,0.057316429
1751976385.05496,-0.005178034,-0.02224558,0.057316429
1751976385.05698,-0.005178034,-0.02224558,0.057316429
1751976385.05896,-0.005178034,-0.02224558,0.057316429
1751976385.06096,-0.005182338,-0.02218903,0.057294112
1751976385.06306,-0.005182338,-0.02218903,0.057294112
1751976385.06496,-0.005182338,-0.02218903,0.057294112
1751976385.06693,-0.005182338,-0.02218903,0.057294112
1751976385.06898,-0.005182338,-0.02218903,0.057294112
1751976385.07098,-0.00513628,-0.022157859,0.057301238
1751976385.07295,-0.00513628,-0.022157859,0.057301238
1751976385.07495,-0.00513628,-0.022157859,0.057301238
1751976385.07698,-0.00513628,-0.022157859,0.057301238
1751976385.07899,-0.00513628,-0.022157859,0.057301238
1751976385.08094,-0.005028013,-0.02215786,0.057317617
1751976385.08295,-0.005028013,-0.02215786,0.057317617
1751976385.08494,-0.005028013,-0.02215786,0.057317617
1751976385.08687,-0.005028013,-0.02215786,0.057317617
1751976385.08895,-0.005028013,-0.02215786,0.057317617
1751976385.09096,-0.005028013,-0.02215786,0.057317617
1751976385.09293,-0.004972825,-0.02214577,0.05732275
1751976385.09497,-0.004972825,-0.02214577,0.05732275
1751976385.09695,-0.004972825,-0.02214577,0.05732275
1751976385.09896,-0.004972825,-0.02214577,0.05732275
1751976385.10096,-0.004972825,-0.02214577,0.05732275
1751976385.10295,-0.004977859,-0.022183568,0.0573226
1751976385.10494,-0.004977859,-0.022183568,0.0573226
1751976385.10697,-0.004977859,-0.022183568,0.0573226
1751976385.10894,-0.004977859,-0.022183568,0.0573226
1751976385.11097,-0.004977859,-0.022183568,0.0573226
1751976385.11294,-0.004977859,-0.022183568,0.0573226
1751976385.11495,-0.004870463,-0.022252411,0.057341201
1751976385.11695,-0.004870463,-0.022252411,0.057341201
1751976385.11896,-0.004870463,-0.022252411,0.057341201
1751976385.12096,-0.004870463,-0.022252411,0.057341201
1751976385.12294,-0.004870463,-0.022252411,0.057341201
1751976385.12495,-0.004833164,-0.022308824,0.057326872
1751976385.12695,-0.004833164,-0.022308824,0.057326872
1751976385.12897,-0.004833164,-0.022308824,0.057326872
1751976385.13099,-0.004833164,-0.022308824,0.057326872
1751976385.13296,-0.004833164,-0.022308824,0.057326872
1751976385.13494,-0.00480756,-0.02235466,0.057347986
1751976385.13694,-0.00480756,-0.02235466,0.057347986
1751976385.13894,-0.00480756,-0.02235466,0.057347986
1751976385.14095,-0.00480756,-0.02235466,0.057347986
1751976385.14295,-0.00480756,-0.02235466,0.057347986
1751976385.14494,-0.00480756,-0.02235466,0.057347986
1751976385.14695,-0.004868179,-0.022424015,0.057323686
1751976385.14899,-0.004868179,-0.022424015,0.057323686
1751976385.15097,-0.004868179,-0.022424015,0.057323686
1751976385.15297,-0.004868179,-0.022424015,0.057323686
1751976385.15496,-0.004868179,-0.022424015,0.057323686
1751976385.15696,-0.00472438,-0.022480545,0.057414602
1751976385.15895,-0.00472438,-0.022480545,0.057414602
1751976385.16104,-0.00472438,-0.022480545,0.057414602
1751976385.16305,-0.00472438,-0.022480545,0.057414602
1751976385.16499,-0.00472438,-0.022480545,0.057414602
1751976385.167,-0.004744583,-0.022431149,0.057376195
1751976385.16894,-0.004744583,-0.022431149,0.057376195
1751976385.17094,-0.004744583,-0.022431149,0.057376195
1751976385.17295,-0.004744583,-0.022431149,0.057376195
1751976385.175,-0.004744583,-0.022431149,0.057376195
1751976385.17689,-0.004744583,-0.022431149,0.057376195
1751976385.17895,-0.004638094,-0.022292662,0.057427972
1751976385.18097,-0.004638094,-0.022292662,0.057427972
1751976385.18294,-0.004638094,-0.022292662,0.057427972
1751976385.18494,-0.004638094,-0.022292662,0.057427972
1751976385.18696,-0.004638094,-0.022292662,0.057427972
1751976385.18894,-0.004393701,-0.022272055,0.05747273
1751976385.19094,-0.004393701,-0.022272055,0.05747273
1751976385.19296,-0.004393701,-0.022272055,0.05747273
1751976385.195,-0.004393701,-0.022272055,0.05747273
1751976385.19693,-0.004393701,-0.022272055,0.05747273
1751976385.19896,-0.004393701,-0.022272055,0.05747273
1751976385.20097,-0.00430401,-0.022199151,0.057424457
1751976385.20297,-0.00430401,-0.022199151,0.057424457
1751976385.20499,-0.00430401,-0.022199151,0.057424457
1751976385.20697,-0.00430401,-0.022199151,0.057424457
1751976385.20897,-0.00430401,-0.022199151,0.057424457
1751976385.21097,-0.004081613,-0.02208572,0.057475964
1751976385.21295,-0.004081613,-0.02208572,0.057475964
1751976385.21501,-0.004081613,-0.02208572,0.057475964
1751976385.21693,-0.004081613,-0.02208572,0.057475964
1751976385.21894,-0.004081613,-0.02208572,0.057475964
1751976385.22094,-0.004081613,-0.02208572,0.057475964
1751976385.22293,-0.003994083,-0.022042613,0.057467224
1751976385.22489,-0.003994083,-0.022042613,0.057467224
1751976385.22698,-0.003994083,-0.022042613,0.057467224
1751976385.22895,-0.003994083,-0.022042613,0.057467224
1751976385.23091,-0.003994083,-0.022042613,0.057467224
1751976385.23294,-0.003994083,-0.022042613,0.057467224
1751976385.23494,-0.003867354,-0.022038307,0.057565667
1751976385.23694,-0.003867354,-0.022038307,0.057565667
1751976385.23893,-0.003867354,-0.022038307,0.057565667
1751976385.24095,-0.003867354,-0.022038307,0.057565667
1751976385.24295,-0.003867354,-0.022038307,0.057565667
1751976385.24495,-0.003775918,-0.022077683,0.057536904
1751976385.24695,-0.003775918,-0.022077683,0.057536904
1751976385.24899,-0.003775918,-0.022077683,0.057536904
1751976385.25095,-0.003775918,-0.022077683,0.057536904
1751976385.25297,-0.003775918,-0.022077683,0.057536904
1751976385.25496,-0.003775918,-0.022077683,0.057536904
1751976385.25703,-0.003632872,-0.022172273,0.057576572
1751976385.25903,-0.003632872,-0.022172273,0.057576572
1751976385.26099,-0.003632872,-0.022172273,0.057576572
1751976385.26297,-0.003632872,-0.022172273,0.057576572
1751976385.26496,-0.003632872,-0.022172273,0.057576572
1751976385.26694,-0.003632872,-0.022172273,0.057576572
1751976385.26896,-0.003600885,-0.022179036,0.05757246
1751976385.27095,-0.003600885,-0.022179036,0.05757246
1751976385.27293,-0.003600885,-0.022179036,0.05757246
1751976385.27494,-0.003600885,-0.022179036,0.05757246
1751976385.27697,-0.003600885,-0.022179036,0.05757246
1751976385.27893,-0.003563484,-0.022253328,0.057585318
1751976385.28094,-0.003563484,-0.022253328,0.057585318
1751976385.28294,-0.003563484,-0.022253328,0.057585318
1751976385.28493,-0.003563484,-0.022253328,0.057585318
1751976385.28695,-0.003563484,-0.022253328,0.057585318
1751976385.28895,-0.003563484,-0.022253328,0.057585318
1751976385.29098,-0.003459603,-0.022255177,0.057675333
1751976385.29296,-0.003459603,-0.022255177,0.057675333
1751976385.29494,-0.003459603,-0.022255177,0.057675333
1751976385.29693,-0.003459603,-0.022255177,0.057675333
1751976385.29895,-0.003459603,-0.022255177,0.057675333
1751976385.30097,-0.003459603,-0.022255177,0.057675333
1751976385.303,-0.003449222,-0.022321856,0.05775049
1751976385.30499,-0.003449222,-0.022321856,0.05775049
1751976385.30695,-0.003449222,-0.022321856,0.05775049
1751976385.30894,-0.003449222,-0.022321856,0.05775049
1751976385.31096,-0.003449222,-0.022321856,0.05775049
1751976385.31297,-0.003392035,-0.022370688,0.057738286
1751976385.31496,-0.003392035,-0.022370688,0.057738286
1751976385.31696,-0.003392035,-0.022370688,0.057738286
1751976385.31904,-0.003392035,-0.022370688,0.057738286
1751976385.32095,-0.003392035,-0.022370688,0.057738286
1751976385.32298,-0.003392035,-0.022370688,0.057738286
1751976385.32494,-0.003366937,-0.022363382,0.057735729
1751976385.32694,-0.003366937,-0.022363382,0.057735729
1751976385.32894,-0.003366937,-0.022363382,0.057735729
1751976385.33095,-0.003366937,-0.022363382,0.057735729
1751976385.33294,-0.003366937,-0.022363382,0.057735729
1751976385.33495,-0.003366937,-0.022363382,0.057735729
1751976385.33695,-0.003352178,-0.022332905,0.057796933
1751976385.33893,-0.003352178,-0.022332905,0.057796933
1751976385.34094,-0.003352178,-0.022332905,0.057796933
1751976385.34295,-0.003352178,-0.022332905,0.057796933
1751976385.34499,-0.003352178,-0.022332905,0.057796933
1751976385.34694,-0.003117167,-0.022245329,0.057864521
1751976385.34896,-0.003117167,-0.022245329,0.057864521
1751976385.35097,-0.003117167,-0.022245329,0.057864521
1751976385.35304,-0.003117167,-0.022245329,0.057864521
1751976385.35501,-0.003117167,-0.022245329,0.057864521
1751976385.35709,-0.003117167,-0.022245329,0.057864521
1751976385.35897,-0.003023069,-0.022142127,0.057882701
1751976385.36094,-0.003023069,-0.022142127,0.057882701
1751976385.36295,-0.003023069,-0.022142127,0.057882701
1751976385.365,-0.003023069,-0.022142127,0.057882701
1751976385.36698,-0.003023069,-0.022142127,0.057882701
1751976385.36894,-0.003023069,-0.022142127,0.057882701
1751976385.37099,-0.002919722,-0.022136465,0.057812984
1751976385.37294,-0.002919722,-0.022136465,0.057812984
1751976385.37494,-0.002919722,-0.022136465,0.057812984
1751976385.37694,-0.002919722,-0.022136465,0.057812984
1751976385.37895,-0.002919722,-0.022136465,0.057812984
1751976385.38094,-0.002796854,-0.022147886,0.05780635
1751976385.38295,-0.002796854,-0.022147886,0.05780635
1751976385.38493,-0.002796854,-0.022147886,0.05780635
1751976385.38696,-0.002796854,-0.022147886,0.05780635
1751976385.38894,-0.002796854,-0.022147886,0.05780635
1751976385.39098,-0.002761792,-0.022147515,0.057851414
1751976385.39298,-0.002761792,-0.022147515,0.057851414
1751976385.39497,-0.002761792,-0.022147515,0.057851414
1751976385.39699,-0.002761792,-0.022147515,0.057851414
1751976385.39902,-0.002761792,-0.022147515,0.057851414
1751976385.40095,-0.002618853,-0.022144666,0.057963932
1751976385.40295,-0.002618853,-0.022144666,0.057963932
1751976385.40497,-0.002618853,-0.022144666,0.057963932
1751976385.40698,-0.002618853,-0.022144666,0.057963932
1751976385.40897,-0.002618853,-0.022144666,0.057963932
1751976385.41096,-0.002618853,-0.022144666,0.057963932
1751976385.4131,-0.002462843,-0.022169283,0.058001174
1751976385.41495,-0.002462843,-0.022169283,0.058001174
1751976385.41694,-0.002462843,-0.022169283,0.058001174
1751976385.41896,-0.002462843,-0.022169283,0.058001174
1751976385.42099,-0.002462843,-0.022169283,0.058001174
1751976385.42292,-0.002322635,-0.022047877,0.058100417
1751976385.42499,-0.002322635,-0.022047877,0.058100417
1751976385.42695,-0.002322635,-0.022047877,0.058100417
1751976385.42897,-0.002322635,-0.022047877,0.058100417
1751976385.43096,-0.002322635,-0.022047877,0.058100417
1751976385.43302,-0.002322635,-0.022047877,0.058100417
1751976385.43492,-0.00219298,-0.021941539,0.058135168
1751976385.43692,-0.00219298,-0.021941539,0.058135168
1751976385.43896,-0.00219298,-0.021941539,0.058135168
1751976385.44097,-0.00219298,-0.021941539,0.058135168
1751976385.44295,-0.00219298,-0.021941539,0.058135168
1751976385.44503,-0.00219298,-0.021941539,0.058135168
1751976385.44698,-0.0020949,-0.0219004,0.058272236
1751976385.44906,-0.0020949,-0.0219004,0.058272236
1751976385.45101,-0.0020949,-0.0219004,0.058272236
1751976385.45301,-0.0020949,-0.0219004,0.058272236
1751976385.45496,-0.0020949,-0.0219004,0.058272236
1751976385.45696,-0.0020949,-0.0219004,0.058272236
1751976385.45896,-0.001933965,-0.021903665,0.058416856
1751976385.46101,-0.001933965,-0.021903665,0.058416856
1751976385.463,-0.001933965,-0.021903665,0.058416856
1751976385.46494,-0.001933965,-0.021903665,0.058416856
1751976385.46694,-0.001933965,-0.021903665,0.058416856
1751976385.46894,-0.001933965,-0.021903665,0.058416856
1751976385.47093,-0.001904615,-0.021815171,0.05843245
1751976385.47292,-0.001904615,-0.021815171,0.05843245
1751976385.47497,-0.001904615,-0.021815171,0.05843245
1751976385.47693,-0.001904615,-0.021815171,0.05843245
1751976385.47893,-0.001904615,-0.021815171,0.05843245
1751976385.48101,-0.001944457,-0.021708884,0.058356252
1751976385.48301,-0.001944457,-0.021708884,0.058356252
1751976385.48493,-0.001944457,-0.021708884,0.058356252
1751976385.48695,-0.001944457,-0.021708884,0.058356252
1751976385.48894,-0.001944457,-0.021708884,0.058356252
1751976385.49097,-0.001944457,-0.021708884,0.058356252
1751976385.49296,-0.00187329,-0.021659367,0.058455792
1751976385.49499,-0.00187329,-0.021659367,0.058455792
1751976385.49697,-0.00187329,-0.021659367,0.058455792
1751976385.499,-0.00187329,-0.021659367,0.058455792
1751976385.501,-0.00187329,-0.021659367,0.058455792
1751976385.50291,-0.00192719,-0.021654721,0.058326846
1751976385.50494,-0.00192719,-0.021654721,0.058326846
1751976385.50694,-0.00192719,-0.021654721,0.058326846
1751976385.50901,-0.00192719,-0.021654721,0.058326846
1751976385.51097,-0.00192719,-0.021654721,0.058326846
1751976385.51295,-0.00192719,-0.021654721,0.058326846
1751976385.51501,-0.001898237,-0.021656492,0.058317628
1751976385.51696,-0.001898237,-0.021656492,0.058317628
1751976385.51896,-0.001898237,-0.021656492,0.058317628
1751976385.52095,-0.001898237,-0.021656492,0.058317628
1751976385.52301,-0.001898237,-0.021656492,0.058317628
1751976385.52496,-0.001864187,-0.021656321,0.058365284
1751976385.52695,-0.001864187,-0.021656321,0.058365284
1751976385.52903,-0.001864187,-0.021656321,0.058365284
1751976385.53093,-0.001864187,-0.021656321,0.058365284
1751976385.53295,-0.001864187,-0.021656321,0.058365284
1751976385.53498,-0.001864187,-0.021656321,0.058365284
1751976385.53697,-0.001601168,-0.021677753,0.058491122
1751976385.53896,-0.001601168,-0.021677753,0.058491122
1751976385.54095,-0.001601168,-0.021677753,0.058491122
1751976385.54291,-0.001601168,-0.021677753,0.058491122
1751976385.54497,-0.001601168,-0.021677753,0.058491122
1751976385.54696,-0.001601168,-0.021677753,0.058491122
1751976385.54905,-0.001574301,-0.021678065,0.058527514
1751976385.55095,-0.001574301,-0.021678065,0.058527514
1751976385.55295,-0.001574301,-0.021678065,0.058527514
1751976385.55495,-0.001574301,-0.021678065,0.058527514
1751976385.55696,-0.001574301,-0.021678065,0.058527514
1751976385.55895,-0.001565509,-0.021678104,0.058540213
1751976385.56098,-0.001565509,-0.021678104,0.058540213
1751976385.56303,-0.001565509,-0.021678104,0.058540213
1751976385.56496,-0.001565509,-0.021678104,0.058540213
1751976385.56693,-0.001565509,-0.021678104,0.058540213
1751976385.56902,-0.001565509,-0.021678104,0.058540213
1751976385.57101,-0.001561858,-0.021682035,0.058496472
1751976385.57292,-0.001561858,-0.021682035,0.058496472
1751976385.57495,-0.001561858,-0.021682035,0.058496472
1751976385.57696,-0.001561858,-0.021682035,0.058496472
1751976385.57893,-0.001561858,-0.021682035,0.058496472
1751976385.58098,-0.001561858,-0.021682035,0.058496472
1751976385.58292,-0.001434314,-0.021632519,0.058544498
1751976385.58496,-0.001434314,-0.021632519,0.058544498
1751976385.58699,-0.001434314,-0.021632519,0.058544498
1751976385.58901,-0.001434314,-0.021632519,0.058544498
1751976385.59098,-0.001434314,-0.021632519,0.058544498
1751976385.59302,-0.001434314,-0.021632519,0.058544498
1751976385.59497,-0.001288645,-0.021607808,0.058562041
1751976385.59703,-0.001288645,-0.021607808,0.058562041
1751976385.59897,-0.001288645,-0.021607808,0.058562041
1751976385.60093,-0.001288645,-0.021607808,0.058562041
1751976385.60292,-0.001288645,-0.021607808,0.058562041
1751976385.60494,-0.001288645,-0.021607808,0.058562041
1751976385.60694,-0.001174648,-0.021690853,0.058550744
1751976385.60897,-0.001174648,-0.021690853,0.058550744
1751976385.61102,-0.001174648,-0.021690853,0.058550744
1751976385.61297,-0.001174648,-0.021690853,0.058550744
1751976385.61495,-0.001174648,-0.021690853,0.058550744
1751976385.61697,-0.001142842,-0.021717264,0.058577532
1751976385.61894,-0.001142842,-0.021717264,0.058577532
1751976385.62092,-0.001142842,-0.021717264,0.058577532
1751976385.62297,-0.001142842,-0.021717264,0.058577532
1751976385.62493,-0.001142842,-0.021717264,0.058577532
1751976385.62692,-0.001142842,-0.021717264,0.058577532
1751976385.62894,-0.001042772,-0.021721403,0.058650986
1751976385.63097,-0.001042772,-0.021721403,0.058650986
1751976385.63295,-0.001042772,-0.021721403,0.058650986
1751976385.63506,-0.001042772,-0.021721403,0.058650986
1751976385.63698,-0.001042772,-0.021721403,0.058650986
1751976385.63897,-0.001124482,-0.021705569,0.058557372
1751976385.64094,-0.001124482,-0.021705569,0.058557372
1751976385.643,-0.001124482,-0.021705569,0.058557372
1751976385.64497,-0.001124482,-0.021705569,0.058557372
1751976385.64695,-0.001124482,-0.021705569,0.058557372
1751976385.64894,-0.001124482,-0.021705569,0.058557372
1751976385.65094,-0.001086349,-0.021696198,0.058570502
1751976385.65295,-0.001086349,-0.021696198,0.058570502
1751976385.65494,-0.001086349,-0.021696198,0.058570502
1751976385.65695,-0.001086349,-0.021696198,0.058570502
1751976385.65895,-0.001086349,-0.021696198,0.058570502
1751976385.66096,-0.001117095,-0.021698572,0.058583032
1751976385.66298,-0.001117095,-0.021698572,0.058583032
1751976385.66494,-0.001117095,-0.021698572,0.058583032
1751976385.6669,-0.001117095,-0.021698572,0.058583032
1751976385.66892,-0.001117095,-0.021698572,0.058583032
1751976385.67098,-0.001117095,-0.021698572,0.058583032
1751976385.67293,-0.001031956,-0.021707258,0.058588963
1751976385.67496,-0.001031956,-0.021707258,0.058588963
1751976385.67695,-0.001031956,-0.021707258,0.058588963
1751976385.67895,-0.001031956,-0.021707258,0.058588963
1751976385.68092,-0.001031956,-0.021707258,0.058588963
1751976385.68297,-0.001031956,-0.021707258,0.058588963
1751976385.68492,-0.000980584,-0.02168371,0.058615001
1751976385.68695,-0.000980584,-0.02168371,0.058615001
1751976385.68895,-0.000980584,-0.02168371,0.058615001
1751976385.69096,-0.000980584,-0.02168371,0.058615001
1751976385.69296,-0.000980584,-0.02168371,0.058615001
1751976385.6949,-0.000980584,-0.02168371,0.058615001
1751976385.69694,-0.00079779,-0.021643763,0.058623596
1751976385.69895,-0.00079779,-0.021643763,0.058623596
1751976385.70095,-0.00079779,-0.021643763,0.058623596
1751976385.70293,-0.00079779,-0.021643763,0.058623596
1751976385.7049,-0.00079779,-0.021643763,0.058623596
1751976385.70696,-0.00079779,-0.021643763,0.058623596
1751976385.70894,-0.000752169,-0.021543886,0.058605976
1751976385.71098,-0.000752169,-0.021543886,0.058605976
1751976385.71295,-0.000752169,-0.021543886,0.058605976
1751976385.71493,-0.000752169,-0.021543886,0.058605976
1751976385.71694,-0.000752169,-0.021543886,0.058605976
1751976385.71896,-0.000752169,-0.021543886,0.058605976
1751976385.7209,-0.000705622,-0.02150414,0.058617925
1751976385.72297,-0.000705622,-0.02150414,0.058617925
1751976385.72494,-0.000705622,-0.02150414,0.058617925
1751976385.72694,-0.000705622,-0.02150414,0.058617925
1751976385.72896,-0.000705622,-0.02150414,0.058617925
1751976385.73095,-0.000679825,-0.021544821,0.05866771
1751976385.73298,-0.000679825,-0.021544821,0.05866771
1751976385.73498,-0.000679825,-0.021544821,0.05866771
1751976385.73702,-0.000679825,-0.021544821,0.05866771
1751976385.739,-0.000679825,-0.021544821,0.05866771
1751976385.74096,-0.000666814,-0.021647934,0.058663783
1751976385.74294,-0.000666814,-0.021647934,0.058663783
1751976385.74495,-0.000666814,-0.021647934,0.058663783
1751976385.74695,-0.000666814,-0.021647934,0.058663783
1751976385.74893,-0.000666814,-0.021647934,0.058663783
1751976385.75095,-0.000666814,-0.021647934,0.058663783
1751976385.75294,-0.00065876,-0.021733533,0.058669824
1751976385.75494,-0.00065876,-0.021733533,0.058669824
1751976385.75694,-0.00065876,-0.021733533,0.058669824
1751976385.75894,-0.00065876,-0.021733533,0.058669824
1751976385.76099,-0.00065876,-0.021733533,0.058669824
1751976385.76295,-0.000538554,-0.021723146,0.058731341
1751976385.76495,-0.000538554,-0.021723146,0.058731341
1751976385.76694,-0.000538554,-0.021723146,0.058731341
1751976385.76894,-0.000538554,-0.021723146,0.058731341
1751976385.77096,-0.000538554,-0.021723146,0.058731341
1751976385.77299,-0.000538554,-0.021723146,0.058731341
1751976385.77497,-0.000554988,-0.021686595,0.058823665
1751976385.777,-0.000554988,-0.021686595,0.058823665
1751976385.77896,-0.000554988,-0.021686595,0.058823665
1751976385.78103,-0.000554988,-0.021686595,0.058823665
1751976385.78299,-0.000554988,-0.021686595,0.058823665
1751976385.78497,-0.000554988,-0.021686595,0.058823665
1751976385.78696,-0.000563334,-0.021552661,0.058820253
1751976385.78895,-0.000563334,-0.021552661,0.058820253
1751976385.79095,-0.000563334,-0.021552661,0.058820253
1751976385.79298,-0.000563334,-0.021552661,0.058820253
1751976385.79495,-0.000563334,-0.021552661,0.058820253
1751976385.79695,-0.000563334,-0.021552661,0.058820253
1751976385.79894,-0.000540414,-0.021515625,0.058744351
1751976385.80097,-0.000540414,-0.021515625,0.058744351
1751976385.80294,-0.000540414,-0.021515625,0.058744351
1751976385.80496,-0.000540414,-0.021515625,0.058744351
1751976385.80696,-0.000540414,-0.021515625,0.058744351
1751976385.80896,-0.000526094,-0.021588885,0.058746074
1751976385.81096,-0.000526094,-0.021588885,0.058746074
1751976385.81295,-0.000526094,-0.021588885,0.058746074
1751976385.81495,-0.000526094,-0.021588885,0.058746074
1751976385.81692,-0.000526094,-0.021588885,0.058746074
1751976385.81898,-0.000526094,-0.021588885,0.058746074
1751976385.82096,-0.00048239,-0.021680394,0.058754962
1751976385.82297,-0.00048239,-0.021680394,0.058754962
1751976385.82496,-0.00048239,-0.021680394,0.058754962
1751976385.82696,-0.00048239,-0.021680394,0.058754962
1751976385.82895,-0.00048239,-0.021680394,0.058754962
1751976385.83092,-0.00048239,-0.021680394,0.058754962
1751976385.83294,-0.000359723,-0.021721935,0.058745909
1751976385.83495,-0.000359723,-0.021721935,0.058745909
1751976385.83696,-0.000359723,-0.021721935,0.058745909
1751976385.83899,-0.000359723,-0.021721935,0.058745909
1751976385.84093,-0.000359723,-0.021721935,0.058745909
1751976385.84293,-0.000461189,-0.021667024,0.058696664
1751976385.84494,-0.000461189,-0.021667024,0.058696664
1751976385.84693,-0.000461189,-0.021667024,0.058696664
1751976385.84894,-0.000461189,-0.021667024,0.058696664
1751976385.85093,-0.000461189,-0.021667024,0.058696664
1751976385.85294,-0.000311165,-0.021623809,0.058835255
1751976385.85498,-0.000311165,-0.021623809,0.058835255
1751976385.85694,-0.000311165,-0.021623809,0.058835255
1751976385.85899,-0.000311165,-0.021623809,0.058835255
1751976385.86098,-0.000311165,-0.021623809,0.058835255
1751976385.86288,-0.000331988,-0.021589244,0.058751185
1751976385.865,-0.000331988,-0.021589244,0.058751185
1751976385.86701,-0.000331988,-0.021589244,0.058751185
1751976385.869,-0.000331988,-0.021589244,0.058751185
1751976385.87098,-0.000331988,-0.021589244,0.058751185
1751976385.87295,-0.000331988,-0.021589244,0.058751185
1751976385.87496,-0.000322192,-0.021611749,0.05876991
1751976385.87693,-0.000322192,-0.021611749,0.05876991
1751976385.87893,-0.000322192,-0.021611749,0.05876991
1751976385.88095,-0.000322192,-0.021611749,0.05876991
1751976385.88293,-0.000322192,-0.021611749,0.05876991
1751976385.8849,-0.000322192,-0.021611749,0.05876991
1751976385.887,-0.000276174,-0.021562038,0.058826795
1751976385.88893,-0.000276174,-0.021562038,0.058826795
1751976385.89098,-0.000276174,-0.021562038,0.058826795
1751976385.89296,-0.000276174,-0.021562038,0.058826795
1751976385.89495,-0.000276174,-0.021562038,0.058826795
1751976385.89697,-0.000244346,-0.021550494,0.058874913
1751976385.89902,-0.000244346,-0.021550494,0.058874913
1751976385.90096,-0.000244346,-0.021550494,0.058874913
1751976385.90296,-0.000244346,-0.021550494,0.058874913
1751976385.90497,-0.000244346,-0.021550494,0.058874913
1751976385.90697,-0.000244346,-0.021550494,0.058874913
1751976385.90899,-0.000300492,-0.021536898,0.058842896
1751976385.91096,-0.000300492,-0.021536898,0.058842896
1751976385.91296,-0.000300492,-0.021536898,0.058842896
1751976385.91497,-0.000300492,-0.021536898,0.058842896
1751976385.91696,-0.000300492,-0.021536898,0.058842896
1751976385.91894,-0.000300492,-0.021536898,0.058842896
1751976385.92101,-0.000276601,-0.021492154,0.058781002
1751976385.92295,-0.000276601,-0.021492154,0.058781002
1751976385.92498,-0.000276601,-0.021492154,0.058781002
1751976385.92696,-0.000276601,-0.021492154,0.058781002
1751976385.92898,-0.000276601,-0.021492154,0.058781002
1751976385.93098,-0.00026293,-0.021503498,0.058788567
1751976385.933,-0.00026293,-0.021503498,0.058788567
1751976385.93498,-0.00026293,-0.021503498,0.058788567
1751976385.93688,-0.00026293,-0.021503498,0.058788567
1751976385.939,-0.00026293,-0.021503498,0.058788567
1751976385.94088,-0.000193628,-0.02144791,0.058852812
1751976385.94295,-0.000193628,-0.02144791,0.058852812
1751976385.94496,-0.000193628,-0.02144791,0.058852812
1751976385.94701,-0.000193628,-0.02144791,0.058852812
1751976385.94898,-0.000193628,-0.02144791,0.058852812
1751976385.95097,-0.000193628,-0.02144791,0.058852812
1751976385.95298,-0.000248415,-0.021467639,0.058844057
1751976385.95495,-0.000248415,-0.021467639,0.058844057
1751976385.95696,-0.000248415,-0.021467639,0.058844057
1751976385.95897,-0.000248415,-0.021467639,0.058844057
1751976385.96098,-0.000248415,-0.021467639,0.058844057
1751976385.96297,-0.000250531,-0.021476431,0.058866951
1751976385.96501,-0.000250531,-0.021476431,0.058866951
1751976385.96696,-0.000250531,-0.021476431,0.058866951
1751976385.96893,-0.000250531,-0.021476431,0.058866951
1751976385.97093,-0.000250531,-0.021476431,0.058866951
1751976385.97295,-0.000250531,-0.021476431,0.058866951
1751976385.97498,-0.000206297,-0.021445402,0.058816589
1751976385.97692,-0.000206297,-0.021445402,0.058816589
1751976385.97893,-0.000206297,-0.021445402,0.058816589
1751976385.98094,-0.000206297,-0.021445402,0.058816589
1751976385.98293,-0.000206297,-0.021445402,0.058816589
1751976385.98488,-0.000206297,-0.021445402,0.058816589
1751976385.98695,-0.00019362,-0.02137278,0.058827312
1751976385.98896,-0.00019362,-0.02137278,0.058827312
1751976385.99097,-0.00019362,-0.02137278,0.058827312
1751976385.99297,-0.00019362,-0.02137278,0.058827312
1751976385.99505,-0.00019362,-0.02137278,0.058827312
1751976385.99698,-0.000189498,-0.02132285,0.058866088
1751976385.99897,-0.000189498,-0.02132285,0.058866088
1751976386.00097,-0.000189498,-0.02132285,0.058866088
1751976386.00295,-0.000189498,-0.02132285,0.058866088
1751976386.00493,-0.000189498,-0.02132285,0.058866088
1751976386.00698,-0.000189498,-0.02132285,0.058866088
1751976386.00888,-0.000195872,-0.0213671,0.058835058
1751976386.01095,-0.000195872,-0.0213671,0.058835058
1751976386.01299,-0.000195872,-0.0213671,0.058835058
1751976386.01494,-0.000195872,-0.0213671,0.058835058
1751976386.01695,-0.000195872,-0.0213671,0.058835058
1751976386.01894,-0.000195872,-0.0213671,0.058835058
1751976386.02089,-0.000037501,-0.021351835,0.058898916
1751976386.02295,-0.000037501,-0.021351835,0.058898916
1751976386.02494,-0.000037501,-0.021351835,0.058898916
1751976386.02696,-0.000037501,-0.021351835,0.058898916
1751976386.02895,-0.000037501,-0.021351835,0.058898916
1751976386.03095,0.000026559,-0.02134316,0.058908308
1751976386.03297,0.000026559,-0.02134316,0.058908308
1751976386.035,0.000026559,-0.02134316,0.058908308
1751976386.03697,0.000026559,-0.02134316,0.058908308
1751976386.03895,0.000026559,-0.02134316,0.058908308
1751976386.04091,0.000026559,-0.02134316,0.058908308
1751976386.04296,0.000189237,-0.021313937,0.059005679
1751976386.04493,0.000189237,-0.021313937,0.059005679
1751976386.04692,0.000189237,-0.021313937,0.059005679
1751976386.04901,0.000189237,-0.021313937,0.059005679
1751976386.051,0.000189237,-0.021313937,0.059005679
1751976386.05295,0.000165492,-0.021291194,0.059006643
1751976386.05497,0.000165492,-0.021291194,0.059006643
1751976386.05696,0.000165492,-0.021291194,0.059006643
1751976386.05898,0.000165492,-0.021291194,0.059006643
1751976386.06096,0.000165492,-0.021291194,0.059006643
1751976386.06296,0.00020299,-0.021292215,0.058992721
1751976386.06496,0.00020299,-0.021292215,0.058992721
1751976386.06691,0.00020299,-0.021292215,0.058992721
1751976386.06896,0.00020299,-0.021292215,0.058992721
1751976386.07096,0.00020299,-0.021292215,0.058992721
1751976386.07301,0.00020299,-0.021292215,0.058992721
1751976386.07497,0.000180485,-0.021292519,0.058938931
1751976386.07698,0.000180485,-0.021292519,0.058938931
1751976386.07898,0.000180485,-0.021292519,0.058938931
1751976386.08094,0.000180485,-0.021292519,0.058938931
1751976386.08305,0.000180485,-0.021292519,0.058938931
1751976386.08494,0.00019577,-0.021315236,0.058995471
1751976386.08694,0.00019577,-0.021315236,0.058995471
1751976386.08895,0.00019577,-0.021315236,0.058995471
1751976386.09093,0.00019577,-0.021315236,0.058995471
1751976386.09297,0.00019577,-0.021315236,0.058995471
1751976386.09496,0.000290168,-0.021323769,0.059011657
1751976386.09693,0.000290168,-0.021323769,0.059011657
1751976386.09894,0.000290168,-0.021323769,0.059011657
1751976386.10094,0.000290168,-0.021323769,0.059011657
1751976386.10293,0.000290168,-0.021323769,0.059011657
1751976386.10496,0.000290168,-0.021323769,0.059011657
1751976386.10695,0.00022764,-0.021297834,0.058997132
1751976386.10895,0.00022764,-0.021297834,0.058997132
1751976386.11095,0.00022764,-0.021297834,0.058997132
1751976386.11294,0.00022764,-0.021297834,0.058997132
1751976386.11495,0.00022764,-0.021297834,0.058997132
1751976386.11698,0.00022764,-0.021297834,0.058997132
1751976386.11898,0.000272515,-0.021277403,0.059016812
1751976386.121,0.000272515,-0.021277403,0.059016812
1751976386.12298,0.000272515,-0.021277403,0.059016812
1751976386.12504,0.000272515,-0.021277403,0.059016812
1751976386.12695,0.000272515,-0.021277403,0.059016812
1751976386.12896,0.000244178,-0.021298178,0.059008713
1751976386.13098,0.000244178,-0.021298178,0.059008713
1751976386.13294,0.000244178,-0.021298178,0.059008713
1751976386.13496,0.000244178,-0.021298178,0.059008713
1751976386.14197,0.000244178,-0.021298178,0.059008713
1751976386.14295,0.000160165,-0.021289466,0.058956541
1751976386.14493,0.000160165,-0.021289466,0.058956541
1751976386.14698,0.000160165,-0.021289466,0.058956541
1751976386.14896,0.000160165,-0.021289466,0.058956541
1751976386.15094,0.000160165,-0.021289466,0.058956541
1751976386.15294,0.000160165,-0.021289466,0.058956541
1751976386.15496,0.000264254,-0.021299952,0.058968841
1751976386.15696,0.000264254,-0.021299952,0.058968841
1751976386.15894,0.000264254,-0.021299952,0.058968841
1751976386.161,0.000264254,-0.021299952,0.058968841
1751976386.16298,0.000264254,-0.021299952,0.058968841
1751976386.16496,0.000264254,-0.021299952,0.058968841
1751976386.16696,0.000196138,-0.021283788,0.058988236
1751976386.16896,0.000196138,-0.021283788,0.058988236
1751976386.17096,0.000196138,-0.021283788,0.058988236
1751976386.17291,0.000196138,-0.021283788,0.058988236
1751976386.17494,0.000196138,-0.021283788,0.058988236
1751976386.17693,0.000196138,-0.021283788,0.058988236
1751976386.17894,0.000265613,-0.021294766,0.059019678
1751976386.18093,0.000265613,-0.021294766,0.059019678
1751976386.18297,0.000265613,-0.021294766,0.059019678
1751976386.18496,0.000265613,-0.021294766,0.059019678
1751976386.18697,0.000265613,-0.021294766,0.059019678
1751976386.18894,0.00026367,-0.021290407,0.058957734
1751976386.19095,0.00026367,-0.021290407,0.058957734
1751976386.19295,0.00026367,-0.021290407,0.058957734
1751976386.19493,0.00026367,-0.021290407,0.058957734
1751976386.19696,0.00026367,-0.021290407,0.058957734
1751976386.19893,0.00026367,-0.021290407,0.058957734
1751976386.20093,0.000250205,-0.021299177,0.05892821
1751976386.20299,0.000250205,-0.021299177,0.05892821
1751976386.20499,0.000250205,-0.021299177,0.05892821
1751976386.20699,0.000250205,-0.021299177,0.05892821
1751976386.20895,0.000250205,-0.021299177,0.05892821
1751976386.21097,0.000297275,-0.021289211,0.058955118
1751976386.21294,0.000297275,-0.021289211,0.058955118
1751976386.21494,0.000297275,-0.021289211,0.058955118
1751976386.21694,0.000297275,-0.021289211,0.058955118
1751976386.21895,0.000297275,-0.021289211,0.058955118
1751976386.22096,0.000297275,-0.021289211,0.058955118
1751976386.22294,0.000337886,-0.021283857,0.05892062
1751976386.22494,0.000337886,-0.021283857,0.05892062
1751976386.22697,0.000337886,-0.021283857,0.05892062
1751976386.22893,0.000337886,-0.021283857,0.05892062
1751976386.23093,0.000337886,-0.021283857,0.05892062
1751976386.23294,0.000337886,-0.021283857,0.05892062
1751976386.23493,0.000375734,-0.021212064,0.058967723
1751976386.23694,0.000375734,-0.021212064,0.058967723
1751976386.23894,0.000375734,-0.021212064,0.058967723
1751976386.24093,0.000375734,-0.021212064,0.058967723
1751976386.24298,0.000375734,-0.021212064,0.058967723
1751976386.24497,0.000375734,-0.021212064,0.058967723
1751976386.24703,0.000522967,-0.021261975,0.058998922
1751976386.249,0.000522967,-0.021261975,0.058998922
1751976386.25102,0.000522967,-0.021261975,0.058998922
1751976386.25297,0.000522967,-0.021261975,0.058998922
1751976386.25494,0.000522967,-0.021261975,0.058998922
1751976386.25694,0.000522967,-0.021261975,0.058998922
1751976386.25897,0.000441681,-0.021302557,0.058935039
1751976386.26095,0.000441681,-0.021302557,0.058935039
1751976386.26296,0.000441681,-0.021302557,0.058935039
1751976386.26496,0.000441681,-0.021302557,0.058935039
1751976386.26693,0.000441681,-0.021302557,0.058935039
1751976386.2689,0.000441681,-0.021302557,0.058935039
1751976386.27095,0.000426527,-0.021315006,0.05888051
1751976386.27297,0.000426527,-0.021315006,0.05888051
1751976386.27489,0.000426527,-0.021315006,0.05888051
1751976386.27694,0.000426527,-0.021315006,0.05888051
1751976386.27894,0.000426527,-0.021315006,0.05888051
1751976386.28096,0.000524225,-0.021351518,0.05899216
1751976386.28296,0.000524225,-0.021351518,0.05899216
1751976386.28495,0.000524225,-0.021351518,0.05899216
1751976386.28696,0.000524225,-0.021351518,0.05899216
1751976386.28895,0.000524225,-0.021351518,0.05899216
1751976386.29097,0.000524225,-0.021351518,0.05899216
1751976386.29297,0.000486012,-0.021357072,0.059016298
1751976386.29495,0.000486012,-0.021357072,0.059016298
1751976386.29699,0.000486012,-0.021357072,0.059016298
1751976386.29896,0.000486012,-0.021357072,0.059016298
1751976386.30092,0.000486012,-0.021357072,0.059016298
1751976386.30293,0.000486012,-0.021357072,0.059016298
1751976386.30493,0.000499294,-0.021329883,0.059029645
1751976386.30695,0.000499294,-0.021329883,0.059029645
1751976386.30893,0.000499294,-0.021329883,0.059029645
1751976386.31094,0.000499294,-0.021329883,0.059029645
1751976386.313,0.000499294,-0.021329883,0.059029645
1751976386.31498,0.000509329,-0.021325089,0.059037683
1751976386.31698,0.000509329,-0.021325089,0.059037683
1751976386.31894,0.000509329,-0.021325089,0.059037683
1751976386.32094,0.000509329,-0.021325089,0.059037683
1751976386.32293,0.000509329,-0.021325089,0.059037683
1751976386.32494,0.000509329,-0.021325089,0.059037683
1751976386.32693,0.000467171,-0.021286331,0.059026868
1751976386.32895,0.000467171,-0.021286331,0.059026868
1751976386.33098,0.000467171,-0.021286331,0.059026868
1751976386.33294,0.000467171,-0.021286331,0.059026868
1751976386.33497,0.000467171,-0.021286331,0.059026868
1751976386.33695,0.000468234,-0.021247568,0.059018317
1751976386.33899,0.000468234,-0.021247568,0.059018317
1751976386.34096,0.000468234,-0.021247568,0.059018317
1751976386.34295,0.000468234,-0.021247568,0.059018317
1751976386.345,0.000468234,-0.021247568,0.059018317
1751976386.34698,0.000559807,-0.021288768,0.059020314
1751976386.34896,0.000559807,-0.021288768,0.059020314
1751976386.35094,0.000559807,-0.021288768,0.059020314
1751976386.35296,0.000559807,-0.021288768,0.059020314
1751976386.35495,0.000559807,-0.021288768,0.059020314
1751976386.35695,0.000559807,-0.021288768,0.059020314
1751976386.35893,0.000598136,-0.021198336,0.05904173
1751976386.36097,0.000598136,-0.021198336,0.05904173
1751976386.36294,0.000598136,-0.021198336,0.05904173
1751976386.36494,0.000598136,-0.021198336,0.05904173
1751976386.36693,0.000598136,-0.021198336,0.05904173
1751976386.36894,0.000598136,-0.021198336,0.05904173
1751976386.37093,0.000521889,-0.021209016,0.059032198
1751976386.37295,0.000521889,-0.021209016,0.059032198
1751976386.37498,0.000521889,-0.021209016,0.059032198
1751976386.377,0.000521889,-0.021209016,0.059032198
1751976386.37907,0.000521889,-0.021209016,0.059032198
1751976386.38097,0.000521889,-0.021209016,0.059032198
1751976386.38292,0.000496054,-0.021100341,0.05899997
1751976386.38494,0.000496054,-0.021100341,0.05899997
1751976386.38694,0.000496054,-0.021100341,0.05899997
1751976386.38895,0.000496054,-0.021100341,0.05899997
1751976386.39094,0.000496054,-0.021100341,0.05899997
1751976386.39293,0.000496054,-0.021100341,0.05899997
1751976386.39498,0.000587429,-0.02111713,0.059014666
1751976386.39696,0.000587429,-0.02111713,0.059014666
1751976386.39893,0.000587429,-0.02111713,0.059014666
1751976386.40097,0.000587429,-0.02111713,0.059014666
1751976386.40296,0.000587429,-0.02111713,0.059014666
1751976386.40494,0.00057998,-0.021074284,0.058998036
1751976386.40694,0.00057998,-0.021074284,0.058998036
1751976386.40895,0.00057998,-0.021074284,0.058998036
1751976386.41098,0.00057998,-0.021074284,0.058998036
1751976386.41295,0.00057998,-0.021074284,0.058998036
1751976386.41495,0.000634083,-0.021085599,0.059036638
1751976386.41697,0.000634083,-0.021085599,0.059036638
1751976386.41902,0.000634083,-0.021085599,0.059036638
1751976386.42099,0.000634083,-0.021085599,0.059036638
1751976386.42297,0.000634083,-0.021085599,0.059036638
1751976386.42496,0.000634083,-0.021085599,0.059036638
1751976386.42694,0.00061128,-0.021062574,0.058991038
1751976386.42894,0.00061128,-0.021062574,0.058991038
1751976386.43094,0.00061128,-0.021062574,0.058991038
1751976386.43293,0.00061128,-0.021062574,0.058991038
1751976386.43493,0.00061128,-0.021062574,0.058991038
1751976386.43702,0.00061128,-0.021062574,0.058991038
1751976386.43895,0.000580858,-0.021051469,0.059023474
1751976386.44097,0.000580858,-0.021051469,0.059023474
1751976386.443,0.000580858,-0.021051469,0.059023474
1751976386.44495,0.000580858,-0.021051469,0.059023474
1751976386.44696,0.000580858,-0.021051469,0.059023474
1751976386.449,0.000580858,-0.021051469,0.059023474
1751976386.45095,0.000613354,-0.021056849,0.05898987
1751976386.45293,0.000613354,-0.021056849,0.05898987
1751976386.45495,0.000613354,-0.021056849,0.05898987
1751976386.45689,0.000613354,-0.021056849,0.05898987
1751976386.45898,0.000613354,-0.021056849,0.05898987
1751976386.46097,0.000613354,-0.021056849,0.05898987
1751976386.46304,0.000640199,-0.021057661,0.059019973
1751976386.46501,0.000640199,-0.021057661,0.059019973
1751976386.467,0.000640199,-0.021057661,0.059019973
1751976386.46898,0.000640199,-0.021057661,0.059019973
1751976386.47096,0.000640199,-0.021057661,0.059019973
1751976386.47295,0.000604848,-0.021055912,0.058989215
1751976386.47498,0.000604848,-0.021055912,0.058989215
1751976386.47695,0.000604848,-0.021055912,0.058989215
1751976386.47896,0.000604848,-0.021055912,0.058989215
1751976386.48095,0.000604848,-0.021055912,0.058989215
1751976386.48302,0.000604848,-0.021055912,0.058989215
1751976386.485,0.0006035,-0.021055749,0.058989292
1751976386.48692,0.0006035,-0.021055749,0.058989292
1751976386.48895,0.0006035,-0.021055749,0.058989292
1751976386.49097,0.0006035,-0.021055749,0.058989292
1751976386.49298,0.0006035,-0.021055749,0.058989292
1751976386.49495,0.000610541,-0.021058361,0.058965853
1751976386.49695,0.000610541,-0.021058361,0.058965853
1751976386.49894,0.000610541,-0.021058361,0.058965853
1751976386.50093,0.000610541,-0.021058361,0.058965853
1751976386.50295,0.000610541,-0.021058361,0.058965853
1751976386.50501,0.000610541,-0.021058361,0.058965853
1751976386.50708,0.000579274,-0.021054774,0.058965293
1751976386.50901,0.000579274,-0.021054774,0.058965293
1751976386.51098,0.000579274,-0.021054774,0.058965293
1751976386.51298,0.000579274,-0.021054774,0.058965293
1751976386.51493,0.000579274,-0.021054774,0.058965293
1751976386.51697,0.000579274,-0.021054774,0.058965293
1751976386.51895,0.000581442,-0.0210085,0.05902183
1751976386.52097,0.000581442,-0.0210085,0.05902183
1751976386.52293,0.000581442,-0.0210085,0.05902183
1751976386.52495,0.000581442,-0.0210085,0.05902183
1751976386.52695,0.000581442,-0.0210085,0.05902183
1751976386.52893,0.000613757,-0.021037879,0.058991823
1751976386.53096,0.000613757,-0.021037879,0.058991823
1751976386.53293,0.000613757,-0.021037879,0.058991823
1751976386.53494,0.000613757,-0.021037879,0.058991823
1751976386.53698,0.000613757,-0.021037879,0.058991823
1751976386.53895,0.000613757,-0.021037879,0.058991823
1751976386.54093,0.000552576,-0.021028067,0.058928695
1751976386.54295,0.000552576,-0.021028067,0.058928695
1751976386.54501,0.000552576,-0.021028067,0.058928695
1751976386.54698,0.000552576,-0.021028067,0.058928695
1751976386.54898,0.000552576,-0.021028067,0.058928695
1751976386.55099,0.00051872,-0.021003338,0.058825539
1751976386.55301,0.00051872,-0.021003338,0.058825539
1751976386.55494,0.00051872,-0.021003338,0.058825539
1751976386.55694,0.00051872,-0.021003338,0.058825539
1751976386.55899,0.00051872,-0.021003338,0.058825539
1751976386.56097,0.000502948,-0.020970254,0.058883284
1751976386.56301,0.000502948,-0.020970254,0.058883284
1751976386.565,0.000502948,-0.020970254,0.058883284
1751976386.56697,0.000502948,-0.020970254,0.058883284
1751976386.56896,0.000502948,-0.020970254,0.058883284
1751976386.57097,0.000502948,-0.020970254,0.058883284
1751976386.573,0.000545952,-0.020920613,0.058951731
1751976386.57493,0.000545952,-0.020920613,0.058951731
1751976386.57695,0.000545952,-0.020920613,0.058951731
1751976386.57897,0.000545952,-0.020920613,0.058951731
1751976386.58095,0.000545952,-0.020920613,0.058951731
1751976386.58294,0.000545952,-0.020920613,0.058951731
1751976386.585,0.00057625,-0.020866396,0.058906375
1751976386.58699,0.00057625,-0.020866396,0.058906375
1751976386.589,0.00057625,-0.020866396,0.058906375
1751976386.59095,0.00057625,-0.020866396,0.058906375
1751976386.593,0.00057625,-0.020866396,0.058906375
1751976386.59496,0.000540083,-0.020806632,0.058916588
1751976386.59696,0.000540083,-0.020806632,0.058916588
1751976386.59903,0.000540083,-0.020806632,0.058916588
1751976386.60096,0.000540083,-0.020806632,0.058916588
1751976386.60299,0.000540083,-0.020806632,0.058916588
1751976386.60496,0.000540083,-0.020806632,0.058916588
1751976386.60701,0.00057555,-0.020833642,0.058922991
1751976386.60892,0.00057555,-0.020833642,0.058922991
1751976386.61094,0.00057555,-0.020833642,0.058922991
1751976386.61301,0.00057555,-0.020833642,0.058922991
1751976386.61497,0.00057555,-0.020833642,0.058922991
1751976386.61694,0.00057555,-0.020833642,0.058922991
1751976386.61893,0.000704135,-0.020856248,0.058985253
1751976386.62093,0.000704135,-0.020856248,0.058985253
1751976386.62294,0.000704135,-0.020856248,0.058985253
1751976386.62494,0.000704135,-0.020856248,0.058985253
1751976386.62698,0.000704135,-0.020856248,0.058985253
1751976386.62897,0.000673033,-0.020828928,0.058960366
1751976386.63095,0.000673033,-0.020828928,0.058960366
1751976386.63301,0.000673033,-0.020828928,0.058960366
1751976386.63498,0.000673033,-0.020828928,0.058960366
1751976386.63698,0.000673033,-0.020828928,0.058960366
1751976386.63895,0.000648309,-0.020860073,0.058970558
1751976386.64095,0.000648309,-0.020860073,0.058970558
1751976386.64295,0.000648309,-0.020860073,0.058970558
1751976386.64494,0.000648309,-0.020860073,0.058970558
1751976386.64694,0.000648309,-0.020860073,0.058970558
1751976386.64898,0.000648309,-0.020860073,0.058970558
1751976386.65094,0.000576104,-0.020835004,0.05891049
1751976386.65295,0.000576104,-0.020835004,0.05891049
1751976386.65495,0.000576104,-0.020835004,0.05891049
1751976386.65693,0.000576104,-0.020835004,0.05891049
1751976386.65895,0.000576104,-0.020835004,0.05891049
1751976386.66097,0.000576104,-0.020835004,0.05891049
1751976386.66296,0.000606786,-0.020828674,0.058906179
1751976386.66495,0.000606786,-0.020828674,0.058906179
1751976386.66696,0.000606786,-0.020828674,0.058906179
1751976386.66895,0.000606786,-0.020828674,0.058906179
1751976386.67094,0.000606786,-0.020828674,0.058906179
1751976386.67295,0.000606786,-0.020828674,0.058906179
1751976386.67496,0.000637062,-0.020835706,0.058887038
1751976386.67693,0.000637062,-0.020835706,0.058887038
1751976386.67897,0.000637062,-0.020835706,0.058887038
1751976386.681,0.000637062,-0.020835706,0.058887038
1751976386.68298,0.000637062,-0.020835706,0.058887038
1751976386.68494,0.000672224,-0.02086388,0.058939247
1751976386.68693,0.000672224,-0.02086388,0.058939247
1751976386.68893,0.000672224,-0.02086388,0.058939247
1751976386.69096,0.000672224,-0.02086388,0.058939247
1751976386.69298,0.000672224,-0.02086388,0.058939247
1751976386.69495,0.000672224,-0.02086388,0.058939247
1751976386.69695,0.000601284,-0.020772906,0.058911152
1751976386.69895,0.000601284,-0.020772906,0.058911152
1751976386.70093,0.000601284,-0.020772906,0.058911152
1751976386.70295,0.000601284,-0.020772906,0.058911152
1751976386.70494,0.000601284,-0.020772906,0.058911152
1751976386.70694,0.000601284,-0.020772906,0.058911152
1751976386.70895,0.000582857,-0.02071743,0.058848519
1751976386.71095,0.000582857,-0.02071743,0.058848519
1751976386.71297,0.000582857,-0.02071743,0.058848519
1751976386.71494,0.000582857,-0.02071743,0.058848519
1751976386.71689,0.000582857,-0.02071743,0.058848519
1751976386.71898,0.000582857,-0.02071743,0.058848519
1751976386.72097,0.000606813,-0.02072337,0.05896786
1751976386.72296,0.000606813,-0.02072337,0.05896786
1751976386.72495,0.000606813,-0.02072337,0.05896786
1751976386.72703,0.000606813,-0.02072337,0.05896786
1751976386.72893,0.000606813,-0.02072337,0.05896786
1751976386.73103,0.000606813,-0.02072337,0.05896786
1751976386.73296,0.000522551,-0.020743782,0.058825463
1751976386.73494,0.000522551,-0.020743782,0.058825463
1751976386.73693,0.000522551,-0.020743782,0.058825463
1751976386.73894,0.000522551,-0.020743782,0.058825463
1751976386.74094,0.000522551,-0.020743782,0.058825463
1751976386.74293,0.000522551,-0.020743782,0.058825463
1751976386.74493,0.000560721,-0.020701327,0.05887498
1751976386.74694,0.000560721,-0.020701327,0.05887498
1751976386.74892,0.000560721,-0.020701327,0.05887498
1751976386.75094,0.000560721,-0.020701327,0.05887498
1751976386.75294,0.000560721,-0.020701327,0.05887498
1751976386.75495,0.000498311,-0.020695283,0.05886187
1751976386.75694,0.000498311,-0.020695283,0.05886187
1751976386.75896,0.000498311,-0.020695283,0.05886187
1751976386.76099,0.000498311,-0.020695283,0.05886187
1751976386.76299,0.000498311,-0.020695283,0.05886187
1751976386.76497,0.000498311,-0.020695283,0.05886187
1751976386.76693,0.000514004,-0.020667436,0.058827878
1751976386.76901,0.000514004,-0.020667436,0.058827878
1751976386.77096,0.000514004,-0.020667436,0.058827878
1751976386.77294,0.000514004,-0.020667436,0.058827878
1751976386.77493,0.000514004,-0.020667436,0.058827878
1751976386.77693,0.000514004,-0.020667436,0.058827878
1751976386.77894,0.000435226,-0.020678163,0.05875842
1751976386.781,0.000435226,-0.020678163,0.05875842
1751976386.78296,0.000435226,-0.020678163,0.05875842
1751976386.78494,0.000435226,-0.020678163,0.05875842
1751976386.78693,0.000435226,-0.020678163,0.05875842
1751976386.78894,0.000428129,-0.020697966,0.058818951
1751976386.79096,0.000428129,-0.020697966,0.058818951
1751976386.79297,0.000428129,-0.020697966,0.058818951
1751976386.79499,0.000428129,-0.020697966,0.058818951
1751976386.79696,0.000428129,-0.020697966,0.058818951
1751976386.79894,0.000354906,-0.020629361,0.058854406
1751976386.80094,0.000354906,-0.020629361,0.058854406
1751976386.80297,0.000354906,-0.020629361,0.058854406
1751976386.80495,0.000354906,-0.020629361,0.058854406
1751976386.80701,0.000354906,-0.020629361,0.058854406
1751976386.80897,0.000416074,-0.020615734,0.058848305
1751976386.81095,0.000416074,-0.020615734,0.058848305
1751976386.81296,0.000416074,-0.020615734,0.058848305
1751976386.81498,0.000416074,-0.020615734,0.058848305
1751976386.81693,0.000416074,-0.020615734,0.058848305
1751976386.81898,0.000416074,-0.020615734,0.058848305
1751976386.82091,0.000472011,-0.020579495,0.058826879
1751976386.82296,0.000472011,-0.020579495,0.058826879
1751976386.82496,0.000472011,-0.020579495,0.058826879
1751976386.82696,0.000472011,-0.020579495,0.058826879
1751976386.82896,0.000472011,-0.020579495,0.058826879
1751976386.83094,0.000466066,-0.020584806,0.058898002
1751976386.83289,0.000466066,-0.020584806,0.058898002
1751976386.83496,0.000466066,-0.020584806,0.058898002
1751976386.83694,0.000466066,-0.020584806,0.058898002
1751976386.83895,0.000466066,-0.020584806,0.058898002
1751976386.84093,0.000466066,-0.020584806,0.058898002
1751976386.84299,0.000408639,-0.020560008,0.058816701
1751976386.84495,0.000408639,-0.020560008,0.058816701
1751976386.84696,0.000408639,-0.020560008,0.058816701
1751976386.84901,0.000408639,-0.020560008,0.058816701
1751976386.85096,0.000408639,-0.020560008,0.058816701
1751976386.85294,0.000408639,-0.020560008,0.058816701
1751976386.85498,0.000399554,-0.020535661,0.058829562
1751976386.85698,0.000399554,-0.020535661,0.058829562
1751976386.85897,0.000399554,-0.020535661,0.058829562
1751976386.86101,0.000399554,-0.020535661,0.058829562
1751976386.86295,0.000399554,-0.020535661,0.058829562
1751976386.86495,0.000355395,-0.020637252,0.058813123
1751976386.86697,0.000355395,-0.020637252,0.058813123
1751976386.86894,0.000355395,-0.020637252,0.058813123
1751976386.87096,0.000355395,-0.020637252,0.058813123
1751976386.87296,0.000355395,-0.020637252,0.058813123
1751976386.87494,0.000355395,-0.020637252,0.058813123
1751976386.87698,0.000356423,-0.020583173,0.058812287
1751976386.87894,0.000356423,-0.020583173,0.058812287
1751976386.88095,0.000356423,-0.020583173,0.058812287
1751976386.88301,0.000356423,-0.020583173,0.058812287
1751976386.88493,0.000356423,-0.020583173,0.058812287
1751976386.88693,0.000356423,-0.020583173,0.058812287
1751976386.88897,0.000477086,-0.020622866,0.058886559
1751976386.89103,0.000477086,-0.020622866,0.058886559
1751976386.893,0.000477086,-0.020622866,0.058886559
1751976386.89499,0.000477086,-0.020622866,0.058886559
1751976386.89698,0.000477086,-0.020622866,0.058886559
1751976386.89898,0.000520637,-0.020542217,0.058901769
1751976386.90097,0.000520637,-0.020542217,0.058901769
1751976386.90298,0.000520637,-0.020542217,0.058901769
1751976386.90495,0.000520637,-0.020542217,0.058901769
1751976386.90693,0.000520637,-0.020542217,0.058901769
1751976386.90902,0.000520637,-0.020542217,0.058901769
1751976386.91094,0.000482503,-0.020551384,0.058864499
1751976386.91295,0.000482503,-0.020551384,0.058864499
1751976386.91498,0.000482503,-0.020551384,0.058864499
1751976386.91697,0.000482503,-0.020551384,0.058864499
1751976386.91896,0.000482503,-0.020551384,0.058864499
1751976386.92096,0.000482503,-0.020551384,0.058864499
1751976386.92298,0.000435299,-0.020594395,0.058758571
1751976386.92495,0.000435299,-0.020594395,0.058758571
1751976386.92695,0.000435299,-0.020594395,0.058758571
1751976386.92893,0.000435299,-0.020594395,0.058758571
1751976386.93098,0.000435299,-0.020594395,0.058758571
1751976386.93294,0.000585882,-0.020547718,0.058882402
1751976386.93494,0.000585882,-0.020547718,0.058882402
1751976386.937,0.000585882,-0.020547718,0.058882402
1751976386.93897,0.000585882,-0.020547718,0.058882402
1751976386.94104,0.000585882,-0.020547718,0.058882402
1751976386.943,0.000559149,-0.02054917,0.058841246
1751976386.94495,0.000559149,-0.02054917,0.058841246
1751976386.94695,0.000559149,-0.02054917,0.058841246
1751976386.94894,0.000559149,-0.02054917,0.058841246
1751976386.95104,0.000559149,-0.02054917,0.058841246
1751976386.95294,0.000559149,-0.02054917,0.058841246
1751976386.95496,0.000562486,-0.020528204,0.05886624
1751976386.95696,0.000562486,-0.020528204,0.05886624
1751976386.95898,0.000562486,-0.020528204,0.05886624
1751976386.96096,0.000562486,-0.020528204,0.05886624
1751976386.96297,0.000562486,-0.020528204,0.05886624
1751976386.96494,0.000488674,-0.020550143,0.058782526
1751976386.96693,0.000488674,-0.020550143,0.058782526
1751976386.969,0.000488674,-0.020550143,0.058782526
1751976386.97099,0.000488674,-0.020550143,0.058782526
1751976386.97293,0.000488674,-0.020550143,0.058782526
1751976386.97492,0.000488674,-0.020550143,0.058782526
1751976386.97703,0.000563524,-0.020548359,0.058854034
1751976386.97897,0.000563524,-0.020548359,0.058854034
1751976386.981,0.000563524,-0.020548359,0.058854034
1751976386.983,0.000563524,-0.020548359,0.058854034
1751976386.98498,0.000563524,-0.020548359,0.058854034
1751976386.98697,0.000515335,-0.020543491,0.058818002
1751976386.98895,0.000515335,-0.020543491,0.058818002
1751976386.99095,0.000515335,-0.020543491,0.058818002
1751976386.99294,0.000515335,-0.020543491,0.058818002
1751976386.99495,0.000515335,-0.020543491,0.058818002
1751976386.99695,0.000515335,-0.020543491,0.058818002
1751976386.99898,0.000598443,-0.020593564,0.058904332
1751976387.00089,0.000598443,-0.020593564,0.058904332
1751976387.00295,0.000598443,-0.020593564,0.058904332
1751976387.00499,0.000598443,-0.020593564,0.058904332
1751976387.00694,0.000598443,-0.020593564,0.058904332
1751976387.00895,0.000598443,-0.020593564,0.058904332
1751976387.01095,0.000614951,-0.020604532,0.058948096
1751976387.01295,0.000614951,-0.020604532,0.058948096
1751976387.01496,0.000614951,-0.020604532,0.058948096
1751976387.01701,0.000614951,-0.020604532,0.058948096
1751976387.01899,0.000614951,-0.020604532,0.058948096
1751976387.0209,0.000614951,-0.020604532,0.058948096
1751976387.02299,0.000568589,-0.020649511,0.058837344
1751976387.02498,0.000568589,-0.020649511,0.058837344
1751976387.02697,0.000568589,-0.020649511,0.058837344
1751976387.02893,0.000568589,-0.020649511,0.058837344
1751976387.03095,0.000568589,-0.020649511,0.058837344
1751976387.03294,0.000585083,-0.020582183,0.058843901
1751976387.03496,0.000585083,-0.020582183,0.058843901
1751976387.03694,0.000585083,-0.020582183,0.058843901
1751976387.03896,0.000585083,-0.020582183,0.058843901
1751976387.04093,0.000585083,-0.020582183,0.058843901
1751976387.04294,0.000585083,-0.020582183,0.058843901
1751976387.04493,0.000638663,-0.020615137,0.058884668
1751976387.04697,0.000638663,-0.020615137,0.058884668
1751976387.04895,0.000638663,-0.020615137,0.058884668
1751976387.05096,0.000638663,-0.020615137,0.058884668
1751976387.05296,0.000638663,-0.020615137,0.058884668
1751976387.05494,0.000638663,-0.020615137,0.058884668
1751976387.05694,0.000583261,-0.020677632,0.058863702
1751976387.05896,0.000583261,-0.020677632,0.058863702
1751976387.06095,0.000583261,-0.020677632,0.058863702
1751976387.06297,0.000583261,-0.020677632,0.058863702
1751976387.06497,0.000583261,-0.020677632,0.058863702
1751976387.06697,0.000638857,-0.020618796,0.058879463
1751976387.06897,0.000638857,-0.020618796,0.058879463
1751976387.07095,0.000638857,-0.020618796,0.058879463
1751976387.07296,0.000638857,-0.020618796,0.058879463
1751976387.07496,0.000638857,-0.020618796,0.058879463
1751976387.07695,0.000638857,-0.020618796,0.058879463
1751976387.079,0.000627232,-0.020592934,0.058930604
1751976387.08096,0.000627232,-0.020592934,0.058930604
1751976387.08297,0.000627232,-0.020592934,0.058930604
1751976387.08495,0.000627232,-0.020592934,0.058930604
1751976387.0869,0.000627232,-0.020592934,0.058930604
1751976387.08895,0.000627232,-0.020592934,0.058930604
1751976387.09095,0.000585897,-0.020616291,0.058792842
1751976387.09297,0.000585897,-0.020616291,0.058792842
1751976387.09496,0.000585897,-0.020616291,0.058792842
1751976387.09694,0.000585897,-0.020616291,0.058792842
1751976387.09894,0.000585897,-0.020616291,0.058792842
1751976387.10094,0.000696457,-0.020634647,0.058781121
1751976387.1029,0.000696457,-0.020634647,0.058781121
1751976387.10497,0.000696457,-0.020634647,0.058781121
1751976387.10698,0.000696457,-0.020634647,0.058781121
1751976387.10896,0.000696457,-0.020634647,0.058781121
1751976387.11097,0.000731525,-0.020653082,0.058904593
1751976387.11304,0.000731525,-0.020653082,0.058904593
1751976387.11507,0.000731525,-0.020653082,0.058904593
1751976387.11698,0.000731525,-0.020653082,0.058904593
1751976387.11899,0.000731525,-0.020653082,0.058904593
1751976387.12096,0.000638123,-0.020612652,0.058833842
1751976387.12295,0.000638123,-0.020612652,0.058833842
1751976387.12496,0.000638123,-0.020612652,0.058833842
1751976387.12695,0.000638123,-0.020612652,0.058833842
1751976387.12894,0.000638123,-0.020612652,0.058833842
1751976387.13095,0.000638123,-0.020612652,0.058833842
1751976387.13297,0.000757889,-0.020601735,0.05885045
1751976387.13495,0.000757889,-0.020601735,0.05885045
1751976387.13694,0.000757889,-0.020601735,0.05885045
1751976387.13896,0.000757889,-0.020601735,0.05885045
1751976387.14095,0.000757889,-0.020601735,0.05885045
1751976387.14298,0.000757889,-0.020601735,0.05885045
1751976387.14494,0.000757889,-0.020601735,0.05885045
1751976387.14696,0.000757889,-0.020601735,0.05885045
1751976387.14897,0.000679545,-0.02060106,0.058747781
1751976387.15096,0.000679545,-0.02060106,0.058747781
1751976387.15298,0.000679545,-0.02060106,0.058747781
1751976387.15504,0.000679545,-0.02060106,0.058747781
1751976387.15703,0.000643056,-0.020606527,0.058764892
1751976387.15896,0.000643056,-0.020606527,0.058764892
1751976387.16097,0.000643056,-0.020606527,0.058764892
1751976387.16295,0.000643056,-0.020606527,0.058764892
1751976387.16495,0.000643056,-0.020606527,0.058764892
1751976387.16696,0.000643056,-0.020606527,0.058764892
1751976387.16895,0.000781001,-0.020646976,0.058769475
1751976387.17094,0.000781001,-0.020646976,0.058769475
1751976387.17294,0.000781001,-0.020646976,0.058769475
1751976387.17495,0.000781001,-0.020646976,0.058769475
1751976387.17695,0.000781001,-0.020646976,0.058769475
1751976387.17893,0.000781001,-0.020646976,0.058769475
1751976387.18095,0.000740995,-0.020622846,0.058829125
1751976387.18294,0.000740995,-0.020622846,0.058829125
1751976387.18495,0.000740995,-0.020622846,0.058829125
1751976387.18694,0.000740995,-0.020622846,0.058829125
1751976387.18895,0.000740995,-0.020622846,0.058829125
1751976387.19094,0.000809152,-0.020620258,0.058846214
1751976387.19295,0.000809152,-0.020620258,0.058846214
1751976387.19495,0.000809152,-0.020620258,0.058846214
1751976387.19695,0.000809152,-0.020620258,0.058846214
1751976387.19896,0.000809152,-0.020620258,0.058846214
1751976387.20097,0.000774407,-0.020642305,0.058855719
1751976387.20299,0.000774407,-0.020642305,0.058855719
1751976387.20497,0.000774407,-0.020642305,0.058855719
1751976387.20696,0.000774407,-0.020642305,0.058855719
1751976387.20898,0.000774407,-0.020642305,0.058855719
1751976387.21098,0.000813447,-0.020628597,0.058836418
1751976387.21296,0.000813447,-0.020628597,0.058836418
1751976387.21498,0.000813447,-0.020628597,0.058836418
1751976387.21692,0.000813447,-0.020628597,0.058836418
1751976387.21896,0.000813447,-0.020628597,0.058836418
1751976387.22093,0.000813447,-0.020628597,0.058836418
1751976387.22295,0.000787255,-0.020589266,0.058845602
1751976387.22494,0.000787255,-0.020589266,0.058845602
1751976387.22696,0.000787255,-0.020589266,0.058845602
1751976387.22897,0.000787255,-0.020589266,0.058845602
1751976387.23095,0.000787255,-0.020589266,0.058845602
1751976387.23299,0.000626081,-0.02062427,0.058770716
1751976387.23502,0.000626081,-0.02062427,0.058770716
1751976387.23698,0.000626081,-0.02062427,0.058770716
1751976387.23901,0.000626081,-0.02062427,0.058770716
1751976387.24114,0.000626081,-0.02062427,0.058770716
1751976387.24303,0.000771549,-0.020714287,0.058804216
1751976387.24502,0.000771549,-0.020714287,0.058804216
1751976387.247,0.000771549,-0.020714287,0.058804216
1751976387.24894,0.000771549,-0.020714287,0.058804216
1751976387.25093,0.000771549,-0.020714287,0.058804216
1751976387.25295,0.000771549,-0.020714287,0.058804216
1751976387.25496,0.000734363,-0.020716847,0.058877214
1751976387.25696,0.000734363,-0.020716847,0.058877214
1751976387.25898,0.000734363,-0.020716847,0.058877214
1751976387.26099,0.000734363,-0.020716847,0.058877214
1751976387.26298,0.000734363,-0.020716847,0.058877214
1751976387.26494,0.000637404,-0.020727748,0.058753468
1751976387.26695,0.000637404,-0.020727748,0.058753468
1751976387.26895,0.000637404,-0.020727748,0.058753468
1751976387.27094,0.000637404,-0.020727748,0.058753468
1751976387.27295,0.000637404,-0.020727748,0.058753468
1751976387.27501,0.000637404,-0.020727748,0.058753468
1751976387.27695,0.000623803,-0.020678053,0.058687212
1751976387.27895,0.000623803,-0.020678053,0.058687212
1751976387.28108,0.000623803,-0.020678053,0.058687212
1751976387.28297,0.000623803,-0.020678053,0.058687212
1751976387.28497,0.000623803,-0.020678053,0.058687212
1751976387.287,0.000623803,-0.020678053,0.058687212
1751976387.28899,0.000633382,-0.020691331,0.058710842
1751976387.29095,0.000633382,-0.020691331,0.058710842
1751976387.29298,0.000633382,-0.020691331,0.058710842
1751976387.29496,0.000633382,-0.020691331,0.058710842
1751976387.29694,0.000633382,-0.020691331,0.058710842
1751976387.29893,0.000633382,-0.020691331,0.058710842
1751976387.3009,0.00074972,-0.0206546,0.058760984
1751976387.30294,0.00074972,-0.0206546,0.058760984
1751976387.30495,0.00074972,-0.0206546,0.058760984
1751976387.30696,0.00074972,-0.0206546,0.058760984
1751976387.30898,0.00074972,-0.0206546,0.058760984
1751976387.31096,0.000686757,-0.0206876,0.058743194
1751976387.31293,0.000686757,-0.0206876,0.058743194
1751976387.31493,0.000686757,-0.0206876,0.058743194
1751976387.31693,0.000686757,-0.0206876,0.058743194
1751976387.31893,0.000686757,-0.0206876,0.058743194
1751976387.32093,0.000686757,-0.0206876,0.058743194
1751976387.32295,0.000640081,-0.020702496,0.058706837
1751976387.32494,0.000640081,-0.020702496,0.058706837
1751976387.32695,0.000640081,-0.020702496,0.058706837
1751976387.32893,0.000640081,-0.020702496,0.058706837
1751976387.33095,0.000640081,-0.020702496,0.058706837
1751976387.33295,0.000665478,-0.020717908,0.058682955
1751976387.33504,0.000665478,-0.020717908,0.058682955
1751976387.33695,0.000665478,-0.020717908,0.058682955
1751976387.33895,0.000665478,-0.020717908,0.058682955
1751976387.34096,0.000665478,-0.020717908,0.058682955
1751976387.34297,0.000656782,-0.020648432,0.058704713
1751976387.34497,0.000656782,-0.020648432,0.058704713
1751976387.34694,0.000656782,-0.020648432,0.058704713
1751976387.34898,0.000656782,-0.020648432,0.058704713
1751976387.35093,0.000656782,-0.020648432,0.058704713
1751976387.35293,0.000656782,-0.020648432,0.058704713
1751976387.35488,0.000659866,-0.020636584,0.058723291
1751976387.35695,0.000659866,-0.020636584,0.058723291
1751976387.35896,0.000659866,-0.020636584,0.058723291
1751976387.36095,0.000659866,-0.020636584,0.058723291
1751976387.36296,0.000659866,-0.020636584,0.058723291
1751976387.36494,0.00066905,-0.02065066,0.058714667
1751976387.36693,0.00066905,-0.02065066,0.058714667
1751976387.36895,0.00066905,-0.02065066,0.058714667
1751976387.37097,0.00066905,-0.02065066,0.058714667
1751976387.37297,0.00066905,-0.02065066,0.058714667
1751976387.37495,0.000665633,-0.020649247,0.058723639
1751976387.37699,0.000665633,-0.020649247,0.058723639
1751976387.37894,0.000665633,-0.020649247,0.058723639
1751976387.38105,0.000665633,-0.020649247,0.058723639
1751976387.38298,0.000665633,-0.020649247,0.058723639
1751976387.38494,0.000615406,-0.020688173,0.058671908
1751976387.38695,0.000615406,-0.020688173,0.058671908
1751976387.38896,0.000615406,-0.020688173,0.058671908
1751976387.39093,0.000615406,-0.020688173,0.058671908
1751976387.39293,0.000615406,-0.020688173,0.058671908
1751976387.39499,0.000615406,-0.020688173,0.058671908
1751976387.39696,0.00062441,-0.020643234,0.058698022
1751976387.39895,0.00062441,-0.020643234,0.058698022
1751976387.40094,0.00062441,-0.020643234,0.058698022
1751976387.40298,0.00062441,-0.020643234,0.058698022
1751976387.40495,0.00062441,-0.020643234,0.058698022
1751976387.40696,0.000660081,-0.020686319,0.058726828
1751976387.40896,0.000660081,-0.020686319,0.058726828
1751976387.41095,0.000660081,-0.020686319,0.058726828
1751976387.41294,0.000660081,-0.020686319,0.058726828
1751976387.41499,0.000660081,-0.020686319,0.058726828
1751976387.41692,0.000581507,-0.020645224,0.058709464
1751976387.41896,0.000581507,-0.020645224,0.058709464
1751976387.42097,0.000581507,-0.020645224,0.058709464
1751976387.42298,0.000581507,-0.020645224,0.058709464
1751976387.42496,0.000581507,-0.020645224,0.058709464
1751976387.42693,0.000581507,-0.020645224,0.058709464
1751976387.42898,0.000697574,-0.020628697,0.058748547
1751976387.43101,0.000697574,-0.020628697,0.058748547
1751976387.43296,0.000697574,-0.020628697,0.058748547
1751976387.43496,0.000697574,-0.020628697,0.058748547
1751976387.43695,0.000697574,-0.020628697,0.058748547
1751976387.43896,0.000786948,-0.020638166,0.058826834
1751976387.44095,0.000786948,-0.020638166,0.058826834
1751976387.44303,0.000786948,-0.020638166,0.058826834
1751976387.44495,0.000786948,-0.020638166,0.058826834
1751976387.44693,0.000786948,-0.020638166,0.058826834
1751976387.44895,0.000650705,-0.020566148,0.058701175
1751976387.45101,0.000650705,-0.020566148,0.058701175
1751976387.45293,0.000650705,-0.020566148,0.058701175
1751976387.45495,0.000650705,-0.020566148,0.058701175
1751976387.45697,0.000650705,-0.020566148,0.058701175
1751976387.45892,0.000572375,-0.020549117,0.058669429
1751976387.46097,0.000572375,-0.020549117,0.058669429
1751976387.46296,0.000572375,-0.020549117,0.058669429
1751976387.46499,0.000572375,-0.020549117,0.058669429
1751976387.46698,0.000572375,-0.020549117,0.058669429
1751976387.46895,0.000572375,-0.020549117,0.058669429
1751976387.47099,0.000643665,-0.020562945,0.058711031
1751976387.47296,0.000643665,-0.020562945,0.058711031
1751976387.47494,0.000643665,-0.020562945,0.058711031
1751976387.47695,0.000643665,-0.020562945,0.058711031
1751976387.47894,0.000643665,-0.020562945,0.058711031
1751976387.48095,0.000643665,-0.020562945,0.058711031
1751976387.48295,0.000633318,-0.020572261,0.058714054
1751976387.48497,0.000633318,-0.020572261,0.058714054
1751976387.48695,0.000633318,-0.020572261,0.058714054
1751976387.48896,0.000633318,-0.020572261,0.058714054
1751976387.49099,0.000633318,-0.020572261,0.058714054
1751976387.49296,0.000717765,-0.020561379,0.058692612
1751976387.49501,0.000717765,-0.020561379,0.058692612
1751976387.4969,0.000717765,-0.020561379,0.058692612
1751976387.499,0.000717765,-0.020561379,0.058692612
1751976387.50095,0.000717765,-0.020561379,0.058692612
1751976387.50295,0.000717765,-0.020561379,0.058692612
1751976387.50495,0.000707436,-0.020577037,0.058723709
1751976387.50689,0.000707436,-0.020577037,0.058723709
1751976387.50894,0.000707436,-0.020577037,0.058723709
1751976387.51098,0.000707436,-0.020577037,0.058723709
1751976387.51296,0.000707436,-0.020577037,0.058723709
1751976387.51496,0.000665908,-0.020609478,0.058679257
1751976387.51695,0.000665908,-0.020609478,0.058679257
1751976387.51895,0.000665908,-0.020609478,0.058679257
1751976387.52094,0.000665908,-0.020609478,0.058679257
1751976387.52294,0.000665908,-0.020609478,0.058679257
1751976387.52494,0.000665908,-0.020609478,0.058679257
1751976387.52697,0.000751583,-0.020589066,0.058670904
1751976387.52896,0.000751583,-0.020589066,0.058670904
1751976387.53095,0.000751583,-0.020589066,0.058670904
1751976387.53297,0.000751583,-0.020589066,0.058670904
1751976387.53493,0.000751583,-0.020589066,0.058670904
1751976387.53693,0.000751583,-0.020589066,0.058670904
1751976387.53899,0.000748365,-0.020570435,0.05868129
1751976387.54094,0.000748365,-0.020570435,0.05868129
1751976387.54294,0.000748365,-0.020570435,0.05868129
1751976387.54494,0.000748365,-0.020570435,0.05868129
1751976387.54695,0.000748365,-0.020570435,0.05868129
1751976387.54898,0.000782361,-0.020572831,0.058680751
1751976387.55095,0.000782361,-0.020572831,0.058680751
1751976387.55296,0.000782361,-0.020572831,0.058680751
1751976387.55497,0.000782361,-0.020572831,0.058680751
1751976387.55696,0.000782361,-0.020572831,0.058680751
1751976387.55897,0.000802425,-0.020563408,0.058701985
1751976387.56096,0.000802425,-0.020563408,0.058701985
1751976387.56295,0.000802425,-0.020563408,0.058701985
1751976387.56503,0.000802425,-0.020563408,0.058701985
1751976387.56695,0.000802425,-0.020563408,0.058701985
1751976387.56895,0.000802425,-0.020563408,0.058701985
1751976387.57095,0.000847984,-0.020543887,0.058731062
1751976387.57294,0.000847984,-0.020543887,0.058731062
1751976387.57493,0.000847984,-0.020543887,0.058731062
1751976387.57696,0.000847984,-0.020543887,0.058731062
1751976387.57895,0.000847984,-0.020543887,0.058731062
1751976387.58095,0.000847994,-0.02056929,0.058728778
1751976387.58297,0.000847994,-0.02056929,0.058728778
1751976387.58493,0.000847994,-0.02056929,0.058728778
1751976387.58696,0.000847994,-0.02056929,0.058728778
1751976387.58893,0.000847994,-0.02056929,0.058728778
1751976387.59096,0.000847994,-0.02056929,0.058728778
1751976387.59299,0.000820986,-0.020550832,0.058681916
1751976387.59506,0.000820986,-0.020550832,0.058681916
1751976387.59696,0.000820986,-0.020550832,0.058681916
1751976387.59897,0.000820986,-0.020550832,0.058681916
1751976387.60092,0.000820986,-0.020550832,0.058681916
1751976387.60294,0.000820986,-0.020550832,0.058681916
1751976387.60496,0.000835228,-0.020540296,0.058715096
1751976387.60695,0.000835228,-0.020540296,0.058715096
1751976387.60895,0.000835228,-0.020540296,0.058715096
1751976387.61092,0.000835228,-0.020540296,0.058715096
1751976387.61294,0.000835228,-0.020540296,0.058715096
1751976387.61499,0.000859224,-0.020481074,0.058734531
1751976387.61695,0.000859224,-0.020481074,0.058734531
1751976387.61893,0.000859224,-0.020481074,0.058734531
1751976387.62095,0.000859224,-0.020481074,0.058734531
1751976387.62299,0.000859224,-0.020481074,0.058734531
1751976387.62495,0.000848966,-0.02054935,0.058724138
1751976387.62699,0.000848966,-0.02054935,0.058724138
1751976387.62899,0.000848966,-0.02054935,0.058724138
1751976387.63094,0.000848966,-0.02054935,0.058724138
1751976387.63299,0.000848966,-0.02054935,0.058724138
1751976387.63499,0.000848966,-0.02054935,0.058724138
1751976387.63702,0.000867739,-0.020540945,0.058750952
1751976387.63895,0.000867739,-0.020540945,0.058750952
1751976387.64099,0.000867739,-0.020540945,0.058750952
1751976387.643,0.000867739,-0.020540945,0.058750952
1751976387.64496,0.000867739,-0.020540945,0.058750952
1751976387.64694,0.000867739,-0.020540945,0.058750952
1751976387.64898,0.00084536,-0.020539202,0.058716831
1751976387.65093,0.00084536,-0.020539202,0.058716831
1751976387.65292,0.00084536,-0.020539202,0.058716831
1751976387.65496,0.00084536,-0.020539202,0.058716831
1751976387.65696,0.00084536,-0.020539202,0.058716831
1751976387.65898,0.000857233,-0.02053894,0.058734793
1751976387.66097,0.000857233,-0.02053894,0.058734793
1751976387.66295,0.000857233,-0.02053894,0.058734793
1751976387.66493,0.000857233,-0.02053894,0.058734793
1751976387.66694,0.000857233,-0.02053894,0.058734793
1751976387.66894,0.000857233,-0.02053894,0.058734793
1751976387.67098,0.000844389,-0.02053894,0.058715329
1751976387.67293,0.000844389,-0.02053894,0.058715329
1751976387.67495,0.000844389,-0.02053894,0.058715329
1751976387.67694,0.000844389,-0.02053894,0.058715329
1751976387.67896,0.000844389,-0.02053894,0.058715329
1751976387.68106,0.000871815,-0.02053894,0.058756896
1751976387.68298,0.000871815,-0.02053894,0.058756896
1751976387.68494,0.000871815,-0.02053894,0.058756896
1751976387.68698,0.000871815,-0.02053894,0.058756896
1751976387.68892,0.000871815,-0.02053894,0.058756896
1751976387.69096,0.000871815,-0.02053894,0.058756896
1751976387.69297,0.000870903,-0.02053894,0.058755514
1751976387.69496,0.000870903,-0.02053894,0.058755514
1751976387.69694,0.000870903,-0.02053894,0.058755514
1751976387.69919,0.000870903,-0.02053894,0.058755514
1751976387.70097,0.000870903,-0.02053894,0.058755514
1751976387.70297,0.000817037,-0.020551752,0.058675384
1751976387.70495,0.000817037,-0.020551752,0.058675384
1751976387.70696,0.000817037,-0.020551752,0.058675384
1751976387.70899,0.000817037,-0.020551752,0.058675384
1751976387.71094,0.000817037,-0.020551752,0.058675384
1751976387.71295,0.000817037,-0.020551752,0.058675384
1751976387.71494,0.000867723,-0.020541119,0.058750948
1751976387.71697,0.000867723,-0.020541119,0.058750948
1751976387.71897,0.000867723,-0.020541119,0.058750948
1751976387.72097,0.000867723,-0.020541119,0.058750948
1751976387.723,0.000867723,-0.020541119,0.058750948
1751976387.72498,0.000828686,-0.020539376,0.058691588
1751976387.72695,0.000828686,-0.020539376,0.058691588
1751976387.72896,0.000828686,-0.020539376,0.058691588
1751976387.73094,0.000828686,-0.020539376,0.058691588
1751976387.73293,0.000828686,-0.020539376,0.058691588
1751976387.73499,0.000828686,-0.020539376,0.058691588
1751976387.73697,0.000809165,-0.02053894,0.058661964
1751976387.73895,0.000809165,-0.02053894,0.058661964
1751976387.74098,0.000809165,-0.02053894,0.058661964
1751976387.74295,0.000809165,-0.02053894,0.058661964
1751976387.74493,0.000809165,-0.02053894,0.058661964
1751976387.74694,0.000809165,-0.02053894,0.058661964
1751976387.74896,0.000851018,-0.02053894,0.058725375
1751976387.75091,0.000851018,-0.02053894,0.058725375
1751976387.75297,0.000851018,-0.02053894,0.058725375
1751976387.75497,0.000851018,-0.02053894,0.058725375
1751976387.75695,0.000851018,-0.02053894,0.058725375
1751976387.75896,0.000816975,-0.020620778,0.05868336
1751976387.76096,0.000816975,-0.020620778,0.05868336
1751976387.76296,0.000816975,-0.020620778,0.05868336
1751976387.76495,0.000816975,-0.020620778,0.05868336
1751976387.76697,0.000816975,-0.020620778,0.05868336
1751976387.76892,0.000827352,-0.020695902,0.058707902
1751976387.77095,0.000827352,-0.020695902,0.058707902
1751976387.77295,0.000827352,-0.020695902,0.058707902
1751976387.77494,0.000827352,-0.020695902,0.058707902
1751976387.77693,0.000827352,-0.020695902,0.058707902
1751976387.7789,0.000827352,-0.020695902,0.058707902
1751976387.78097,0.000830334,-0.020746535,0.058718388
1751976387.78296,0.000830334,-0.020746535,0.058718388
1751976387.78495,0.000830334,-0.020746535,0.058718388
1751976387.78698,0.000830334,-0.020746535,0.058718388
1751976387.78891,0.000830334,-0.020746535,0.058718388
1751976387.79093,0.000830334,-0.020746535,0.058718388
1751976387.79294,0.000791905,-0.020762483,0.058662054
1751976387.79488,0.000791905,-0.020762483,0.058662054
1751976387.79694,0.000791905,-0.020762483,0.058662054
1751976387.79893,0.000791905,-0.020762483,0.058662054
1751976387.80095,0.000791905,-0.020762483,0.058662054
1751976387.80296,0.000810918,-0.020719694,0.058685805
1751976387.80498,0.000810918,-0.020719694,0.058685805
1751976387.80699,0.000810918,-0.020719694,0.058685805
1751976387.80892,0.000810918,-0.020719694,0.058685805
1751976387.81094,0.000810918,-0.020719694,0.058685805
1751976387.81294,0.000810918,-0.020719694,0.058685805
1751976387.81495,0.000839472,-0.020593064,0.0587142
1751976387.81695,0.000839472,-0.020593064,0.0587142
1751976387.81896,0.000839472,-0.020593064,0.0587142
1751976387.82096,0.000839472,-0.020593064,0.0587142
1751976387.82295,0.000839472,-0.020593064,0.0587142
1751976387.82489,0.000910506,-0.020552537,0.058817149
1751976387.82694,0.000910506,-0.020552537,0.058817149
1751976387.82894,0.000910506,-0.020552537,0.058817149
1751976387.83094,0.000910506,-0.020552537,0.058817149
1751976387.83294,0.000910506,-0.020552537,0.058817149
1751976387.83493,0.000910506,-0.020552537,0.058817149
1751976387.83693,0.000952657,-0.020511399,0.058876292
1751976387.83893,0.000952657,-0.020511399,0.058876292
1751976387.84087,0.000952657,-0.020511399,0.058876292
1751976387.84294,0.000952657,-0.020511399,0.058876292
1751976387.84496,0.000952657,-0.020511399,0.058876292
1751976387.84696,0.000958371,-0.020435309,0.058876116
1751976387.84893,0.000958371,-0.020435309,0.058876116
1751976387.85113,0.000958371,-0.020435309,0.058876116
1751976387.85296,0.000958371,-0.020435309,0.058876116
1751976387.85497,0.000958371,-0.020435309,0.058876116
1751976387.85698,0.000982003,-0.02037046,0.05890447
1751976387.85896,0.000982003,-0.02037046,0.05890447
1751976387.86096,0.000982003,-0.02037046,0.05890447
1751976387.86302,0.000982003,-0.02037046,0.05890447
1751976387.86495,0.000982003,-0.02037046,0.05890447
1751976387.86691,0.000982003,-0.02037046,0.05890447
1751976387.86895,0.000953627,-0.020311101,0.058854563
1751976387.87096,0.000953627,-0.020311101,0.058854563
1751976387.87297,0.000953627,-0.020311101,0.058854563
1751976387.87495,0.000953627,-0.020311101,0.058854563
1751976387.87696,0.000953627,-0.020311101,0.058854563
1751976387.87895,0.000998983,-0.020200745,0.058910726
1751976387.88095,0.000998983,-0.020200745,0.058910726
1751976387.88296,0.000998983,-0.020200745,0.058910726
1751976387.88493,0.000998983,-0.020200745,0.058910726
1751976387.8869,0.000998983,-0.020200745,0.058910726
1751976387.88896,0.000998983,-0.020200745,0.058910726
1751976387.89096,0.0010447,-0.02015559,0.05897498
1751976387.89296,0.0010447,-0.02015559,0.05897498
1751976387.89496,0.0010447,-0.02015559,0.05897498
1751976387.89698,0.0010447,-0.02015559,0.05897498
1751976387.89895,0.0010447,-0.02015559,0.05897498
1751976387.90095,0.0010447,-0.02015559,0.05897498
1751976387.90296,0.000930751,-0.020222338,0.058923781
1751976387.90495,0.000930751,-0.020222338,0.058923781
1751976387.90693,0.000930751,-0.020222338,0.058923781
1751976387.90894,0.000930751,-0.020222338,0.058923781
1751976387.91094,0.000930751,-0.020222338,0.058923781
1751976387.91295,0.000930751,-0.020222338,0.058923781
1751976387.91498,0.001057907,-0.020165481,0.059037702
1751976387.91697,0.001057907,-0.020165481,0.059037702
1751976387.91895,0.001057907,-0.020165481,0.059037702
1751976387.92094,0.001057907,-0.020165481,0.059037702
1751976387.92297,0.001057907,-0.020165481,0.059037702
1751976387.92495,0.000950628,-0.020160008,0.058937596
1751976387.92695,0.000950628,-0.020160008,0.058937596
1751976387.92894,0.000950628,-0.020160008,0.058937596
1751976387.93093,0.000950628,-0.020160008,0.058937596
1751976387.93297,0.000950628,-0.020160008,0.058937596
1751976387.93495,0.000950628,-0.020160008,0.058937596
1751976387.93698,0.000976751,-0.020202992,0.058938676
1751976387.93898,0.000976751,-0.020202992,0.058938676
1751976387.94095,0.000976751,-0.020202992,0.058938676
1751976387.94295,0.000976751,-0.020202992,0.058938676
1751976387.94497,0.000976751,-0.020202992,0.058938676
1751976387.94696,0.000984974,-0.020242302,0.058935237
1751976387.94897,0.000984974,-0.020242302,0.058935237
1751976387.95095,0.000984974,-0.020242302,0.058935237
1751976387.95294,0.000984974,-0.020242302,0.058935237
1751976387.95494,0.000984974,-0.020242302,0.058935237
1751976387.95697,0.000984974,-0.020242302,0.058935237
1751976387.95892,0.001007343,-0.020233095,0.058956939
1751976387.96103,0.001007343,-0.020233095,0.058956939
1751976387.96299,0.001007343,-0.020233095,0.058956939
1751976387.96496,0.001007343,-0.020233095,0.058956939
1751976387.96694,0.001007343,-0.020233095,0.058956939
1751976387.96898,0.001007343,-0.020233095,0.058956939
1751976387.97094,0.000972907,-0.020303354,0.058901865
1751976387.97296,0.000972907,-0.020303354,0.058901865
1751976387.97494,0.000972907,-0.020303354,0.058901865
1751976387.97709,0.000972907,-0.020303354,0.058901865
1751976387.97924,0.000972907,-0.020303354,0.058901865
1751976387.981,0.000920169,-0.020355155,0.058903565
1751976387.98299,0.000920169,-0.020355155,0.058903565
1751976387.98496,0.000920169,-0.020355155,0.058903565
1751976387.98696,0.000920169,-0.020355155,0.058903565
1751976387.98895,0.000920169,-0.020355155,0.058903565
1751976387.99095,0.000920169,-0.020355155,0.058903565
1751976387.99297,0.00086499,-0.02035436,0.058847265
1751976387.99499,0.00086499,-0.02035436,0.058847265
1751976387.99692,0.00086499,-0.02035436,0.058847265
1751976387.99893,0.00086499,-0.02035436,0.058847265
1751976388.00095,0.00086499,-0.02035436,0.058847265
1751976388.00297,0.000763422,-0.020483677,0.058729191
1751976388.00495,0.000763422,-0.020483677,0.058729191
1751976388.00695,0.000763422,-0.020483677,0.058729191
1751976388.00898,0.000763422,-0.020483677,0.058729191
1751976388.01099,0.000763422,-0.020483677,0.058729191
1751976388.01296,0.000789734,-0.020518338,0.058753183
1751976388.01494,0.000789734,-0.020518338,0.058753183
1751976388.01696,0.000789734,-0.020518338,0.058753183
1751976388.01898,0.000789734,-0.020518338,0.058753183
1751976388.02096,0.000789734,-0.020518338,0.058753183
1751976388.023,0.000789734,-0.020518338,0.058753183
1751976388.02492,0.00067373,-0.020608443,0.058680288
1751976388.02695,0.00067373,-0.020608443,0.058680288
1751976388.02903,0.00067373,-0.020608443,0.058680288
1751976388.03097,0.00067373,-0.020608443,0.058680288
1751976388.03295,0.00067373,-0.020608443,0.058680288
1751976388.03489,0.00067373,-0.020608443,0.058680288
1751976388.03697,0.000685093,-0.020683912,0.058676413
1751976388.03894,0.000685093,-0.020683912,0.058676413
1751976388.04092,0.000685093,-0.020683912,0.058676413
1751976388.04296,0.000685093,-0.020683912,0.058676413
1751976388.04496,0.000685093,-0.020683912,0.058676413
1751976388.04694,0.000559836,-0.020775863,0.058614108
1751976388.04895,0.000559836,-0.020775863,0.058614108
1751976388.05087,0.000559836,-0.020775863,0.058614108
1751976388.05294,0.000559836,-0.020775863,0.058614108
1751976388.05494,0.000559836,-0.020775863,0.058614108
1751976388.05698,0.000559836,-0.020775863,0.058614108
1751976388.05898,0.000654304,-0.020882981,0.058659266
1751976388.06096,0.000654304,-0.020882981,0.058659266
1751976388.06295,0.000654304,-0.020882981,0.058659266
1751976388.06497,0.000654304,-0.020882981,0.058659266
1751976388.067,0.000654304,-0.020882981,0.058659266
1751976388.06898,0.000660628,-0.02100024,0.058631524
1751976388.07093,0.000660628,-0.02100024,0.058631524
1751976388.07295,0.000660628,-0.02100024,0.058631524
1751976388.07494,0.000660628,-0.02100024,0.058631524
1751976388.077,0.000660628,-0.02100024,0.058631524
1751976388.07895,0.000589525,-0.021059848,0.058615426
1751976388.08093,0.000589525,-0.021059848,0.058615426
1751976388.08295,0.000589525,-0.021059848,0.058615426
1751976388.08495,0.000589525,-0.021059848,0.058615426
1751976388.08694,0.000589525,-0.021059848,0.058615426
1751976388.08894,0.000589525,-0.021059848,0.058615426
1751976388.09089,0.000687346,-0.021114614,0.058623544
1751976388.09295,0.000687346,-0.021114614,0.058623544
1751976388.09493,0.000687346,-0.021114614,0.058623544
1751976388.09698,0.000687346,-0.021114614,0.058623544
1751976388.09894,0.000687346,-0.021114614,0.058623544
1751976388.10094,0.000687346,-0.021114614,0.058623544
1751976388.10295,0.00056215,-0.021207604,0.058539237
1751976388.10496,0.00056215,-0.021207604,0.058539237
1751976388.10698,0.00056215,-0.021207604,0.058539237
1751976388.10898,0.00056215,-0.021207604,0.058539237
1751976388.11096,0.00056215,-0.021207604,0.058539237
1751976388.11297,0.000589134,-0.021268862,0.058577783
1751976388.11496,0.000589134,-0.021268862,0.058577783
1751976388.11694,0.000589134,-0.021268862,0.058577783
1751976388.11899,0.000589134,-0.021268862,0.058577783
1751976388.12097,0.000589134,-0.021268862,0.058577783
1751976388.12294,0.000478307,-0.021338174,0.058472893
1751976388.12509,0.000478307,-0.021338174,0.058472893
1751976388.12697,0.000478307,-0.021338174,0.058472893
1751976388.12894,0.000478307,-0.021338174,0.058472893
1751976388.131,0.000478307,-0.021338174,0.058472893
1751976388.13299,0.000531377,-0.021451999,0.058529244
1751976388.13493,0.000531377,-0.021451999,0.058529244
1751976388.13695,0.000531377,-0.021451999,0.058529244
1751976388.13889,0.000531377,-0.021451999,0.058529244
1751976388.14095,0.000531377,-0.021451999,0.058529244
1751976388.14296,0.000531377,-0.021451999,0.058529244
1751976388.145,0.000464884,-0.021508457,0.058521454
1751976388.14695,0.000464884,-0.021508457,0.058521454
1751976388.14897,0.000464884,-0.021508457,0.058521454
1751976388.15096,0.000464884,-0.021508457,0.058521454
1751976388.15296,0.000464884,-0.021508457,0.058521454
1751976388.15498,0.000464884,-0.021508457,0.058521454
1751976388.15696,0.000387897,-0.021572972,0.058411622
1751976388.15895,0.000387897,-0.021572972,0.058411622
1751976388.16094,0.000387897,-0.021572972,0.058411622
1751976388.16297,0.000387897,-0.021572972,0.058411622
1751976388.16494,0.000387897,-0.021572972,0.058411622
1751976388.16695,0.000387897,-0.021572972,0.058411622
1751976388.16894,0.00029413,-0.021680931,0.058278386
1751976388.17097,0.00029413,-0.021680931,0.058278386
1751976388.17299,0.00029413,-0.021680931,0.058278386
1751976388.17496,0.00029413,-0.021680931,0.058278386
1751976388.17696,0.00029413,-0.021680931,0.058278386
1751976388.17898,0.000246013,-0.021785582,0.05822591
1751976388.18094,0.000246013,-0.021785582,0.05822591
1751976388.18295,0.000246013,-0.021785582,0.05822591
1751976388.18502,0.000246013,-0.021785582,0.05822591
1751976388.18696,0.000246013,-0.021785582,0.05822591
1751976388.18895,0.000246013,-0.021785582,0.05822591
1751976388.19102,0.000300878,-0.021895356,0.058213936
1751976388.19297,0.000300878,-0.021895356,0.058213936
1751976388.19492,0.000300878,-0.021895356,0.058213936
1751976388.19696,0.000300878,-0.021895356,0.058213936
1751976388.19902,0.000300878,-0.021895356,0.058213936
1751976388.20097,0.000176129,-0.021938645,0.058080422
1751976388.20297,0.000176129,-0.021938645,0.058080422
1751976388.20498,0.000176129,-0.021938645,0.058080422
1751976388.20694,0.000176129,-0.021938645,0.058080422
1751976388.20896,0.000176129,-0.021938645,0.058080422
1751976388.21087,0.000176129,-0.021938645,0.058080422
1751976388.21295,0.000135865,-0.021996894,0.058072699
1751976388.21494,0.000135865,-0.021996894,0.058072699
1751976388.21693,0.000135865,-0.021996894,0.058072699
1751976388.21894,0.000135865,-0.021996894,0.058072699
1751976388.22098,0.000135865,-0.021996894,0.058072699
1751976388.22292,0.000085571,-0.0221336,0.058082481
1751976388.22496,0.000085571,-0.0221336,0.058082481
1751976388.22696,0.000085571,-0.0221336,0.058082481
1751976388.22896,0.000085571,-0.0221336,0.058082481
1751976388.23096,0.000085571,-0.0221336,0.058082481
1751976388.233,0.000163573,-0.022332233,0.058124342
1751976388.23505,0.000163573,-0.022332233,0.058124342
1751976388.23695,0.000163573,-0.022332233,0.058124342
1751976388.23895,0.000163573,-0.022332233,0.058124342
1751976388.24095,0.000163573,-0.022332233,0.058124342
1751976388.24299,0.000163573,-0.022332233,0.058124342
1751976388.24499,0.000109206,-0.022451021,0.05807024
1751976388.24694,0.000109206,-0.022451021,0.05807024
1751976388.24894,0.000109206,-0.022451021,0.05807024
1751976388.25096,0.000109206,-0.022451021,0.05807024
1751976388.25294,0.000109206,-0.022451021,0.05807024
1751976388.25494,0.000109206,-0.022451021,0.05807024
1751976388.25694,0.000043934,-0.022518522,0.057992545
1751976388.25894,0.000043934,-0.022518522,0.057992545
1751976388.2609,0.000043934,-0.022518522,0.057992545
1751976388.26297,0.000043934,-0.022518522,0.057992545
1751976388.26495,0.000043934,-0.022518522,0.057992545
1751976388.26698,0.000043934,-0.022518522,0.057992545
1751976388.26897,0.000109436,-0.022636198,0.058102352
1751976388.27099,0.000109436,-0.022636198,0.058102352
1751976388.27297,0.000109436,-0.022636198,0.058102352
1751976388.27498,0.000109436,-0.022636198,0.058102352
1751976388.27696,0.000109436,-0.022636198,0.058102352
1751976388.279,0.000109436,-0.022636198,0.058102352
1751976388.28098,0.000053383,-0.022729549,0.058050021
1751976388.28297,0.000053383,-0.022729549,0.058050021
1751976388.28493,0.000053383,-0.022729549,0.058050021
1751976388.28695,0.000053383,-0.022729549,0.058050021
1751976388.28894,0.000053383,-0.022729549,0.058050021
1751976388.29095,0.000053383,-0.022729549,0.058050021
1751976388.29299,-0.000009741,-0.022847117,0.057975923
1751976388.29494,-0.000009741,-0.022847117,0.057975923
1751976388.29697,-0.000009741,-0.022847117,0.057975923
1751976388.29895,-0.000009741,-0.022847117,0.057975923
1751976388.30095,-0.000009741,-0.022847117,0.057975923
1751976388.30293,0.000043177,-0.023019036,0.058036536
1751976388.30493,0.000043177,-0.023019036,0.058036536
1751976388.30693,0.000043177,-0.023019036,0.058036536
1751976388.30894,0.000043177,-0.023019036,0.058036536
1751976388.31093,0.000043177,-0.023019036,0.058036536
1751976388.31296,0.000043177,-0.023019036,0.058036536
1751976388.31491,-0.000077919,-0.023240027,0.057908568
1751976388.31696,-0.000077919,-0.023240027,0.057908568
1751976388.31898,-0.000077919,-0.023240027,0.057908568
1751976388.32098,-0.000077919,-0.023240027,0.057908568
1751976388.32298,-0.000077919,-0.023240027,0.057908568
1751976388.32491,-0.00008709,-0.023371017,0.057869725
1751976388.32695,-0.00008709,-0.023371017,0.057869725
1751976388.32896,-0.00008709,-0.023371017,0.057869725
1751976388.33096,-0.00008709,-0.023371017,0.057869725
1751976388.33296,-0.00008709,-0.023371017,0.057869725
1751976388.33494,-0.00008709,-0.023371017,0.057869725
1751976388.33693,-0.000093187,-0.023639222,0.05795135
1751976388.339,-0.000093187,-0.023639222,0.05795135
1751976388.34093,-0.000093187,-0.023639222,0.05795135
1751976388.3429,-0.000093187,-0.023639222,0.05795135
1751976388.34494,-0.000093187,-0.023639222,0.05795135
1751976388.34694,-0.000071488,-0.023823965,0.057859741
1751976388.34895,-0.000071488,-0.023823965,0.057859741
1751976388.35095,-0.000071488,-0.023823965,0.057859741
1751976388.35295,-0.000071488,-0.023823965,0.057859741
1751976388.35495,-0.000071488,-0.023823965,0.057859741
1751976388.35696,-0.000159871,-0.024018183,0.05778151
1751976388.35897,-0.000159871,-0.024018183,0.05778151
1751976388.36105,-0.000159871,-0.024018183,0.05778151
1751976388.36298,-0.000159871,-0.024018183,0.05778151
1751976388.36501,-0.000159871,-0.024018183,0.05778151
1751976388.36691,-0.000156053,-0.024112381,0.057798967
1751976388.36896,-0.000156053,-0.024112381,0.057798967
1751976388.37099,-0.000156053,-0.024112381,0.057798967
1751976388.37297,-0.000156053,-0.024112381,0.057798967
1751976388.37494,-0.000156053,-0.024112381,0.057798967
1751976388.37695,-0.000156053,-0.024112381,0.057798967
1751976388.37894,-0.000212536,-0.024409824,0.057731033
1751976388.38094,-0.000212536,-0.024409824,0.057731033
1751976388.38294,-0.000212536,-0.024409824,0.057731033
1751976388.38494,-0.000212536,-0.024409824,0.057731033
1751976388.38692,-0.000212536,-0.024409824,0.057731033
1751976388.38894,-0.000212536,-0.024409824,0.057731033
1751976388.39094,-0.000232207,-0.024713802,0.057717788
1751976388.39302,-0.000232207,-0.024713802,0.057717788
1751976388.39495,-0.000232207,-0.024713802,0.057717788
1751976388.39693,-0.000232207,-0.024713802,0.057717788
1751976388.39896,-0.000232207,-0.024713802,0.057717788
1751976388.40094,-0.000314167,-0.024916842,0.057639697
1751976388.40294,-0.000314167,-0.024916842,0.057639697
1751976388.40497,-0.000314167,-0.024916842,0.057639697
1751976388.40696,-0.000314167,-0.024916842,0.057639697
1751976388.40894,-0.000314167,-0.024916842,0.057639697
1751976388.41099,-0.000314167,-0.024916842,0.057639697
1751976388.41298,-0.000454138,-0.025213336,0.057447833
1751976388.41493,-0.000454138,-0.025213336,0.057447833
1751976388.41694,-0.000454138,-0.025213336,0.057447833
1751976388.41894,-0.000454138,-0.025213336,0.057447833
1751976388.4209,-0.000454138,-0.025213336,0.057447833
1751976388.42293,-0.000454138,-0.025213336,0.057447833
1751976388.42496,-0.000533264,-0.025594759,0.057367609
1751976388.42699,-0.000533264,-0.025594759,0.057367609
1751976388.42895,-0.000533264,-0.025594759,0.057367609
1751976388.43095,-0.000533264,-0.025594759,0.057367609
1751976388.43294,-0.000533264,-0.025594759,0.057367609
1751976388.43494,-0.000575286,-0.025787581,0.057342666
1751976388.43693,-0.000575286,-0.025787581,0.057342666
1751976388.43893,-0.000575286,-0.025787581,0.057342666
1751976388.44095,-0.000575286,-0.025787581,0.057342666
1751976388.44293,-0.000575286,-0.025787581,0.057342666
1751976388.44493,-0.000575286,-0.025787581,0.057342666
1751976388.44698,-0.000639118,-0.026081375,0.057317339
1751976388.44897,-0.000639118,-0.026081375,0.057317339
1751976388.45095,-0.000639118,-0.026081375,0.057317339
1751976388.45298,-0.000639118,-0.026081375,0.057317339
1751976388.45497,-0.000639118,-0.026081375,0.057317339
1751976388.45696,-0.000723258,-0.026342959,0.057168022
1751976388.45899,-0.000723258,-0.026342959,0.057168022
1751976388.46095,-0.000723258,-0.026342959,0.057168022
1751976388.46296,-0.000723258,-0.026342959,0.057168022
1751976388.46496,-0.000723258,-0.026342959,0.057168022
1751976388.46693,-0.000723258,-0.026342959,0.057168022
1751976388.46895,-0.000834789,-0.026625815,0.057028448
1751976388.47097,-0.000834789,-0.026625815,0.057028448
1751976388.47297,-0.000834789,-0.026625815,0.057028448
1751976388.47494,-0.000834789,-0.026625815,0.057028448
1751976388.47696,-0.000834789,-0.026625815,0.057028448
1751976388.47896,-0.000925921,-0.026930863,0.056953816
1751976388.48098,-0.000925921,-0.026930863,0.056953816
1751976388.48293,-0.000925921,-0.026930863,0.056953816
1751976388.48493,-0.000925921,-0.026930863,0.056953816
1751976388.48705,-0.000925921,-0.026930863,0.056953816
1751976388.48899,-0.001029355,-0.027214093,0.056832016
1751976388.49096,-0.001029355,-0.027214093,0.056832016
1751976388.49301,-0.001029355,-0.027214093,0.056832016
1751976388.49497,-0.001029355,-0.027214093,0.056832016
1751976388.49696,-0.001029355,-0.027214093,0.056832016
1751976388.49899,-0.001029355,-0.027214093,0.056832016
1751976388.50097,-0.001181077,-0.027557789,0.056658406
1751976388.50298,-0.001181077,-0.027557789,0.056658406
1751976388.50496,-0.001181077,-0.027557789,0.056658406
1751976388.50689,-0.001181077,-0.027557789,0.056658406
1751976388.50895,-0.001181077,-0.027557789,0.056658406
1751976388.51094,-0.001181077,-0.027557789,0.056658406
1751976388.51302,-0.001310697,-0.027873002,0.056516924
1751976388.51495,-0.001310697,-0.027873002,0.056516924
1751976388.51693,-0.001310697,-0.027873002,0.056516924
1751976388.51894,-0.001310697,-0.027873002,0.056516924
1751976388.52098,-0.001310697,-0.027873002,0.056516924
1751976388.52298,-0.00139374,-0.028194929,0.056447157
1751976388.52494,-0.00139374,-0.028194929,0.056447157
1751976388.52694,-0.00139374,-0.028194929,0.056447157
1751976388.52895,-0.00139374,-0.028194929,0.056447157
1751976388.53097,-0.00139374,-0.028194929,0.056447157
1751976388.53295,-0.001501364,-0.028517299,0.056341809
1751976388.53498,-0.001501364,-0.028517299,0.056341809
1751976388.53697,-0.001501364,-0.028517299,0.056341809
1751976388.53895,-0.001501364,-0.028517299,0.056341809
1751976388.54097,-0.001501364,-0.028517299,0.056341809
1751976388.54292,-0.001608843,-0.028826065,0.056235182
1751976388.54494,-0.001608843,-0.028826065,0.056235182
1751976388.54693,-0.001608843,-0.028826065,0.056235182
1751976388.5489,-0.001608843,-0.028826065,0.056235182
1751976388.55101,-0.001608843,-0.028826065,0.056235182
1751976388.55294,-0.001757259,-0.029208086,0.056081512
1751976388.55496,-0.001757259,-0.029208086,0.056081512
1751976388.55698,-0.001757259,-0.029208086,0.056081512
1751976388.55893,-0.001757259,-0.029208086,0.056081512
1751976388.56096,-0.001757259,-0.029208086,0.056081512
1751976388.56296,-0.001757259,-0.029208086,0.056081512
1751976388.56494,-0.001824443,-0.029618499,0.056054041
1751976388.56696,-0.001824443,-0.029618499,0.056054041
1751976388.56894,-0.001824443,-0.029618499,0.056054041
1751976388.57097,-0.001824443,-0.029618499,0.056054041
1751976388.57296,-0.001824443,-0.029618499,0.056054041
1751976388.57501,-0.001904995,-0.029817072,0.055970224
1751976388.57696,-0.001904995,-0.029817072,0.055970224
1751976388.57898,-0.001904995,-0.029817072,0.055970224
1751976388.58098,-0.001904995,-0.029817072,0.055970224
1751976388.58297,-0.001904995,-0.029817072,0.055970224
1751976388.58497,-0.001917847,-0.03017058,0.055878306
1751976388.58695,-0.001917847,-0.03017058,0.055878306
1751976388.58909,-0.001917847,-0.03017058,0.055878306
1751976388.59096,-0.001917847,-0.03017058,0.055878306
1751976388.59295,-0.001917847,-0.03017058,0.055878306
1751976388.59493,-0.001917847,-0.03017058,0.055878306
1751976388.59698,-0.002014104,-0.030496042,0.05570699
1751976388.59894,-0.002014104,-0.030496042,0.05570699
1751976388.60095,-0.002014104,-0.030496042,0.05570699
1751976388.60294,-0.002014104,-0.030496042,0.05570699
1751976388.60499,-0.002014104,-0.030496042,0.05570699
1751976388.60695,-0.002071772,-0.030875184,0.055614768
1751976388.60903,-0.002071772,-0.030875184,0.055614768
1751976388.61093,-0.002071772,-0.030875184,0.055614768
1751976388.61296,-0.002071772,-0.030875184,0.055614768
1751976388.61498,-0.002071772,-0.030875184,0.055614768
1751976388.61705,-0.002071772,-0.030875184,0.055614768
1751976388.61934,-0.002139706,-0.031282748,0.055466885
1751976388.62097,-0.002139706,-0.031282748,0.055466885
1751976388.62301,-0.002139706,-0.031282748,0.055466885
1751976388.62495,-0.002139706,-0.031282748,0.055466885
1751976388.62697,-0.002139706,-0.031282748,0.055466885
1751976388.62901,-0.002139706,-0.031282748,0.055466885
1751976388.63095,-0.002276075,-0.031667184,0.055320379
1751976388.63294,-0.002276075,-0.031667184,0.055320379
1751976388.63494,-0.002276075,-0.031667184,0.055320379
1751976388.63701,-0.002276075,-0.031667184,0.055320379
1751976388.63892,-0.002276075,-0.031667184,0.055320379
1751976388.64093,-0.002276075,-0.031667184,0.055320379
1751976388.64297,-0.002457807,-0.032116618,0.055110564
1751976388.64496,-0.002457807,-0.032116618,0.055110564
1751976388.64693,-0.002457807,-0.032116618,0.055110564
1751976388.64895,-0.002457807,-0.032116618,0.055110564
1751976388.651,-0.002457807,-0.032116618,0.055110564
1751976388.65294,-0.002637642,-0.032534906,0.054891833
1751976388.65495,-0.002637642,-0.032534906,0.054891833
1751976388.65697,-0.002637642,-0.032534906,0.054891833
1751976388.65898,-0.002637642,-0.032534906,0.054891833
1751976388.661,-0.002637642,-0.032534906,0.054891833
1751976388.66301,-0.002718867,-0.03299185,0.054792128
1751976388.66498,-0.002718867,-0.03299185,0.054792128
1751976388.66697,-0.002718867,-0.03299185,0.054792128
1751976388.66898,-0.002718867,-0.03299185,0.054792128
1751976388.67096,-0.002718867,-0.03299185,0.054792128
1751976388.67295,-0.002718867,-0.03299185,0.054792128
1751976388.67495,-0.002755686,-0.033565327,0.054699584
1751976388.67697,-0.002755686,-0.033565327,0.054699584
1751976388.67895,-0.002755686,-0.033565327,0.054699584
1751976388.68096,-0.002755686,-0.033565327,0.054699584
1751976388.68295,-0.002755686,-0.033565327,0.054699584
1751976388.68495,-0.00282365,-0.033918398,0.054545156
1751976388.68692,-0.00282365,-0.033918398,0.054545156
1751976388.68895,-0.00282365,-0.033918398,0.054545156
1751976388.69098,-0.00282365,-0.033918398,0.054545156
1751976388.69296,-0.00282365,-0.033918398,0.054545156
1751976388.69493,-0.002950052,-0.034341916,0.054431715
1751976388.69698,-0.002950052,-0.034341916,0.054431715
1751976388.69895,-0.002950052,-0.034341916,0.054431715
1751976388.70097,-0.002950052,-0.034341916,0.054431715
1751976388.70298,-0.002950052,-0.034341916,0.054431715
1751976388.70496,-0.002950052,-0.034341916,0.054431715
1751976388.70697,-0.003000459,-0.034916162,0.054297096
1751976388.70895,-0.003000459,-0.034916162,0.054297096
1751976388.711,-0.003000459,-0.034916162,0.054297096
1751976388.71299,-0.003000459,-0.034916162,0.054297096
1751976388.71496,-0.003000459,-0.034916162,0.054297096
1751976388.71696,-0.003063549,-0.035454502,0.054139125
1751976388.71895,-0.003063549,-0.035454502,0.054139125
1751976388.72095,-0.003063549,-0.035454502,0.054139125
1751976388.723,-0.003063549,-0.035454502,0.054139125
1751976388.72498,-0.003063549,-0.035454502,0.054139125
1751976388.72694,-0.003085685,-0.035970405,0.054024061
1751976388.72895,-0.003085685,-0.035970405,0.054024061
1751976388.73095,-0.003085685,-0.035970405,0.054024061
1751976388.73294,-0.003085685,-0.035970405,0.054024061
1751976388.73493,-0.003085685,-0.035970405,0.054024061
1751976388.73698,-0.003085685,-0.035970405,0.054024061
1751976388.73893,-0.003193895,-0.036646866,0.053856078
1751976388.74095,-0.003193895,-0.036646866,0.053856078
1751976388.74296,-0.003193895,-0.036646866,0.053856078
1751976388.74497,-0.003193895,-0.036646866,0.053856078
1751976388.74701,-0.003193895,-0.036646866,0.053856078
1751976388.74901,-0.003372909,-0.037189115,0.053689357
1751976388.75101,-0.003372909,-0.037189115,0.053689357
1751976388.75295,-0.003372909,-0.037189115,0.053689357
1751976388.75499,-0.003372909,-0.037189115,0.053689357
1751976388.75693,-0.003372909,-0.037189115,0.053689357
1751976388.75896,-0.003500712,-0.037651509,0.053589358
1751976388.76094,-0.003500712,-0.037651509,0.053589358
1751976388.76296,-0.003500712,-0.037651509,0.053589358
1751976388.76495,-0.003500712,-0.037651509,0.053589358
1751976388.76694,-0.003500712,-0.037651509,0.053589358
1751976388.76894,-0.003500712,-0.037651509,0.053589358
1751976388.77095,-0.003524258,-0.038168394,0.053465137
1751976388.77293,-0.003524258,-0.038168394,0.053465137
1751976388.77494,-0.003524258,-0.038168394,0.053465137
1751976388.77698,-0.003524258,-0.038168394,0.053465137
1751976388.77895,-0.003524258,-0.038168394,0.053465137
1751976388.78094,-0.003524258,-0.038168394,0.053465137
1751976388.7829,-0.003728402,-0.038715701,0.053255261
1751976388.78495,-0.003728402,-0.038715701,0.053255261
1751976388.78694,-0.003728402,-0.038715701,0.053255261
1751976388.78892,-0.003728402,-0.038715701,0.053255261
1751976388.79099,-0.003728402,-0.038715701,0.053255261
1751976388.79301,-0.003817159,-0.039158132,0.053135759
1751976388.79496,-0.003817159,-0.039158132,0.053135759
1751976388.79696,-0.003817159,-0.039158132,0.053135759
1751976388.79896,-0.003817159,-0.039158132,0.053135759
1751976388.80096,-0.003817159,-0.039158132,0.053135759
1751976388.80289,-0.003817159,-0.039158132,0.053135759
1751976388.80497,-0.003841162,-0.039716386,0.053014608
1751976388.80695,-0.003841162,-0.039716386,0.053014608
1751976388.80899,-0.003841162,-0.039716386,0.053014608
1751976388.81102,-0.003841162,-0.039716386,0.053014608
1751976388.81298,-0.003841162,-0.039716386,0.053014608
1751976388.81496,-0.003856708,-0.040061005,0.05294043
1751976388.81696,-0.003856708,-0.040061005,0.05294043
1751976388.81896,-0.003856708,-0.040061005,0.05294043
1751976388.82095,-0.003856708,-0.040061005,0.05294043
1751976388.82296,-0.003856708,-0.040061005,0.05294043
1751976388.82494,-0.003856708,-0.040061005,0.05294043
1751976388.82695,-0.003855399,-0.040423419,0.052795378
1751976388.829,-0.003855399,-0.040423419,0.052795378
1751976388.83097,-0.003855399,-0.040423419,0.052795378
1751976388.83297,-0.003855399,-0.040423419,0.052795378
1751976388.83496,-0.003855399,-0.040423419,0.052795378
1751976388.83694,-0.003954705,-0.040802022,0.052697781
1751976388.83894,-0.003954705,-0.040802022,0.052697781
1751976388.84096,-0.003954705,-0.040802022,0.052697781
1751976388.84297,-0.003954705,-0.040802022,0.052697781
1751976388.84496,-0.003954705,-0.040802022,0.052697781
1751976388.84694,-0.003954705,-0.040802022,0.052697781
1751976388.84892,-0.004031248,-0.041322164,0.052502651
1751976388.85092,-0.004031248,-0.041322164,0.052502651
1751976388.85293,-0.004031248,-0.041322164,0.052502651
1751976388.85493,-0.004031248,-0.041322164,0.052502651
1751976388.85693,-0.004031248,-0.041322164,0.052502651
1751976388.85894,-0.004081948,-0.041774242,0.052383187
1751976388.86095,-0.004081948,-0.041774242,0.052383187
1751976388.86293,-0.004081948,-0.041774242,0.052383187
1751976388.86502,-0.004081948,-0.041774242,0.052383187
1751976388.86693,-0.004081948,-0.041774242,0.052383187
1751976388.86893,-0.004081948,-0.041774242,0.052383187
1751976388.87096,-0.004252677,-0.042338423,0.052142464
1751976388.8729,-0.004252677,-0.042338423,0.052142464
1751976388.87499,-0.004252677,-0.042338423,0.052142464
1751976388.87703,-0.004252677,-0.042338423,0.052142464
1751976388.87894,-0.004252677,-0.042338423,0.052142464
1751976388.88096,-0.004252677,-0.042338423,0.052142464
1751976388.88294,-0.004328783,-0.042991488,0.051972376
1751976388.88496,-0.004328783,-0.042991488,0.051972376
1751976388.88695,-0.004328783,-0.042991488,0.051972376
1751976388.88893,-0.004328783,-0.042991488,0.051972376
1751976388.89097,-0.004328783,-0.042991488,0.051972376
1751976388.89295,-0.004378209,-0.043570257,0.051886668
1751976388.89494,-0.004378209,-0.043570257,0.051886668
1751976388.89693,-0.004378209,-0.043570257,0.051886668
1751976388.89896,-0.004378209,-0.043570257,0.051886668
1751976388.90093,-0.004378209,-0.043570257,0.051886668
1751976388.90295,-0.004378209,-0.043570257,0.051886668
1751976388.90495,-0.004533469,-0.044093741,0.051706128
1751976388.90697,-0.004533469,-0.044093741,0.051706128
1751976388.90895,-0.004533469,-0.044093741,0.051706128
1751976388.91091,-0.004533469,-0.044093741,0.051706128
1751976388.91297,-0.004533469,-0.044093741,0.051706128
1751976388.91495,-0.004533469,-0.044093741,0.051706128
1751976388.91699,-0.004489092,-0.044599141,0.051574559
1751976388.91901,-0.004489092,-0.044599141,0.051574559
1751976388.92091,-0.004489092,-0.044599141,0.051574559
1751976388.92297,-0.004489092,-0.044599141,0.051574559
1751976388.92501,-0.004489092,-0.044599141,0.051574559
1751976388.92697,-0.004500737,-0.045130967,0.051438912
1751976388.92896,-0.004500737,-0.045130967,0.051438912
1751976388.93095,-0.004500737,-0.045130967,0.051438912
1751976388.93295,-0.004500737,-0.045130967,0.051438912
1751976388.93496,-0.004500737,-0.045130967,0.051438912
1751976388.93696,-0.004500335,-0.04559256,0.051239563
1751976388.93897,-0.004500335,-0.04559256,0.051239563
1751976388.94094,-0.004500335,-0.04559256,0.051239563
1751976388.94297,-0.004500335,-0.04559256,0.051239563
1751976388.94497,-0.004500335,-0.04559256,0.051239563
1751976388.94695,-0.004444369,-0.046058269,0.051133965
1751976388.94894,-0.004444369,-0.046058269,0.051133965
1751976388.95095,-0.004444369,-0.046058269,0.051133965
1751976388.95295,-0.004444369,-0.046058269,0.051133965
1751976388.95496,-0.004444369,-0.046058269,0.051133965
1751976388.95693,-0.004444369,-0.046058269,0.051133965
1751976388.95899,-0.004484929,-0.04667095,0.051024604
1751976388.96097,-0.004484929,-0.04667095,0.051024604
1751976388.96298,-0.004484929,-0.04667095,0.051024604
1751976388.96493,-0.004484929,-0.04667095,0.051024604
1751976388.96697,-0.004484929,-0.04667095,0.051024604
1751976388.96896,-0.004417304,-0.047109549,0.050974663
1751976388.971,-0.004417304,-0.047109549,0.050974663
1751976388.97295,-0.004417304,-0.047109549,0.050974663
1751976388.97489,-0.004417304,-0.047109549,0.050974663
1751976388.97695,-0.004417304,-0.047109549,0.050974663
1751976388.97894,-0.00450515,-0.047648906,0.050777779
1751976388.98091,-0.00450515,-0.047648906,0.050777779
1751976388.98294,-0.00450515,-0.047648906,0.050777779
1751976388.98494,-0.00450515,-0.047648906,0.050777779
1751976388.98697,-0.00450515,-0.047648906,0.050777779
1751976388.98894,-0.004446115,-0.048219611,0.050638473
1751976388.99093,-0.004446115,-0.048219611,0.050638473
1751976388.99304,-0.004446115,-0.048219611,0.050638473
1751976388.99494,-0.004446115,-0.048219611,0.050638473
1751976388.99695,-0.004446115,-0.048219611,0.050638473
1751976388.99895,-0.004446115,-0.048219611,0.050638473
1751976389.00102,-0.004376845,-0.04875633,0.05059403
1751976389.00299,-0.004376845,-0.04875633,0.05059403
1751976389.00496,-0.004376845,-0.04875633,0.05059403
1751976389.00695,-0.004376845,-0.04875633,0.05059403
1751976389.00896,-0.004376845,-0.04875633,0.05059403
1751976389.01095,-0.004379225,-0.049231618,0.050385541
1751976389.01293,-0.004379225,-0.049231618,0.050385541
1751976389.01497,-0.004379225,-0.049231618,0.050385541
1751976389.01695,-0.004379225,-0.049231618,0.050385541
1751976389.01894,-0.004379225,-0.049231618,0.050385541
1751976389.02094,-0.004379225,-0.049231618,0.050385541
1751976389.02294,-0.004274351,-0.049780919,0.050309174
1751976389.02494,-0.004274351,-0.049780919,0.050309174
1751976389.02698,-0.004274351,-0.049780919,0.050309174
1751976389.02897,-0.004274351,-0.049780919,0.050309174
1751976389.03095,-0.004274351,-0.049780919,0.050309174
1751976389.03295,-0.004328708,-0.05011152,0.050174121
1751976389.03498,-0.004328708,-0.05011152,0.050174121
1751976389.03694,-0.004328708,-0.05011152,0.050174121
1751976389.03894,-0.004328708,-0.05011152,0.050174121
1751976389.04098,-0.004328708,-0.05011152,0.050174121
1751976389.04293,-0.004242513,-0.050506288,0.050158977
1751976389.04492,-0.004242513,-0.050506288,0.050158977
1751976389.04699,-0.004242513,-0.050506288,0.050158977
1751976389.04895,-0.004242513,-0.050506288,0.050158977
1751976389.05097,-0.004242513,-0.050506288,0.050158977
1751976389.05297,-0.004242513,-0.050506288,0.050158977
1751976389.055,-0.004197179,-0.050937272,0.050051877
1751976389.05703,-0.004197179,-0.050937272,0.050051877
1751976389.0589,-0.004197179,-0.050937272,0.050051877
1751976389.06094,-0.004197179,-0.050937272,0.050051877
1751976389.06299,-0.004197179,-0.050937272,0.050051877
1751976389.06495,-0.004197179,-0.050937272,0.050051877
1751976389.06696,-0.004038579,-0.051493357,0.049989543
1751976389.06896,-0.004038579,-0.051493357,0.049989543
1751976389.07095,-0.004038579,-0.051493357,0.049989543
1751976389.07293,-0.004038579,-0.051493357,0.049989543
1751976389.07504,-0.004038579,-0.051493357,0.049989543
1751976389.07695,-0.003937478,-0.05195142,0.049898286
1751976389.07892,-0.003937478,-0.05195142,0.049898286
1751976389.08094,-0.003937478,-0.05195142,0.049898286
1751976389.08298,-0.003937478,-0.05195142,0.049898286
1751976389.08494,-0.003937478,-0.05195142,0.049898286
1751976389.08696,-0.003937478,-0.05195142,0.049898286
1751976389.08901,-0.004052269,-0.052436198,0.049784349
1751976389.09094,-0.004052269,-0.052436198,0.049784349
1751976389.09295,-0.004052269,-0.052436198,0.049784349
1751976389.09495,-0.004052269,-0.052436198,0.049784349
1751976389.09701,-0.004052269,-0.052436198,0.049784349
1751976389.09898,-0.003852634,-0.052850707,0.049875915
1751976389.10099,-0.003852634,-0.052850707,0.049875915
1751976389.1029,-0.003852634,-0.052850707,0.049875915
1751976389.10497,-0.003852634,-0.052850707,0.049875915
1751976389.10697,-0.003852634,-0.052850707,0.049875915
1751976389.10896,-0.003931908,-0.053179893,0.04971482
1751976389.11096,-0.003931908,-0.053179893,0.04971482
1751976389.11294,-0.003931908,-0.053179893,0.04971482
1751976389.11494,-0.003931908,-0.053179893,0.04971482
1751976389.11698,-0.003931908,-0.053179893,0.04971482
1751976389.11895,-0.003931908,-0.053179893,0.04971482
1751976389.12094,-0.003645895,-0.053514172,0.049813092
1751976389.12299,-0.003645895,-0.053514172,0.049813092
1751976389.12494,-0.003645895,-0.053514172,0.049813092
1751976389.12693,-0.003645895,-0.053514172,0.049813092
1751976389.12895,-0.003645895,-0.053514172,0.049813092
1751976389.13098,-0.003645895,-0.053514172,0.049813092
1751976389.13295,-0.003515443,-0.053889652,0.049721659
1751976389.13493,-0.003515443,-0.053889652,0.049721659
1751976389.13697,-0.003515443,-0.053889652,0.049721659
1751976389.13896,-0.003515443,-0.053889652,0.049721659
1751976389.14101,-0.003515443,-0.053889652,0.049721659
1751976389.143,-0.003515443,-0.053889652,0.049721659
1751976389.14497,-0.003456792,-0.0541695,0.049706802
1751976389.14699,-0.003456792,-0.0541695,0.049706802
1751976389.14897,-0.003456792,-0.0541695,0.049706802
1751976389.15103,-0.003456792,-0.0541695,0.049706802
1751976389.15295,-0.003456792,-0.0541695,0.049706802
1751976389.15496,-0.003456792,-0.0541695,0.049706802
1751976389.15696,-0.003416249,-0.054352312,0.049688972
1751976389.15898,-0.003416249,-0.054352312,0.049688972
1751976389.16098,-0.003416249,-0.054352312,0.049688972
1751976389.16308,-0.003416249,-0.054352312,0.049688972
1751976389.16498,-0.003416249,-0.054352312,0.049688972
1751976389.16696,-0.003269528,-0.054581298,0.049721748
1751976389.16896,-0.003269528,-0.054581298,0.049721748
1751976389.17094,-0.003269528,-0.054581298,0.049721748
1751976389.17294,-0.003269528,-0.054581298,0.049721748
1751976389.17497,-0.003269528,-0.054581298,0.049721748
1751976389.17696,-0.003269528,-0.054581298,0.049721748
1751976389.17895,-0.00331262,-0.054737293,0.049698204
1751976389.18097,-0.00331262,-0.054737293,0.049698204
1751976389.18298,-0.00331262,-0.054737293,0.049698204
1751976389.18497,-0.00331262,-0.054737293,0.049698204
1751976389.18699,-0.00331262,-0.054737293,0.049698204
1751976389.18899,-0.003312448,-0.054838959,0.049681664
1751976389.191,-0.003312448,-0.054838959,0.049681664
1751976389.19297,-0.003312448,-0.054838959,0.049681664
1751976389.19498,-0.003312448,-0.054838959,0.049681664
1751976389.19696,-0.003312448,-0.054838959,0.049681664
1751976389.19895,-0.003312448,-0.054838959,0.049681664
1751976389.20092,-0.003321659,-0.055131576,0.04965036
1751976389.20297,-0.003321659,-0.055131576,0.04965036
1751976389.205,-0.003321659,-0.055131576,0.04965036
1751976389.20693,-0.003321659,-0.055131576,0.04965036
1751976389.20898,-0.003321659,-0.055131576,0.04965036
1751976389.21094,-0.003279331,-0.05526057,0.049749986
1751976389.21293,-0.003279331,-0.05526057,0.049749986
1751976389.21493,-0.003279331,-0.05526057,0.049749986
1751976389.21695,-0.003279331,-0.05526057,0.049749986
1751976389.21893,-0.003279331,-0.05526057,0.049749986
1751976389.22088,-0.003279331,-0.05526057,0.049749986
1751976389.22298,-0.003386793,-0.05529643,0.049608783
1751976389.22494,-0.003386793,-0.05529643,0.049608783
1751976389.22698,-0.003386793,-0.05529643,0.049608783
1751976389.22897,-0.003386793,-0.05529643,0.049608783
1751976389.23097,-0.003386793,-0.05529643,0.049608783
1751976389.23298,-0.003394148,-0.055302214,0.049600313
1751976389.23496,-0.003394148,-0.055302214,0.049600313
1751976389.23698,-0.003394148,-0.055302214,0.049600313
1751976389.239,-0.003394148,-0.055302214,0.049600313
1751976389.24093,-0.003394148,-0.055302214,0.049600313
1751976389.24307,-0.003394148,-0.055302214,0.049600313
1751976389.24491,-0.003305376,-0.055348729,0.049659652
1751976389.24696,-0.003305376,-0.055348729,0.049659652
1751976389.24899,-0.003305376,-0.055348729,0.049659652
1751976389.25101,-0.003305376,-0.055348729,0.049659652
1751976389.25293,-0.003305376,-0.055348729,0.049659652
1751976389.25489,-0.003305376,-0.055348729,0.049659652
1751976389.25697,-0.003359473,-0.055324942,0.049580811
1751976389.25895,-0.003359473,-0.055324942,0.049580811
1751976389.26101,-0.003359473,-0.055324942,0.049580811
1751976389.26298,-0.003359473,-0.055324942,0.049580811
1751976389.26497,-0.003359473,-0.055324942,0.049580811
1751976389.26693,-0.00336377,-0.055317218,0.049591862
1751976389.26893,-0.00336377,-0.055317218,0.049591862
1751976389.27094,-0.00336377,-0.055317218,0.049591862
1751976389.27296,-0.00336377,-0.055317218,0.049591862
1751976389.27495,-0.00336377,-0.055317218,0.049591862
1751976389.2769,-0.00336377,-0.055317218,0.049591862
1751976389.27895,-0.003503036,-0.055312789,0.049409633
1751976389.28095,-0.003503036,-0.055312789,0.049409633
1751976389.28291,-0.003503036,-0.055312789,0.049409633
1751976389.28496,-0.003503036,-0.055312789,0.049409633
1751976389.28695,-0.003503036,-0.055312789,0.049409633
1751976389.28895,-0.003461739,-0.055316631,0.049449315
1751976389.29096,-0.003461739,-0.055316631,0.049449315
1751976389.29292,-0.003461739,-0.055316631,0.049449315
1751976389.29495,-0.003461739,-0.055316631,0.049449315
1751976389.29694,-0.003461739,-0.055316631,0.049449315
1751976389.29898,-0.003504105,-0.05530768,0.049431016
1751976389.30095,-0.003504105,-0.05530768,0.049431016
1751976389.30294,-0.003504105,-0.05530768,0.049431016
1751976389.30494,-0.003504105,-0.05530768,0.049431016
1751976389.30695,-0.003504105,-0.05530768,0.049431016
1751976389.30894,-0.003504105,-0.05530768,0.049431016
1751976389.31094,-0.003563876,-0.055302334,0.049371344
1751976389.31295,-0.003563876,-0.055302334,0.049371344
1751976389.31489,-0.003563876,-0.055302334,0.049371344
1751976389.31701,-0.003563876,-0.055302334,0.049371344
1751976389.31903,-0.003563876,-0.055302334,0.049371344
1751976389.32098,-0.003563876,-0.055302334,0.049371344
1751976389.32302,-0.003599133,-0.055254573,0.049384141
1751976389.32495,-0.003599133,-0.055254573,0.049384141
1751976389.32697,-0.003599133,-0.055254573,0.049384141
1751976389.32895,-0.003599133,-0.055254573,0.049384141
1751976389.33094,-0.003599133,-0.055254573,0.049384141
1751976389.33295,-0.003599133,-0.055254573,0.049384141
1751976389.33494,-0.00368613,-0.055016166,0.049348695
1751976389.33694,-0.00368613,-0.055016166,0.049348695
1751976389.33893,-0.00368613,-0.055016166,0.049348695
1751976389.34093,-0.00368613,-0.055016166,0.049348695
1751976389.34293,-0.00368613,-0.055016166,0.049348695
1751976389.34497,-0.00368613,-0.055016166,0.049348695
1751976389.34693,-0.003864602,-0.054914182,0.049280422
1751976389.34893,-0.003864602,-0.054914182,0.049280422
1751976389.35096,-0.003864602,-0.054914182,0.049280422
1751976389.35299,-0.003864602,-0.054914182,0.049280422
1751976389.35497,-0.003864602,-0.054914182,0.049280422
1751976389.35698,-0.003839883,-0.054807276,0.049354064
1751976389.35901,-0.003839883,-0.054807276,0.049354064
1751976389.36097,-0.003839883,-0.054807276,0.049354064
1751976389.3629,-0.003839883,-0.054807276,0.049354064
1751976389.36495,-0.003839883,-0.054807276,0.049354064
1751976389.36698,-0.00398742,-0.054632323,0.049307318
1751976389.36899,-0.00398742,-0.054632323,0.049307318
1751976389.37093,-0.00398742,-0.054632323,0.049307318
1751976389.37293,-0.00398742,-0.054632323,0.049307318
1751976389.37493,-0.00398742,-0.054632323,0.049307318
1751976389.37694,-0.00398742,-0.054632323,0.049307318
1751976389.379,-0.004108872,-0.054510104,0.049331354
1751976389.38095,-0.004108872,-0.054510104,0.049331354
1751976389.38296,-0.004108872,-0.054510104,0.049331354
1751976389.38496,-0.004108872,-0.054510104,0.049331354
1751976389.38696,-0.004108872,-0.054510104,0.049331354
1751976389.38897,-0.004108872,-0.054510104,0.049331354
1751976389.39093,-0.004294354,-0.054314882,0.049304804
1751976389.39295,-0.004294354,-0.054314882,0.049304804
1751976389.39494,-0.004294354,-0.054314882,0.049304804
1751976389.39693,-0.004294354,-0.054314882,0.049304804
1751976389.39895,-0.004294354,-0.054314882,0.049304804
1751976389.40094,-0.004357011,-0.054145522,0.049327522
1751976389.40295,-0.004357011,-0.054145522,0.049327522
1751976389.40489,-0.004357011,-0.054145522,0.049327522
1751976389.40695,-0.004357011,-0.054145522,0.049327522
1751976389.40897,-0.004357011,-0.054145522,0.049327522
1751976389.41095,-0.004567419,-0.05384853,0.04933223
1751976389.41294,-0.004567419,-0.05384853,0.04933223
1751976389.41489,-0.004567419,-0.05384853,0.04933223
1751976389.41694,-0.004567419,-0.05384853,0.04933223
1751976389.419,-0.004567419,-0.05384853,0.04933223
1751976389.42095,-0.004723585,-0.053599046,0.049308161
1751976389.42293,-0.004723585,-0.053599046,0.049308161
1751976389.42494,-0.004723585,-0.053599046,0.049308161
1751976389.42693,-0.004723585,-0.053599046,0.049308161
1751976389.42894,-0.004723585,-0.053599046,0.049308161
1751976389.43094,-0.004723585,-0.053599046,0.049308161
1751976389.43297,-0.005015564,-0.053217911,0.0493341
1751976389.43494,-0.005015564,-0.053217911,0.0493341
1751976389.43693,-0.005015564,-0.053217911,0.0493341
1751976389.43895,-0.005015564,-0.053217911,0.0493341
1751976389.44094,-0.005015564,-0.053217911,0.0493341
1751976389.44296,-0.00518007,-0.052846111,0.049399246
1751976389.44495,-0.00518007,-0.052846111,0.049399246
1751976389.44706,-0.00518007,-0.052846111,0.049399246
1751976389.44898,-0.00518007,-0.052846111,0.049399246
1751976389.45092,-0.00518007,-0.052846111,0.049399246
1751976389.45302,-0.00518007,-0.052846111,0.049399246
1751976389.45502,-0.005445392,-0.052314725,0.049382851
1751976389.45696,-0.005445392,-0.052314725,0.049382851
1751976389.45894,-0.005445392,-0.052314725,0.049382851
1751976389.46096,-0.005445392,-0.052314725,0.049382851
1751976389.46296,-0.005445392,-0.052314725,0.049382851
1751976389.46497,-0.005526536,-0.051823547,0.049359229
1751976389.46696,-0.005526536,-0.051823547,0.049359229
1751976389.46894,-0.005526536,-0.051823547,0.049359229
1751976389.47097,-0.005526536,-0.051823547,0.049359229
1751976389.47296,-0.005526536,-0.051823547,0.049359229
1751976389.47495,-0.005526536,-0.051823547,0.049359229
1751976389.47694,-0.005735977,-0.051155076,0.04938717
1751976389.47897,-0.005735977,-0.051155076,0.04938717
1751976389.48102,-0.005735977,-0.051155076,0.04938717
1751976389.48295,-0.005735977,-0.051155076,0.04938717
1751976389.48494,-0.005735977,-0.051155076,0.04938717
1751976389.48695,-0.006010591,-0.050531119,0.049347418
1751976389.48897,-0.006010591,-0.050531119,0.049347418
1751976389.49094,-0.006010591,-0.050531119,0.049347418
1751976389.49298,-0.006010591,-0.050531119,0.049347418
1751976389.49496,-0.006010591,-0.050531119,0.049347418
1751976389.49697,-0.006010591,-0.050531119,0.049347418
1751976389.49895,-0.006301533,-0.049764493,0.049304999
1751976389.50097,-0.006301533,-0.049764493,0.049304999
1751976389.50294,-0.006301533,-0.049764493,0.049304999
1751976389.50496,-0.006301533,-0.049764493,0.049304999
1751976389.50699,-0.006301533,-0.049764493,0.049304999
1751976389.51334,-0.006301533,-0.049764493,0.049304999
1751976389.51496,-0.006619896,-0.048986406,0.049293956
1751976389.51696,-0.006619896,-0.048986406,0.049293956
1751976389.51895,-0.006619896,-0.048986406,0.049293956
1751976389.52095,-0.006619896,-0.048986406,0.049293956
1751976389.52294,-0.006619896,-0.048986406,0.049293956
1751976389.52494,-0.006619896,-0.048986406,0.049293956
1751976389.52695,-0.006929102,-0.048108589,0.049284453
1751976389.52904,-0.006929102,-0.048108589,0.049284453
1751976389.53094,-0.006929102,-0.048108589,0.049284453
1751976389.53297,-0.006929102,-0.048108589,0.049284453
1751976389.53498,-0.006929102,-0.048108589,0.049284453
1751976389.53695,-0.007118483,-0.047559538,0.049290693
1751976389.53894,-0.007118483,-0.047559538,0.049290693
1751976389.54095,-0.007118483,-0.047559538,0.049290693
1751976389.5429,-0.007118483,-0.047559538,0.049290693
1751976389.54496,-0.007118483,-0.047559538,0.049290693
1751976389.54695,-0.007118483,-0.047559538,0.049290693
1751976389.54898,-0.007489302,-0.046921109,0.04920245
1751976389.55094,-0.007489302,-0.046921109,0.04920245
1751976389.55299,-0.007489302,-0.046921109,0.04920245
1751976389.55497,-0.007489302,-0.046921109,0.04920245
1751976389.55692,-0.007489302,-0.046921109,0.04920245
1751976389.55895,-0.007489302,-0.046921109,0.04920245
1751976389.56101,-0.007768431,-0.046433329,0.049183675
1751976389.56295,-0.007768431,-0.046433329,0.049183675
1751976389.56494,-0.007768431,-0.046433329,0.049183675
1751976389.5669,-0.007768431,-0.046433329,0.049183675
1751976389.56898,-0.007768431,-0.046433329,0.049183675
1751976389.57096,-0.008044865,-0.04598481,0.049162159
1751976389.57295,-0.008044865,-0.04598481,0.049162159
1751976389.57496,-0.008044865,-0.04598481,0.049162159
1751976389.57693,-0.008044865,-0.04598481,0.049162159
1751976389.57903,-0.008044865,-0.04598481,0.049162159
1751976389.58103,-0.008044865,-0.04598481,0.049162159
1751976389.58295,-0.008183291,-0.04552751,0.049257922
1751976389.58496,-0.008183291,-0.04552751,0.049257922
1751976389.58696,-0.008183291,-0.04552751,0.049257922
1751976389.58899,-0.008183291,-0.04552751,0.049257922
1751976389.59098,-0.008183291,-0.04552751,0.049257922
1751976389.59293,-0.008183291,-0.04552751,0.049257922
1751976389.59495,-0.00849657,-0.045009449,0.049246897
1751976389.59695,-0.00849657,-0.045009449,0.049246897
1751976389.59893,-0.00849657,-0.045009449,0.049246897
1751976389.60094,-0.00849657,-0.045009449,0.049246897
1751976389.60298,-0.00849657,-0.045009449,0.049246897
1751976389.60494,-0.008498952,-0.044616479,0.049324554
1751976389.60696,-0.008498952,-0.044616479,0.049324554
1751976389.60896,-0.008498952,-0.044616479,0.049324554
1751976389.61097,-0.008498952,-0.044616479,0.049324554
1751976389.613,-0.008498952,-0.044616479,0.049324554
1751976389.61497,-0.008509409,-0.044175756,0.049425855
1751976389.61697,-0.008509409,-0.044175756,0.049425855
1751976389.61895,-0.008509409,-0.044175756,0.049425855
1751976389.62095,-0.008509409,-0.044175756,0.049425855
1751976389.62298,-0.008509409,-0.044175756,0.049425855
1751976389.62498,-0.008509409,-0.044175756,0.049425855
1751976389.62697,-0.008526835,-0.043686727,0.049500588
1751976389.62897,-0.008526835,-0.043686727,0.049500588
1751976389.63096,-0.008526835,-0.043686727,0.049500588
1751976389.63294,-0.008526835,-0.043686727,0.049500588
1751976389.63493,-0.008526835,-0.043686727,0.049500588
1751976389.63694,-0.008526835,-0.043686727,0.049500588
1751976389.63895,-0.008635108,-0.043299785,0.049583038
1751976389.64096,-0.008635108,-0.043299785,0.049583038
1751976389.64297,-0.008635108,-0.043299785,0.049583038
1751976389.64499,-0.008635108,-0.043299785,0.049583038
1751976389.64694,-0.008635108,-0.043299785,0.049583038
1751976389.64895,-0.008635108,-0.043299785,0.049583038
1751976389.65098,-0.008633833,-0.042830418,0.049823579
1751976389.65293,-0.008633833,-0.042830418,0.049823579
1751976389.65496,-0.008633833,-0.042830418,0.049823579
1751976389.65696,-0.008633833,-0.042830418,0.049823579
1751976389.65894,-0.008633833,-0.042830418,0.049823579
1751976389.66101,-0.008633833,-0.042830418,0.049823579
1751976389.66297,-0.008809682,-0.042365401,0.050022888
1751976389.66497,-0.008809682,-0.042365401,0.050022888
1751976389.66698,-0.008809682,-0.042365401,0.050022888
1751976389.66894,-0.008809682,-0.042365401,0.050022888
1751976389.67097,-0.008809682,-0.042365401,0.050022888
1751976389.67296,-0.008809682,-0.042365401,0.050022888
1751976389.67495,-0.008820451,-0.041885805,0.050310739
1751976389.67695,-0.008820451,-0.041885805,0.050310739
1751976389.67896,-0.008820451,-0.041885805,0.050310739
1751976389.68093,-0.008820451,-0.041885805,0.050310739
1751976389.68295,-0.008820451,-0.041885805,0.050310739
1751976389.68492,-0.008820451,-0.041885805,0.050310739
1751976389.68693,-0.008760431,-0.041552461,0.050533881
1751976389.68893,-0.008760431,-0.041552461,0.050533881
1751976389.691,-0.008760431,-0.041552461,0.050533881
1751976389.69294,-0.008760431,-0.041552461,0.050533881
1751976389.69494,-0.008760431,-0.041552461,0.050533881
1751976389.69694,-0.008759453,-0.041230922,0.050648437
1751976389.69897,-0.008759453,-0.041230922,0.050648437
1751976389.70093,-0.008759453,-0.041230922,0.050648437
1751976389.70299,-0.008759453,-0.041230922,0.050648437
1751976389.70501,-0.008759453,-0.041230922,0.050648437
1751976389.70703,-0.008811942,-0.040895714,0.050805708
1751976389.70899,-0.008811942,-0.040895714,0.050805708
1751976389.71099,-0.008811942,-0.040895714,0.050805708
1751976389.71295,-0.008811942,-0.040895714,0.050805708
1751976389.71493,-0.008811942,-0.040895714,0.050805708
1751976389.71693,-0.008811942,-0.040895714,0.050805708
1751976389.71895,-0.008985134,-0.040611779,0.050905594
1751976389.72094,-0.008985134,-0.040611779,0.050905594
1751976389.72294,-0.008985134,-0.040611779,0.050905594
1751976389.72493,-0.008985134,-0.040611779,0.050905594
1751976389.72693,-0.008985134,-0.040611779,0.050905594
1751976389.72895,-0.008985134,-0.040611779,0.050905594
1751976389.73094,-0.008997225,-0.040305106,0.051028841
1751976389.73289,-0.008997225,-0.040305106,0.051028841
1751976389.73497,-0.008997225,-0.040305106,0.051028841
1751976389.73699,-0.008997225,-0.040305106,0.051028841
1751976389.73898,-0.008997225,-0.040305106,0.051028841
1751976389.74097,-0.008945797,-0.040134356,0.051146574
1751976389.74296,-0.008945797,-0.040134356,0.051146574
1751976389.7449,-0.008945797,-0.040134356,0.051146574
1751976389.74698,-0.008945797,-0.040134356,0.051146574
1751976389.74896,-0.008945797,-0.040134356,0.051146574
1751976389.75099,-0.008945797,-0.040134356,0.051146574
1751976389.75299,-0.00909026,-0.039938226,0.051231432
1751976389.75496,-0.00909026,-0.039938226,0.051231432
1751976389.75694,-0.00909026,-0.039938226,0.051231432
1751976389.75895,-0.00909026,-0.039938226,0.051231432
1751976389.76093,-0.00909026,-0.039938226,0.051231432
1751976389.76295,-0.00909026,-0.039938226,0.051231432
1751976389.76498,-0.009306532,-0.039572954,0.05128301
1751976389.767,-0.009306532,-0.039572954,0.05128301
1751976389.76896,-0.009306532,-0.039572954,0.05128301
1751976389.77097,-0.009306532,-0.039572954,0.05128301
1751976389.77295,-0.009306532,-0.039572954,0.05128301
1751976389.77493,-0.009488845,-0.039342398,0.051298577
1751976389.77693,-0.009488845,-0.039342398,0.051298577
1751976389.77895,-0.009488845,-0.039342398,0.051298577
1751976389.78095,-0.009488845,-0.039342398,0.051298577
1751976389.78293,-0.009488845,-0.039342398,0.051298577
1751976389.78493,-0.009488845,-0.039342398,0.051298577
1751976389.78696,-0.009661146,-0.039032065,0.051383955
1751976389.78899,-0.009661146,-0.039032065,0.051383955
1751976389.79095,-0.009661146,-0.039032065,0.051383955
1751976389.79296,-0.009661146,-0.039032065,0.051383955
1751976389.79498,-0.009661146,-0.039032065,0.051383955
1751976389.79699,-0.009661146,-0.039032065,0.051383955
1751976389.79901,-0.009931591,-0.038614419,0.051407233
1751976389.80099,-0.009931591,-0.038614419,0.051407233
1751976389.80294,-0.009931591,-0.038614419,0.051407233
1751976389.80495,-0.009931591,-0.038614419,0.051407233
1751976389.80695,-0.009931591,-0.038614419,0.051407233
1751976389.80898,-0.009931591,-0.038614419,0.051407233
1751976389.81094,-0.010176046,-0.038155762,0.051451108
1751976389.81295,-0.010176046,-0.038155762,0.051451108
1751976389.81489,-0.010176046,-0.038155762,0.051451108
1751976389.81695,-0.010176046,-0.038155762,0.051451108
1751976389.81897,-0.010176046,-0.038155762,0.051451108
1751976389.82094,-0.010363301,-0.037764413,0.051457706
1751976389.82294,-0.010363301,-0.037764413,0.051457706
1751976389.82494,-0.010363301,-0.037764413,0.051457706
1751976389.82694,-0.010363301,-0.037764413,0.051457706
1751976389.82896,-0.010363301,-0.037764413,0.051457706
1751976389.83097,-0.010550888,-0.037344437,0.051569204
1751976389.83297,-0.010550888,-0.037344437,0.051569204
1751976389.83499,-0.010550888,-0.037344437,0.051569204
1751976389.83698,-0.010550888,-0.037344437,0.051569204
1751976389.83896,-0.010550888,-0.037344437,0.051569204
1751976389.84095,-0.010550888,-0.037344437,0.051569204
1751976389.84293,-0.010787206,-0.036955772,0.051535913
1751976389.84492,-0.010787206,-0.036955772,0.051535913
1751976389.84696,-0.010787206,-0.036955772,0.051535913
1751976389.84895,-0.010787206,-0.036955772,0.051535913
1751976389.85095,-0.010787206,-0.036955772,0.051535913
1751976389.85294,-0.010787206,-0.036955772,0.051535913
1751976389.85496,-0.01110126,-0.036429139,0.051548749
1751976389.85696,-0.01110126,-0.036429139,0.051548749
1751976389.85894,-0.01110126,-0.036429139,0.051548749
1751976389.86098,-0.01110126,-0.036429139,0.051548749
1751976389.86296,-0.01110126,-0.036429139,0.051548749
1751976389.86497,-0.011260328,-0.036097164,0.051570264
1751976389.86692,-0.011260328,-0.036097164,0.051570264
1751976389.86898,-0.011260328,-0.036097164,0.051570264
1751976389.87096,-0.011260328,-0.036097164,0.051570264
1751976389.87296,-0.011260328,-0.036097164,0.051570264
1751976389.87498,-0.011260328,-0.036097164,0.051570264
1751976389.87696,-0.011484899,-0.035576689,0.051615066
1751976389.87897,-0.011484899,-0.035576689,0.051615066
1751976389.88095,-0.011484899,-0.035576689,0.051615066
1751976389.88294,-0.011484899,-0.035576689,0.051615066
1751976389.88494,-0.011484899,-0.035576689,0.051615066
1751976389.88696,-0.011484899,-0.035576689,0.051615066
1751976389.88897,-0.011719591,-0.035135256,0.051650262
1751976389.89093,-0.011719591,-0.035135256,0.051650262
1751976389.89294,-0.011719591,-0.035135256,0.051650262
1751976389.89497,-0.011719591,-0.035135256,0.051650262
1751976389.89696,-0.011719591,-0.035135256,0.051650262
1751976389.89895,-0.011719591,-0.035135256,0.051650262
1751976389.90094,-0.012023613,-0.034614024,0.051727719
1751976389.90294,-0.012023613,-0.034614024,0.051727719
1751976389.90493,-0.012023613,-0.034614024,0.051727719
1751976389.90698,-0.012023613,-0.034614024,0.051727719
1751976389.90899,-0.012023613,-0.034614024,0.051727719
1751976389.91094,-0.012193089,-0.034345687,0.051808853
1751976389.91296,-0.012193089,-0.034345687,0.051808853
1751976389.91495,-0.012193089,-0.034345687,0.051808853
1751976389.91696,-0.012193089,-0.034345687,0.051808853
1751976389.91896,-0.012193089,-0.034345687,0.051808853
1751976389.92095,-0.012193089,-0.034345687,0.051808853
1751976389.923,-0.012442991,-0.033915248,0.051820079
1751976389.92495,-0.012442991,-0.033915248,0.051820079
1751976389.92694,-0.012442991,-0.033915248,0.051820079
1751976389.92899,-0.012442991,-0.033915248,0.051820079
1751976389.93096,-0.012442991,-0.033915248,0.051820079
1751976389.93295,-0.012442991,-0.033915248,0.051820079
1751976389.93498,-0.012678925,-0.03342733,0.051855542
1751976389.93696,-0.012678925,-0.03342733,0.051855542
1751976389.93894,-0.012678925,-0.03342733,0.051855542
1751976389.94087,-0.012678925,-0.03342733,0.051855542
1751976389.94298,-0.012678925,-0.03342733,0.051855542
1751976389.94494,-0.012891851,-0.033044158,0.051815641
1751976389.94696,-0.012891851,-0.033044158,0.051815641
1751976389.94895,-0.012891851,-0.033044158,0.051815641
1751976389.95089,-0.012891851,-0.033044158,0.051815641
1751976389.95294,-0.012891851,-0.033044158,0.051815641
1751976389.95496,-0.012891851,-0.033044158,0.051815641
1751976389.95694,-0.013099008,-0.032569959,0.051891999
1751976389.95896,-0.013099008,-0.032569959,0.051891999
1751976389.961,-0.013099008,-0.032569959,0.051891999
1751976389.9631,-0.013099008,-0.032569959,0.051891999
1751976389.96502,-0.013099008,-0.032569959,0.051891999
1751976389.96699,-0.013350078,-0.032209403,0.051926899
1751976389.96893,-0.013350078,-0.032209403,0.051926899
1751976389.97099,-0.013350078,-0.032209403,0.051926899
1751976389.97294,-0.013350078,-0.032209403,0.051926899
1751976389.97494,-0.013350078,-0.032209403,0.051926899
1751976389.97694,-0.013350078,-0.032209403,0.051926899
1751976389.97891,-0.013557886,-0.031682925,0.051946921
1751976389.98096,-0.013557886,-0.031682925,0.051946921
1751976389.98296,-0.013557886,-0.031682925,0.051946921
1751976389.98496,-0.013557886,-0.031682925,0.051946921
1751976389.98693,-0.013557886,-0.031682925,0.051946921
1751976389.98894,-0.013557886,-0.031682925,0.051946921
1751976389.991,-0.013815101,-0.031148234,0.051993509
1751976389.99298,-0.013815101,-0.031148234,0.051993509
1751976389.99493,-0.013815101,-0.031148234,0.051993509
1751976389.99697,-0.013815101,-0.031148234,0.051993509
1751976389.99895,-0.013815101,-0.031148234,0.051993509
1751976390.00097,-0.013815101,-0.031148234,0.051993509
1751976390.00297,-0.013960048,-0.030669158,0.052094654
1751976390.00496,-0.013960048,-0.030669158,0.052094654
1751976390.00697,-0.013960048,-0.030669158,0.052094654
1751976390.00898,-0.013960048,-0.030669158,0.052094654
1751976390.01098,-0.013960048,-0.030669158,0.052094654
1751976390.01294,-0.013960048,-0.030669158,0.052094654
1751976390.01494,-0.014159292,-0.030141226,0.052085902
1751976390.017,-0.014159292,-0.030141226,0.052085902
1751976390.01896,-0.014159292,-0.030141226,0.052085902
1751976390.02095,-0.014159292,-0.030141226,0.052085902
1751976390.02296,-0.014159292,-0.030141226,0.052085902
1751976390.02501,-0.014322093,-0.029773844,0.052081929
1751976390.02697,-0.014322093,-0.029773844,0.052081929
1751976390.02897,-0.014322093,-0.029773844,0.052081929
1751976390.03099,-0.014322093,-0.029773844,0.052081929
1751976390.03295,-0.014322093,-0.029773844,0.052081929
1751976390.03495,-0.014322093,-0.029773844,0.052081929
1751976390.03695,-0.014364665,-0.029378941,0.052159649
1751976390.03895,-0.014364665,-0.029378941,0.052159649
1751976390.04094,-0.014364665,-0.029378941,0.052159649
1751976390.04293,-0.014364665,-0.029378941,0.052159649
1751976390.045,-0.014364665,-0.029378941,0.052159649
1751976390.04695,-0.014478203,-0.028953252,0.052187444
1751976390.04896,-0.014478203,-0.028953252,0.052187444
1751976390.05106,-0.014478203,-0.028953252,0.052187444
1751976390.05298,-0.014478203,-0.028953252,0.052187444
1751976390.05497,-0.014478203,-0.028953252,0.052187444
1751976390.057,-0.014478203,-0.028953252,0.052187444
1751976390.059,-0.014630293,-0.028519639,0.052176598
1751976390.06097,-0.014630293,-0.028519639,0.052176598
1751976390.06299,-0.014630293,-0.028519639,0.052176598
1751976390.06497,-0.014630293,-0.028519639,0.052176598
1751976390.06696,-0.014630293,-0.028519639,0.052176598
1751976390.06895,-0.014630293,-0.028519639,0.052176598
1751976390.07093,-0.014718729,-0.028145412,0.052256735
1751976390.07292,-0.014718729,-0.028145412,0.052256735
1751976390.07495,-0.014718729,-0.028145412,0.052256735
1751976390.07695,-0.014718729,-0.028145412,0.052256735
1751976390.07895,-0.014718729,-0.028145412,0.052256735
1751976390.08094,-0.014926964,-0.027880306,0.052294997
1751976390.08292,-0.014926964,-0.027880306,0.052294997
1751976390.08501,-0.014926964,-0.027880306,0.052294997
1751976390.08694,-0.014926964,-0.027880306,0.052294997
1751976390.08895,-0.014926964,-0.027880306,0.052294997
1751976390.09095,-0.014926964,-0.027880306,0.052294997
1751976390.09298,-0.014990897,-0.027467821,0.05240054
1751976390.09498,-0.014990897,-0.027467821,0.05240054
1751976390.09704,-0.014990897,-0.027467821,0.05240054
1751976390.09898,-0.014990897,-0.027467821,0.05240054
1751976390.10099,-0.014990897,-0.027467821,0.05240054
1751976390.10295,-0.014990897,-0.027467821,0.05240054
1751976390.10494,-0.015224562,-0.027093659,0.052367711
1751976390.10696,-0.015224562,-0.027093659,0.052367711
1751976390.10895,-0.015224562,-0.027093659,0.052367711
1751976390.111,-0.015224562,-0.027093659,0.052367711
1751976390.11294,-0.015224562,-0.027093659,0.052367711
1751976390.11489,-0.015224562,-0.027093659,0.052367711
1751976390.11696,-0.015369414,-0.026727886,0.052498793
1751976390.11896,-0.015369414,-0.026727886,0.052498793
1751976390.12096,-0.015369414,-0.026727886,0.052498793
1751976390.12295,-0.015369414,-0.026727886,0.052498793
1751976390.12496,-0.015369414,-0.026727886,0.052498793
1751976390.12696,-0.015516749,-0.026292307,0.052535136
1751976390.12896,-0.015516749,-0.026292307,0.052535136
1751976390.13094,-0.015516749,-0.026292307,0.052535136
1751976390.13293,-0.015516749,-0.026292307,0.052535136
1751976390.13493,-0.015516749,-0.026292307,0.052535136
1751976390.13694,-0.015516749,-0.026292307,0.052535136
1751976390.13894,-0.015674004,-0.025970279,0.052615991
1751976390.14095,-0.015674004,-0.025970279,0.052615991
1751976390.14295,-0.015674004,-0.025970279,0.052615991
1751976390.14494,-0.015674004,-0.025970279,0.052615991
1751976390.14698,-0.015674004,-0.025970279,0.052615991
1751976390.14897,-0.015743621,-0.025853884,0.052624454
1751976390.15094,-0.015743621,-0.025853884,0.052624454
1751976390.15311,-0.015743621,-0.025853884,0.052624454
1751976390.15498,-0.015743621,-0.025853884,0.052624454
1751976390.15697,-0.015743621,-0.025853884,0.052624454
1751976390.15895,-0.015743621,-0.025853884,0.052624454
1751976390.16101,-0.015979126,-0.025395831,0.052677355
1751976390.16298,-0.015979126,-0.025395831,0.052677355
1751976390.16496,-0.015979126,-0.025395831,0.052677355
1751976390.16698,-0.015979126,-0.025395831,0.052677355
1751976390.16897,-0.015979126,-0.025395831,0.052677355
1751976390.17096,-0.015979126,-0.025395831,0.052677355
1751976390.17309,-0.016190751,-0.025078716,0.052699431
1751976390.17495,-0.016190751,-0.025078716,0.052699431
1751976390.17696,-0.016190751,-0.025078716,0.052699431
1751976390.17895,-0.016190751,-0.025078716,0.052699431
1751976390.181,-0.016190751,-0.025078716,0.052699431
1751976390.18294,-0.016190751,-0.025078716,0.052699431
1751976390.18494,-0.016276822,-0.02472899,0.052713492
1751976390.18698,-0.016276822,-0.02472899,0.052713492
1751976390.18899,-0.016276822,-0.02472899,0.052713492
1751976390.19094,-0.016276822,-0.02472899,0.052713492
1751976390.19296,-0.016276822,-0.02472899,0.052713492
1751976390.195,-0.016449066,-0.024494592,0.052711959
1751976390.19699,-0.016449066,-0.024494592,0.052711959
1751976390.19898,-0.016449066,-0.024494592,0.052711959
1751976390.20096,-0.016449066,-0.024494592,0.052711959
1751976390.20297,-0.016449066,-0.024494592,0.052711959
1751976390.20496,-0.016449066,-0.024494592,0.052711959
1751976390.20695,-0.016521394,-0.024205291,0.05277253
1751976390.20896,-0.016521394,-0.024205291,0.05277253
1751976390.21093,-0.016521394,-0.024205291,0.05277253
1751976390.21294,-0.016521394,-0.024205291,0.05277253
1751976390.21495,-0.016521394,-0.024205291,0.05277253
1751976390.21689,-0.016521394,-0.024205291,0.05277253
1751976390.21896,-0.016809821,-0.024014333,0.052757362
1751976390.22102,-0.016809821,-0.024014333,0.052757362
1751976390.22296,-0.016809821,-0.024014333,0.052757362
1751976390.22497,-0.016809821,-0.024014333,0.052757362
1751976390.22693,-0.016809821,-0.024014333,0.052757362
1751976390.22895,-0.016981411,-0.023806875,0.052708238
1751976390.23101,-0.016981411,-0.023806875,0.052708238
1751976390.23291,-0.016981411,-0.023806875,0.052708238
1751976390.23498,-0.016981411,-0.023806875,0.052708238
1751976390.23698,-0.016981411,-0.023806875,0.052708238
1751976390.23897,-0.017119293,-0.023633711,0.05276969
1751976390.24096,-0.017119293,-0.023633711,0.05276969
1751976390.24293,-0.017119293,-0.023633711,0.05276969
1751976390.24497,-0.017119293,-0.023633711,0.05276969
1751976390.24692,-0.017119293,-0.023633711,0.05276969
1751976390.24899,-0.017119293,-0.023633711,0.05276969
1751976390.25098,-0.017185775,-0.023348843,0.052807433
1751976390.25295,-0.017185775,-0.023348843,0.052807433
1751976390.25505,-0.017185775,-0.023348843,0.052807433
1751976390.25706,-0.017185775,-0.023348843,0.052807433
1751976390.25895,-0.017185775,-0.023348843,0.052807433
1751976390.26097,-0.017185775,-0.023348843,0.052807433
1751976390.26299,-0.017414992,-0.023131688,0.052847791
1751976390.26495,-0.017414992,-0.023131688,0.052847791
1751976390.26694,-0.017414992,-0.023131688,0.052847791
1751976390.26895,-0.017414992,-0.023131688,0.052847791
1751976390.27094,-0.017414992,-0.023131688,0.052847791
1751976390.27294,-0.017414992,-0.023131688,0.052847791
1751976390.27495,-0.017593802,-0.022923329,0.052805207
1751976390.27694,-0.017593802,-0.022923329,0.052805207
1751976390.27897,-0.017593802,-0.022923329,0.052805207
1751976390.28096,-0.017593802,-0.022923329,0.052805207
1751976390.28292,-0.017593802,-0.022923329,0.052805207
1751976390.28497,-0.017593802,-0.022923329,0.052805207
1751976390.28698,-0.017856482,-0.022664717,0.052792931
1751976390.28897,-0.017856482,-0.022664717,0.052792931
1751976390.29099,-0.017856482,-0.022664717,0.052792931
1751976390.2929,-0.017856482,-0.022664717,0.052792931
1751976390.29496,-0.017856482,-0.022664717,0.052792931
1751976390.29699,-0.018055008,-0.022387995,0.052847494
1751976390.29894,-0.018055008,-0.022387995,0.052847494
1751976390.30093,-0.018055008,-0.022387995,0.052847494
1751976390.303,-0.018055008,-0.022387995,0.052847494
1751976390.305,-0.018055008,-0.022387995,0.052847494
1751976390.30694,-0.018196181,-0.022204986,0.052939232
1751976390.30908,-0.018196181,-0.022204986,0.052939232
1751976390.31094,-0.018196181,-0.022204986,0.052939232
1751976390.31297,-0.018196181,-0.022204986,0.052939232
1751976390.31497,-0.018196181,-0.022204986,0.052939232
1751976390.31695,-0.018196181,-0.022204986,0.052939232
1751976390.31893,-0.018461224,-0.021969238,0.052869969
1751976390.32094,-0.018461224,-0.021969238,0.052869969
1751976390.323,-0.018461224,-0.021969238,0.052869969
1751976390.32493,-0.018461224,-0.021969238,0.052869969
1751976390.32694,-0.018461224,-0.021969238,0.052869969
1751976390.32897,-0.018683685,-0.021774093,0.052848634
1751976390.33096,-0.018683685,-0.021774093,0.052848634
1751976390.33298,-0.018683685,-0.021774093,0.052848634
1751976390.33497,-0.018683685,-0.021774093,0.052848634
1751976390.33701,-0.018683685,-0.021774093,0.052848634
1751976390.33895,-0.018855457,-0.021519444,0.052822942
1751976390.34098,-0.018855457,-0.021519444,0.052822942
1751976390.34298,-0.018855457,-0.021519444,0.052822942
1751976390.34497,-0.018855457,-0.021519444,0.052822942
1751976390.34698,-0.018855457,-0.021519444,0.052822942
1751976390.34895,-0.018855457,-0.021519444,0.052822942
1751976390.35095,-0.018986941,-0.021137462,0.052842271
1751976390.35295,-0.018986941,-0.021137462,0.052842271
1751976390.35489,-0.018986941,-0.021137462,0.052842271
1751976390.35696,-0.018986941,-0.021137462,0.052842271
1751976390.35895,-0.018986941,-0.021137462,0.052842271
1751976390.36102,-0.019029355,-0.020832172,0.05293001
1751976390.36295,-0.019029355,-0.020832172,0.05293001
1751976390.36493,-0.019029355,-0.020832172,0.05293001
1751976390.36693,-0.019029355,-0.020832172,0.05293001
1751976390.36893,-0.019029355,-0.020832172,0.05293001
1751976390.37093,-0.019029355,-0.020832172,0.05293001
1751976390.37293,-0.019074073,-0.020408385,0.052969751
1751976390.37495,-0.019074073,-0.020408385,0.052969751
1751976390.377,-0.019074073,-0.020408385,0.052969751
1751976390.37899,-0.019074073,-0.020408385,0.052969751
1751976390.38097,-0.019074073,-0.020408385,0.052969751
1751976390.38299,-0.019316992,-0.020165339,0.052933798
1751976390.38498,-0.019316992,-0.020165339,0.052933798
1751976390.38697,-0.019316992,-0.020165339,0.052933798
1751976390.38899,-0.019316992,-0.020165339,0.052933798
1751976390.39099,-0.019316992,-0.020165339,0.052933798
1751976390.39297,-0.019427342,-0.01986279,0.053002539
1751976390.39496,-0.019427342,-0.01986279,0.053002539
1751976390.39696,-0.019427342,-0.01986279,0.053002539
1751976390.39895,-0.019427342,-0.01986279,0.053002539
1751976390.40095,-0.019427342,-0.01986279,0.053002539
1751976390.40296,-0.019427342,-0.01986279,0.053002539
1751976390.40496,-0.019459407,-0.019517488,0.053127243
1751976390.40695,-0.019459407,-0.019517488,0.053127243
1751976390.40889,-0.019459407,-0.019517488,0.053127243
1751976390.41096,-0.019459407,-0.019517488,0.053127243
1751976390.41295,-0.019459407,-0.019517488,0.053127243
1751976390.41491,-0.019459407,-0.019517488,0.053127243
1751976390.41697,-0.019593957,-0.019172287,0.053179045
1751976390.41894,-0.019593957,-0.019172287,0.053179045
1751976390.42093,-0.019593957,-0.019172287,0.053179045
1751976390.42294,-0.019593957,-0.019172287,0.053179045
1751976390.42497,-0.019593957,-0.019172287,0.053179045
1751976390.42697,-0.019821126,-0.018840625,0.05322958
1751976390.42895,-0.019821126,-0.018840625,0.05322958
1751976390.43098,-0.019821126,-0.018840625,0.05322958
1751976390.43297,-0.019821126,-0.018840625,0.05322958
1751976390.43499,-0.019821126,-0.018840625,0.05322958
1751976390.43695,-0.019821126,-0.018840625,0.05322958
1751976390.43896,-0.020098193,-0.018485891,0.053198186
1751976390.44094,-0.020098193,-0.018485891,0.053198186
1751976390.44297,-0.020098193,-0.018485891,0.053198186
1751976390.44497,-0.020098193,-0.018485891,0.053198186
1751976390.44693,-0.020098193,-0.018485891,0.053198186
1751976390.44895,-0.020098193,-0.018485891,0.053198186
1751976390.45094,-0.020194614,-0.018226702,0.053177524
1751976390.45295,-0.020194614,-0.018226702,0.053177524
1751976390.45495,-0.020194614,-0.018226702,0.053177524
1751976390.45694,-0.020194614,-0.018226702,0.053177524
1751976390.45896,-0.020194614,-0.018226702,0.053177524
1751976390.46094,-0.020194614,-0.018226702,0.053177524
1751976390.46295,-0.020377814,-0.01792836,0.053247136
1751976390.46495,-0.020377814,-0.01792836,0.053247136
1751976390.46694,-0.020377814,-0.01792836,0.053247136
1751976390.46893,-0.020377814,-0.01792836,0.053247136
1751976390.47094,-0.020377814,-0.01792836,0.053247136
1751976390.473,-0.020526722,-0.017675563,0.053266832
1751976390.47509,-0.020526722,-0.017675563,0.053266832
1751976390.47698,-0.020526722,-0.017675563,0.053266832
1751976390.47905,-0.020526722,-0.017675563,0.053266832
1751976390.48097,-0.020526722,-0.017675563,0.053266832
1751976390.48295,-0.020632031,-0.017394772,0.053323183
1751976390.48498,-0.020632031,-0.017394772,0.053323183
1751976390.48695,-0.020632031,-0.017394772,0.053323183
1751976390.48895,-0.020632031,-0.017394772,0.053323183
1751976390.49095,-0.020632031,-0.017394772,0.053323183
1751976390.493,-0.020632031,-0.017394772,0.053323183
1751976390.49495,-0.020670537,-0.017019297,0.053397956
1751976390.49695,-0.020670537,-0.017019297,0.053397956
1751976390.49897,-0.020670537,-0.017019297,0.053397956
1751976390.50094,-0.020670537,-0.017019297,0.053397956
1751976390.50296,-0.020670537,-0.017019297,0.053397956
1751976390.50495,-0.020806944,-0.0166993,0.053434731
1751976390.50696,-0.020806944,-0.0166993,0.053434731
1751976390.50895,-0.020806944,-0.0166993,0.053434731
1751976390.51093,-0.020806944,-0.0166993,0.053434731
1751976390.51308,-0.020806944,-0.0166993,0.053434731
1751976390.51493,-0.020882169,-0.016345211,0.05349274
1751976390.51694,-0.020882169,-0.016345211,0.05349274
1751976390.51895,-0.020882169,-0.016345211,0.05349274
1751976390.52097,-0.020882169,-0.016345211,0.05349274
1751976390.52292,-0.020882169,-0.016345211,0.05349274
1751976390.52498,-0.020882169,-0.016345211,0.05349274
1751976390.52698,-0.02090685,-0.015996915,0.053595868
1751976390.52898,-0.02090685,-0.015996915,0.053595868
1751976390.53098,-0.02090685,-0.015996915,0.053595868
1751976390.53296,-0.02090685,-0.015996915,0.053595868
1751976390.53496,-0.02090685,-0.015996915,0.053595868
1751976390.53695,-0.02090685,-0.015996915,0.053595868
1751976390.53896,-0.021005072,-0.015557591,0.053710766
1751976390.54094,-0.021005072,-0.015557591,0.053710766
1751976390.54294,-0.021005072,-0.015557591,0.053710766
1751976390.54495,-0.021005072,-0.015557591,0.053710766
1751976390.54694,-0.021005072,-0.015557591,0.053710766
1751976390.54896,-0.021005072,-0.015557591,0.053710766
1751976390.55094,-0.021150978,-0.015201256,0.053777635
1751976390.55296,-0.021150978,-0.015201256,0.053777635
1751976390.55495,-0.021150978,-0.015201256,0.053777635
1751976390.55694,-0.021150978,-0.015201256,0.053777635
1751976390.55892,-0.021150978,-0.015201256,0.053777635
1751976390.56099,-0.021150978,-0.015201256,0.053777635
1751976390.56298,-0.021324995,-0.014808305,0.053857098
1751976390.56496,-0.021324995,-0.014808305,0.053857098
1751976390.56699,-0.021324995,-0.014808305,0.053857098
1751976390.56898,-0.021324995,-0.014808305,0.053857098
1751976390.57097,-0.021324995,-0.014808305,0.053857098
1751976390.573,-0.021324995,-0.014808305,0.053857098
1751976390.57497,-0.021491009,-0.014503485,0.053920503
1751976390.57696,-0.021491009,-0.014503485,0.053920503
1751976390.57897,-0.021491009,-0.014503485,0.053920503
1751976390.58098,-0.021491009,-0.014503485,0.053920503
1751976390.58297,-0.021491009,-0.014503485,0.053920503
1751976390.58503,-0.021491009,-0.014503485,0.053920503
1751976390.58692,-0.021606182,-0.014237082,0.054021163
1751976390.58899,-0.021606182,-0.014237082,0.054021163
1751976390.59099,-0.021606182,-0.014237082,0.054021163
1751976390.59296,-0.021606182,-0.014237082,0.054021163
1751976390.59495,-0.021606182,-0.014237082,0.054021163
1751976390.59696,-0.021606182,-0.014237082,0.054021163
1751976390.599,-0.021735224,-0.014035507,0.05410182
1751976390.60094,-0.021735224,-0.014035507,0.05410182
1751976390.60295,-0.021735224,-0.014035507,0.05410182
1751976390.60494,-0.021735224,-0.014035507,0.05410182
1751976390.60704,-0.021735224,-0.014035507,0.05410182
1751976390.60894,-0.021842473,-0.013908287,0.054196722
1751976390.61094,-0.021842473,-0.013908287,0.054196722
1751976390.61294,-0.021842473,-0.013908287,0.054196722
1751976390.61494,-0.021842473,-0.013908287,0.054196722
1751976390.61697,-0.021842473,-0.013908287,0.054196722
1751976390.61899,-0.021932809,-0.013683959,0.054187822
1751976390.62098,-0.021932809,-0.013683959,0.054187822
1751976390.62292,-0.021932809,-0.013683959,0.054187822
1751976390.62501,-0.021932809,-0.013683959,0.054187822
1751976390.62703,-0.021932809,-0.013683959,0.054187822
1751976390.62895,-0.021932809,-0.013683959,0.054187822
1751976390.63095,-0.021987918,-0.013417735,0.054277093
1751976390.63297,-0.021987918,-0.013417735,0.054277093
1751976390.63496,-0.021987918,-0.013417735,0.054277093
1751976390.63695,-0.021987918,-0.013417735,0.054277093
1751976390.63898,-0.021987918,-0.013417735,0.054277093
1751976390.64094,-0.022114298,-0.013259556,0.054246877
1751976390.64296,-0.022114298,-0.013259556,0.054246877
1751976390.645,-0.022114298,-0.013259556,0.054246877
1751976390.64694,-0.022114298,-0.013259556,0.054246877
1751976390.64896,-0.022114298,-0.013259556,0.054246877
1751976390.65095,-0.022114298,-0.013259556,0.054246877
1751976390.65294,-0.022166933,-0.013071367,0.054364508
1751976390.65493,-0.022166933,-0.013071367,0.054364508
1751976390.65694,-0.022166933,-0.013071367,0.054364508
1751976390.65894,-0.022166933,-0.013071367,0.054364508
1751976390.66096,-0.022166933,-0.013071367,0.054364508
1751976390.66296,-0.02222383,-0.012924726,0.05444569
1751976390.66497,-0.02222383,-0.012924726,0.05444569
1751976390.66709,-0.02222383,-0.012924726,0.05444569
1751976390.66896,-0.02222383,-0.012924726,0.05444569
1751976390.67096,-0.02222383,-0.012924726,0.05444569
1751976390.67297,-0.02222383,-0.012924726,0.05444569
1751976390.67497,-0.022292499,-0.012750831,0.054405995
1751976390.67696,-0.022292499,-0.012750831,0.054405995
1751976390.67897,-0.022292499,-0.012750831,0.054405995
1751976390.68097,-0.022292499,-0.012750831,0.054405995
1751976390.68294,-0.022292499,-0.012750831,0.054405995
1751976390.685,-0.022292499,-0.012750831,0.054405995
1751976390.68701,-0.022353868,-0.012601716,0.054466397
1751976390.68894,-0.022353868,-0.012601716,0.054466397
1751976390.69094,-0.022353868,-0.012601716,0.054466397
1751976390.69299,-0.022353868,-0.012601716,0.054466397
1751976390.69495,-0.022353868,-0.012601716,0.054466397
1751976390.69695,-0.022353868,-0.012601716,0.054466397
1751976390.69898,-0.022498081,-0.012423288,0.054535309
1751976390.70101,-0.022498081,-0.012423288,0.054535309
1751976390.70294,-0.022498081,-0.012423288,0.054535309
1751976390.70494,-0.022498081,-0.012423288,0.054535309
1751976390.70695,-0.022498081,-0.012423288,0.054535309
1751976390.70896,-0.022649213,-0.012222545,0.054519651
1751976390.71095,-0.022649213,-0.012222545,0.054519651
1751976390.71299,-0.022649213,-0.012222545,0.054519651
1751976390.71497,-0.022649213,-0.012222545,0.054519651
1751976390.71697,-0.022649213,-0.012222545,0.054519651
1751976390.71895,-0.022784215,-0.012041988,0.05458054
1751976390.72097,-0.022784215,-0.012041988,0.05458054
1751976390.72299,-0.022784215,-0.012041988,0.05458054
1751976390.72495,-0.022784215,-0.012041988,0.05458054
1751976390.72697,-0.022784215,-0.012041988,0.05458054
1751976390.72892,-0.022784215,-0.012041988,0.05458054
1751976390.73101,-0.02286599,-0.011872819,0.05457666
1751976390.73303,-0.02286599,-0.011872819,0.05457666
1751976390.73495,-0.02286599,-0.011872819,0.05457666
1751976390.73694,-0.02286599,-0.011872819,0.05457666
1751976390.73895,-0.02286599,-0.011872819,0.05457666
1751976390.74097,-0.022907445,-0.0117846,0.054637342
1751976390.74297,-0.022907445,-0.0117846,0.054637342
1751976390.74495,-0.022907445,-0.0117846,0.054637342
1751976390.747,-0.022907445,-0.0117846,0.054637342
1751976390.74893,-0.022907445,-0.0117846,0.054637342
1751976390.75093,-0.022907445,-0.0117846,0.054637342
1751976390.75294,-0.023119446,-0.011693216,0.05462926
1751976390.75498,-0.023119446,-0.011693216,0.05462926
1751976390.75697,-0.023119446,-0.011693216,0.05462926
1751976390.75901,-0.023119446,-0.011693216,0.05462926
1751976390.761,-0.023119446,-0.011693216,0.05462926
1751976390.76301,-0.023182111,-0.01159795,0.054662246
1751976390.76499,-0.023182111,-0.01159795,0.054662246
1751976390.76695,-0.023182111,-0.01159795,0.054662246
1751976390.76897,-0.023182111,-0.01159795,0.054662246
1751976390.77093,-0.023182111,-0.01159795,0.054662246
1751976390.77295,-0.023182111,-0.01159795,0.054662246
1751976390.77498,-0.023388242,-0.011542439,0.054712606
1751976390.77695,-0.023388242,-0.011542439,0.054712606
1751976390.77896,-0.023388242,-0.011542439,0.054712606
1751976390.78105,-0.023388242,-0.011542439,0.054712606
1751976390.78293,-0.023388242,-0.011542439,0.054712606
1751976390.78493,-0.023388242,-0.011542439,0.054712606
1751976390.7869,-0.023552061,-0.011450159,0.054788945
1751976390.78894,-0.023552061,-0.011450159,0.054788945
1751976390.79095,-0.023552061,-0.011450159,0.054788945
1751976390.79297,-0.023552061,-0.011450159,0.054788945
1751976390.79497,-0.023552061,-0.011450159,0.054788945
1751976390.797,-0.023725943,-0.011421025,0.054804851
1751976390.79894,-0.023725943,-0.011421025,0.054804851
1751976390.80096,-0.023725943,-0.011421025,0.054804851
1751976390.80296,-0.023725943,-0.011421025,0.054804851
1751976390.80494,-0.023725943,-0.011421025,0.054804851
1751976390.80694,-0.023725943,-0.011421025,0.054804851
1751976390.809,-0.023927019,-0.011320388,0.054841198
1751976390.81096,-0.023927019,-0.011320388,0.054841198
1751976390.81294,-0.023927019,-0.011320388,0.054841198
1751976390.81498,-0.023927019,-0.011320388,0.054841198
1751976390.81693,-0.023927019,-0.011320388,0.054841198
1751976390.81894,-0.023927019,-0.011320388,0.054841198
1751976390.82094,-0.024125637,-0.011219091,0.054809525
1751976390.82295,-0.024125637,-0.011219091,0.054809525
1751976390.82489,-0.024125637,-0.011219091,0.054809525
1751976390.82696,-0.024125637,-0.011219091,0.054809525
1751976390.82898,-0.024125637,-0.011219091,0.054809525
1751976390.83094,-0.024224294,-0.011069423,0.054824148
1751976390.83295,-0.024224294,-0.011069423,0.054824148
1751976390.83494,-0.024224294,-0.011069423,0.054824148
1751976390.83694,-0.024224294,-0.011069423,0.054824148
1751976390.83894,-0.024224294,-0.011069423,0.054824148
1751976390.84094,-0.024224294,-0.011069423,0.054824148
1751976390.84294,-0.024445541,-0.01088342,0.054867603
1751976390.84495,-0.024445541,-0.01088342,0.054867603
1751976390.84701,-0.024445541,-0.01088342,0.054867603
1751976390.84898,-0.024445541,-0.01088342,0.054867603
1751976390.85096,-0.024445541,-0.01088342,0.054867603
1751976390.85297,-0.024485429,-0.010757531,0.054873999
1751976390.85489,-0.024485429,-0.010757531,0.054873999
1751976390.85698,-0.024485429,-0.010757531,0.054873999
1751976390.85897,-0.024485429,-0.010757531,0.054873999
1751976390.86096,-0.024485429,-0.010757531,0.054873999
1751976390.86296,-0.024459895,-0.010674598,0.054956617
1751976390.86495,-0.024459895,-0.010674598,0.054956617
1751976390.86693,-0.024459895,-0.010674598,0.054956617
1751976390.86893,-0.024459895,-0.010674598,0.054956617
1751976390.87099,-0.024459895,-0.010674598,0.054956617
1751976390.87293,-0.024459895,-0.010674598,0.054956617
1751976390.87493,-0.024600225,-0.010569039,0.05500115
1751976390.87694,-0.024600225,-0.010569039,0.05500115
1751976390.87894,-0.024600225,-0.010569039,0.05500115
1751976390.88096,-0.024600225,-0.010569039,0.05500115
1751976390.88294,-0.024600225,-0.010569039,0.05500115
1751976390.88494,-0.024659352,-0.010460974,0.055042774
1751976390.88698,-0.024659352,-0.010460974,0.055042774
1751976390.88899,-0.024659352,-0.010460974,0.055042774
1751976390.891,-0.024659352,-0.010460974,0.055042774
1751976390.89296,-0.024659352,-0.010460974,0.055042774
1751976390.89497,-0.024826952,-0.010392802,0.055059699
1751976390.89701,-0.024826952,-0.010392802,0.055059699
1751976390.89898,-0.024826952,-0.010392802,0.055059699
1751976390.90095,-0.024826952,-0.010392802,0.055059699
1751976390.90295,-0.024826952,-0.010392802,0.055059699
1751976390.90489,-0.024826952,-0.010392802,0.055059699
1751976390.90694,-0.024998729,-0.01026838,0.055130319
1751976390.90893,-0.024998729,-0.01026838,0.055130319
1751976390.91089,-0.024998729,-0.01026838,0.055130319
1751976390.91294,-0.024998729,-0.01026838,0.055130319
1751976390.91493,-0.024998729,-0.01026838,0.055130319
1751976390.91692,-0.025009456,-0.010172476,0.055167348
1751976390.91895,-0.025009456,-0.010172476,0.055167348
1751976390.92096,-0.025009456,-0.010172476,0.055167348
1751976390.92297,-0.025009456,-0.010172476,0.055167348
1751976390.92494,-0.025009456,-0.010172476,0.055167348
1751976390.92694,-0.025053005,-0.010071344,0.055188867
1751976390.92893,-0.025053005,-0.010071344,0.055188867
1751976390.93098,-0.025053005,-0.010071344,0.055188867
1751976390.93297,-0.025053005,-0.010071344,0.055188867
1751976390.93497,-0.025053005,-0.010071344,0.055188867
1751976390.93696,-0.025221887,-0.009982537,0.055186909
1751976390.93895,-0.025221887,-0.009982537,0.055186909
1751976390.94094,-0.025221887,-0.009982537,0.055186909
1751976390.94294,-0.025221887,-0.009982537,0.055186909
1751976390.94494,-0.025221887,-0.009982537,0.055186909
1751976390.94693,-0.025221887,-0.009982537,0.055186909
1751976390.94895,-0.02532965,-0.009985888,0.055177886
1751976390.95093,-0.02532965,-0.009985888,0.055177886
1751976390.95295,-0.02532965,-0.009985888,0.055177886
1751976390.95495,-0.02532965,-0.009985888,0.055177886
1751976390.95694,-0.02532965,-0.009985888,0.055177886
1751976390.95897,-0.025410236,-0.010016569,0.055181323
1751976390.96097,-0.025410236,-0.010016569,0.055181323
1751976390.96294,-0.025410236,-0.010016569,0.055181323
1751976390.96503,-0.025410236,-0.010016569,0.055181323
1751976390.96694,-0.025410236,-0.010016569,0.055181323
1751976390.96893,-0.025410236,-0.010016569,0.055181323
1751976390.97096,-0.025486039,-0.010002699,0.055203653
1751976390.973,-0.025486039,-0.010002699,0.055203653
1751976390.975,-0.025486039,-0.010002699,0.055203653
1751976390.97696,-0.025486039,-0.010002699,0.055203653
1751976390.97893,-0.025486039,-0.010002699,0.055203653
1751976390.98097,-0.025486039,-0.010002699,0.055203653
1751976390.98295,-0.025511,-0.009941908,0.05525528
1751976390.98496,-0.025511,-0.009941908,0.05525528
1751976390.98695,-0.025511,-0.009941908,0.05525528
1751976390.98895,-0.025511,-0.009941908,0.05525528
1751976390.99094,-0.025511,-0.009941908,0.05525528
1751976390.99301,-0.025511,-0.009941908,0.05525528
1751976390.99496,-0.02562522,-0.009937905,0.055243547
1751976390.99695,-0.02562522,-0.009937905,0.055243547
1751976390.99894,-0.02562522,-0.009937905,0.055243547
1751976391.00094,-0.02562522,-0.009937905,0.055243547
1751976391.00294,-0.02562522,-0.009937905,0.055243547
1751976391.00495,-0.02562522,-0.009937905,0.055243547
1751976391.00694,-0.025589047,-0.009903736,0.05522439
1751976391.00893,-0.025589047,-0.009903736,0.05522439
1751976391.01096,-0.025589047,-0.009903736,0.05522439
1751976391.01296,-0.025589047,-0.009903736,0.05522439
1751976391.01501,-0.025589047,-0.009903736,0.05522439
1751976391.01696,-0.025600025,-0.009881583,0.055218493
1751976391.01905,-0.025600025,-0.009881583,0.055218493
1751976391.02099,-0.025600025,-0.009881583,0.055218493
1751976391.02298,-0.025600025,-0.009881583,0.055218493
1751976391.02494,-0.025600025,-0.009881583,0.055218493
1751976391.02696,-0.025600025,-0.009881583,0.055218493
1751976391.02892,-0.025469191,-0.009843106,0.055314889
1751976391.03092,-0.025469191,-0.009843106,0.055314889
1751976391.03294,-0.025469191,-0.009843106,0.055314889
1751976391.03506,-0.025469191,-0.009843106,0.055314889
1751976391.03696,-0.025469191,-0.009843106,0.055314889
1751976391.03894,-0.025403299,-0.009846346,0.05538764
1751976391.04098,-0.025403299,-0.009846346,0.05538764
1751976391.04294,-0.025403299,-0.009846346,0.05538764
1751976391.04493,-0.025403299,-0.009846346,0.05538764
1751976391.04705,-0.025403299,-0.009846346,0.05538764
1751976391.04896,-0.025378863,-0.009819025,0.055446703
1751976391.05095,-0.025378863,-0.009819025,0.055446703
1751976391.05295,-0.025378863,-0.009819025,0.055446703
1751976391.05498,-0.025378863,-0.009819025,0.055446703
1751976391.05695,-0.025378863,-0.009819025,0.055446703
1751976391.05896,-0.025378863,-0.009819025,0.055446703
1751976391.06095,-0.025394955,-0.009826646,0.055492196
1751976391.06299,-0.025394955,-0.009826646,0.055492196
1751976391.06494,-0.025394955,-0.009826646,0.055492196
1751976391.06699,-0.025394955,-0.009826646,0.055492196
1751976391.069,-0.025394955,-0.009826646,0.055492196
1751976391.07094,-0.025305857,-0.009824371,0.055520667
1751976391.07295,-0.025305857,-0.009824371,0.055520667
1751976391.07495,-0.025305857,-0.009824371,0.055520667
1751976391.07694,-0.025305857,-0.009824371,0.055520667
1751976391.07896,-0.025305857,-0.009824371,0.055520667
1751976391.08105,-0.025305857,-0.009824371,0.055520667
1751976391.083,-0.025335506,-0.009786866,0.055494739
1751976391.08495,-0.025335506,-0.009786866,0.055494739
1751976391.08689,-0.025335506,-0.009786866,0.055494739
1751976391.089,-0.025335506,-0.009786866,0.055494739
1751976391.09094,-0.025335506,-0.009786866,0.055494739
1751976391.09299,-0.025335506,-0.009786866,0.055494739
1751976391.09494,-0.025259748,-0.009720658,0.055543699
1751976391.09689,-0.025259748,-0.009720658,0.055543699
1751976391.09895,-0.025259748,-0.009720658,0.055543699
1751976391.10098,-0.025259748,-0.009720658,0.055543699
1751976391.10298,-0.025259748,-0.009720658,0.055543699
1751976391.10495,-0.025259748,-0.009720658,0.055543699
1751976391.107,-0.025172642,-0.009754057,0.055547474
1751976391.10897,-0.025172642,-0.009754057,0.055547474
1751976391.11095,-0.025172642,-0.009754057,0.055547474
1751976391.11296,-0.025172642,-0.009754057,0.055547474
1751976391.11501,-0.025172642,-0.009754057,0.055547474
1751976391.11694,-0.025226349,-0.009746149,0.055515262
1751976391.11895,-0.025226349,-0.009746149,0.055515262
1751976391.12093,-0.025226349,-0.009746149,0.055515262
1751976391.12295,-0.025226349,-0.009746149,0.055515262
1751976391.12496,-0.025226349,-0.009746149,0.055515262
1751976391.12698,-0.025226349,-0.009746149,0.055515262
1751976391.12897,-0.025190882,-0.009821311,0.055543543
1751976391.13095,-0.025190882,-0.009821311,0.055543543
1751976391.13295,-0.025190882,-0.009821311,0.055543543
1751976391.135,-0.025190882,-0.009821311,0.055543543
1751976391.13694,-0.025190882,-0.009821311,0.055543543
1751976391.13896,-0.025190882,-0.009821311,0.055543543
1751976391.14094,-0.025153988,-0.009858932,0.055545692
1751976391.14297,-0.025153988,-0.009858932,0.055545692
1751976391.14497,-0.025153988,-0.009858932,0.055545692
1751976391.14697,-0.025153988,-0.009858932,0.055545692
1751976391.14899,-0.025153988,-0.009858932,0.055545692
1751976391.15096,-0.025153988,-0.009858932,0.055545692
1751976391.15297,-0.025172109,-0.009919661,0.055465492
1751976391.15503,-0.025172109,-0.009919661,0.055465492
1751976391.15699,-0.025172109,-0.009919661,0.055465492
1751976391.15894,-0.025172109,-0.009919661,0.055465492
1751976391.16096,-0.025172109,-0.009919661,0.055465492
1751976391.16303,-0.025102157,-0.009984814,0.05549354
1751976391.16496,-0.025102157,-0.009984814,0.05549354
1751976391.1669,-0.025102157,-0.009984814,0.05549354
1751976391.16899,-0.025102157,-0.009984814,0.05549354
1751976391.17093,-0.025102157,-0.009984814,0.05549354
1751976391.17294,-0.025102157,-0.009984814,0.05549354
1751976391.17499,-0.024974746,-0.010020148,0.055481998
1751976391.17692,-0.024974746,-0.010020148,0.055481998
1751976391.17895,-0.024974746,-0.010020148,0.055481998
1751976391.18092,-0.024974746,-0.010020148,0.055481998
1751976391.18295,-0.024974746,-0.010020148,0.055481998
1751976391.18493,-0.024974746,-0.010020148,0.055481998
1751976391.1869,-0.024873263,-0.010059088,0.05551288
1751976391.18895,-0.024873263,-0.010059088,0.05551288
1751976391.19097,-0.024873263,-0.010059088,0.05551288
1751976391.193,-0.024873263,-0.010059088,0.05551288
1751976391.19495,-0.024873263,-0.010059088,0.05551288
1751976391.19699,-0.024796229,-0.010098697,0.055524876
1751976391.19898,-0.024796229,-0.010098697,0.055524876
1751976391.20095,-0.024796229,-0.010098697,0.055524876
1751976391.20299,-0.024796229,-0.010098697,0.055524876
1751976391.20494,-0.024796229,-0.010098697,0.055524876
1751976391.20697,-0.024796229,-0.010098697,0.055524876
1751976391.20897,-0.024741366,-0.010096359,0.055512624
1751976391.21097,-0.024741366,-0.010096359,0.055512624
1751976391.21296,-0.024741366,-0.010096359,0.055512624
1751976391.21497,-0.024741366,-0.010096359,0.055512624
1751976391.21694,-0.024741366,-0.010096359,0.055512624
1751976391.21895,-0.024741366,-0.010096359,0.055512624
1751976391.22095,-0.02462965,-0.010139883,0.05548923
1751976391.22293,-0.02462965,-0.010139883,0.05548923
1751976391.22494,-0.02462965,-0.010139883,0.05548923
1751976391.22693,-0.02462965,-0.010139883,0.05548923
1751976391.22897,-0.02462965,-0.010139883,0.05548923
1751976391.23095,-0.024506607,-0.010169807,0.055487747
1751976391.23294,-0.024506607,-0.010169807,0.055487747
1751976391.23501,-0.024506607,-0.010169807,0.055487747
1751976391.23697,-0.024506607,-0.010169807,0.055487747
1751976391.23902,-0.024506607,-0.010169807,0.055487747
1751976391.24097,-0.024506607,-0.010169807,0.055487747
1751976391.24302,-0.024367987,-0.010215222,0.055478533
1751976391.24497,-0.024367987,-0.010215222,0.055478533
1751976391.24695,-0.024367987,-0.010215222,0.055478533
1751976391.24901,-0.024367987,-0.010215222,0.055478533
1751976391.25096,-0.024367987,-0.010215222,0.055478533
1751976391.25294,-0.024335653,-0.010312226,0.055475159
1751976391.25494,-0.024335653,-0.010312226,0.055475159
1751976391.25695,-0.024335653,-0.010312226,0.055475159
1751976391.25895,-0.024335653,-0.010312226,0.055475159
1751976391.26096,-0.024335653,-0.010312226,0.055475159
1751976391.26296,-0.024201739,-0.010363149,0.055463942
1751976391.26498,-0.024201739,-0.010363149,0.055463942
1751976391.26694,-0.024201739,-0.010363149,0.055463942
1751976391.26895,-0.024201739,-0.010363149,0.055463942
1751976391.27094,-0.024201739,-0.010363149,0.055463942
1751976391.27305,-0.024201739,-0.010363149,0.055463942
1751976391.27499,-0.024070368,-0.010416111,0.05547848
1751976391.27702,-0.024070368,-0.010416111,0.05547848
1751976391.27897,-0.024070368,-0.010416111,0.05547848
1751976391.28098,-0.024070368,-0.010416111,0.05547848
1751976391.28298,-0.024070368,-0.010416111,0.05547848
1751976391.28499,-0.024070368,-0.010416111,0.05547848
1751976391.28696,-0.024048367,-0.010405168,0.055448019
1751976391.28895,-0.024048367,-0.010405168,0.055448019
1751976391.29094,-0.024048367,-0.010405168,0.055448019
1751976391.29295,-0.024048367,-0.010405168,0.055448019
1751976391.29492,-0.024048367,-0.010405168,0.055448019
1751976391.29694,-0.023836401,-0.010459317,0.055471554
1751976391.29894,-0.023836401,-0.010459317,0.055471554
1751976391.30093,-0.023836401,-0.010459317,0.055471554
1751976391.30295,-0.023836401,-0.010459317,0.055471554
1751976391.30499,-0.023836401,-0.010459317,0.055471554
1751976391.30697,-0.023769273,-0.010582829,0.055403251
1751976391.30888,-0.023769273,-0.010582829,0.055403251
1751976391.31096,-0.023769273,-0.010582829,0.055403251
1751976391.31296,-0.023769273,-0.010582829,0.055403251
1751976391.31495,-0.023769273,-0.010582829,0.055403251
1751976391.31698,-0.023769273,-0.010582829,0.055403251
1751976391.31899,-0.02345457,-0.010664701,0.055398213
1751976391.32099,-0.02345457,-0.010664701,0.055398213
1751976391.323,-0.02345457,-0.010664701,0.055398213
1751976391.325,-0.02345457,-0.010664701,0.055398213
1751976391.32695,-0.02345457,-0.010664701,0.055398213
1751976391.32889,-0.02345457,-0.010664701,0.055398213
1751976391.33097,-0.023147488,-0.010789301,0.055377392
1751976391.33297,-0.023147488,-0.010789301,0.055377392
1751976391.33495,-0.023147488,-0.010789301,0.055377392
1751976391.33697,-0.023147488,-0.010789301,0.055377392
1751976391.33896,-0.023147488,-0.010789301,0.055377392
1751976391.34096,-0.022833152,-0.010934325,0.055353054
1751976391.34295,-0.022833152,-0.010934325,0.055353054
1751976391.34496,-0.022833152,-0.010934325,0.055353054
1751976391.34694,-0.022833152,-0.010934325,0.055353054
1751976391.34894,-0.022833152,-0.010934325,0.055353054
1751976391.35095,-0.022576445,-0.011123686,0.055313768
1751976391.35293,-0.022576445,-0.011123686,0.055313768
1751976391.35494,-0.022576445,-0.011123686,0.055313768
1751976391.35694,-0.022576445,-0.011123686,0.055313768
1751976391.35898,-0.022576445,-0.011123686,0.055313768
1751976391.36105,-0.022576445,-0.011123686,0.055313768
1751976391.36295,-0.022189776,-0.011260564,0.055280749
1751976391.36495,-0.022189776,-0.011260564,0.055280749
1751976391.36696,-0.022189776,-0.011260564,0.055280749
1751976391.36902,-0.022189776,-0.011260564,0.055280749
1751976391.37098,-0.022189776,-0.011260564,0.055280749
1751976391.37296,-0.022189776,-0.011260564,0.055280749
1751976391.37495,-0.021880086,-0.01148031,0.055274228
1751976391.3769,-0.021880086,-0.01148031,0.055274228
1751976391.37899,-0.021880086,-0.01148031,0.055274228
1751976391.38095,-0.021880086,-0.01148031,0.055274228
1751976391.38293,-0.021880086,-0.01148031,0.055274228
1751976391.38493,-0.021880086,-0.01148031,0.055274228
1751976391.38697,-0.021580742,-0.011722995,0.055254362
1751976391.38893,-0.021580742,-0.011722995,0.055254362
1751976391.39096,-0.021580742,-0.011722995,0.055254362
1751976391.39289,-0.021580742,-0.011722995,0.055254362
1751976391.39494,-0.021580742,-0.011722995,0.055254362
1751976391.39693,-0.021580742,-0.011722995,0.055254362
1751976391.39899,-0.021302635,-0.011953314,0.055233266
1751976391.40097,-0.021302635,-0.011953314,0.055233266
1751976391.40302,-0.021302635,-0.011953314,0.055233266
1751976391.40503,-0.021302635,-0.011953314,0.055233266
1751976391.40699,-0.021302635,-0.011953314,0.055233266
1751976391.40895,-0.021302635,-0.011953314,0.055233266
1751976391.411,-0.020945884,-0.012133852,0.055192658
1751976391.41298,-0.020945884,-0.012133852,0.055192658
1751976391.41494,-0.020945884,-0.012133852,0.055192658
1751976391.41694,-0.020945884,-0.012133852,0.055192658
1751976391.41894,-0.020945884,-0.012133852,0.055192658
1751976391.42097,-0.020945884,-0.012133852,0.055192658
1751976391.42294,-0.020485968,-0.012420648,0.055171741
1751976391.42495,-0.020485968,-0.012420648,0.055171741
1751976391.42693,-0.020485968,-0.012420648,0.055171741
1751976391.42892,-0.020485968,-0.012420648,0.055171741
1751976391.43096,-0.020485968,-0.012420648,0.055171741
1751976391.43295,-0.020167182,-0.012578121,0.055133414
1751976391.43493,-0.020167182,-0.012578121,0.055133414
1751976391.43694,-0.020167182,-0.012578121,0.055133414
1751976391.43897,-0.020167182,-0.012578121,0.055133414
1751976391.44094,-0.020167182,-0.012578121,0.055133414
1751976391.44293,-0.020167182,-0.012578121,0.055133414
1751976391.44493,-0.019663161,-0.012792067,0.055115739
1751976391.44697,-0.019663161,-0.012792067,0.055115739
1751976391.44898,-0.019663161,-0.012792067,0.055115739
1751976391.45096,-0.019663161,-0.012792067,0.055115739
1751976391.45295,-0.019663161,-0.012792067,0.055115739
1751976391.45498,-0.019663161,-0.012792067,0.055115739
1751976391.45696,-0.01916011,-0.013066094,0.055085632
1751976391.45895,-0.01916011,-0.013066094,0.055085632
1751976391.46095,-0.01916011,-0.013066094,0.055085632
1751976391.46294,-0.01916011,-0.013066094,0.055085632
1751976391.46497,-0.01916011,-0.013066094,0.055085632
1751976391.46694,-0.018736811,-0.013269768,0.055059579
1751976391.46894,-0.018736811,-0.013269768,0.055059579
1751976391.47093,-0.018736811,-0.013269768,0.055059579
1751976391.47293,-0.018736811,-0.013269768,0.055059579
1751976391.47493,-0.018736811,-0.013269768,0.055059579
1751976391.47696,-0.018736811,-0.013269768,0.055059579
1751976391.4789,-0.018142362,-0.013614331,0.055045903
1751976391.48093,-0.018142362,-0.013614331,0.055045903
1751976391.48294,-0.018142362,-0.013614331,0.055045903
1751976391.48494,-0.018142362,-0.013614331,0.055045903
1751976391.48698,-0.018142362,-0.013614331,0.055045903
1751976391.48896,-0.018142362,-0.013614331,0.055045903
1751976391.49096,-0.017803625,-0.013922208,0.054989552
1751976391.49297,-0.017803625,-0.013922208,0.054989552
1751976391.49495,-0.017803625,-0.013922208,0.054989552
1751976391.49697,-0.017803625,-0.013922208,0.054989552
1751976391.49896,-0.017803625,-0.013922208,0.054989552
1751976391.50099,-0.017313929,-0.014191511,0.054959966
1751976391.50296,-0.017313929,-0.014191511,0.054959966
1751976391.50493,-0.017313929,-0.014191511,0.054959966
1751976391.50696,-0.017313929,-0.014191511,0.054959966
1751976391.50895,-0.017313929,-0.014191511,0.054959966
1751976391.51094,-0.017313929,-0.014191511,0.054959966
1751976391.51294,-0.016923101,-0.014488435,0.054946619
1751976391.51497,-0.016923101,-0.014488435,0.054946619
1751976391.51695,-0.016923101,-0.014488435,0.054946619
1751976391.51895,-0.016923101,-0.014488435,0.054946619
1751976391.52097,-0.016923101,-0.014488435,0.054946619
1751976391.52293,-0.016479748,-0.014706445,0.054924896
1751976391.52495,-0.016479748,-0.014706445,0.054924896
1751976391.527,-0.016479748,-0.014706445,0.054924896
1751976391.52899,-0.016479748,-0.014706445,0.054924896
1751976391.53098,-0.016479748,-0.014706445,0.054924896
1751976391.53292,-0.016479748,-0.014706445,0.054924896
1751976391.53496,-0.01588788,-0.014962884,0.054944386
1751976391.53697,-0.01588788,-0.014962884,0.054944386
1751976391.53889,-0.01588788,-0.014962884,0.054944386
1751976391.54095,-0.01588788,-0.014962884,0.054944386
1751976391.54295,-0.01588788,-0.014962884,0.054944386
1751976391.54495,-0.01542302,-0.015259585,0.054896548
1751976391.54695,-0.01542302,-0.015259585,0.054896548
1751976391.54894,-0.01542302,-0.015259585,0.054896548
1751976391.55095,-0.01542302,-0.015259585,0.054896548
1751976391.55296,-0.01542302,-0.015259585,0.054896548
1751976391.55498,-0.01542302,-0.015259585,0.054896548
1751976391.55696,-0.014787003,-0.015576527,0.054901469
1751976391.55894,-0.014787003,-0.015576527,0.054901469
1751976391.56101,-0.014787003,-0.015576527,0.054901469
1751976391.56298,-0.014787003,-0.015576527,0.054901469
1751976391.5649,-0.014787003,-0.015576527,0.054901469
1751976391.56695,-0.014787003,-0.015576527,0.054901469
1751976391.56895,-0.014231492,-0.015866253,0.054894521
1751976391.5709,-0.014231492,-0.015866253,0.054894521
1751976391.57296,-0.014231492,-0.015866253,0.054894521
1751976391.57499,-0.014231492,-0.015866253,0.054894521
1751976391.57702,-0.014231492,-0.015866253,0.054894521
1751976391.57897,-0.013784212,-0.016147756,0.054887896
1751976391.58093,-0.013784212,-0.016147756,0.054887896
1751976391.58297,-0.013784212,-0.016147756,0.054887896
1751976391.58493,-0.013784212,-0.016147756,0.054887896
1751976391.58698,-0.013784212,-0.016147756,0.054887896
1751976391.58893,-0.013171093,-0.016432939,0.054857131
1751976391.59095,-0.013171093,-0.016432939,0.054857131
1751976391.59297,-0.013171093,-0.016432939,0.054857131
1751976391.59497,-0.013171093,-0.016432939,0.054857131
1751976391.59696,-0.013171093,-0.016432939,0.054857131
1751976391.59893,-0.013171093,-0.016432939,0.054857131
1751976391.60093,-0.012465055,-0.016727796,0.054852343
1751976391.60295,-0.012465055,-0.016727796,0.054852343
1751976391.60494,-0.012465055,-0.016727796,0.054852343
1751976391.60693,-0.012465055,-0.016727796,0.054852343
1751976391.60899,-0.012465055,-0.016727796,0.054852343
1751976391.61094,-0.011886153,-0.016948488,0.054789301
1751976391.61295,-0.011886153,-0.016948488,0.054789301
1751976391.61496,-0.011886153,-0.016948488,0.054789301
1751976391.61696,-0.011886153,-0.016948488,0.054789301
1751976391.619,-0.011886153,-0.016948488,0.054789301
1751976391.62096,-0.011886153,-0.016948488,0.054789301
1751976391.62298,-0.011228122,-0.01723266,0.05482458
1751976391.62497,-0.011228122,-0.01723266,0.05482458
1751976391.62698,-0.011228122,-0.01723266,0.05482458
1751976391.62897,-0.011228122,-0.01723266,0.05482458
1751976391.63095,-0.011228122,-0.01723266,0.05482458
1751976391.63294,-0.011228122,-0.01723266,0.05482458
1751976391.63497,-0.01038666,-0.017523111,0.054943822
1751976391.63694,-0.01038666,-0.017523111,0.054943822
1751976391.63894,-0.01038666,-0.017523111,0.054943822
1751976391.64099,-0.01038666,-0.017523111,0.054943822
1751976391.64294,-0.01038666,-0.017523111,0.054943822
1751976391.64494,-0.009680733,-0.017752096,0.054871516
1751976391.64695,-0.009680733,-0.017752096,0.054871516
1751976391.649,-0.009680733,-0.017752096,0.054871516
1751976391.65096,-0.009680733,-0.017752096,0.054871516
1751976391.65296,-0.009680733,-0.017752096,0.054871516
1751976391.65502,-0.009002877,-0.018047456,0.054939998
1751976391.65701,-0.009002877,-0.018047456,0.054939998
1751976391.65912,-0.009002877,-0.018047456,0.054939998
1751976391.66098,-0.009002877,-0.018047456,0.054939998
1751976391.66297,-0.009002877,-0.018047456,0.054939998
1751976391.66496,-0.009002877,-0.018047456,0.054939998
1751976391.66697,-0.008453641,-0.018457256,0.054815796
1751976391.66903,-0.008453641,-0.018457256,0.054815796
1751976391.67098,-0.008453641,-0.018457256,0.054815796
1751976391.67294,-0.008453641,-0.018457256,0.054815796
1751976391.675,-0.008453641,-0.018457256,0.054815796
1751976391.67695,-0.007859192,-0.018852437,0.054776788
1751976391.67894,-0.007859192,-0.018852437,0.054776788
1751976391.68095,-0.007859192,-0.018852437,0.054776788
1751976391.68295,-0.007859192,-0.018852437,0.054776788
1751976391.68493,-0.007859192,-0.018852437,0.054776788
1751976391.68694,-0.007859192,-0.018852437,0.054776788
1751976391.68897,-0.00721204,-0.019283328,0.054785435
1751976391.69096,-0.00721204,-0.019283328,0.054785435
1751976391.69295,-0.00721204,-0.019283328,0.054785435
1751976391.695,-0.00721204,-0.019283328,0.054785435
1751976391.69693,-0.00721204,-0.019283328,0.054785435
1751976391.69895,-0.006707066,-0.019613729,0.05482892
1751976391.70099,-0.006707066,-0.019613729,0.05482892
1751976391.703,-0.006707066,-0.019613729,0.05482892
1751976391.70496,-0.006707066,-0.019613729,0.05482892
1751976391.70695,-0.006707066,-0.019613729,0.05482892
1751976391.70899,-0.006164549,-0.019961664,0.05481218
1751976391.71099,-0.006164549,-0.019961664,0.05481218
1751976391.71295,-0.006164549,-0.019961664,0.05481218
1751976391.71497,-0.006164549,-0.019961664,0.05481218
1751976391.71695,-0.006164549,-0.019961664,0.05481218
1751976391.71894,-0.005553002,-0.020368521,0.054746258
1751976391.72097,-0.005553002,-0.020368521,0.054746258
1751976391.72295,-0.005553002,-0.020368521,0.054746258
1751976391.72496,-0.005553002,-0.020368521,0.054746258
1751976391.72693,-0.005553002,-0.020368521,0.054746258
1751976391.72899,-0.005553002,-0.020368521,0.054746258
1751976391.73096,-0.00478089,-0.020819933,0.054863556
1751976391.73293,-0.00478089,-0.020819933,0.054863556
1751976391.73495,-0.00478089,-0.020819933,0.054863556
1751976391.73693,-0.00478089,-0.020819933,0.054863556
1751976391.73894,-0.00478089,-0.020819933,0.054863556
1751976391.74094,-0.00478089,-0.020819933,0.054863556
1751976391.74296,-0.004250169,-0.02131137,0.054858802
1751976391.74496,-0.004250169,-0.02131137,0.054858802
1751976391.74688,-0.004250169,-0.02131137,0.054858802
1751976391.74895,-0.004250169,-0.02131137,0.054858802
1751976391.75096,-0.004250169,-0.02131137,0.054858802
1751976391.75299,-0.0036187,-0.021623703,0.054981095
1751976391.75498,-0.0036187,-0.021623703,0.054981095
1751976391.75693,-0.0036187,-0.021623703,0.054981095
1751976391.75896,-0.0036187,-0.021623703,0.054981095
1751976391.76098,-0.0036187,-0.021623703,0.054981095
1751976391.76296,-0.003171449,-0.021912192,0.054960836
1751976391.76498,-0.003171449,-0.021912192,0.054960836
1751976391.76688,-0.003171449,-0.021912192,0.054960836
1751976391.76896,-0.003171449,-0.021912192,0.054960836
1751976391.77094,-0.003171449,-0.021912192,0.054960836
1751976391.77292,-0.003171449,-0.021912192,0.054960836
1751976391.77499,-0.002515716,-0.022139745,0.055100962
1751976391.77693,-0.002515716,-0.022139745,0.055100962
1751976391.77895,-0.002515716,-0.022139745,0.055100962
1751976391.78095,-0.002515716,-0.022139745,0.055100962
1751976391.7829,-0.002515716,-0.022139745,0.055100962
1751976391.78495,-0.002515716,-0.022139745,0.055100962
1751976391.78696,-0.0019482,-0.022327911,0.055299987
1751976391.78897,-0.0019482,-0.022327911,0.055299987
1751976391.79097,-0.0019482,-0.022327911,0.055299987
1751976391.79299,-0.0019482,-0.022327911,0.055299987
1751976391.79508,-0.0019482,-0.022327911,0.055299987
1751976391.79702,-0.001591662,-0.022449808,0.055397657
1751976391.799,-0.001591662,-0.022449808,0.055397657
1751976391.80096,-0.001591662,-0.022449808,0.055397657
1751976391.80299,-0.001591662,-0.022449808,0.055397657
1751976391.80497,-0.001591662,-0.022449808,0.055397657
1751976391.80696,-0.001591662,-0.022449808,0.055397657
1751976391.80896,-0.001146339,-0.022602918,0.05564932
1751976391.81091,-0.001146339,-0.022602918,0.05564932
1751976391.81296,-0.001146339,-0.022602918,0.05564932
1751976391.81501,-0.001146339,-0.022602918,0.05564932
1751976391.81696,-0.001146339,-0.022602918,0.05564932
1751976391.81898,-0.000733401,-0.022870925,0.055755457
1751976391.82094,-0.000733401,-0.022870925,0.055755457
1751976391.82298,-0.000733401,-0.022870925,0.055755457
1751976391.82496,-0.000733401,-0.022870925,0.055755457
1751976391.82695,-0.000733401,-0.022870925,0.055755457
1751976391.82897,-0.000733401,-0.022870925,0.055755457
1751976391.83097,-0.000158924,-0.023102163,0.055887748
1751976391.83296,-0.000158924,-0.023102163,0.055887748
1751976391.83496,-0.000158924,-0.023102163,0.055887748
1751976391.83695,-0.000158924,-0.023102163,0.055887748
1751976391.83896,-0.000158924,-0.023102163,0.055887748
1751976391.84089,-0.000158924,-0.023102163,0.055887748
1751976391.84296,0.000142087,-0.023344394,0.056043502
1751976391.84497,0.000142087,-0.023344394,0.056043502
1751976391.84695,0.000142087,-0.023344394,0.056043502
1751976391.84895,0.000142087,-0.023344394,0.056043502
1751976391.85095,0.000142087,-0.023344394,0.056043502
1751976391.85294,0.000458933,-0.023487108,0.056175005
1751976391.85493,0.000458933,-0.023487108,0.056175005
1751976391.857,0.000458933,-0.023487108,0.056175005
1751976391.85893,0.000458933,-0.023487108,0.056175005
1751976391.86096,0.000458933,-0.023487108,0.056175005
1751976391.86297,0.000597046,-0.023564858,0.056170321
1751976391.86493,0.000597046,-0.023564858,0.056170321
1751976391.86693,0.000597046,-0.023564858,0.056170321
1751976391.86892,0.000597046,-0.023564858,0.056170321
1751976391.87096,0.000597046,-0.023564858,0.056170321
1751976391.87293,0.000826502,-0.023844868,0.056210175
1751976391.87495,0.000826502,-0.023844868,0.056210175
1751976391.87696,0.000826502,-0.023844868,0.056210175
1751976391.87896,0.000826502,-0.023844868,0.056210175
1751976391.88096,0.000826502,-0.023844868,0.056210175
1751976391.88294,0.000826502,-0.023844868,0.056210175
1751976391.88496,0.000976335,-0.024131278,0.056204327
1751976391.88696,0.000976335,-0.024131278,0.056204327
1751976391.88894,0.000976335,-0.024131278,0.056204327
1751976391.89094,0.000976335,-0.024131278,0.056204327
1751976391.89293,0.000976335,-0.024131278,0.056204327
1751976391.89497,0.000976335,-0.024131278,0.056204327
1751976391.89693,0.001367032,-0.024458915,0.056312704
1751976391.89894,0.001367032,-0.024458915,0.056312704
1751976391.90093,0.001367032,-0.024458915,0.056312704
1751976391.90301,0.001367032,-0.024458915,0.056312704
1751976391.90494,0.001367032,-0.024458915,0.056312704
1751976391.90693,0.001367032,-0.024458915,0.056312704
1751976391.90894,0.001581826,-0.024702037,0.05638994
1751976391.91096,0.001581826,-0.024702037,0.05638994
1751976391.91297,0.001581826,-0.024702037,0.05638994
1751976391.91496,0.001581826,-0.024702037,0.05638994
1751976391.91689,0.001581826,-0.024702037,0.05638994
1751976391.91895,0.001581826,-0.024702037,0.05638994
1751976391.92095,0.001788538,-0.024795569,0.056493402
1751976391.92298,0.001788538,-0.024795569,0.056493402
1751976391.92495,0.001788538,-0.024795569,0.056493402
1751976391.92696,0.001788538,-0.024795569,0.056493402
1751976391.92895,0.001788538,-0.024795569,0.056493402
1751976391.93094,0.001984773,-0.024841049,0.056506248
1751976391.93297,0.001984773,-0.024841049,0.056506248
1751976391.93493,0.001984773,-0.024841049,0.056506248
1751976391.93694,0.001984773,-0.024841049,0.056506248
1751976391.93893,0.001984773,-0.024841049,0.056506248
1751976391.94093,0.001984773,-0.024841049,0.056506248
1751976391.94289,0.002393455,-0.024973085,0.056587305
1751976391.94497,0.002393455,-0.024973085,0.056587305
1751976391.94702,0.002393455,-0.024973085,0.056587305
1751976391.94897,0.002393455,-0.024973085,0.056587305
1751976391.95095,0.002393455,-0.024973085,0.056587305
1751976391.95293,0.002761493,-0.025182585,0.056666282
1751976391.95494,0.002761493,-0.025182585,0.056666282
1751976391.95696,0.002761493,-0.025182585,0.056666282
1751976391.95894,0.002761493,-0.025182585,0.056666282
1751976391.96093,0.002761493,-0.025182585,0.056666282
1751976391.96297,0.002761493,-0.025182585,0.056666282
1751976391.96499,0.00317443,-0.025384526,0.056753693
1751976391.96696,0.00317443,-0.025384526,0.056753693
1751976391.96897,0.00317443,-0.025384526,0.056753693
1751976391.97098,0.00317443,-0.025384526,0.056753693
1751976391.97296,0.00317443,-0.025384526,0.056753693
1751976391.97496,0.003582625,-0.025553524,0.056895659
1751976391.97692,0.003582625,-0.025553524,0.056895659
1751976391.97897,0.003582625,-0.025553524,0.056895659
1751976391.98097,0.003582625,-0.025553524,0.056895659
1751976391.98297,0.003582625,-0.025553524,0.056895659
1751976391.98498,0.003865613,-0.02563068,0.057040864
1751976391.98692,0.003865613,-0.02563068,0.057040864
1751976391.98894,0.003865613,-0.02563068,0.057040864
1751976391.99094,0.003865613,-0.02563068,0.057040864
1751976391.99299,0.003865613,-0.02563068,0.057040864
1751976391.99494,0.004158319,-0.025770719,0.057221854
1751976391.9969,0.004158319,-0.025770719,0.057221854
1751976391.99895,0.004158319,-0.025770719,0.057221854
1751976392.00093,0.004158319,-0.025770719,0.057221854
1751976392.00294,0.004158319,-0.025770719,0.057221854
1751976392.00499,0.004158319,-0.025770719,0.057221854
1751976392.00702,0.004470451,-0.025937972,0.057387334
1751976392.00901,0.004470451,-0.025937972,0.057387334
1751976392.01105,0.004470451,-0.025937972,0.057387334
1751976392.01298,0.004470451,-0.025937972,0.057387334
1751976392.01496,0.004470451,-0.025937972,0.057387334
1751976392.01691,0.004470451,-0.025937972,0.057387334
1751976392.01896,0.004831029,-0.026283815,0.057481763
1751976392.02097,0.004831029,-0.026283815,0.057481763
1751976392.02294,0.004831029,-0.026283815,0.057481763
1751976392.02498,0.004831029,-0.026283815,0.057481763
1751976392.0269,0.004831029,-0.026283815,0.057481763
1751976392.02894,0.004831029,-0.026283815,0.057481763
1751976392.03095,0.00520768,-0.0266674,0.057557568
1751976392.03291,0.00520768,-0.0266674,0.057557568
1751976392.03493,0.00520768,-0.0266674,0.057557568
1751976392.03694,0.00520768,-0.0266674,0.057557568
1751976392.03893,0.00520768,-0.0266674,0.057557568
1751976392.04094,0.00520768,-0.0266674,0.057557568
1751976392.04296,0.005551258,-0.026946117,0.057585066
1751976392.04494,0.005551258,-0.026946117,0.057585066
1751976392.04693,0.005551258,-0.026946117,0.057585066
1751976392.04893,0.005551258,-0.026946117,0.057585066
1751976392.05099,0.005551258,-0.026946117,0.057585066
1751976392.05296,0.005551258,-0.026946117,0.057585066
1751976392.05497,0.00578625,-0.027225902,0.057595777
1751976392.05694,0.00578625,-0.027225902,0.057595777
1751976392.0589,0.00578625,-0.027225902,0.057595777
1751976392.06098,0.00578625,-0.027225902,0.057595777
1751976392.06297,0.00578625,-0.027225902,0.057595777
1751976392.06497,0.006209702,-0.027363109,0.057663476
1751976392.06694,0.006209702,-0.027363109,0.057663476
1751976392.06893,0.006209702,-0.027363109,0.057663476
1751976392.07096,0.006209702,-0.027363109,0.057663476
1751976392.07296,0.006209702,-0.027363109,0.057663476
1751976392.07494,0.006551424,-0.027592417,0.057766826
1751976392.07695,0.006551424,-0.027592417,0.057766826
1751976392.07895,0.006551424,-0.027592417,0.057766826
1751976392.08093,0.006551424,-0.027592417,0.057766826
1751976392.08295,0.006551424,-0.027592417,0.057766826
1751976392.08494,0.006551424,-0.027592417,0.057766826
1751976392.08695,0.006939742,-0.027870092,0.057871605
1751976392.08893,0.006939742,-0.027870092,0.057871605
1751976392.09095,0.006939742,-0.027870092,0.057871605
1751976392.09295,0.006939742,-0.027870092,0.057871605
1751976392.09495,0.006939742,-0.027870092,0.057871605
1751976392.09703,0.007247361,-0.028101616,0.057960486
1751976392.09896,0.007247361,-0.028101616,0.057960486
1751976392.10094,0.007247361,-0.028101616,0.057960486
1751976392.10297,0.007247361,-0.028101616,0.057960486
1751976392.10495,0.007247361,-0.028101616,0.057960486
1751976392.10696,0.007247361,-0.028101616,0.057960486
1751976392.10894,0.007584498,-0.028318978,0.058103112
1751976392.11093,0.007584498,-0.028318978,0.058103112
1751976392.11295,0.007584498,-0.028318978,0.058103112
1751976392.11495,0.007584498,-0.028318978,0.058103112
1751976392.11694,0.007584498,-0.028318978,0.058103112
1751976392.11897,0.007584498,-0.028318978,0.058103112
1751976392.121,0.00799513,-0.028509489,0.058240594
1751976392.12293,0.00799513,-0.028509489,0.058240594
1751976392.12494,0.00799513,-0.028509489,0.058240594
1751976392.12693,0.00799513,-0.028509489,0.058240594
1751976392.12896,0.00799513,-0.028509489,0.058240594
1751976392.13094,0.00799513,-0.028509489,0.058240594
1751976392.133,0.008317165,-0.028559908,0.058366213
1751976392.13498,0.008317165,-0.028559908,0.058366213
1751976392.13701,0.008317165,-0.028559908,0.058366213
1751976392.139,0.008317165,-0.028559908,0.058366213
1751976392.14101,0.008317165,-0.028559908,0.058366213
1751976392.14297,0.008440799,-0.028536088,0.058384485
1751976392.14494,0.008440799,-0.028536088,0.058384485
1751976392.14697,0.008440799,-0.028536088,0.058384485
1751976392.14894,0.008440799,-0.028536088,0.058384485
1751976392.15096,0.008440799,-0.028536088,0.058384485
1751976392.15295,0.008440799,-0.028536088,0.058384485
1751976392.15494,0.009217354,-0.028684434,0.058712344
1751976392.15693,0.009217354,-0.028684434,0.058712344
1751976392.15893,0.009217354,-0.028684434,0.058712344
1751976392.16097,0.009217354,-0.028684434,0.058712344
1751976392.16302,0.009217354,-0.028684434,0.058712344
1751976392.16494,0.009619622,-0.028711146,0.058836405
1751976392.16696,0.009619622,-0.028711146,0.058836405
1751976392.16898,0.009619622,-0.028711146,0.058836405
1751976392.17097,0.009619622,-0.028711146,0.058836405
1751976392.17294,0.009619622,-0.028711146,0.058836405
1751976392.17495,0.009619622,-0.028711146,0.058836405
1751976392.17699,0.009877831,-0.028857278,0.058924178
1751976392.17895,0.009877831,-0.028857278,0.058924178
1751976392.18097,0.009877831,-0.028857278,0.058924178
1751976392.18297,0.009877831,-0.028857278,0.058924178
1751976392.18498,0.009877831,-0.028857278,0.058924178
1751976392.18697,0.009877831,-0.028857278,0.058924178
1751976392.18899,0.010198192,-0.028996694,0.059013616
1751976392.19096,0.010198192,-0.028996694,0.059013616
1751976392.19295,0.010198192,-0.028996694,0.059013616
1751976392.19495,0.010198192,-0.028996694,0.059013616
1751976392.19696,0.010198192,-0.028996694,0.059013616
1751976392.19894,0.010198192,-0.028996694,0.059013616
1751976392.20099,0.010636113,-0.029132222,0.05912458
1751976392.203,0.010636113,-0.029132222,0.05912458
1751976392.20499,0.010636113,-0.029132222,0.05912458
1751976392.20696,0.010636113,-0.029132222,0.05912458
1751976392.20896,0.010636113,-0.029132222,0.05912458
1751976392.21099,0.010636113,-0.029132222,0.05912458
1751976392.21294,0.011039959,-0.029333997,0.05923148
1751976392.21497,0.011039959,-0.029333997,0.05923148
1751976392.21697,0.011039959,-0.029333997,0.05923148
1751976392.21897,0.011039959,-0.029333997,0.05923148
1751976392.22097,0.011039959,-0.029333997,0.05923148
1751976392.22304,0.011039959,-0.029333997,0.05923148
1751976392.22499,0.011364686,-0.02949938,0.059212792
1751976392.22696,0.011364686,-0.02949938,0.059212792
1751976392.22895,0.011364686,-0.02949938,0.059212792
1751976392.23094,0.011364686,-0.02949938,0.059212792
1751976392.23295,0.011364686,-0.02949938,0.059212792
1751976392.23495,0.011734409,-0.029588682,0.05937372
1751976392.23697,0.011734409,-0.029588682,0.05937372
1751976392.23895,0.011734409,-0.029588682,0.05937372
1751976392.24095,0.011734409,-0.029588682,0.05937372
1751976392.24301,0.011734409,-0.029588682,0.05937372
1751976392.24495,0.012017197,-0.029710462,0.059455933
1751976392.24696,0.012017197,-0.029710462,0.059455933
1751976392.24895,0.012017197,-0.029710462,0.059455933
1751976392.25097,0.012017197,-0.029710462,0.059455933
1751976392.25295,0.012017197,-0.029710462,0.059455933
1751976392.25495,0.012017197,-0.029710462,0.059455933
1751976392.25695,0.012351605,-0.029876213,0.059484598
1751976392.25895,0.012351605,-0.029876213,0.059484598
1751976392.26095,0.012351605,-0.029876213,0.059484598
1751976392.26296,0.012351605,-0.029876213,0.059484598
1751976392.26499,0.012351605,-0.029876213,0.059484598
1751976392.26713,0.012513084,-0.0299605,0.05952064
1751976392.26901,0.012513084,-0.0299605,0.05952064
1751976392.27096,0.012513084,-0.0299605,0.05952064
1751976392.27296,0.012513084,-0.0299605,0.05952064
1751976392.27494,0.012513084,-0.0299605,0.05952064
1751976392.27698,0.012513084,-0.0299605,0.05952064
1751976392.27895,0.012801868,-0.030115332,0.059566082
1751976392.28096,0.012801868,-0.030115332,0.059566082
1751976392.28294,0.012801868,-0.030115332,0.059566082
1751976392.28495,0.012801868,-0.030115332,0.059566082
1751976392.28691,0.012801868,-0.030115332,0.059566082
1751976392.28895,0.012801868,-0.030115332,0.059566082
1751976392.29096,0.013036154,-0.030281794,0.059608193
1751976392.29294,0.013036154,-0.030281794,0.059608193
1751976392.29493,0.013036154,-0.030281794,0.059608193
1751976392.29698,0.013036154,-0.030281794,0.059608193
1751976392.29896,0.013036154,-0.030281794,0.059608193
1751976392.30093,0.013215767,-0.030307919,0.059694554
1751976392.30288,0.013215767,-0.030307919,0.059694554
1751976392.30495,0.013215767,-0.030307919,0.059694554
1751976392.30698,0.013215767,-0.030307919,0.059694554
1751976392.30895,0.013215767,-0.030307919,0.059694554
1751976392.31098,0.013215767,-0.030307919,0.059694554
1751976392.31299,0.013423102,-0.030398416,0.059740402
1751976392.31494,0.013423102,-0.030398416,0.059740402
1751976392.31695,0.013423102,-0.030398416,0.059740402
1751976392.31888,0.013423102,-0.030398416,0.059740402
1751976392.32095,0.013423102,-0.030398416,0.059740402
1751976392.32294,0.013423102,-0.030398416,0.059740402
1751976392.32499,0.013782623,-0.030459425,0.059834825
1751976392.32696,0.013782623,-0.030459425,0.059834825
1751976392.32897,0.013782623,-0.030459425,0.059834825
1751976392.33098,0.013782623,-0.030459425,0.059834825
1751976392.33297,0.013782623,-0.030459425,0.059834825
1751976392.33494,0.014017332,-0.030477749,0.059876951
1751976392.33696,0.014017332,-0.030477749,0.059876951
1751976392.33896,0.014017332,-0.030477749,0.059876951
1751976392.34094,0.014017332,-0.030477749,0.059876951
1751976392.34293,0.014017332,-0.030477749,0.059876951
1751976392.34496,0.014017332,-0.030477749,0.059876951
1751976392.34694,0.014363751,-0.030502907,0.060037557
1751976392.34894,0.014363751,-0.030502907,0.060037557
1751976392.35097,0.014363751,-0.030502907,0.060037557
1751976392.35302,0.014363751,-0.030502907,0.060037557
1751976392.35498,0.014363751,-0.030502907,0.060037557
1751976392.35697,0.014581203,-0.030620355,0.060004167
1751976392.359,0.014581203,-0.030620355,0.060004167
1751976392.36096,0.014581203,-0.030620355,0.060004167
1751976392.36296,0.014581203,-0.030620355,0.060004167
1751976392.36498,0.014581203,-0.030620355,0.060004167
1751976392.36698,0.014581203,-0.030620355,0.060004167
1751976392.36894,0.014816945,-0.030794522,0.060106577
1751976392.37096,0.014816945,-0.030794522,0.060106577
1751976392.37295,0.014816945,-0.030794522,0.060106577
1751976392.37495,0.014816945,-0.030794522,0.060106577
1751976392.37694,0.014816945,-0.030794522,0.060106577
1751976392.37899,0.014816945,-0.030794522,0.060106577
1751976392.38093,0.015014437,-0.030917123,0.060091314
1751976392.38295,0.015014437,-0.030917123,0.060091314
1751976392.38497,0.015014437,-0.030917123,0.060091314
1751976392.38694,0.015014437,-0.030917123,0.060091314
1751976392.38893,0.015014437,-0.030917123,0.060091314
1751976392.39099,0.015014437,-0.030917123,0.060091314
1751976392.39298,0.01513878,-0.031169091,0.060214343
1751976392.395,0.01513878,-0.031169091,0.060214343
1751976392.39693,0.01513878,-0.031169091,0.060214343
1751976392.399,0.01513878,-0.031169091,0.060214343
1751976392.40096,0.01513878,-0.031169091,0.060214343
1751976392.40295,0.01513878,-0.031169091,0.060214343
1751976392.40494,0.015401096,-0.031278897,0.060297119
1751976392.40699,0.015401096,-0.031278897,0.060297119
1751976392.40894,0.015401096,-0.031278897,0.060297119
1751976392.41095,0.015401096,-0.031278897,0.060297119
1751976392.41296,0.015401096,-0.031278897,0.060297119
1751976392.41494,0.015401096,-0.031278897,0.060297119
1751976392.41694,0.015657476,-0.031464915,0.060312752
1751976392.41901,0.015657476,-0.031464915,0.060312752
1751976392.42094,0.015657476,-0.031464915,0.060312752
1751976392.42292,0.015657476,-0.031464915,0.060312752
1751976392.42497,0.015657476,-0.031464915,0.060312752
1751976392.42699,0.015757266,-0.031495614,0.060265889
1751976392.42894,0.015757266,-0.031495614,0.060265889
1751976392.4309,0.015757266,-0.031495614,0.060265889
1751976392.43295,0.015757266,-0.031495614,0.060265889
1751976392.43496,0.015757266,-0.031495614,0.060265889
1751976392.43701,0.015893106,-0.031642572,0.060327363
1751976392.43895,0.015893106,-0.031642572,0.060327363
1751976392.44095,0.015893106,-0.031642572,0.060327363
1751976392.44299,0.015893106,-0.031642572,0.060327363
1751976392.44494,0.015893106,-0.031642572,0.060327363
1751976392.44695,0.015893106,-0.031642572,0.060327363
1751976392.44893,0.016150226,-0.031632547,0.060368763
1751976392.45093,0.016150226,-0.031632547,0.060368763
1751976392.45294,0.016150226,-0.031632547,0.060368763
1751976392.45497,0.016150226,-0.031632547,0.060368763
1751976392.45697,0.016150226,-0.031632547,0.060368763
1751976392.45901,0.016150226,-0.031632547,0.060368763
1751976392.46096,0.016279637,-0.031706587,0.060517837
1751976392.46298,0.016279637,-0.031706587,0.060517837
1751976392.46495,0.016279637,-0.031706587,0.060517837
1751976392.46699,0.016279637,-0.031706587,0.060517837
1751976392.46895,0.016279637,-0.031706587,0.060517837
1751976392.47095,0.016279637,-0.031706587,0.060517837
1751976392.47296,0.016371987,-0.031822575,0.060502933
1751976392.47495,0.016371987,-0.031822575,0.060502933
1751976392.47697,0.016371987,-0.031822575,0.060502933
1751976392.47903,0.016371987,-0.031822575,0.060502933
1751976392.48099,0.016371987,-0.031822575,0.060502933
1751976392.48295,0.016596983,-0.031833557,0.060627169
1751976392.48498,0.016596983,-0.031833557,0.060627169
1751976392.48701,0.016596983,-0.031833557,0.060627169
1751976392.48895,0.016596983,-0.031833557,0.060627169
1751976392.49098,0.016596983,-0.031833557,0.060627169
1751976392.49299,0.016596983,-0.031833557,0.060627169
1751976392.49495,0.016706729,-0.031798217,0.060776752
1751976392.4969,0.016706729,-0.031798217,0.060776752
1751976392.49895,0.016706729,-0.031798217,0.060776752
1751976392.50096,0.016706729,-0.031798217,0.060776752
1751976392.50293,0.016706729,-0.031798217,0.060776752
1751976392.50495,0.016706729,-0.031798217,0.060776752
1751976392.50696,0.016829319,-0.031797248,0.060839973
1751976392.50895,0.016829319,-0.031797248,0.060839973
1751976392.51095,0.016829319,-0.031797248,0.060839973
1751976392.51296,0.016829319,-0.031797248,0.060839973
1751976392.51496,0.016829319,-0.031797248,0.060839973
1751976392.51693,0.016829319,-0.031797248,0.060839973
1751976392.51895,0.016919034,-0.031801103,0.060929616
1751976392.52098,0.016919034,-0.031801103,0.060929616
1751976392.52304,0.016919034,-0.031801103,0.060929616
1751976392.52501,0.016919034,-0.031801103,0.060929616
1751976392.52695,0.016919034,-0.031801103,0.060929616
1751976392.52897,0.016986593,-0.031834982,0.060884335
1751976392.53098,0.016986593,-0.031834982,0.060884335
1751976392.53295,0.016986593,-0.031834982,0.060884335
1751976392.53497,0.016986593,-0.031834982,0.060884335
1751976392.53693,0.016986593,-0.031834982,0.060884335
1751976392.53898,0.016986593,-0.031834982,0.060884335
1751976392.54094,0.01707868,-0.031912319,0.060872993
1751976392.54294,0.01707868,-0.031912319,0.060872993
1751976392.54493,0.01707868,-0.031912319,0.060872993
1751976392.54693,0.01707868,-0.031912319,0.060872993
1751976392.54895,0.01707868,-0.031912319,0.060872993
1751976392.55089,0.01707868,-0.031912319,0.060872993
1751976392.55294,0.017075699,-0.032006214,0.060918818
1751976392.55499,0.017075699,-0.032006214,0.060918818
1751976392.55694,0.017075699,-0.032006214,0.060918818
1751976392.55894,0.017075699,-0.032006214,0.060918818
1751976392.56096,0.017075699,-0.032006214,0.060918818
1751976392.56295,0.017067914,-0.032088451,0.060896078
1751976392.56498,0.017067914,-0.032088451,0.060896078
1751976392.56697,0.017067914,-0.032088451,0.060896078
1751976392.56895,0.017067914,-0.032088451,0.060896078
1751976392.57099,0.017067914,-0.032088451,0.060896078
1751976392.57296,0.017074362,-0.032119388,0.060969826
1751976392.57499,0.017074362,-0.032119388,0.060969826
1751976392.57692,0.017074362,-0.032119388,0.060969826
1751976392.57893,0.017074362,-0.032119388,0.060969826
1751976392.58094,0.017074362,-0.032119388,0.060969826
1751976392.58293,0.017074362,-0.032119388,0.060969826
1751976392.58493,0.016921823,-0.032079598,0.06088725
1751976392.58699,0.016921823,-0.032079598,0.06088725
1751976392.58895,0.016921823,-0.032079598,0.06088725
1751976392.59096,0.016921823,-0.032079598,0.06088725
1751976392.59296,0.016921823,-0.032079598,0.06088725
1751976392.59498,0.016792757,-0.032039686,0.060843515
1751976392.59693,0.016792757,-0.032039686,0.060843515
1751976392.5989,0.016792757,-0.032039686,0.060843515
1751976392.60095,0.016792757,-0.032039686,0.060843515
1751976392.60295,0.016792757,-0.032039686,0.060843515
1751976392.60495,0.016792757,-0.032039686,0.060843515
1751976392.60694,0.016766389,-0.03198343,0.060820813
1751976392.609,0.016766389,-0.03198343,0.060820813
1751976392.61095,0.016766389,-0.03198343,0.060820813
1751976392.61296,0.016766389,-0.03198343,0.060820813
1751976392.61496,0.016766389,-0.03198343,0.060820813
1751976392.61695,0.016766389,-0.03198343,0.060820813
1751976392.61897,0.016666939,-0.031937411,0.060841713
1751976392.62095,0.016666939,-0.031937411,0.060841713
1751976392.62295,0.016666939,-0.031937411,0.060841713
1751976392.62495,0.016666939,-0.031937411,0.060841713
1751976392.62695,0.016666939,-0.031937411,0.060841713
1751976392.62892,0.016519267,-0.031844649,0.060833679
1751976392.63096,0.016519267,-0.031844649,0.060833679
1751976392.63295,0.016519267,-0.031844649,0.060833679
1751976392.63502,0.016519267,-0.031844649,0.060833679
1751976392.63694,0.016519267,-0.031844649,0.060833679
1751976392.63893,0.016519267,-0.031844649,0.060833679
1751976392.64096,0.016370104,-0.031766027,0.060774402
1751976392.643,0.016370104,-0.031766027,0.060774402
1751976392.64496,0.016370104,-0.031766027,0.060774402
1751976392.64697,0.016370104,-0.031766027,0.060774402
1751976392.64904,0.016370104,-0.031766027,0.060774402
1751976392.651,0.016225431,-0.03176154,0.060779017
1751976392.65299,0.016225431,-0.03176154,0.060779017
1751976392.65495,0.016225431,-0.03176154,0.060779017
1751976392.65692,0.016225431,-0.03176154,0.060779017
1751976392.659,0.016225431,-0.03176154,0.060779017
1751976392.66099,0.01607383,-0.031678072,0.060689547
1751976392.66297,0.01607383,-0.031678072,0.060689547
1751976392.66496,0.01607383,-0.031678072,0.060689547
1751976392.66695,0.01607383,-0.031678072,0.060689547
1751976392.66898,0.01607383,-0.031678072,0.060689547
1751976392.67095,0.01607383,-0.031678072,0.060689547
1751976392.67295,0.01579188,-0.031582335,0.060626255
1751976392.67495,0.01579188,-0.031582335,0.060626255
1751976392.67696,0.01579188,-0.031582335,0.060626255
1751976392.67896,0.01579188,-0.031582335,0.060626255
1751976392.68095,0.01579188,-0.031582335,0.060626255
1751976392.68293,0.015524872,-0.031443619,0.060548605
1751976392.68495,0.015524872,-0.031443619,0.060548605
1751976392.68695,0.015524872,-0.031443619,0.060548605
1751976392.68903,0.015524872,-0.031443619,0.060548605
1751976392.69094,0.015524872,-0.031443619,0.060548605
1751976392.69294,0.015524872,-0.031443619,0.060548605
1751976392.69498,0.015351844,-0.031365142,0.060575256
1751976392.69696,0.015351844,-0.031365142,0.060575256
1751976392.69892,0.015351844,-0.031365142,0.060575256
1751976392.70099,0.015351844,-0.031365142,0.060575256
1751976392.70298,0.015351844,-0.031365142,0.060575256
1751976392.70494,0.015138596,-0.031279684,0.060528243
1751976392.70694,0.015138596,-0.031279684,0.060528243
1751976392.709,0.015138596,-0.031279684,0.060528243
1751976392.71095,0.015138596,-0.031279684,0.060528243
1751976392.71297,0.015138596,-0.031279684,0.060528243
1751976392.71496,0.015138596,-0.031279684,0.060528243
1751976392.71695,0.014882605,-0.031210017,0.060396782
1751976392.71896,0.014882605,-0.031210017,0.060396782
1751976392.72094,0.014882605,-0.031210017,0.060396782
1751976392.72299,0.014882605,-0.031210017,0.060396782
1751976392.72495,0.014882605,-0.031210017,0.060396782
1751976392.72694,0.014666441,-0.031050811,0.060374444
1751976392.72896,0.014666441,-0.031050811,0.060374444
1751976392.73094,0.014666441,-0.031050811,0.060374444
1751976392.73294,0.014666441,-0.031050811,0.060374444
1751976392.73495,0.014666441,-0.031050811,0.060374444
1751976392.73698,0.014666441,-0.031050811,0.060374444
1751976392.73896,0.014424217,-0.030870695,0.060273105
1751976392.74098,0.014424217,-0.030870695,0.060273105
1751976392.74306,0.014424217,-0.030870695,0.060273105
1751976392.74496,0.014424217,-0.030870695,0.060273105
1751976392.74697,0.014424217,-0.030870695,0.060273105
1751976392.74892,0.014130314,-0.030644771,0.060221703
1751976392.75095,0.014130314,-0.030644771,0.060221703
1751976392.75295,0.014130314,-0.030644771,0.060221703
1751976392.75497,0.014130314,-0.030644771,0.060221703
1751976392.75695,0.014130314,-0.030644771,0.060221703
1751976392.75895,0.014130314,-0.030644771,0.060221703
1751976392.76096,0.013868318,-0.030437431,0.060267924
1751976392.763,0.013868318,-0.030437431,0.060267924
1751976392.76492,0.013868318,-0.030437431,0.060267924
1751976392.76695,0.013868318,-0.030437431,0.060267924
1751976392.76896,0.013868318,-0.030437431,0.060267924
1751976392.77095,0.013868318,-0.030437431,0.060267924
1751976392.77294,0.013513799,-0.030144793,0.060162958
1751976392.77499,0.013513799,-0.030144793,0.060162958
1751976392.77703,0.013513799,-0.030144793,0.060162958
1751976392.77899,0.013513799,-0.030144793,0.060162958
1751976392.78102,0.013513799,-0.030144793,0.060162958
1751976392.78295,0.013292981,-0.029884377,0.060170209
1751976392.78496,0.013292981,-0.029884377,0.060170209
1751976392.78697,0.013292981,-0.029884377,0.060170209
1751976392.78901,0.013292981,-0.029884377,0.060170209
1751976392.79095,0.013292981,-0.029884377,0.060170209
1751976392.79296,0.013292981,-0.029884377,0.060170209
1751976392.79496,0.012961443,-0.029717633,0.060114875
1751976392.79696,0.012961443,-0.029717633,0.060114875
1751976392.79895,0.012961443,-0.029717633,0.060114875
1751976392.80095,0.012961443,-0.029717633,0.060114875
1751976392.80296,0.012961443,-0.029717633,0.060114875
1751976392.80495,0.012961443,-0.029717633,0.060114875
1751976392.80695,0.01269655,-0.029460388,0.06013749
1751976392.80897,0.01269655,-0.029460388,0.06013749
1751976392.81095,0.01269655,-0.029460388,0.06013749
1751976392.81293,0.01269655,-0.029460388,0.06013749
1751976392.81492,0.01269655,-0.029460388,0.06013749
1751976392.81693,0.01269655,-0.029460388,0.06013749
1751976392.81893,0.012221395,-0.029283041,0.060016152
1751976392.82093,0.012221395,-0.029283041,0.060016152
1751976392.82293,0.012221395,-0.029283041,0.060016152
1751976392.82496,0.012221395,-0.029283041,0.060016152
1751976392.82698,0.012221395,-0.029283041,0.060016152
1751976392.82903,0.011912862,-0.029093726,0.0599733
1751976392.83099,0.011912862,-0.029093726,0.0599733
1751976392.83297,0.011912862,-0.029093726,0.0599733
1751976392.83496,0.011912862,-0.029093726,0.0599733
1751976392.83697,0.011912862,-0.029093726,0.0599733
1751976392.83894,0.011639451,-0.028929624,0.059938342
1751976392.84095,0.011639451,-0.028929624,0.059938342
1751976392.84299,0.011639451,-0.028929624,0.059938342
1751976392.845,0.011639451,-0.028929624,0.059938342
1751976392.84694,0.011639451,-0.028929624,0.059938342
1751976392.84894,0.011639451,-0.028929624,0.059938342
1751976392.85095,0.011285513,-0.028650718,0.059908573
1751976392.85294,0.011285513,-0.028650718,0.059908573
1751976392.85493,0.011285513,-0.028650718,0.059908573
1751976392.85697,0.011285513,-0.028650718,0.059908573
1751976392.85894,0.011285513,-0.028650718,0.059908573
1751976392.86098,0.011285513,-0.028650718,0.059908573
1751976392.86298,0.010840418,-0.028424163,0.05980942
1751976392.86496,0.010840418,-0.028424163,0.05980942
1751976392.86696,0.010840418,-0.028424163,0.05980942
1751976392.86896,0.010840418,-0.028424163,0.05980942
1751976392.87101,0.010840418,-0.028424163,0.05980942
1751976392.87298,0.010520256,-0.028226281,0.059652483
1751976392.87499,0.010520256,-0.028226281,0.059652483
1751976392.87696,0.010520256,-0.028226281,0.059652483
1751976392.87897,0.010520256,-0.028226281,0.059652483
1751976392.88095,0.010520256,-0.028226281,0.059652483
1751976392.88295,0.010520256,-0.028226281,0.059652483
1751976392.8849,0.010240052,-0.028048197,0.059606788
1751976392.88695,0.010240052,-0.028048197,0.059606788
1751976392.88894,0.010240052,-0.028048197,0.059606788
1751976392.89091,0.010240052,-0.028048197,0.059606788
1751976392.893,0.010240052,-0.028048197,0.059606788
1751976392.89495,0.009949101,-0.02786874,0.05954486
1751976392.89694,0.009949101,-0.02786874,0.05954486
1751976392.89897,0.009949101,-0.02786874,0.05954486
1751976392.90095,0.009949101,-0.02786874,0.05954486
1751976392.90296,0.009949101,-0.02786874,0.05954486
1751976392.90502,0.009949101,-0.02786874,0.05954486
1751976392.90698,0.009521401,-0.027733826,0.059468162
1751976392.90897,0.009521401,-0.027733826,0.059468162
1751976392.91097,0.009521401,-0.027733826,0.059468162
1751976392.91297,0.009521401,-0.027733826,0.059468162
1751976392.91495,0.009521401,-0.027733826,0.059468162
1751976392.91696,0.009521401,-0.027733826,0.059468162
1751976392.91892,0.009087065,-0.027636959,0.059439425
1751976392.92096,0.009087065,-0.027636959,0.059439425
1751976392.92295,0.009087065,-0.027636959,0.059439425
1751976392.925,0.009087065,-0.027636959,0.059439425
1751976392.92694,0.009087065,-0.027636959,0.059439425
1751976392.92887,0.009087065,-0.027636959,0.059439425
1751976392.93093,0.00856952,-0.027432975,0.059405266
1751976392.93295,0.00856952,-0.027432975,0.059405266
1751976392.93494,0.00856952,-0.027432975,0.059405266
1751976392.93696,0.00856952,-0.027432975,0.059405266
1751976392.93899,0.00856952,-0.027432975,0.059405266
1751976392.94095,0.008220555,-0.027290688,0.05935018
1751976392.94294,0.008220555,-0.027290688,0.05935018
1751976392.94495,0.008220555,-0.027290688,0.05935018
1751976392.94693,0.008220555,-0.027290688,0.05935018
1751976392.94894,0.008220555,-0.027290688,0.05935018
1751976392.95095,0.008220555,-0.027290688,0.05935018
1751976392.95297,0.007976375,-0.02718705,0.05932582
1751976392.95499,0.007976375,-0.02718705,0.05932582
1751976392.95697,0.007976375,-0.02718705,0.05932582
1751976392.95899,0.007976375,-0.02718705,0.05932582
1751976392.96097,0.007976375,-0.02718705,0.05932582
1751976392.96295,0.007976375,-0.02718705,0.05932582
1751976392.96498,0.007651195,-0.026930017,0.059331502
1751976392.96697,0.007651195,-0.026930017,0.059331502
1751976392.969,0.007651195,-0.026930017,0.059331502
1751976392.97097,0.007651195,-0.026930017,0.059331502
1751976392.97298,0.007651195,-0.026930017,0.059331502
1751976392.97495,0.007278728,-0.02682797,0.059244063
1751976392.97695,0.007278728,-0.02682797,0.059244063
1751976392.97895,0.007278728,-0.02682797,0.059244063
1751976392.98096,0.007278728,-0.02682797,0.059244063
1751976392.98293,0.007278728,-0.02682797,0.059244063
1751976392.98496,0.007278728,-0.02682797,0.059244063
1751976392.98695,0.00690498,-0.026557564,0.059242596
1751976392.98894,0.00690498,-0.026557564,0.059242596
1751976392.99094,0.00690498,-0.026557564,0.059242596
1751976392.99297,0.00690498,-0.026557564,0.059242596
1751976392.99496,0.00690498,-0.026557564,0.059242596
1751976392.997,0.006584751,-0.026415071,0.059187088
1751976392.99898,0.006584751,-0.026415071,0.059187088
1751976393.00098,0.006584751,-0.026415071,0.059187088
1751976393.00306,0.006584751,-0.026415071,0.059187088
1751976393.00495,0.006584751,-0.026415071,0.059187088
1751976393.00697,0.006584751,-0.026415071,0.059187088
1751976393.00898,0.006046432,-0.02624599,0.05905596
1751976393.01095,0.006046432,-0.02624599,0.05905596
1751976393.01297,0.006046432,-0.02624599,0.05905596
1751976393.01492,0.006046432,-0.02624599,0.05905596
1751976393.01694,0.006046432,-0.02624599,0.05905596
1751976393.01892,0.006046432,-0.02624599,0.05905596
1751976393.02093,0.005669968,-0.026094361,0.05905648
1751976393.02293,0.005669968,-0.026094361,0.05905648
1751976393.02495,0.005669968,-0.026094361,0.05905648
1751976393.02693,0.005669968,-0.026094361,0.05905648
1751976393.02894,0.005669968,-0.026094361,0.05905648
1751976393.03094,0.005374997,-0.025980485,0.059028843
1751976393.03298,0.005374997,-0.025980485,0.059028843
1751976393.03495,0.005374997,-0.025980485,0.059028843
1751976393.03694,0.005374997,-0.025980485,0.059028843
1751976393.03901,0.005374997,-0.025980485,0.059028843
1751976393.04091,0.005168846,-0.025877433,0.059011788
1751976393.04296,0.005168846,-0.025877433,0.059011788
1751976393.04495,0.005168846,-0.025877433,0.059011788
1751976393.04696,0.005168846,-0.025877433,0.059011788
1751976393.04897,0.005168846,-0.025877433,0.059011788
1751976393.05087,0.005168846,-0.025877433,0.059011788
1751976393.05297,0.00473959,-0.025669045,0.058828029
1751976393.05495,0.00473959,-0.025669045,0.058828029
1751976393.05694,0.00473959,-0.025669045,0.058828029
1751976393.05893,0.00473959,-0.025669045,0.058828029
1751976393.06095,0.00473959,-0.025669045,0.058828029
1751976393.06294,0.004501215,-0.025498894,0.058792172
1751976393.06495,0.004501215,-0.025498894,0.058792172
1751976393.06699,0.004501215,-0.025498894,0.058792172
1751976393.06896,0.004501215,-0.025498894,0.058792172
1751976393.07093,0.004501215,-0.025498894,0.058792172
1751976393.07294,0.004501215,-0.025498894,0.058792172
1751976393.07494,0.004195355,-0.025309869,0.058741349
1751976393.07696,0.004195355,-0.025309869,0.058741349
1751976393.07895,0.004195355,-0.025309869,0.058741349
1751976393.08093,0.004195355,-0.025309869,0.058741349
1751976393.08293,0.004195355,-0.025309869,0.058741349
1751976393.08494,0.004195355,-0.025309869,0.058741349
1751976393.08693,0.003854524,-0.02509372,0.058719919
1751976393.0889,0.003854524,-0.02509372,0.058719919
1751976393.09095,0.003854524,-0.02509372,0.058719919
1751976393.09298,0.003854524,-0.02509372,0.058719919
1751976393.09498,0.003854524,-0.02509372,0.058719919
1751976393.09695,0.00362199,-0.024965111,0.058656675
1751976393.09894,0.00362199,-0.024965111,0.058656675
1751976393.10099,0.00362199,-0.024965111,0.058656675
1751976393.10294,0.00362199,-0.024965111,0.058656675
1751976393.10494,0.00362199,-0.024965111,0.058656675
1751976393.10691,0.00362199,-0.024965111,0.058656675
1751976393.10893,0.003326332,-0.024701561,0.058689761
1751976393.11094,0.003326332,-0.024701561,0.058689761
1751976393.11295,0.003326332,-0.024701561,0.058689761
1751976393.11494,0.003326332,-0.024701561,0.058689761
1751976393.11693,0.003326332,-0.024701561,0.058689761
1751976393.11894,0.003167884,-0.024509218,0.058676233
1751976393.12094,0.003167884,-0.024509218,0.058676233
1751976393.12289,0.003167884,-0.024509218,0.058676233
1751976393.12497,0.003167884,-0.024509218,0.058676233
1751976393.12697,0.003167884,-0.024509218,0.058676233
1751976393.12899,0.003004774,-0.024265192,0.058676628
1751976393.1311,0.003004774,-0.024265192,0.058676628
1751976393.13303,0.003004774,-0.024265192,0.058676628
1751976393.13495,0.003004774,-0.024265192,0.058676628
1751976393.1369,0.003004774,-0.024265192,0.058676628
1751976393.13893,0.003004774,-0.024265192,0.058676628
1751976393.14094,0.002776248,-0.023984207,0.058684271
1751976393.14301,0.002776248,-0.023984207,0.058684271
1751976393.14494,0.002776248,-0.023984207,0.058684271
1751976393.14693,0.002776248,-0.023984207,0.058684271
1751976393.14895,0.002776248,-0.023984207,0.058684271
1751976393.15094,0.002693337,-0.023824339,0.058624979
1751976393.15294,0.002693337,-0.023824339,0.058624979
1751976393.15493,0.002693337,-0.023824339,0.058624979
1751976393.15693,0.002693337,-0.023824339,0.058624979
1751976393.15893,0.002693337,-0.023824339,0.058624979
1751976393.16097,0.002693337,-0.023824339,0.058624979
1751976393.16297,0.002433019,-0.023627679,0.058611215
1751976393.16496,0.002433019,-0.023627679,0.058611215
1751976393.1669,0.002433019,-0.023627679,0.058611215
1751976393.16896,0.002433019,-0.023627679,0.058611215
1751976393.17096,0.002433019,-0.023627679,0.058611215
1751976393.17296,0.002433019,-0.023627679,0.058611215
1751976393.17495,0.002129957,-0.023503714,0.058654201
1751976393.17699,0.002129957,-0.023503714,0.058654201
1751976393.17896,0.002129957,-0.023503714,0.058654201
1751976393.18095,0.002129957,-0.023503714,0.058654201
1751976393.18299,0.002129957,-0.023503714,0.058654201
1751976393.18495,0.00194387,-0.023338743,0.058627917
1751976393.1869,0.00194387,-0.023338743,0.058627917
1751976393.18902,0.00194387,-0.023338743,0.058627917
1751976393.19095,0.00194387,-0.023338743,0.058627917
1751976393.19294,0.00194387,-0.023338743,0.058627917
1751976393.19495,0.00194387,-0.023338743,0.058627917
1751976393.19695,0.001779768,-0.023164068,0.058638197
1751976393.19895,0.001779768,-0.023164068,0.058638197
1751976393.20094,0.001779768,-0.023164068,0.058638197
1751976393.20299,0.001779768,-0.023164068,0.058638197
1751976393.20497,0.001779768,-0.023164068,0.058638197
1751976393.20693,0.001779768,-0.023164068,0.058638197
1751976393.2089,0.001565875,-0.02295476,0.058597363
1751976393.21095,0.001565875,-0.02295476,0.058597363
1751976393.21295,0.001565875,-0.02295476,0.058597363
1751976393.21496,0.001565875,-0.02295476,0.058597363
1751976393.21697,0.001565875,-0.02295476,0.058597363
1751976393.219,0.001187923,-0.022872083,0.058569921
1751976393.22096,0.001187923,-0.022872083,0.058569921
1751976393.22298,0.001187923,-0.022872083,0.058569921
1751976393.22497,0.001187923,-0.022872083,0.058569921
1751976393.227,0.001187923,-0.022872083,0.058569921
1751976393.22896,0.000997322,-0.022795766,0.058547818
1751976393.23097,0.000997322,-0.022795766,0.058547818
1751976393.23296,0.000997322,-0.022795766,0.058547818
1751976393.23495,0.000997322,-0.022795766,0.058547818
1751976393.23697,0.000997322,-0.022795766,0.058547818
1751976393.23893,0.000997322,-0.022795766,0.058547818
1751976393.24094,0.000770564,-0.022593867,0.058545505
1751976393.24298,0.000770564,-0.022593867,0.058545505
1751976393.24497,0.000770564,-0.022593867,0.058545505
1751976393.24696,0.000770564,-0.022593867,0.058545505
1751976393.24888,0.000770564,-0.022593867,0.058545505
1751976393.25094,0.000770564,-0.022593867,0.058545505
1751976393.25297,0.000584192,-0.022510383,0.058493205
1751976393.25499,0.000584192,-0.022510383,0.058493205
1751976393.257,0.000584192,-0.022510383,0.058493205
1751976393.25905,0.000584192,-0.022510383,0.058493205
1751976393.26098,0.000584192,-0.022510383,0.058493205
1751976393.26301,0.000469873,-0.022277591,0.058551464
1751976393.26498,0.000469873,-0.022277591,0.058551464
1751976393.26694,0.000469873,-0.022277591,0.058551464
1751976393.26901,0.000469873,-0.022277591,0.058551464
1751976393.27097,0.000469873,-0.022277591,0.058551464
1751976393.27297,0.000469873,-0.022277591,0.058551464
1751976393.27496,0.000255804,-0.021988789,0.058609457
1751976393.27689,0.000255804,-0.021988789,0.058609457
1751976393.27894,0.000255804,-0.021988789,0.058609457
1751976393.28093,0.000255804,-0.021988789,0.058609457
1751976393.28295,0.000255804,-0.021988789,0.058609457
1751976393.28494,0.000056837,-0.021891637,0.058616207
1751976393.28694,0.000056837,-0.021891637,0.058616207
1751976393.28896,0.000056837,-0.021891637,0.058616207
1751976393.29096,0.000056837,-0.021891637,0.058616207
1751976393.29294,0.000056837,-0.021891637,0.058616207
1751976393.29494,0.000056837,-0.021891637,0.058616207
1751976393.29695,-0.0001795,-0.021645851,0.0585905
1751976393.29897,-0.0001795,-0.021645851,0.0585905
1751976393.30099,-0.0001795,-0.021645851,0.0585905
1751976393.30298,-0.0001795,-0.021645851,0.0585905
1751976393.30496,-0.0001795,-0.021645851,0.0585905
1751976393.30696,-0.000302662,-0.021509146,0.058608992
1751976393.30897,-0.000302662,-0.021509146,0.058608992
1751976393.31098,-0.000302662,-0.021509146,0.058608992
1751976393.31296,-0.000302662,-0.021509146,0.058608992
1751976393.31496,-0.000302662,-0.021509146,0.058608992
1751976393.31693,-0.000508078,-0.021320438,0.058575564
1751976393.31897,-0.000508078,-0.021320438,0.058575564
1751976393.32093,-0.000508078,-0.021320438,0.058575564
1751976393.32295,-0.000508078,-0.021320438,0.058575564
1751976393.32496,-0.000508078,-0.021320438,0.058575564
1751976393.32695,-0.000508078,-0.021320438,0.058575564
1751976393.32894,-0.000637757,-0.021149162,0.058642279
1751976393.33093,-0.000637757,-0.021149162,0.058642279
1751976393.33298,-0.000637757,-0.021149162,0.058642279
1751976393.33494,-0.000637757,-0.021149162,0.058642279
1751976393.33696,-0.000637757,-0.021149162,0.058642279
1751976393.33895,-0.000821782,-0.020969412,0.058658787
1751976393.34094,-0.000821782,-0.020969412,0.058658787
1751976393.34297,-0.000821782,-0.020969412,0.058658787
1751976393.34499,-0.000821782,-0.020969412,0.058658787
1751976393.347,-0.000821782,-0.020969412,0.058658787
1751976393.34896,-0.000821782,-0.020969412,0.058658787
1751976393.35096,-0.001141748,-0.020769424,0.05875014
1751976393.35296,-0.001141748,-0.020769424,0.05875014
1751976393.35496,-0.001141748,-0.020769424,0.05875014
1751976393.35695,-0.001141748,-0.020769424,0.05875014
1751976393.35903,-0.001141748,-0.020769424,0.05875014
1751976393.36101,-0.001247135,-0.020666414,0.058722734
1751976393.36296,-0.001247135,-0.020666414,0.058722734
1751976393.36495,-0.001247135,-0.020666414,0.058722734
1751976393.36695,-0.001247135,-0.020666414,0.058722734
1751976393.36897,-0.001247135,-0.020666414,0.058722734
1751976393.37096,-0.001247135,-0.020666414,0.058722734
1751976393.37298,-0.001506789,-0.020711782,0.0587204
1751976393.37493,-0.001506789,-0.020711782,0.0587204
1751976393.37695,-0.001506789,-0.020711782,0.0587204
1751976393.37897,-0.001506789,-0.020711782,0.0587204
1751976393.38095,-0.001506789,-0.020711782,0.0587204
1751976393.383,-0.001506789,-0.020711782,0.0587204
1751976393.38509,-0.001927575,-0.020580108,0.058714392
1751976393.38704,-0.001927575,-0.020580108,0.058714392
1751976393.38897,-0.001927575,-0.020580108,0.058714392
1751976393.39099,-0.001927575,-0.020580108,0.058714392
1751976393.39301,-0.001927575,-0.020580108,0.058714392
1751976393.39495,-0.001927575,-0.020580108,0.058714392
1751976393.39694,-0.002068427,-0.020449107,0.058854002
1751976393.39893,-0.002068427,-0.020449107,0.058854002
1751976393.40094,-0.002068427,-0.020449107,0.058854002
1751976393.40294,-0.002068427,-0.020449107,0.058854002
1751976393.4049,-0.002068427,-0.020449107,0.058854002
1751976393.40695,-0.002068427,-0.020449107,0.058854002
1751976393.40895,-0.00245071,-0.020247385,0.058752353
1751976393.41097,-0.00245071,-0.020247385,0.058752353
1751976393.41295,-0.00245071,-0.020247385,0.058752353
1751976393.41498,-0.00245071,-0.020247385,0.058752353
1751976393.41695,-0.00245071,-0.020247385,0.058752353
1751976393.41896,-0.002588922,-0.020125329,0.058758966
1751976393.42097,-0.002588922,-0.020125329,0.058758966
1751976393.42296,-0.002588922,-0.020125329,0.058758966
1751976393.42494,-0.002588922,-0.020125329,0.058758966
1751976393.42696,-0.002588922,-0.020125329,0.058758966
1751976393.429,-0.002588922,-0.020125329,0.058758966
1751976393.43098,-0.002597162,-0.019885788,0.058841569
1751976393.43298,-0.002597162,-0.019885788,0.058841569
1751976393.43494,-0.002597162,-0.019885788,0.058841569
1751976393.43694,-0.002597162,-0.019885788,0.058841569
1751976393.43896,-0.002597162,-0.019885788,0.058841569
1751976393.44095,-0.002632357,-0.019699326,0.058839258
1751976393.44294,-0.002632357,-0.019699326,0.058839258
1751976393.44494,-0.002632357,-0.019699326,0.058839258
1751976393.44694,-0.002632357,-0.019699326,0.058839258
1751976393.44897,-0.002632357,-0.019699326,0.058839258
1751976393.45095,-0.002739356,-0.019601175,0.058852745
1751976393.45297,-0.002739356,-0.019601175,0.058852745
1751976393.45496,-0.002739356,-0.019601175,0.058852745
1751976393.45695,-0.002739356,-0.019601175,0.058852745
1751976393.45893,-0.002739356,-0.019601175,0.058852745
1751976393.46097,-0.002739356,-0.019601175,0.058852745
1751976393.46293,-0.00292036,-0.019326149,0.058860566
1751976393.46494,-0.00292036,-0.019326149,0.058860566
1751976393.467,-0.00292036,-0.019326149,0.058860566
1751976393.46893,-0.00292036,-0.019326149,0.058860566
1751976393.47095,-0.00292036,-0.019326149,0.058860566
1751976393.47295,-0.00292036,-0.019326149,0.058860566
1751976393.4749,-0.003217284,-0.019072145,0.058993791
1751976393.47702,-0.003217284,-0.019072145,0.058993791
1751976393.47896,-0.003217284,-0.019072145,0.058993791
1751976393.48098,-0.003217284,-0.019072145,0.058993791
1751976393.48293,-0.003217284,-0.019072145,0.058993791
1751976393.48497,-0.003217284,-0.019072145,0.058993791
1751976393.48696,-0.003466232,-0.018842017,0.059115153
1751976393.48892,-0.003466232,-0.018842017,0.059115153
1751976393.49094,-0.003466232,-0.018842017,0.059115153
1751976393.49296,-0.003466232,-0.018842017,0.059115153
1751976393.49494,-0.003466232,-0.018842017,0.059115153
1751976393.49693,-0.003466232,-0.018842017,0.059115153
1751976393.49894,-0.00359309,-0.018672154,0.059284556
1751976393.50093,-0.00359309,-0.018672154,0.059284556
1751976393.5029,-0.00359309,-0.018672154,0.059284556
1751976393.50493,-0.00359309,-0.018672154,0.059284556
1751976393.50702,-0.00359309,-0.018672154,0.059284556
1751976393.50896,-0.003770595,-0.018500194,0.059340423
1751976393.51101,-0.003770595,-0.018500194,0.059340423
1751976393.51297,-0.003770595,-0.018500194,0.059340423
1751976393.51498,-0.003770595,-0.018500194,0.059340423
1751976393.51697,-0.003770595,-0.018500194,0.059340423
1751976393.51898,-0.003770595,-0.018500194,0.059340423
1751976393.52095,-0.003960906,-0.018284337,0.059378919
1751976393.52295,-0.003960906,-0.018284337,0.059378919
1751976393.52493,-0.003960906,-0.018284337,0.059378919
1751976393.527,-0.003960906,-0.018284337,0.059378919
1751976393.52894,-0.003960906,-0.018284337,0.059378919
1751976393.53088,-0.003960906,-0.018284337,0.059378919
1751976393.53294,-0.004059008,-0.018066753,0.059464316
1751976393.53494,-0.004059008,-0.018066753,0.059464316
1751976393.53693,-0.004059008,-0.018066753,0.059464316
1751976393.53898,-0.004059008,-0.018066753,0.059464316
1751976393.54096,-0.004059008,-0.018066753,0.059464316
1751976393.54293,-0.004189519,-0.018016674,0.059450825
1751976393.54494,-0.004189519,-0.018016674,0.059450825
1751976393.54694,-0.004189519,-0.018016674,0.059450825
1751976393.54895,-0.004189519,-0.018016674,0.059450825
1751976393.55095,-0.004189519,-0.018016674,0.059450825
1751976393.55294,-0.00421389,-0.017950658,0.059487728
1751976393.55499,-0.00421389,-0.017950658,0.059487728
1751976393.55699,-0.00421389,-0.017950658,0.059487728
1751976393.55905,-0.00421389,-0.017950658,0.059487728
1751976393.56097,-0.00421389,-0.017950658,0.059487728
1751976393.56296,-0.004358877,-0.017866036,0.059505706
1751976393.56494,-0.004358877,-0.017866036,0.059505706
1751976393.56699,-0.004358877,-0.017866036,0.059505706
1751976393.56901,-0.004358877,-0.017866036,0.059505706
1751976393.57097,-0.004358877,-0.017866036,0.059505706
1751976393.57296,-0.004358877,-0.017866036,0.059505706
1751976393.57497,-0.004361762,-0.017883765,0.059588657
1751976393.57697,-0.004361762,-0.017883765,0.059588657
1751976393.57896,-0.004361762,-0.017883765,0.059588657
1751976393.5809,-0.004361762,-0.017883765,0.059588657
1751976393.58295,-0.004361762,-0.017883765,0.059588657
1751976393.58493,-0.004361762,-0.017883765,0.059588657
1751976393.58694,-0.004687368,-0.017716617,0.059588167
1751976393.58894,-0.004687368,-0.017716617,0.059588167
1751976393.59093,-0.004687368,-0.017716617,0.059588167
1751976393.59293,-0.004687368,-0.017716617,0.059588167
1751976393.59494,-0.004687368,-0.017716617,0.059588167
1751976393.59694,-0.004845375,-0.017598162,0.059670489
1751976393.59898,-0.004845375,-0.017598162,0.059670489
1751976393.60096,-0.004845375,-0.017598162,0.059670489
1751976393.60295,-0.004845375,-0.017598162,0.059670489
1751976393.605,-0.004845375,-0.017598162,0.059670489
1751976393.60699,-0.005122227,-0.017445317,0.059646303
1751976393.60903,-0.005122227,-0.017445317,0.059646303
1751976393.61095,-0.005122227,-0.017445317,0.059646303
1751976393.61296,-0.005122227,-0.017445317,0.059646303
1751976393.61494,-0.005122227,-0.017445317,0.059646303
1751976393.61694,-0.005122227,-0.017445317,0.059646303
1751976393.61892,-0.005289796,-0.017347727,0.059715391
1751976393.62093,-0.005289796,-0.017347727,0.059715391
1751976393.62294,-0.005289796,-0.017347727,0.059715391
1751976393.6249,-0.005289796,-0.017347727,0.059715391
1751976393.62695,-0.005289796,-0.017347727,0.059715391
1751976393.62895,-0.005421018,-0.017323117,0.059698741
1751976393.63094,-0.005421018,-0.017323117,0.059698741
1751976393.63294,-0.005421018,-0.017323117,0.059698741
1751976393.63499,-0.005421018,-0.017323117,0.059698741
1751976393.63696,-0.005421018,-0.017323117,0.059698741
1751976393.639,-0.005421018,-0.017323117,0.059698741
1751976393.64098,-0.00548732,-0.017220061,0.059837696
1751976393.64314,-0.00548732,-0.017220061,0.059837696
1751976393.64501,-0.00548732,-0.017220061,0.059837696
1751976393.64697,-0.00548732,-0.017220061,0.059837696
1751976393.64896,-0.00548732,-0.017220061,0.059837696
1751976393.65098,-0.00548732,-0.017220061,0.059837696
1751976393.65293,-0.005540562,-0.017030579,0.059944359
1751976393.65494,-0.005540562,-0.017030579,0.059944359
1751976393.65694,-0.005540562,-0.017030579,0.059944359
1751976393.65892,-0.005540562,-0.017030579,0.059944359
1751976393.66096,-0.005540562,-0.017030579,0.059944359
1751976393.66296,-0.005641026,-0.016833128,0.060007246
1751976393.66494,-0.005641026,-0.016833128,0.060007246
1751976393.66693,-0.005641026,-0.016833128,0.060007246
1751976393.66901,-0.005641026,-0.016833128,0.060007246
1751976393.67092,-0.005641026,-0.016833128,0.060007246
1751976393.67294,-0.005641026,-0.016833128,0.060007246
1751976393.67499,-0.005927449,-0.016604531,0.060002664
1751976393.67695,-0.005927449,-0.016604531,0.060002664
1751976393.67894,-0.005927449,-0.016604531,0.060002664
1751976393.68094,-0.005927449,-0.016604531,0.060002664
1751976393.68302,-0.005927449,-0.016604531,0.060002664
1751976393.68499,-0.005951677,-0.016470907,0.060126836
1751976393.68696,-0.005951677,-0.016470907,0.060126836
1751976393.68894,-0.005951677,-0.016470907,0.060126836
1751976393.69099,-0.005951677,-0.016470907,0.060126836
1751976393.69296,-0.005951677,-0.016470907,0.060126836
1751976393.69499,-0.005951677,-0.016470907,0.060126836
1751976393.69697,-0.006190711,-0.016447615,0.060123378
1751976393.69896,-0.006190711,-0.016447615,0.060123378
1751976393.70096,-0.006190711,-0.016447615,0.060123378
1751976393.703,-0.006190711,-0.016447615,0.060123378
1751976393.70497,-0.006190711,-0.016447615,0.060123378
1751976393.70699,-0.006190711,-0.016447615,0.060123378
1751976393.70895,-0.006357867,-0.01642703,0.060157605
1751976393.71096,-0.006357867,-0.01642703,0.060157605
1751976393.71293,-0.006357867,-0.01642703,0.060157605
1751976393.71493,-0.006357867,-0.01642703,0.060157605
1751976393.71697,-0.006357867,-0.01642703,0.060157605
1751976393.71896,-0.006458099,-0.016390346,0.060136052
1751976393.72093,-0.006458099,-0.016390346,0.060136052
1751976393.72287,-0.006458099,-0.016390346,0.060136052
1751976393.72496,-0.006458099,-0.016390346,0.060136052
1751976393.72696,-0.006458099,-0.016390346,0.060136052
1751976393.72897,-0.006458099,-0.016390346,0.060136052
1751976393.73098,-0.00663742,-0.016348668,0.060147889
1751976393.73298,-0.00663742,-0.016348668,0.060147889
1751976393.73499,-0.00663742,-0.016348668,0.060147889
1751976393.73697,-0.00663742,-0.016348668,0.060147889
1751976393.73896,-0.00663742,-0.016348668,0.060147889
1751976393.74093,-0.00663742,-0.016348668,0.060147889
1751976393.74295,-0.006796343,-0.016323392,0.060140435
1751976393.74496,-0.006796343,-0.016323392,0.060140435
1751976393.74696,-0.006796343,-0.016323392,0.060140435
1751976393.74897,-0.006796343,-0.016323392,0.060140435
1751976393.75104,-0.006796343,-0.016323392,0.060140435
1751976393.75294,-0.006846561,-0.016339614,0.060130883
1751976393.75494,-0.006846561,-0.016339614,0.060130883
1751976393.75693,-0.006846561,-0.016339614,0.060130883
1751976393.75895,-0.006846561,-0.016339614,0.060130883
1751976393.76097,-0.006846561,-0.016339614,0.060130883
1751976393.76299,-0.006846561,-0.016339614,0.060130883
1751976393.76496,-0.006768051,-0.016297656,0.060160544
1751976393.76695,-0.006768051,-0.016297656,0.060160544
1751976393.769,-0.006768051,-0.016297656,0.060160544
1751976393.77093,-0.006768051,-0.016297656,0.060160544
1751976393.773,-0.006768051,-0.016297656,0.060160544
1751976393.77499,-0.006789137,-0.016208426,0.060127273
1751976393.777,-0.006789137,-0.016208426,0.060127273
1751976393.77896,-0.006789137,-0.016208426,0.060127273
1751976393.78094,-0.006789137,-0.016208426,0.060127273
1751976393.78294,-0.006789137,-0.016208426,0.060127273
1751976393.78497,-0.006789137,-0.016208426,0.060127273
1751976393.78698,-0.006818785,-0.016077109,0.060162059
1751976393.78895,-0.006818785,-0.016077109,0.060162059
1751976393.79095,-0.006818785,-0.016077109,0.060162059
1751976393.79298,-0.006818785,-0.016077109,0.060162059
1751976393.79494,-0.006818785,-0.016077109,0.060162059
1751976393.79695,-0.006818785,-0.016077109,0.060162059
1751976393.79897,-0.006829704,-0.015921427,0.060171484
1751976393.80095,-0.006829704,-0.015921427,0.060171484
1751976393.8029,-0.006829704,-0.015921427,0.060171484
1751976393.80495,-0.006829704,-0.015921427,0.060171484
1751976393.80696,-0.006829704,-0.015921427,0.060171484
1751976393.80895,-0.006829704,-0.015921427,0.060171484
1751976393.81094,-0.006811899,-0.015830212,0.060174098
1751976393.81296,-0.006811899,-0.015830212,0.060174098
1751976393.81492,-0.006811899,-0.015830212,0.060174098
1751976393.81695,-0.006811899,-0.015830212,0.060174098
1751976393.81897,-0.006811899,-0.015830212,0.060174098
1751976393.82096,-0.006864041,-0.015786128,0.060174894
1751976393.82295,-0.006864041,-0.015786128,0.060174894
1751976393.82495,-0.006864041,-0.015786128,0.060174894
1751976393.82696,-0.006864041,-0.015786128,0.060174894
1751976393.82894,-0.006864041,-0.015786128,0.060174894
1751976393.83093,-0.006864041,-0.015786128,0.060174894
1751976393.83298,-0.006906519,-0.015755012,0.060198391
1751976393.83497,-0.006906519,-0.015755012,0.060198391
1751976393.83694,-0.006906519,-0.015755012,0.060198391
1751976393.83896,-0.006906519,-0.015755012,0.060198391
1751976393.84101,-0.006906519,-0.015755012,0.060198391
1751976393.84296,-0.006860974,-0.015680382,0.060254693
1751976393.84495,-0.006860974,-0.015680382,0.060254693
1751976393.847,-0.006860974,-0.015680382,0.060254693
1751976393.84894,-0.006860974,-0.015680382,0.060254693
1751976393.85094,-0.006860974,-0.015680382,0.060254693
1751976393.85295,-0.006860974,-0.015680382,0.060254693
1751976393.85498,-0.006984613,-0.015552999,0.060229016
1751976393.85695,-0.006984613,-0.015552999,0.060229016
1751976393.85896,-0.006984613,-0.015552999,0.060229016
1751976393.86104,-0.006984613,-0.015552999,0.060229016
1751976393.86299,-0.006984613,-0.015552999,0.060229016
1751976393.86499,-0.006983632,-0.015523571,0.060302715
1751976393.86699,-0.006983632,-0.015523571,0.060302715
1751976393.869,-0.006983632,-0.015523571,0.060302715
1751976393.87096,-0.006983632,-0.015523571,0.060302715
1751976393.87294,-0.006983632,-0.015523571,0.060302715
1751976393.87498,-0.006983632,-0.015523571,0.060302715
1751976393.87693,-0.007053316,-0.015538985,0.060233715
1751976393.87899,-0.007053316,-0.015538985,0.060233715
1751976393.88095,-0.007053316,-0.015538985,0.060233715
1751976393.88294,-0.007053316,-0.015538985,0.060233715
1751976393.88494,-0.007053316,-0.015538985,0.060233715
1751976393.887,-0.007053316,-0.015538985,0.060233715
1751976393.8889,-0.007041848,-0.015604843,0.060270896
1751976393.89094,-0.007041848,-0.015604843,0.060270896
1751976393.89299,-0.007041848,-0.015604843,0.060270896
1751976393.89495,-0.007041848,-0.015604843,0.060270896
1751976393.89697,-0.007041848,-0.015604843,0.060270896
1751976393.89901,-0.007100009,-0.015657735,0.060247685
1751976393.90095,-0.007100009,-0.015657735,0.060247685
1751976393.90296,-0.007100009,-0.015657735,0.060247685
1751976393.90502,-0.007100009,-0.015657735,0.060247685
1751976393.90692,-0.007100009,-0.015657735,0.060247685
1751976393.90897,-0.007100009,-0.015657735,0.060247685
1751976393.91094,-0.007093279,-0.015623766,0.060286552
1751976393.91301,-0.007093279,-0.015623766,0.060286552
1751976393.91494,-0.007093279,-0.015623766,0.060286552
1751976393.91694,-0.007093279,-0.015623766,0.060286552
1751976393.91899,-0.007093279,-0.015623766,0.060286552
1751976393.92094,-0.00717846,-0.015603449,0.06020512
1751976393.92292,-0.00717846,-0.015603449,0.06020512
1751976393.92495,-0.00717846,-0.015603449,0.06020512
1751976393.92695,-0.00717846,-0.015603449,0.06020512
1751976393.92893,-0.00717846,-0.015603449,0.06020512
1751976393.93096,-0.00717846,-0.015603449,0.06020512
1751976393.93297,-0.007290951,-0.015560602,0.060226952
1751976393.935,-0.007290951,-0.015560602,0.060226952
1751976393.93694,-0.007290951,-0.015560602,0.060226952
1751976393.93892,-0.007290951,-0.015560602,0.060226952
1751976393.941,-0.007290951,-0.015560602,0.060226952
1751976393.94295,-0.007339535,-0.015578699,0.060189898
1751976393.94495,-0.007339535,-0.015578699,0.060189898
1751976393.94695,-0.007339535,-0.015578699,0.060189898
1751976393.94895,-0.007339535,-0.015578699,0.060189898
1751976393.95097,-0.007339535,-0.015578699,0.060189898
1751976393.9529,-0.007356158,-0.015580619,0.060180736
1751976393.95497,-0.007356158,-0.015580619,0.060180736
1751976393.95693,-0.007356158,-0.015580619,0.060180736
1751976393.95893,-0.007356158,-0.015580619,0.060180736
1751976393.96099,-0.007356158,-0.015580619,0.060180736
1751976393.96296,-0.007356158,-0.015580619,0.060180736
1751976393.96496,-0.007311845,-0.015565109,0.060187337
1751976393.96693,-0.007311845,-0.015565109,0.060187337
1751976393.96892,-0.007311845,-0.015565109,0.060187337
1751976393.97095,-0.007311845,-0.015565109,0.060187337
1751976393.97294,-0.007311845,-0.015565109,0.060187337
1751976393.97489,-0.007311845,-0.015565109,0.060187337
1751976393.97693,-0.00726051,-0.015532528,0.060201277
1751976393.97892,-0.00726051,-0.015532528,0.060201277
1751976393.98096,-0.00726051,-0.015532528,0.060201277
1751976393.98294,-0.00726051,-0.015532528,0.060201277
1751976393.98497,-0.00726051,-0.015532528,0.060201277
1751976393.98695,-0.007274586,-0.01551884,0.060183722
1751976393.98895,-0.007274586,-0.01551884,0.060183722
1751976393.99097,-0.007274586,-0.01551884,0.060183722
1751976393.99297,-0.007274586,-0.01551884,0.060183722
1751976393.99501,-0.007274586,-0.01551884,0.060183722
1751976393.99697,-0.007244708,-0.015503471,0.060248577
1751976393.99895,-0.007244708,-0.015503471,0.060248577
1751976394.00095,-0.007244708,-0.015503471,0.060248577
1751976394.00293,-0.007244708,-0.015503471,0.060248577
1751976394.00495,-0.007244708,-0.015503471,0.060248577
1751976394.0069,-0.007244708,-0.015503471,0.060248577
1751976394.00897,-0.007301692,-0.015534785,0.060222365
1751976394.01093,-0.007301692,-0.015534785,0.060222365
1751976394.01295,-0.007301692,-0.015534785,0.060222365
1751976394.01494,-0.007301692,-0.015534785,0.060222365
1751976394.01693,-0.007301692,-0.015534785,0.060222365
1751976394.01895,-0.00729696,-0.015599714,0.060215745
1751976394.02096,-0.00729696,-0.015599714,0.060215745
1751976394.02294,-0.00729696,-0.015599714,0.060215745
1751976394.02497,-0.00729696,-0.015599714,0.060215745
1751976394.02705,-0.00729696,-0.015599714,0.060215745
1751976394.02901,-0.007289915,-0.015673485,0.060212508
1751976394.03091,-0.007289915,-0.015673485,0.060212508
1751976394.03299,-0.007289915,-0.015673485,0.060212508
1751976394.03502,-0.007289915,-0.015673485,0.060212508
1751976394.03696,-0.007289915,-0.015673485,0.060212508
1751976394.03895,-0.007289915,-0.015673485,0.060212508
1751976394.04095,-0.007199348,-0.015693634,0.060214846
1751976394.04295,-0.007199348,-0.015693634,0.060214846
1751976394.04495,-0.007199348,-0.015693634,0.060214846
1751976394.04695,-0.007199348,-0.015693634,0.060214846
1751976394.04894,-0.007199348,-0.015693634,0.060214846
1751976394.05088,-0.007300758,-0.01566072,0.060248821
1751976394.05294,-0.007300758,-0.01566072,0.060248821
1751976394.05497,-0.007300758,-0.01566072,0.060248821
1751976394.057,-0.007300758,-0.01566072,0.060248821
1751976394.05896,-0.007300758,-0.01566072,0.060248821
1751976394.06099,-0.007306065,-0.015691537,0.060212813
1751976394.06298,-0.007306065,-0.015691537,0.060212813
1751976394.06495,-0.007306065,-0.015691537,0.060212813
1751976394.06695,-0.007306065,-0.015691537,0.060212813
1751976394.069,-0.007306065,-0.015691537,0.060212813
1751976394.07096,-0.007276752,-0.015737249,0.060213081
1751976394.07297,-0.007276752,-0.015737249,0.060213081
1751976394.07496,-0.007276752,-0.015737249,0.060213081
1751976394.07695,-0.007276752,-0.015737249,0.060213081
1751976394.07895,-0.007276752,-0.015737249,0.060213081
1751976394.08095,-0.007276752,-0.015737249,0.060213081
1751976394.08294,-0.007339901,-0.015782036,0.060198196
1751976394.08493,-0.007339901,-0.015782036,0.060198196
1751976394.08693,-0.007339901,-0.015782036,0.060198196
1751976394.08899,-0.007339901,-0.015782036,0.060198196
1751976394.09095,-0.007339901,-0.015782036,0.060198196
1751976394.09295,-0.007339901,-0.015782036,0.060198196
1751976394.09494,-0.007334916,-0.01583047,0.060250678
1751976394.09694,-0.007334916,-0.01583047,0.060250678
1751976394.09893,-0.007334916,-0.01583047,0.060250678
1751976394.10093,-0.007334916,-0.01583047,0.060250678
1751976394.10302,-0.007334916,-0.01583047,0.060250678
1751976394.10493,-0.007276956,-0.015803448,0.060291304
1751976394.10692,-0.007276956,-0.015803448,0.060291304
1751976394.10894,-0.007276956,-0.015803448,0.060291304
1751976394.11097,-0.007276956,-0.015803448,0.060291304
1751976394.11295,-0.007276956,-0.015803448,0.060291304
1751976394.11496,-0.007276956,-0.015803448,0.060291304
1751976394.1169,-0.007353812,-0.01576647,0.060219352
1751976394.11895,-0.007353812,-0.01576647,0.060219352
1751976394.12095,-0.007353812,-0.01576647,0.060219352
1751976394.12308,-0.007353812,-0.01576647,0.060219352
1751976394.12493,-0.007353812,-0.01576647,0.060219352
1751976394.12695,-0.007353812,-0.01576647,0.060219352
1751976394.12894,-0.007337028,-0.01571741,0.060236085
1751976394.13098,-0.007337028,-0.01571741,0.060236085
1751976394.13296,-0.007337028,-0.01571741,0.060236085
1751976394.13493,-0.007337028,-0.01571741,0.060236085
1751976394.13693,-0.007337028,-0.01571741,0.060236085
1751976394.13893,-0.007337028,-0.01571741,0.060236085
1751976394.14094,-0.007379284,-0.015757166,0.060199421
1751976394.14298,-0.007379284,-0.015757166,0.060199421
1751976394.14497,-0.007379284,-0.015757166,0.060199421
1751976394.14695,-0.007379284,-0.015757166,0.060199421
1751976394.14897,-0.007379284,-0.015757166,0.060199421
1751976394.15096,-0.007319509,-0.015785644,0.060180521
1751976394.15299,-0.007319509,-0.015785644,0.060180521
1751976394.15498,-0.007319509,-0.015785644,0.060180521
1751976394.15693,-0.007319509,-0.015785644,0.060180521
1751976394.15901,-0.007319509,-0.015785644,0.060180521
1751976394.16101,-0.007319509,-0.015785644,0.060180521
1751976394.16299,-0.007306742,-0.015763064,0.060186976
1751976394.16496,-0.007306742,-0.015763064,0.060186976
1751976394.16694,-0.007306742,-0.015763064,0.060186976
1751976394.16896,-0.007306742,-0.015763064,0.060186976
1751976394.17095,-0.007306742,-0.015763064,0.060186976
1751976394.17294,-0.007242037,-0.015748833,0.060249054
1751976394.17494,-0.007242037,-0.015748833,0.060249054
1751976394.17693,-0.007242037,-0.015748833,0.060249054
1751976394.17895,-0.007242037,-0.015748833,0.060249054
1751976394.18093,-0.007242037,-0.015748833,0.060249054
1751976394.18297,-0.007242037,-0.015748833,0.060249054
1751976394.18497,-0.007303923,-0.015643144,0.060220277
1751976394.18696,-0.007303923,-0.015643144,0.060220277
1751976394.18893,-0.007303923,-0.015643144,0.060220277
1751976394.19093,-0.007303923,-0.015643144,0.060220277
1751976394.19293,-0.007303923,-0.015643144,0.060220277
1751976394.19495,-0.007303923,-0.015643144,0.060220277
1751976394.19695,-0.007259856,-0.015549488,0.060242483
1751976394.19899,-0.007259856,-0.015549488,0.060242483
1751976394.20096,-0.007259856,-0.015549488,0.060242483
1751976394.20298,-0.007259856,-0.015549488,0.060242483
1751976394.20498,-0.007259856,-0.015549488,0.060242483
1751976394.20695,-0.007259856,-0.015549488,0.060242483
1751976394.20889,-0.007229669,-0.015561284,0.060277844
1751976394.21096,-0.007229669,-0.015561284,0.060277844
1751976394.21294,-0.007229669,-0.015561284,0.060277844
1751976394.21494,-0.007229669,-0.015561284,0.060277844
1751976394.21696,-0.007229669,-0.015561284,0.060277844
1751976394.21895,-0.007307923,-0.015670688,0.060224576
1751976394.22097,-0.007307923,-0.015670688,0.060224576
1751976394.22298,-0.007307923,-0.015670688,0.060224576
1751976394.22494,-0.007307923,-0.015670688,0.060224576
1751976394.22695,-0.007307923,-0.015670688,0.060224576
1751976394.22895,-0.007307923,-0.015670688,0.060224576
1751976394.23096,-0.007286893,-0.015742637,0.0602097
1751976394.23295,-0.007286893,-0.015742637,0.0602097
1751976394.23493,-0.007286893,-0.015742637,0.0602097
1751976394.23694,-0.007286893,-0.015742637,0.0602097
1751976394.23899,-0.007286893,-0.015742637,0.0602097
1751976394.24095,-0.007307482,-0.01578019,0.060236681
1751976394.24299,-0.007307482,-0.01578019,0.060236681
1751976394.2449,-0.007307482,-0.01578019,0.060236681
1751976394.24697,-0.007307482,-0.01578019,0.060236681
1751976394.249,-0.007307482,-0.01578019,0.060236681
1751976394.25104,-0.007307482,-0.01578019,0.060236681
1751976394.25295,-0.007285559,-0.015761192,0.060227402
1751976394.25493,-0.007285559,-0.015761192,0.060227402
1751976394.25699,-0.007285559,-0.015761192,0.060227402
1751976394.25898,-0.007285559,-0.015761192,0.060227402
1751976394.261,-0.007285559,-0.015761192,0.060227402
1751976394.26298,-0.007340326,-0.015797386,0.060187368
1751976394.26495,-0.007340326,-0.015797386,0.060187368
1751976394.26694,-0.007340326,-0.015797386,0.060187368
1751976394.26893,-0.007340326,-0.015797386,0.060187368
1751976394.27097,-0.007340326,-0.015797386,0.060187368
1751976394.27294,-0.007340326,-0.015797386,0.060187368
1751976394.27493,-0.00733541,-0.015785479,0.06019182
1751976394.27697,-0.00733541,-0.015785479,0.06019182
1751976394.27895,-0.00733541,-0.015785479,0.06019182
1751976394.28094,-0.00733541,-0.015785479,0.06019182
1751976394.28298,-0.00733541,-0.015785479,0.06019182
1751976394.28502,-0.007329228,-0.015851267,0.060177505
1751976394.28699,-0.007329228,-0.015851267,0.060177505
1751976394.289,-0.007329228,-0.015851267,0.060177505
1751976394.29096,-0.007329228,-0.015851267,0.060177505
1751976394.29304,-0.007329228,-0.015851267,0.060177505
1751976394.29496,-0.007257475,-0.015855763,0.060187962
1751976394.29696,-0.007257475,-0.015855763,0.060187962
1751976394.29899,-0.007257475,-0.015855763,0.060187962
1751976394.30097,-0.007257475,-0.015855763,0.060187962
1751976394.30296,-0.007257475,-0.015855763,0.060187962
1751976394.30495,-0.007257475,-0.015855763,0.060187962
1751976394.30695,-0.007262856,-0.015876015,0.060214625
1751976394.30896,-0.007262856,-0.015876015,0.060214625
1751976394.31096,-0.007262856,-0.015876015,0.060214625
1751976394.31298,-0.007262856,-0.015876015,0.060214625
1751976394.31498,-0.007262856,-0.015876015,0.060214625
1751976394.31695,-0.00727472,-0.015823638,0.060216069
1751976394.31898,-0.00727472,-0.015823638,0.060216069
1751976394.32096,-0.00727472,-0.015823638,0.060216069
1751976394.32298,-0.00727472,-0.015823638,0.060216069
1751976394.32494,-0.00727472,-0.015823638,0.060216069
1751976394.32697,-0.00727472,-0.015823638,0.060216069
1751976394.32899,-0.007289188,-0.015840385,0.060182096
1751976394.331,-0.007289188,-0.015840385,0.060182096
1751976394.33298,-0.007289188,-0.015840385,0.060182096
1751976394.335,-0.007289188,-0.015840385,0.060182096
1751976394.33696,-0.007289188,-0.015840385,0.060182096
1751976394.33896,-0.007289188,-0.015840385,0.060182096
1751976394.34096,-0.007175714,-0.01585422,0.060226406
1751976394.34296,-0.007175714,-0.01585422,0.060226406
1751976394.34495,-0.007175714,-0.01585422,0.060226406
1751976394.34701,-0.007175714,-0.01585422,0.060226406
1751976394.34895,-0.007175714,-0.01585422,0.060226406
1751976394.35094,-0.007175714,-0.01585422,0.060226406
1751976394.35302,-0.007168028,-0.015833731,0.06020133
1751976394.35496,-0.007168028,-0.015833731,0.06020133
1751976394.35695,-0.007168028,-0.015833731,0.06020133
1751976394.35894,-0.007168028,-0.015833731,0.06020133
1751976394.36097,-0.007168028,-0.015833731,0.06020133
1751976394.36295,-0.007112085,-0.015834094,0.060201538
1751976394.36494,-0.007112085,-0.015834094,0.060201538
1751976394.36694,-0.007112085,-0.015834094,0.060201538
1751976394.36895,-0.007112085,-0.015834094,0.060201538
1751976394.37097,-0.007112085,-0.015834094,0.060201538
1751976394.37296,-0.007112085,-0.015834094,0.060201538
1751976394.37496,-0.007044049,-0.015767349,0.060247018
1751976394.37695,-0.007044049,-0.015767349,0.060247018
1751976394.37901,-0.007044049,-0.015767349,0.060247018
1751976394.381,-0.007044049,-0.015767349,0.060247018
1751976394.38295,-0.007044049,-0.015767349,0.060247018
1751976394.38494,-0.007123888,-0.015775191,0.060209763
1751976394.38697,-0.007123888,-0.015775191,0.060209763
1751976394.38897,-0.007123888,-0.015775191,0.060209763
1751976394.39094,-0.007123888,-0.015775191,0.060209763
1751976394.39294,-0.007123888,-0.015775191,0.060209763
1751976394.39497,-0.007123888,-0.015775191,0.060209763
1751976394.39692,-0.007108928,-0.015789831,0.060201769
1751976394.39894,-0.007108928,-0.015789831,0.060201769
1751976394.401,-0.007108928,-0.015789831,0.060201769
1751976394.40294,-0.007108928,-0.015789831,0.060201769
1751976394.40495,-0.007108928,-0.015789831,0.060201769
1751976394.40696,-0.007105057,-0.015820494,0.060206513
1751976394.40897,-0.007105057,-0.015820494,0.060206513
1751976394.41103,-0.007105057,-0.015820494,0.060206513
1751976394.41299,-0.007105057,-0.015820494,0.060206513
1751976394.41499,-0.007105057,-0.015820494,0.060206513
1751976394.41696,-0.007105057,-0.015820494,0.060206513
1751976394.41896,-0.007206315,-0.015948824,0.060178366
1751976394.42096,-0.007206315,-0.015948824,0.060178366
1751976394.42297,-0.007206315,-0.015948824,0.060178366
1751976394.42495,-0.007206315,-0.015948824,0.060178366
1751976394.4269,-0.007206315,-0.015948824,0.060178366
1751976394.42895,-0.007206315,-0.015948824,0.060178366
1751976394.43092,-0.007159434,-0.015930574,0.060181287
1751976394.43301,-0.007159434,-0.015930574,0.060181287
1751976394.43493,-0.007159434,-0.015930574,0.060181287
1751976394.43695,-0.007159434,-0.015930574,0.060181287
1751976394.43895,-0.007159434,-0.015930574,0.060181287
1751976394.44094,-0.007159434,-0.015930574,0.060181287
1751976394.443,-0.007063087,-0.015981935,0.06021225
1751976394.44497,-0.007063087,-0.015981935,0.06021225
1751976394.44696,-0.007063087,-0.015981935,0.06021225
1751976394.44903,-0.007063087,-0.015981935,0.06021225
1751976394.45093,-0.007063087,-0.015981935,0.06021225
1751976394.45295,-0.007063087,-0.015981935,0.06021225
1751976394.45494,-0.007105756,-0.015978219,0.060178779
1751976394.45696,-0.007105756,-0.015978219,0.060178779
1751976394.45891,-0.007105756,-0.015978219,0.060178779
1751976394.46102,-0.007105756,-0.015978219,0.060178779
1751976394.46299,-0.007105756,-0.015978219,0.060178779
1751976394.46499,-0.007105756,-0.015978219,0.060178779
1751976394.46697,-0.007174166,-0.015944817,0.060183222
1751976394.46895,-0.007174166,-0.015944817,0.060183222
1751976394.47095,-0.007174166,-0.015944817,0.060183222
1751976394.473,-0.007174166,-0.015944817,0.060183222
1751976394.47497,-0.007174166,-0.015944817,0.060183222
1751976394.47696,-0.007174166,-0.015944817,0.060183222
1751976394.47895,-0.007038684,-0.01597483,0.060244529
1751976394.48094,-0.007038684,-0.01597483,0.060244529
1751976394.483,-0.007038684,-0.01597483,0.060244529
1751976394.48496,-0.007038684,-0.01597483,0.060244529
1751976394.48699,-0.007038684,-0.01597483,0.060244529
1751976394.48894,-0.007060976,-0.01593988,0.060190679
1751976394.49095,-0.007060976,-0.01593988,0.060190679
1751976394.49293,-0.007060976,-0.01593988,0.060190679
1751976394.49493,-0.007060976,-0.01593988,0.060190679
1751976394.49693,-0.007060976,-0.01593988,0.060190679
1751976394.49896,-0.007060976,-0.01593988,0.060190679
1751976394.50097,-0.007006938,-0.015909649,0.060217195
1751976394.50299,-0.007006938,-0.015909649,0.060217195
1751976394.50499,-0.007006938,-0.015909649,0.060217195
1751976394.50705,-0.007006938,-0.015909649,0.060217195
1751976394.50896,-0.007006938,-0.015909649,0.060217195
1751976394.51095,-0.007006938,-0.015909649,0.060217195
1751976394.51295,-0.006975065,-0.015837333,0.060241791
1751976394.51499,-0.006975065,-0.015837333,0.060241791
1751976394.51697,-0.006975065,-0.015837333,0.060241791
1751976394.5189,-0.006975065,-0.015837333,0.060241791
1751976394.52096,-0.006975065,-0.015837333,0.060241791
1751976394.52293,-0.006983644,-0.015829842,0.060223158
1751976394.52495,-0.006983644,-0.015829842,0.060223158
1751976394.52696,-0.006983644,-0.015829842,0.060223158
1751976394.52894,-0.006983644,-0.015829842,0.060223158
1751976394.53087,-0.006983644,-0.015829842,0.060223158
1751976394.53295,-0.006983644,-0.015829842,0.060223158
1751976394.53495,-0.007059669,-0.015805546,0.060183363
1751976394.53695,-0.007059669,-0.015805546,0.060183363
1751976394.53894,-0.007059669,-0.015805546,0.060183363
1751976394.54095,-0.007059669,-0.015805546,0.060183363
1751976394.54293,-0.007059669,-0.015805546,0.060183363
1751976394.54494,-0.007059669,-0.015805546,0.060183363
1751976394.54697,-0.006943474,-0.015801461,0.060282955
1751976394.5489,-0.006943474,-0.015801461,0.060282955
1751976394.55094,-0.006943474,-0.015801461,0.060282955
1751976394.55296,-0.006943474,-0.015801461,0.060282955
1751976394.55495,-0.006943474,-0.015801461,0.060282955
1751976394.55696,-0.006982177,-0.015854371,0.060226781
1751976394.55895,-0.006982177,-0.015854371,0.060226781
1751976394.56097,-0.006982177,-0.015854371,0.060226781
1751976394.56297,-0.006982177,-0.015854371,0.060226781
1751976394.56493,-0.006982177,-0.015854371,0.060226781
1751976394.56696,-0.006982177,-0.015854371,0.060226781
1751976394.56891,-0.007026156,-0.015866594,0.06018318
1751976394.57095,-0.007026156,-0.015866594,0.06018318
1751976394.57293,-0.007026156,-0.015866594,0.06018318
1751976394.57496,-0.007026156,-0.015866594,0.06018318
1751976394.57694,-0.007026156,-0.015866594,0.06018318
1751976394.57893,-0.007026156,-0.015866594,0.06018318
1751976394.58097,-0.006967382,-0.015885415,0.060277894
1751976394.58298,-0.006967382,-0.015885415,0.060277894
1751976394.58494,-0.006967382,-0.015885415,0.060277894
1751976394.58694,-0.006967382,-0.015885415,0.060277894
1751976394.58896,-0.006967382,-0.015885415,0.060277894
1751976394.59095,-0.006976227,-0.015930375,0.060227514
1751976394.59298,-0.006976227,-0.015930375,0.060227514
1751976394.59494,-0.006976227,-0.015930375,0.060227514
1751976394.59697,-0.006976227,-0.015930375,0.060227514
1751976394.59894,-0.006976227,-0.015930375,0.060227514
1751976394.60096,-0.007077247,-0.01596601,0.0601856
1751976394.60296,-0.007077247,-0.01596601,0.0601856
1751976394.60495,-0.007077247,-0.01596601,0.0601856
1751976394.60693,-0.007077247,-0.01596601,0.0601856
1751976394.60901,-0.007077247,-0.01596601,0.0601856
1751976394.61097,-0.007079587,-0.016029594,0.060209371
1751976394.61293,-0.007079587,-0.016029594,0.060209371
1751976394.61493,-0.007079587,-0.016029594,0.060209371
1751976394.61698,-0.007079587,-0.016029594,0.060209371
1751976394.61893,-0.007079587,-0.016029594,0.060209371
1751976394.62093,-0.007079587,-0.016029594,0.060209371
1751976394.62296,-0.007043752,-0.016025301,0.060225936
1751976394.62494,-0.007043752,-0.016025301,0.060225936
1751976394.62692,-0.007043752,-0.016025301,0.060225936
1751976394.62901,-0.007043752,-0.016025301,0.060225936
1751976394.63097,-0.007043752,-0.016025301,0.060225936
1751976394.63297,-0.007002567,-0.016014342,0.060262699
1751976394.63497,-0.007002567,-0.016014342,0.060262699
1751976394.63699,-0.007002567,-0.016014342,0.060262699
1751976394.63895,-0.007002567,-0.016014342,0.060262699
1751976394.64094,-0.007002567,-0.016014342,0.060262699
1751976394.64302,-0.007002567,-0.016014342,0.060262699
1751976394.64497,-0.007040744,-0.016021948,0.060229281
1751976394.64694,-0.007040744,-0.016021948,0.060229281
1751976394.64895,-0.007040744,-0.016021948,0.060229281
1751976394.65094,-0.007040744,-0.016021948,0.060229281
1751976394.65295,-0.007040744,-0.016021948,0.060229281
1751976394.65495,-0.007040744,-0.016021948,0.060229281
1751976394.65694,-0.007051472,-0.016028969,0.060202141
1751976394.65891,-0.007051472,-0.016028969,0.060202141
1751976394.66098,-0.007051472,-0.016028969,0.060202141
1751976394.66297,-0.007051472,-0.016028969,0.060202141
1751976394.66496,-0.007051472,-0.016028969,0.060202141
1751976394.66697,-0.007112364,-0.016029431,0.060210283
1751976394.66895,-0.007112364,-0.016029431,0.060210283
1751976394.67099,-0.007112364,-0.016029431,0.060210283
1751976394.67294,-0.007112364,-0.016029431,0.060210283
1751976394.67496,-0.007112364,-0.016029431,0.060210283
1751976394.67694,-0.007112364,-0.016029431,0.060210283
1751976394.67896,-0.007142278,-0.016044568,0.06017763
1751976394.68096,-0.007142278,-0.016044568,0.06017763
1751976394.68297,-0.007142278,-0.016044568,0.06017763
1751976394.68495,-0.007142278,-0.016044568,0.06017763
1751976394.68693,-0.007142278,-0.016044568,0.06017763
1751976394.68894,-0.007069689,-0.016041226,0.060193145
1751976394.69093,-0.007069689,-0.016041226,0.060193145
1751976394.69295,-0.007069689,-0.016041226,0.060193145
1751976394.69495,-0.007069689,-0.016041226,0.060193145
1751976394.69696,-0.007069689,-0.016041226,0.060193145
1751976394.69895,-0.007057743,-0.016006168,0.060176714
1751976394.70097,-0.007057743,-0.016006168,0.060176714
1751976394.70294,-0.007057743,-0.016006168,0.060176714
1751976394.70497,-0.007057743,-0.016006168,0.060176714
1751976394.70696,-0.007057743,-0.016006168,0.060176714
1751976394.7089,-0.007057743,-0.016006168,0.060176714
1751976394.71095,-0.007088249,-0.016001666,0.060181105
1751976394.71293,-0.007088249,-0.016001666,0.060181105
1751976394.71494,-0.007088249,-0.016001666,0.060181105
1751976394.71703,-0.007088249,-0.016001666,0.060181105
1751976394.71891,-0.007088249,-0.016001666,0.060181105
1751976394.72096,-0.007088249,-0.016001666,0.060181105
1751976394.72299,-0.007094577,-0.015991155,0.060173116
1751976394.72497,-0.007094577,-0.015991155,0.060173116
1751976394.72696,-0.007094577,-0.015991155,0.060173116
1751976394.72897,-0.007094577,-0.015991155,0.060173116
1751976394.73101,-0.007094577,-0.015991155,0.060173116
1751976394.73293,-0.007072994,-0.015937427,0.060230226
1751976394.73495,-0.007072994,-0.015937427,0.060230226
1751976394.73699,-0.007072994,-0.015937427,0.060230226
1751976394.73897,-0.007072994,-0.015937427,0.060230226
1751976394.74094,-0.007072994,-0.015937427,0.060230226
1751976394.7429,-0.007072994,-0.015937427,0.060230226
1751976394.74495,-0.007115742,-0.01598657,0.060183125
1751976394.74693,-0.007115742,-0.01598657,0.060183125
1751976394.74894,-0.007115742,-0.01598657,0.060183125
1751976394.75099,-0.007115742,-0.01598657,0.060183125
1751976394.75292,-0.007115742,-0.01598657,0.060183125
1751976394.75494,-0.007044812,-0.015976549,0.060262246
1751976394.75696,-0.007044812,-0.015976549,0.060262246
1751976394.75895,-0.007044812,-0.015976549,0.060262246
1751976394.76096,-0.007044812,-0.015976549,0.060262246
1751976394.76308,-0.007044812,-0.015976549,0.060262246
1751976394.76506,-0.007022111,-0.016014505,0.060243432
1751976394.76695,-0.007022111,-0.016014505,0.060243432
1751976394.76898,-0.007022111,-0.016014505,0.060243432
1751976394.77103,-0.007022111,-0.016014505,0.060243432
1751976394.77296,-0.007022111,-0.016014505,0.060243432
1751976394.77495,-0.007022111,-0.016014505,0.060243432
1751976394.777,-0.007076335,-0.016005292,0.060229844
1751976394.77895,-0.007076335,-0.016005292,0.060229844
1751976394.78094,-0.007076335,-0.016005292,0.060229844
1751976394.783,-0.007076335,-0.016005292,0.060229844
1751976394.78495,-0.007076335,-0.016005292,0.060229844
1751976394.78693,-0.007055183,-0.015956096,0.060241636
1751976394.78893,-0.007055183,-0.015956096,0.060241636
1751976394.79094,-0.007055183,-0.015956096,0.060241636
1751976394.79296,-0.007055183,-0.015956096,0.060241636
1751976394.79497,-0.007055183,-0.015956096,0.060241636
1751976394.79704,-0.007050049,-0.015983073,0.060251425
1751976394.79895,-0.007050049,-0.015983073,0.060251425
1751976394.80095,-0.007050049,-0.015983073,0.060251425
1751976394.803,-0.007050049,-0.015983073,0.060251425
1751976394.80498,-0.007050049,-0.015983073,0.060251425
1751976394.80696,-0.007050049,-0.015983073,0.060251425
1751976394.80898,-0.007075232,-0.015985467,0.060210344
1751976394.81109,-0.007075232,-0.015985467,0.060210344
1751976394.81294,-0.007075232,-0.015985467,0.060210344
1751976394.81493,-0.007075232,-0.015985467,0.060210344
1751976394.81697,-0.007075232,-0.015985467,0.060210344
1751976394.81893,-0.007061145,-0.015968694,0.060181575
1751976394.82094,-0.007061145,-0.015968694,0.060181575
1751976394.82293,-0.007061145,-0.015968694,0.060181575
1751976394.82497,-0.007061145,-0.015968694,0.060181575
1751976394.82697,-0.007061145,-0.015968694,0.060181575
1751976394.82894,-0.007061145,-0.015968694,0.060181575
1751976394.83096,-0.007020065,-0.01596057,0.060234707
1751976394.83301,-0.007020065,-0.01596057,0.060234707
1751976394.83493,-0.007020065,-0.01596057,0.060234707
1751976394.83695,-0.007020065,-0.01596057,0.060234707
1751976394.83895,-0.007020065,-0.01596057,0.060234707
1751976394.84094,-0.006995066,-0.015947843,0.060208818
1751976394.84294,-0.006995066,-0.015947843,0.060208818
1751976394.84493,-0.006995066,-0.015947843,0.060208818
1751976394.847,-0.006995066,-0.015947843,0.060208818
1751976394.84895,-0.006995066,-0.015947843,0.060208818
1751976394.85097,-0.006995066,-0.015947843,0.060208818
1751976394.85297,-0.006976265,-0.015900745,0.060242834
1751976394.85492,-0.006976265,-0.015900745,0.060242834
1751976394.85695,-0.006976265,-0.015900745,0.060242834
1751976394.859,-0.006976265,-0.015900745,0.060242834
1751976394.86097,-0.006976265,-0.015900745,0.060242834
1751976394.86297,-0.006932767,-0.015918207,0.06020422
1751976394.86498,-0.006932767,-0.015918207,0.06020422
1751976394.86697,-0.006932767,-0.015918207,0.06020422
1751976394.86895,-0.006932767,-0.015918207,0.06020422
1751976394.87095,-0.006932767,-0.015918207,0.06020422
1751976394.87299,-0.006932767,-0.015918207,0.06020422
1751976394.87495,-0.006943309,-0.01595381,0.060216998
1751976394.87694,-0.006943309,-0.01595381,0.060216998
1751976394.87898,-0.006943309,-0.01595381,0.060216998
1751976394.88095,-0.006943309,-0.01595381,0.060216998
1751976394.88294,-0.006943309,-0.01595381,0.060216998
1751976394.88494,-0.006943309,-0.01595381,0.060216998
1751976394.88699,-0.006885019,-0.015941974,0.060324035
1751976394.889,-0.006885019,-0.015941974,0.060324035
1751976394.89104,-0.006885019,-0.015941974,0.060324035
1751976394.89297,-0.006885019,-0.015941974,0.060324035
1751976394.89494,-0.006885019,-0.015941974,0.060324035
1751976394.89702,-0.006885019,-0.015941974,0.060324035
1751976394.899,-0.006845133,-0.015947355,0.060385379
1751976394.90095,-0.006845133,-0.015947355,0.060385379
1751976394.90294,-0.006845133,-0.015947355,0.060385379
1751976394.90494,-0.006845133,-0.015947355,0.060385379
1751976394.90693,-0.006845133,-0.015947355,0.060385379
1751976394.90898,-0.006845133,-0.015947355,0.060385379
1751976394.91094,-0.006748847,-0.015932342,0.060439352
1751976394.91295,-0.006748847,-0.015932342,0.060439352
1751976394.91493,-0.006748847,-0.015932342,0.060439352
1751976394.91695,-0.006748847,-0.015932342,0.060439352
1751976394.91894,-0.006748847,-0.015932342,0.060439352
1751976394.92095,-0.006736319,-0.015963455,0.060394611
1751976394.92297,-0.006736319,-0.015963455,0.060394611
1751976394.92495,-0.006736319,-0.015963455,0.060394611
1751976394.92697,-0.006736319,-0.015963455,0.060394611
1751976394.92898,-0.006736319,-0.015963455,0.060394611
1751976394.93097,-0.006845777,-0.015948183,0.060312373
1751976394.93301,-0.006845777,-0.015948183,0.060312373
1751976394.93498,-0.006845777,-0.015948183,0.060312373
1751976394.93695,-0.006845777,-0.015948183,0.060312373
1751976394.93901,-0.006845777,-0.015948183,0.060312373
1751976394.94097,-0.006821449,-0.016033006,0.0603264
1751976394.94296,-0.006821449,-0.016033006,0.0603264
1751976394.94496,-0.006821449,-0.016033006,0.0603264
1751976394.94699,-0.006821449,-0.016033006,0.0603264
1751976394.94895,-0.006821449,-0.016033006,0.0603264
1751976394.95096,-0.006821449,-0.016033006,0.0603264
1751976394.95298,-0.00683614,-0.01605009,0.060289944
1751976394.95496,-0.00683614,-0.01605009,0.060289944
1751976394.95696,-0.00683614,-0.01605009,0.060289944
1751976394.95896,-0.00683614,-0.01605009,0.060289944
1751976394.96097,-0.00683614,-0.01605009,0.060289944
1751976394.96298,-0.00683614,-0.01605009,0.060289944
1751976394.96495,-0.006849646,-0.01604635,0.060283394
1751976394.96699,-0.006849646,-0.01604635,0.060283394
1751976394.96894,-0.006849646,-0.01604635,0.060283394
1751976394.97094,-0.006849646,-0.01604635,0.060283394
1751976394.97298,-0.006849646,-0.01604635,0.060283394
1751976394.97496,-0.006849646,-0.01604635,0.060283394
1751976394.97698,-0.006839422,-0.016077783,0.060242888
1751976394.979,-0.006839422,-0.016077783,0.060242888
1751976394.981,-0.006839422,-0.016077783,0.060242888
1751976394.983,-0.006839422,-0.016077783,0.060242888
1751976394.98499,-0.006839422,-0.016077783,0.060242888
1751976394.98694,-0.006827742,-0.016071122,0.060291573
1751976394.98898,-0.006827742,-0.016071122,0.060291573
1751976394.99097,-0.006827742,-0.016071122,0.060291573
1751976394.99298,-0.006827742,-0.016071122,0.060291573
1751976394.99496,-0.006827742,-0.016071122,0.060291573
1751976394.99692,-0.006827742,-0.016071122,0.060291573
1751976394.99895,-0.006783006,-0.016047882,0.060333584
1751976395.00097,-0.006783006,-0.016047882,0.060333584
1751976395.00295,-0.006783006,-0.016047882,0.060333584
1751976395.00497,-0.006783006,-0.016047882,0.060333584
1751976395.00699,-0.006783006,-0.016047882,0.060333584
1751976395.00895,-0.006768137,-0.016030959,0.060348266
1751976395.01095,-0.006768137,-0.016030959,0.060348266
1751976395.01295,-0.006768137,-0.016030959,0.060348266
1751976395.01496,-0.006768137,-0.016030959,0.060348266
1751976395.01694,-0.006768137,-0.016030959,0.060348266
1751976395.01899,-0.006768137,-0.016030959,0.060348266
1751976395.02099,-0.006710963,-0.016057634,0.060398162
1751976395.02295,-0.006710963,-0.016057634,0.060398162
1751976395.02496,-0.006710963,-0.016057634,0.060398162
1751976395.02697,-0.006710963,-0.016057634,0.060398162
1751976395.02896,-0.006710963,-0.016057634,0.060398162
1751976395.03097,-0.006710963,-0.016057634,0.060398162
1751976395.03295,-0.006806874,-0.016067567,0.060407389
1751976395.03498,-0.006806874,-0.016067567,0.060407389
1751976395.03693,-0.006806874,-0.016067567,0.060407389
1751976395.03894,-0.006806874,-0.016067567,0.060407389
1751976395.04094,-0.006806874,-0.016067567,0.060407389
1751976395.04293,-0.006806874,-0.016067567,0.060407389
1751976395.04493,-0.00674251,-0.016080295,0.060345363
1751976395.04696,-0.00674251,-0.016080295,0.060345363
1751976395.04898,-0.00674251,-0.016080295,0.060345363
1751976395.05093,-0.00674251,-0.016080295,0.060345363
1751976395.05295,-0.00674251,-0.016080295,0.060345363
1751976395.05496,-0.006697665,-0.016047989,0.060378539
1751976395.05693,-0.006697665,-0.016047989,0.060378539
1751976395.05894,-0.006697665,-0.016047989,0.060378539
1751976395.06096,-0.006697665,-0.016047989,0.060378539
1751976395.06293,-0.006697665,-0.016047989,0.060378539
1751976395.06493,-0.006697665,-0.016047989,0.060378539
1751976395.06696,-0.006655504,-0.016002393,0.060381391
1751976395.06895,-0.006655504,-0.016002393,0.060381391
1751976395.07096,-0.006655504,-0.016002393,0.060381391
1751976395.07298,-0.006655504,-0.016002393,0.060381391
1751976395.07497,-0.006655504,-0.016002393,0.060381391
1751976395.07695,-0.0067844,-0.015974572,0.060280024
1751976395.07897,-0.0067844,-0.015974572,0.060280024
1751976395.08094,-0.0067844,-0.015974572,0.060280024
1751976395.08295,-0.0067844,-0.015974572,0.060280024
1751976395.08498,-0.0067844,-0.015974572,0.060280024
1751976395.08695,-0.006652354,-0.016058841,0.060309309
1751976395.08894,-0.006652354,-0.016058841,0.060309309
1751976395.09095,-0.006652354,-0.016058841,0.060309309
1751976395.09294,-0.006652354,-0.016058841,0.060309309
1751976395.09495,-0.006652354,-0.016058841,0.060309309
1751976395.09692,-0.006652354,-0.016058841,0.060309309
1751976395.09897,-0.006683773,-0.016020293,0.060375028
1751976395.10093,-0.006683773,-0.016020293,0.060375028
1751976395.10295,-0.006683773,-0.016020293,0.060375028
1751976395.10494,-0.006683773,-0.016020293,0.060375028
1751976395.10689,-0.006683773,-0.016020293,0.060375028
1751976395.10896,-0.006683773,-0.016020293,0.060375028
1751976395.11093,-0.006644785,-0.016081865,0.060324052
1751976395.11298,-0.006644785,-0.016081865,0.060324052
1751976395.11508,-0.006644785,-0.016081865,0.060324052
1751976395.11701,-0.006644785,-0.016081865,0.060324052
1751976395.119,-0.006644785,-0.016081865,0.060324052
1751976395.12098,-0.006644785,-0.016081865,0.060324052
1751976395.12298,-0.006729982,-0.01611193,0.060265324
1751976395.12496,-0.006729982,-0.01611193,0.060265324
1751976395.12699,-0.006729982,-0.01611193,0.060265324
1751976395.12896,-0.006729982,-0.01611193,0.060265324
1751976395.13094,-0.006729982,-0.01611193,0.060265324
1751976395.13295,-0.006729982,-0.01611193,0.060265324
1751976395.13491,-0.006584895,-0.016128885,0.060391672
1751976395.13694,-0.006584895,-0.016128885,0.060391672
1751976395.13893,-0.006584895,-0.016128885,0.060391672
1751976395.14094,-0.006584895,-0.016128885,0.060391672
1751976395.14296,-0.006584895,-0.016128885,0.060391672
1751976395.14498,-0.006673016,-0.016131304,0.060326783
1751976395.147,-0.006673016,-0.016131304,0.060326783
1751976395.14896,-0.006673016,-0.016131304,0.060326783
1751976395.15095,-0.006673016,-0.016131304,0.060326783
1751976395.15293,-0.006673016,-0.016131304,0.060326783
1751976395.15493,-0.006673016,-0.016131304,0.060326783
1751976395.15688,-0.006701251,-0.016089697,0.060254354
1751976395.15893,-0.006701251,-0.016089697,0.060254354
1751976395.16096,-0.006701251,-0.016089697,0.060254354
1751976395.16295,-0.006701251,-0.016089697,0.060254354
1751976395.16497,-0.006701251,-0.016089697,0.060254354
1751976395.16697,-0.0067582,-0.01610895,0.060235344
1751976395.16898,-0.0067582,-0.01610895,0.060235344
1751976395.17097,-0.0067582,-0.01610895,0.060235344
1751976395.17298,-0.0067582,-0.01610895,0.060235344
1751976395.17496,-0.0067582,-0.01610895,0.060235344
1751976395.17698,-0.0067582,-0.01610895,0.060235344
1751976395.17895,-0.006724661,-0.016123929,0.060273785
1751976395.18096,-0.006724661,-0.016123929,0.060273785
1751976395.18298,-0.006724661,-0.016123929,0.060273785
1751976395.18498,-0.006724661,-0.016123929,0.060273785
1751976395.18694,-0.006724661,-0.016123929,0.060273785
1751976395.18895,-0.006724661,-0.016123929,0.060273785
1751976395.19095,-0.006863297,-0.016145813,0.06023136
1751976395.19295,-0.006863297,-0.016145813,0.06023136
1751976395.19494,-0.006863297,-0.016145813,0.06023136
1751976395.19702,-0.006863297,-0.016145813,0.06023136
1751976395.19896,-0.006863297,-0.016145813,0.06023136
1751976395.20095,-0.006863297,-0.016145813,0.06023136
1751976395.20288,-0.006815521,-0.016130732,0.060238568
1751976395.20499,-0.006815521,-0.016130732,0.060238568
1751976395.20694,-0.006815521,-0.016130732,0.060238568
1751976395.20897,-0.006815521,-0.016130732,0.060238568
1751976395.21098,-0.006815521,-0.016130732,0.060238568
1751976395.21296,-0.006787905,-0.016136127,0.06023346
1751976395.21494,-0.006787905,-0.016136127,0.06023346
1751976395.21696,-0.006787905,-0.016136127,0.06023346
1751976395.21896,-0.006787905,-0.016136127,0.06023346
1751976395.22095,-0.006787905,-0.016136127,0.06023346
1751976395.22296,-0.006787905,-0.016136127,0.06023346
1751976395.225,-0.00673855,-0.016178491,0.060243641
1751976395.22696,-0.00673855,-0.016178491,0.060243641
1751976395.22895,-0.00673855,-0.016178491,0.060243641
1751976395.23096,-0.00673855,-0.016178491,0.060243641
1751976395.23298,-0.00673855,-0.016178491,0.060243641
1751976395.23493,-0.006655483,-0.016195332,0.06028553
1751976395.23694,-0.006655483,-0.016195332,0.06028553
1751976395.23898,-0.006655483,-0.016195332,0.06028553
1751976395.24095,-0.006655483,-0.016195332,0.06028553
1751976395.24292,-0.006655483,-0.016195332,0.06028553
1751976395.24496,-0.006655483,-0.016195332,0.06028553
1751976395.24693,-0.006726724,-0.016251916,0.060200378
1751976395.24893,-0.006726724,-0.016251916,0.060200378
1751976395.25099,-0.006726724,-0.016251916,0.060200378
1751976395.25291,-0.006726724,-0.016251916,0.060200378
1751976395.25496,-0.006726724,-0.016251916,0.060200378
1751976395.25695,-0.006726724,-0.016251916,0.060200378
1751976395.2589,-0.006714803,-0.016172271,0.060175328
1751976395.26095,-0.006714803,-0.016172271,0.060175328
1751976395.26296,-0.006714803,-0.016172271,0.060175328
1751976395.26497,-0.006714803,-0.016172271,0.060175328
1751976395.26695,-0.006714803,-0.016172271,0.060175328
1751976395.26895,-0.006714803,-0.016172271,0.060175328
1751976395.27097,-0.006682417,-0.016139086,0.060171122
1751976395.27302,-0.006682417,-0.016139086,0.060171122
1751976395.27497,-0.006682417,-0.016139086,0.060171122
1751976395.27696,-0.006682417,-0.016139086,0.060171122
1751976395.2789,-0.006682417,-0.016139086,0.060171122
1751976395.28094,-0.006682417,-0.016139086,0.060171122
1751976395.28293,-0.006560073,-0.016166036,0.060195871
1751976395.28494,-0.006560073,-0.016166036,0.060195871
1751976395.28698,-0.006560073,-0.016166036,0.060195871
1751976395.28894,-0.006560073,-0.016166036,0.060195871
1751976395.29094,-0.006560073,-0.016166036,0.060195871
1751976395.29294,-0.006589272,-0.016177392,0.060176214
1751976395.29494,-0.006589272,-0.016177392,0.060176214
1751976395.29693,-0.006589272,-0.016177392,0.060176214
1751976395.2989,-0.006589272,-0.016177392,0.060176214
1751976395.30094,-0.006589272,-0.016177392,0.060176214
1751976395.30293,-0.006589272,-0.016177392,0.060176214
1751976395.30498,-0.006442501,-0.0161531,0.060171905
1751976395.30705,-0.006442501,-0.0161531,0.060171905
1751976395.30898,-0.006442501,-0.0161531,0.060171905
1751976395.31098,-0.006442501,-0.0161531,0.060171905
1751976395.313,-0.006442501,-0.0161531,0.060171905
1751976395.31496,-0.006442223,-0.016147032,0.060090336
1751976395.31698,-0.006442223,-0.016147032,0.060090336
1751976395.31897,-0.006442223,-0.016147032,0.060090336
1751976395.32102,-0.006442223,-0.016147032,0.060090336
1751976395.32289,-0.006442223,-0.016147032,0.060090336
1751976395.325,-0.006442223,-0.016147032,0.060090336
1751976395.3269,-0.006375081,-0.016100289,0.060100422
1751976395.32898,-0.006375081,-0.016100289,0.060100422
1751976395.33095,-0.006375081,-0.016100289,0.060100422
1751976395.33295,-0.006375081,-0.016100289,0.060100422
1751976395.33497,-0.006375081,-0.016100289,0.060100422
1751976395.33701,-0.006375081,-0.016100289,0.060100422
1751976395.33896,-0.006193336,-0.015958529,0.060101341
1751976395.34092,-0.006193336,-0.015958529,0.060101341
1751976395.34294,-0.006193336,-0.015958529,0.060101341
1751976395.34496,-0.006193336,-0.015958529,0.060101341
1751976395.34697,-0.006193336,-0.015958529,0.060101341
1751976395.34893,-0.006193336,-0.015958529,0.060101341
1751976395.35094,-0.006036948,-0.015939859,0.060026706
1751976395.35296,-0.006036948,-0.015939859,0.060026706
1751976395.35496,-0.006036948,-0.015939859,0.060026706
1751976395.35696,-0.006036948,-0.015939859,0.060026706
1751976395.35906,-0.006036948,-0.015939859,0.060026706
1751976395.36095,-0.005822168,-0.015939923,0.05997881
1751976395.36306,-0.005822168,-0.015939923,0.05997881
1751976395.365,-0.005822168,-0.015939923,0.05997881
1751976395.36696,-0.005822168,-0.015939923,0.05997881
1751976395.36897,-0.005822168,-0.015939923,0.05997881
1751976395.37098,-0.005763235,-0.015947443,0.059863509
1751976395.37293,-0.005763235,-0.015947443,0.059863509
1751976395.37494,-0.005763235,-0.015947443,0.059863509
1751976395.37698,-0.005763235,-0.015947443,0.059863509
1751976395.379,-0.005763235,-0.015947443,0.059863509
1751976395.38095,-0.005763235,-0.015947443,0.059863509
1751976395.38295,-0.005601128,-0.015975101,0.059793147
1751976395.385,-0.005601128,-0.015975101,0.059793147
1751976395.38697,-0.005601128,-0.015975101,0.059793147
1751976395.38897,-0.005601128,-0.015975101,0.059793147
1751976395.39103,-0.005601128,-0.015975101,0.059793147
1751976395.39296,-0.005584852,-0.015952022,0.059759638
1751976395.39496,-0.005584852,-0.015952022,0.059759638
1751976395.39696,-0.005584852,-0.015952022,0.059759638
1751976395.39899,-0.005584852,-0.015952022,0.059759638
1751976395.401,-0.005584852,-0.015952022,0.059759638
1751976395.403,-0.005584852,-0.015952022,0.059759638
1751976395.40495,-0.005614873,-0.015959231,0.059676185
1751976395.40695,-0.005614873,-0.015959231,0.059676185
1751976395.40897,-0.005614873,-0.015959231,0.059676185
1751976395.41097,-0.005614873,-0.015959231,0.059676185
1751976395.41296,-0.005614873,-0.015959231,0.059676185
1751976395.41496,-0.005614873,-0.015959231,0.059676185
1751976395.41703,-0.005658523,-0.015948404,0.059602177
1751976395.41897,-0.005658523,-0.015948404,0.059602177
1751976395.42094,-0.005658523,-0.015948404,0.059602177
1751976395.42297,-0.005658523,-0.015948404,0.059602177
1751976395.42495,-0.005658523,-0.015948404,0.059602177
1751976395.42695,-0.005658523,-0.015948404,0.059602177
1751976395.42893,-0.005604655,-0.015970423,0.059610039
1751976395.43095,-0.005604655,-0.015970423,0.059610039
1751976395.43296,-0.005604655,-0.015970423,0.059610039
1751976395.43495,-0.005604655,-0.015970423,0.059610039
1751976395.43696,-0.005604655,-0.015970423,0.059610039
1751976395.43898,-0.005654682,-0.015953878,0.059560077
1751976395.44092,-0.005654682,-0.015953878,0.059560077
1751976395.44296,-0.005654682,-0.015953878,0.059560077
1751976395.44498,-0.005654682,-0.015953878,0.059560077
1751976395.44693,-0.005654682,-0.015953878,0.059560077
1751976395.44895,-0.005654682,-0.015953878,0.059560077
1751976395.45093,-0.005655612,-0.015834536,0.059451136
1751976395.45297,-0.005655612,-0.015834536,0.059451136
1751976395.45498,-0.005655612,-0.015834536,0.059451136
1751976395.45701,-0.005655612,-0.015834536,0.059451136
1751976395.45898,-0.005655612,-0.015834536,0.059451136
1751976395.46099,-0.005655612,-0.015834536,0.059451136
1751976395.46297,-0.005530481,-0.015750215,0.059506019
1751976395.46496,-0.005530481,-0.015750215,0.059506019
1751976395.46698,-0.005530481,-0.015750215,0.059506019
1751976395.46895,-0.005530481,-0.015750215,0.059506019
1751976395.47096,-0.005530481,-0.015750215,0.059506019
1751976395.47295,-0.005530481,-0.015750215,0.059506019
1751976395.47495,-0.005466425,-0.015689378,0.059408098
1751976395.47694,-0.005466425,-0.015689378,0.059408098
1751976395.47898,-0.005466425,-0.015689378,0.059408098
1751976395.48095,-0.005466425,-0.015689378,0.059408098
1751976395.48297,-0.005466425,-0.015689378,0.059408098
1751976395.485,-0.005429014,-0.015622131,0.059461955
1751976395.48693,-0.005429014,-0.015622131,0.059461955
1751976395.48894,-0.005429014,-0.015622131,0.059461955
1751976395.49102,-0.005429014,-0.015622131,0.059461955
1751976395.49297,-0.005429014,-0.015622131,0.059461955
1751976395.49495,-0.005429014,-0.015622131,0.059461955
1751976395.49702,-0.005338685,-0.015489862,0.05941347
1751976395.499,-0.005338685,-0.015489862,0.05941347
1751976395.50098,-0.005338685,-0.015489862,0.05941347
1751976395.50298,-0.005338685,-0.015489862,0.05941347
1751976395.50586,-0.005338685,-0.015489862,0.05941347
1751976395.50825,-0.005250984,-0.01543615,0.059408066
1751976395.51058,-0.005250984,-0.01543615,0.059408066
1751976395.51164,-0.005250984,-0.01543615,0.059408066
1751976395.51297,-0.005250984,-0.01543615,0.059408066
1751976395.51497,-0.005250984,-0.01543615,0.059408066
1751976395.51698,-0.005250984,-0.01543615,0.059408066
1751976395.51898,-0.005188371,-0.015430083,0.059407249
1751976395.52095,-0.005188371,-0.015430083,0.059407249
1751976395.52296,-0.005188371,-0.015430083,0.059407249
1751976395.52498,-0.005188371,-0.015430083,0.059407249
1751976395.52695,-0.005188371,-0.015430083,0.059407249
1751976395.52895,-0.005043441,-0.015266248,0.059435866
1751976395.53098,-0.005043441,-0.015266248,0.059435866
1751976395.53295,-0.005043441,-0.015266248,0.059435866
1751976395.53494,-0.005043441,-0.015266248,0.059435866
1751976395.53698,-0.005043441,-0.015266248,0.059435866
1751976395.53894,-0.005043441,-0.015266248,0.059435866
1751976395.54095,-0.005002152,-0.01506931,0.059453846
1751976395.54297,-0.005002152,-0.01506931,0.059453846
1751976395.54495,-0.005002152,-0.01506931,0.059453846
1751976395.54689,-0.005002152,-0.01506931,0.059453846
1751976395.54896,-0.005002152,-0.01506931,0.059453846
1751976395.55095,-0.004991447,-0.014939812,0.059427966
1751976395.55292,-0.004991447,-0.014939812,0.059427966
1751976395.55497,-0.004991447,-0.014939812,0.059427966
1751976395.55698,-0.004991447,-0.014939812,0.059427966
1751976395.55905,-0.004991447,-0.014939812,0.059427966
1751976395.56102,-0.004910785,-0.014693779,0.059437662
1751976395.56289,-0.004910785,-0.014693779,0.059437662
1751976395.56495,-0.004910785,-0.014693779,0.059437662
1751976395.56694,-0.004910785,-0.014693779,0.059437662
1751976395.56894,-0.004910785,-0.014693779,0.059437662
1751976395.57095,-0.004910785,-0.014693779,0.059437662
1751976395.57296,-0.004749577,-0.014417504,0.059428042
1751976395.57497,-0.004749577,-0.014417504,0.059428042
1751976395.57696,-0.004749577,-0.014417504,0.059428042
1751976395.57894,-0.004749577,-0.014417504,0.059428042
1751976395.58094,-0.004749577,-0.014417504,0.059428042
1751976395.58293,-0.004589536,-0.014218461,0.059513692
1751976395.58493,-0.004589536,-0.014218461,0.059513692
1751976395.58695,-0.004589536,-0.014218461,0.059513692
1751976395.58895,-0.004589536,-0.014218461,0.059513692
1751976395.59098,-0.004589536,-0.014218461,0.059513692
1751976395.593,-0.004589536,-0.014218461,0.059513692
1751976395.595,-0.004593422,-0.013861417,0.05947502
1751976395.59697,-0.004593422,-0.013861417,0.05947502
1751976395.59894,-0.004593422,-0.013861417,0.05947502
1751976395.60096,-0.004593422,-0.013861417,0.05947502
1751976395.60298,-0.004593422,-0.013861417,0.05947502
1751976395.60495,-0.004499194,-0.013606939,0.059508667
1751976395.607,-0.004499194,-0.013606939,0.059508667
1751976395.60896,-0.004499194,-0.013606939,0.059508667
1751976395.61096,-0.004499194,-0.013606939,0.059508667
1751976395.61295,-0.004499194,-0.013606939,0.059508667
1751976395.61496,-0.004499194,-0.013606939,0.059508667
1751976395.61694,-0.00437026,-0.013255562,0.059533331
1751976395.61893,-0.00437026,-0.013255562,0.059533331
1751976395.62093,-0.00437026,-0.013255562,0.059533331
1751976395.62295,-0.00437026,-0.013255562,0.059533331
1751976395.62494,-0.00437026,-0.013255562,0.059533331
1751976395.6269,-0.00437026,-0.013255562,0.059533331
1751976395.62895,-0.004231523,-0.012948557,0.059525517
1751976395.63098,-0.004231523,-0.012948557,0.059525517
1751976395.63292,-0.004231523,-0.012948557,0.059525517
1751976395.63493,-0.004231523,-0.012948557,0.059525517
1751976395.63694,-0.004231523,-0.012948557,0.059525517
1751976395.63893,-0.00421777,-0.012662286,0.059524385
1751976395.64097,-0.00421777,-0.012662286,0.059524385
1751976395.64295,-0.00421777,-0.012662286,0.059524385
1751976395.64496,-0.00421777,-0.012662286,0.059524385
1751976395.64697,-0.00421777,-0.012662286,0.059524385
1751976395.64897,-0.00421777,-0.012662286,0.059524385
1751976395.65096,-0.004126908,-0.012342452,0.059573339
1751976395.65294,-0.004126908,-0.012342452,0.059573339
1751976395.65495,-0.004126908,-0.012342452,0.059573339
1751976395.65696,-0.004126908,-0.012342452,0.059573339
1751976395.65895,-0.004126908,-0.012342452,0.059573339
1751976395.66097,-0.004126908,-0.012342452,0.059573339
1751976395.66298,-0.004173245,-0.011966057,0.059489711
1751976395.66496,-0.004173245,-0.011966057,0.059489711
1751976395.66694,-0.004173245,-0.011966057,0.059489711
1751976395.66892,-0.004173245,-0.011966057,0.059489711
1751976395.67094,-0.004173245,-0.011966057,0.059489711
1751976395.67293,-0.004082738,-0.011784818,0.059480332
1751976395.67494,-0.004082738,-0.011784818,0.059480332
1751976395.67696,-0.004082738,-0.011784818,0.059480332
1751976395.67893,-0.004082738,-0.011784818,0.059480332
1751976395.68093,-0.004082738,-0.011784818,0.059480332
1751976395.68294,-0.004082738,-0.011784818,0.059480332
1751976395.68495,-0.003978859,-0.011467754,0.059525088
1751976395.68696,-0.003978859,-0.011467754,0.059525088
1751976395.68895,-0.003978859,-0.011467754,0.059525088
1751976395.69103,-0.003978859,-0.011467754,0.059525088
1751976395.69304,-0.003978859,-0.011467754,0.059525088
1751976395.69497,-0.003948149,-0.011194722,0.059470133
1751976395.69699,-0.003948149,-0.011194722,0.059470133
1751976395.69897,-0.003948149,-0.011194722,0.059470133
1751976395.70096,-0.003948149,-0.011194722,0.059470133
1751976395.70293,-0.003948149,-0.011194722,0.059470133
1751976395.70497,-0.003948149,-0.011194722,0.059470133
1751976395.70695,-0.003876089,-0.010917196,0.059466264
1751976395.70897,-0.003876089,-0.010917196,0.059466264
1751976395.71095,-0.003876089,-0.010917196,0.059466264
1751976395.71294,-0.003876089,-0.010917196,0.059466264
1751976395.71494,-0.003876089,-0.010917196,0.059466264
1751976395.71695,-0.003876089,-0.010917196,0.059466264
1751976395.71893,-0.0038089,-0.010593467,0.059529993
1751976395.72095,-0.0038089,-0.010593467,0.059529993
1751976395.72297,-0.0038089,-0.010593467,0.059529993
1751976395.72496,-0.0038089,-0.010593467,0.059529993
1751976395.72693,-0.0038089,-0.010593467,0.059529993
1751976395.7289,-0.0038089,-0.010593467,0.059529993
1751976395.73094,-0.003685281,-0.010308461,0.059583581
1751976395.73294,-0.003685281,-0.010308461,0.059583581
1751976395.73494,-0.003685281,-0.010308461,0.059583581
1751976395.73694,-0.003685281,-0.010308461,0.059583581
1751976395.73896,-0.003685281,-0.010308461,0.059583581
1751976395.74096,-0.003713081,-0.010057173,0.059522849
1751976395.74295,-0.003713081,-0.010057173,0.059522849
1751976395.74499,-0.003713081,-0.010057173,0.059522849
1751976395.74698,-0.003713081,-0.010057173,0.059522849
1751976395.74898,-0.003713081,-0.010057173,0.059522849
1751976395.75101,-0.003657033,-0.009820912,0.059557113
1751976395.75295,-0.003657033,-0.009820912,0.059557113
1751976395.7549,-0.003657033,-0.009820912,0.059557113
1751976395.75694,-0.003657033,-0.009820912,0.059557113
1751976395.75895,-0.003657033,-0.009820912,0.059557113
1751976395.76099,-0.003657033,-0.009820912,0.059557113
1751976395.76298,-0.003624309,-0.009548921,0.059556036
1751976395.76495,-0.003624309,-0.009548921,0.059556036
1751976395.76695,-0.003624309,-0.009548921,0.059556036
1751976395.76894,-0.003624309,-0.009548921,0.059556036
1751976395.77096,-0.003624309,-0.009548921,0.059556036
1751976395.77294,-0.003624309,-0.009548921,0.059556036
1751976395.77493,-0.003555243,-0.009275229,0.059636966
1751976395.77694,-0.003555243,-0.009275229,0.059636966
1751976395.77897,-0.003555243,-0.009275229,0.059636966
1751976395.78095,-0.003555243,-0.009275229,0.059636966
1751976395.78297,-0.003555243,-0.009275229,0.059636966
1751976395.78497,-0.003353376,-0.009044186,0.059616587
1751976395.78701,-0.003353376,-0.009044186,0.059616587
1751976395.78896,-0.003353376,-0.009044186,0.059616587
1751976395.79097,-0.003353376,-0.009044186,0.059616587
1751976395.79294,-0.003353376,-0.009044186,0.059616587
1751976395.79494,-0.003353376,-0.009044186,0.059616587
1751976395.79689,-0.003199138,-0.008676986,0.059688728
1751976395.79896,-0.003199138,-0.008676986,0.059688728
1751976395.80093,-0.003199138,-0.008676986,0.059688728
1751976395.80293,-0.003199138,-0.008676986,0.059688728
1751976395.80496,-0.003199138,-0.008676986,0.059688728
1751976395.80693,-0.003008388,-0.008431783,0.05973724
1751976395.80898,-0.003008388,-0.008431783,0.05973724
1751976395.81095,-0.003008388,-0.008431783,0.05973724
1751976395.81296,-0.003008388,-0.008431783,0.05973724
1751976395.81497,-0.003008388,-0.008431783,0.05973724
1751976395.81695,-0.003008388,-0.008431783,0.05973724
1751976395.81896,-0.002851328,-0.008118741,0.059818046
1751976395.82094,-0.002851328,-0.008118741,0.059818046
1751976395.82291,-0.002851328,-0.008118741,0.059818046
1751976395.82498,-0.002851328,-0.008118741,0.059818046
1751976395.82697,-0.002851328,-0.008118741,0.059818046
1751976395.82896,-0.002709773,-0.007949653,0.059884984
1751976395.83096,-0.002709773,-0.007949653,0.059884984
1751976395.83295,-0.002709773,-0.007949653,0.059884984
1751976395.83495,-0.002709773,-0.007949653,0.059884984
1751976395.83695,-0.002709773,-0.007949653,0.059884984
1751976395.83897,-0.002709773,-0.007949653,0.059884984
1751976395.84093,-0.002673523,-0.007728156,0.059893868
1751976395.84294,-0.002673523,-0.007728156,0.059893868
1751976395.84496,-0.002673523,-0.007728156,0.059893868
1751976395.84698,-0.002673523,-0.007728156,0.059893868
1751976395.84895,-0.002673523,-0.007728156,0.059893868
1751976395.85095,-0.002599712,-0.007482536,0.05993839
1751976395.85297,-0.002599712,-0.007482536,0.05993839
1751976395.85493,-0.002599712,-0.007482536,0.05993839
1751976395.85696,-0.002599712,-0.007482536,0.05993839
1751976395.85895,-0.002599712,-0.007482536,0.05993839
1751976395.86095,-0.002599712,-0.007482536,0.05993839
1751976395.86294,-0.002451037,-0.007227891,0.060014331
1751976395.86495,-0.002451037,-0.007227891,0.060014331
1751976395.86696,-0.002451037,-0.007227891,0.060014331
1751976395.86897,-0.002451037,-0.007227891,0.060014331
1751976395.87096,-0.002451037,-0.007227891,0.060014331
1751976395.87292,-0.002451037,-0.007227891,0.060014331
1751976395.87496,-0.002297743,-0.006844886,0.060148321
1751976395.87695,-0.002297743,-0.006844886,0.060148321
1751976395.87896,-0.002297743,-0.006844886,0.060148321
1751976395.88095,-0.002297743,-0.006844886,0.060148321
1751976395.88296,-0.002297743,-0.006844886,0.060148321
1751976395.88496,-0.002164317,-0.006637813,0.060178263
1751976395.88699,-0.002164317,-0.006637813,0.060178263
1751976395.88894,-0.002164317,-0.006637813,0.060178263
1751976395.89093,-0.002164317,-0.006637813,0.060178263
1751976395.89297,-0.002164317,-0.006637813,0.060178263
1751976395.89496,-0.002164317,-0.006637813,0.060178263
1751976395.89694,-0.002008747,-0.006321466,0.060205884
1751976395.89895,-0.002008747,-0.006321466,0.060205884
1751976395.90097,-0.002008747,-0.006321466,0.060205884
1751976395.90294,-0.002008747,-0.006321466,0.060205884
1751976395.90494,-0.002008747,-0.006321466,0.060205884
1751976395.90699,-0.001833312,-0.006120949,0.060296666
1751976395.90896,-0.001833312,-0.006120949,0.060296666
1751976395.91096,-0.001833312,-0.006120949,0.060296666
1751976395.913,-0.001833312,-0.006120949,0.060296666
1751976395.9151,-0.001833312,-0.006120949,0.060296666
1751976395.91697,-0.001755264,-0.005838809,0.060297616
1751976395.91893,-0.001755264,-0.005838809,0.060297616
1751976395.92094,-0.001755264,-0.005838809,0.060297616
1751976395.92294,-0.001755264,-0.005838809,0.060297616
1751976395.92495,-0.001755264,-0.005838809,0.060297616
1751976395.92696,-0.001755264,-0.005838809,0.060297616
1751976395.92897,-0.001614989,-0.005558765,0.060291099
1751976395.93093,-0.001614989,-0.005558765,0.060291099
1751976395.93294,-0.001614989,-0.005558765,0.060291099
1751976395.93498,-0.001614989,-0.005558765,0.060291099
1751976395.93694,-0.001614989,-0.005558765,0.060291099
1751976395.93893,-0.001614989,-0.005558765,0.060291099
1751976395.94104,-0.001534677,-0.005274932,0.060327396
1751976395.94296,-0.001534677,-0.005274932,0.060327396
1751976395.94496,-0.001534677,-0.005274932,0.060327396
1751976395.94698,-0.001534677,-0.005274932,0.060327396
1751976395.94895,-0.001534677,-0.005274932,0.060327396
1751976395.95095,-0.001357112,-0.004870132,0.060351821
1751976395.95296,-0.001357112,-0.004870132,0.060351821
1751976395.95499,-0.001357112,-0.004870132,0.060351821
1751976395.95696,-0.001357112,-0.004870132,0.060351821
1751976395.95896,-0.001357112,-0.004870132,0.060351821
1751976395.96098,-0.001357112,-0.004870132,0.060351821
1751976395.96297,-0.001238269,-0.004386092,0.060404722
1751976395.96495,-0.001238269,-0.004386092,0.060404722
1751976395.96697,-0.001238269,-0.004386092,0.060404722
1751976395.96897,-0.001238269,-0.004386092,0.060404722
1751976395.97095,-0.001238269,-0.004386092,0.060404722
1751976395.97295,-0.001238269,-0.004386092,0.060404722
1751976395.97497,-0.001180722,-0.0039732,0.060454991
1751976395.97695,-0.001180722,-0.0039732,0.060454991
1751976395.97896,-0.001180722,-0.0039732,0.060454991
1751976395.98098,-0.001180722,-0.0039732,0.060454991
1751976395.98294,-0.001180722,-0.0039732,0.060454991
1751976395.98493,-0.001180722,-0.0039732,0.060454991
1751976395.98694,-0.001002135,-0.003533426,0.060419556
1751976395.98895,-0.001002135,-0.003533426,0.060419556
1751976395.99093,-0.001002135,-0.003533426,0.060419556
1751976395.99296,-0.001002135,-0.003533426,0.060419556
1751976395.99499,-0.001002135,-0.003533426,0.060419556
1751976395.99697,-0.000845338,-0.003045133,0.060548681
1751976395.99898,-0.000845338,-0.003045133,0.060548681
1751976396.00096,-0.000845338,-0.003045133,0.060548681
1751976396.00296,-0.000845338,-0.003045133,0.060548681
1751976396.00497,-0.000845338,-0.003045133,0.060548681
1751976396.00696,-0.000845338,-0.003045133,0.060548681
1751976396.00893,-0.000567072,-0.002537245,0.060563537
1751976396.011,-0.000567072,-0.002537245,0.060563537
1751976396.01297,-0.000567072,-0.002537245,0.060563537
1751976396.01495,-0.000567072,-0.002537245,0.060563537
1751976396.0169,-0.000567072,-0.002537245,0.060563537
1751976396.01896,-0.000567072,-0.002537245,0.060563537
1751976396.02094,-0.000440402,-0.002049154,0.060619388
1751976396.02292,-0.000440402,-0.002049154,0.060619388
1751976396.02495,-0.000440402,-0.002049154,0.060619388
1751976396.02692,-0.000440402,-0.002049154,0.060619388
1751976396.02894,-0.000440402,-0.002049154,0.060619388
1751976396.03094,-0.000440402,-0.002049154,0.060619388
1751976396.03294,-0.000249742,-0.00155524,0.060682673
1751976396.035,-0.000249742,-0.00155524,0.060682673
1751976396.037,-0.000249742,-0.00155524,0.060682673
1751976396.03896,-0.000249742,-0.00155524,0.060682673
1751976396.04099,-0.000249742,-0.00155524,0.060682673
1751976396.04299,-0.000093997,-0.001128528,0.060785481
1751976396.045,-0.000093997,-0.001128528,0.060785481
1751976396.04693,-0.000093997,-0.001128528,0.060785481
1751976396.04897,-0.000093997,-0.001128528,0.060785481
1751976396.05095,-0.000093997,-0.001128528,0.060785481
1751976396.05297,-0.000093997,-0.001128528,0.060785481
1751976396.05498,0.000065417,-0.000648161,0.060888286
1751976396.05694,0.000065417,-0.000648161,0.060888286
1751976396.05895,0.000065417,-0.000648161,0.060888286
1751976396.06094,0.000065417,-0.000648161,0.060888286
1751976396.06297,0.000065417,-0.000648161,0.060888286
1751976396.06493,0.000065417,-0.000648161,0.060888286
1751976396.06692,0.000329767,-0.000104851,0.061005384
1751976396.06893,0.000329767,-0.000104851,0.061005384
1751976396.07094,0.000329767,-0.000104851,0.061005384
1751976396.07294,0.000329767,-0.000104851,0.061005384
1751976396.07496,0.000329767,-0.000104851,0.061005384
1751976396.07694,0.000527837,0.000307238,0.061138798
1751976396.07899,0.000527837,0.000307238,0.061138798
1751976396.08099,0.000527837,0.000307238,0.061138798
1751976396.08295,0.000527837,0.000307238,0.061138798
1751976396.08502,0.000527837,0.000307238,0.061138798
1751976396.08697,0.000527837,0.000307238,0.061138798
1751976396.08889,0.000699361,0.000944149,0.061170981
1751976396.09095,0.000699361,0.000944149,0.061170981
1751976396.09295,0.000699361,0.000944149,0.061170981
1751976396.09492,0.000699361,0.000944149,0.061170981
1751976396.09694,0.000699361,0.000944149,0.061170981
1751976396.09894,0.000699361,0.000944149,0.061170981
1751976396.10094,0.000893348,0.001533411,0.061218659
1751976396.10296,0.000893348,0.001533411,0.061218659
1751976396.10495,0.000893348,0.001533411,0.061218659
1751976396.10696,0.000893348,0.001533411,0.061218659
1751976396.10897,0.000893348,0.001533411,0.061218659
1751976396.11095,0.001133522,0.001859592,0.06131594
1751976396.11294,0.001133522,0.001859592,0.06131594
1751976396.11494,0.001133522,0.001859592,0.06131594
1751976396.11695,0.001133522,0.001859592,0.06131594
1751976396.11896,0.001133522,0.001859592,0.06131594
1751976396.12092,0.001133522,0.001859592,0.06131594
1751976396.12296,0.001284309,0.002247949,0.061385022
1751976396.12496,0.001284309,0.002247949,0.061385022
1751976396.12694,0.001284309,0.002247949,0.061385022
1751976396.12901,0.001284309,0.002247949,0.061385022
1751976396.13095,0.001284309,0.002247949,0.061385022
1751976396.13295,0.001420037,0.002610082,0.061538387
1751976396.13495,0.001420037,0.002610082,0.061538387
1751976396.137,0.001420037,0.002610082,0.061538387
1751976396.13895,0.001420037,0.002610082,0.061538387
1751976396.1409,0.001420037,0.002610082,0.061538387
1751976396.14296,0.001420037,0.002610082,0.061538387
1751976396.14495,0.001692714,0.003125526,0.061694367
1751976396.14694,0.001692714,0.003125526,0.061694367
1751976396.14896,0.001692714,0.003125526,0.061694367
1751976396.15096,0.001692714,0.003125526,0.061694367
1751976396.15293,0.001692714,0.003125526,0.061694367
1751976396.15497,0.001692714,0.003125526,0.061694367
1751976396.15694,0.001996106,0.003707635,0.061890643
1751976396.15893,0.001996106,0.003707635,0.061890643
1751976396.16096,0.001996106,0.003707635,0.061890643
1751976396.16297,0.001996106,0.003707635,0.061890643
1751976396.16494,0.001996106,0.003707635,0.061890643
1751976396.16694,0.001996106,0.003707635,0.061890643
1751976396.16895,0.002249709,0.004248947,0.061978113
1751976396.17102,0.002249709,0.004248947,0.061978113
1751976396.17296,0.002249709,0.004248947,0.061978113
1751976396.17496,0.002249709,0.004248947,0.061978113
1751976396.17696,0.002249709,0.004248947,0.061978113
1751976396.17893,0.002539772,0.004677889,0.06207177
1751976396.18095,0.002539772,0.004677889,0.06207177
1751976396.18295,0.002539772,0.004677889,0.06207177
1751976396.18495,0.002539772,0.004677889,0.06207177
1751976396.18693,0.002539772,0.004677889,0.06207177
1751976396.18896,0.002539772,0.004677889,0.06207177
1751976396.19095,0.002768006,0.005114148,0.062241352
1751976396.19293,0.002768006,0.005114148,0.062241352
1751976396.19493,0.002768006,0.005114148,0.062241352
1751976396.19694,0.002768006,0.005114148,0.062241352
1751976396.19893,0.002768006,0.005114148,0.062241352
1751976396.20095,0.002945918,0.005564123,0.062361918
1751976396.20302,0.002945918,0.005564123,0.062361918
1751976396.205,0.002945918,0.005564123,0.062361918
1751976396.20695,0.002945918,0.005564123,0.062361918
1751976396.20897,0.002945918,0.005564123,0.062361918
1751976396.21096,0.003209389,0.005980769,0.062439028
1751976396.21297,0.003209389,0.005980769,0.062439028
1751976396.21496,0.003209389,0.005980769,0.062439028
1751976396.21695,0.003209389,0.005980769,0.062439028
1751976396.21889,0.003209389,0.005980769,0.062439028
1751976396.22095,0.003209389,0.005980769,0.062439028
1751976396.22295,0.00341873,0.006558446,0.062590078
1751976396.22495,0.00341873,0.006558446,0.062590078
1751976396.22693,0.00341873,0.006558446,0.062590078
1751976396.22894,0.00341873,0.006558446,0.062590078
1751976396.23095,0.00341873,0.006558446,0.062590078
1751976396.23295,0.003593491,0.006976025,0.062635676
1751976396.23494,0.003593491,0.006976025,0.062635676
1751976396.23694,0.003593491,0.006976025,0.062635676
1751976396.23895,0.003593491,0.006976025,0.062635676
1751976396.24095,0.003593491,0.006976025,0.062635676
1751976396.24294,0.003762987,0.007290869,0.062774465
1751976396.24495,0.003762987,0.007290869,0.062774465
1751976396.24694,0.003762987,0.007290869,0.062774465
1751976396.24893,0.003762987,0.007290869,0.062774465
1751976396.25094,0.003762987,0.007290869,0.062774465
1751976396.25306,0.003762987,0.007290869,0.062774465
1751976396.25497,0.003926554,0.007703227,0.062841112
1751976396.25697,0.003926554,0.007703227,0.062841112
1751976396.25895,0.003926554,0.007703227,0.062841112
1751976396.26096,0.003926554,0.007703227,0.062841112
1751976396.26296,0.003926554,0.007703227,0.062841112
1751976396.26501,0.003926554,0.007703227,0.062841112
1751976396.26698,0.004045662,0.008020944,0.062900794
1751976396.26896,0.004045662,0.008020944,0.062900794
1751976396.27096,0.004045662,0.008020944,0.062900794
1751976396.27297,0.004045662,0.008020944,0.062900794
1751976396.27494,0.004045662,0.008020944,0.062900794
1751976396.27694,0.004045662,0.008020944,0.062900794
1751976396.27893,0.004250874,0.008503762,0.06299777
1751976396.28096,0.004250874,0.008503762,0.06299777
1751976396.28294,0.004250874,0.008503762,0.06299777
1751976396.28493,0.004250874,0.008503762,0.06299777
1751976396.28705,0.004250874,0.008503762,0.06299777
1751976396.28894,0.004307204,0.008856606,0.063001648
1751976396.29095,0.004307204,0.008856606,0.063001648
1751976396.29296,0.004307204,0.008856606,0.063001648
1751976396.29497,0.004307204,0.008856606,0.063001648
1751976396.29705,0.004307204,0.008856606,0.063001648
1751976396.29901,0.00449813,0.009278607,0.063117145
1751976396.30097,0.00449813,0.009278607,0.063117145
1751976396.30297,0.00449813,0.009278607,0.063117145
1751976396.30502,0.00449813,0.009278607,0.063117145
1751976396.307,0.00449813,0.009278607,0.063117145
1751976396.30892,0.00449813,0.009278607,0.063117145
1751976396.31094,0.004667199,0.009543862,0.063199522
1751976396.31296,0.004667199,0.009543862,0.063199522
1751976396.31495,0.004667199,0.009543862,0.063199522
1751976396.31693,0.004667199,0.009543862,0.063199522
1751976396.31896,0.004667199,0.009543862,0.063199522
1751976396.32093,0.004793212,0.009744452,0.063215787
1751976396.32295,0.004793212,0.009744452,0.063215787
1751976396.32494,0.004793212,0.009744452,0.063215787
1751976396.327,0.004793212,0.009744452,0.063215787
1751976396.32897,0.004793212,0.009744452,0.063215787
1751976396.33096,0.004793212,0.009744452,0.063215787
1751976396.33298,0.004986792,0.009884556,0.063245727
1751976396.33494,0.004986792,0.009884556,0.063245727
1751976396.33698,0.004986792,0.009884556,0.063245727
1751976396.33896,0.004986792,0.009884556,0.063245727
1751976396.34093,0.004986792,0.009884556,0.063245727
1751976396.34296,0.004986792,0.009884556,0.063245727
1751976396.34496,0.005028847,0.010254008,0.063258949
1751976396.347,0.005028847,0.010254008,0.063258949
1751976396.34895,0.005028847,0.010254008,0.063258949
1751976396.35094,0.005028847,0.010254008,0.063258949
1751976396.35303,0.005028847,0.010254008,0.063258949
1751976396.35499,0.005087291,0.01063853,0.063244753
1751976396.35694,0.005087291,0.01063853,0.063244753
1751976396.35895,0.005087291,0.01063853,0.063244753
1751976396.36097,0.005087291,0.01063853,0.063244753
1751976396.36296,0.005087291,0.01063853,0.063244753
1751976396.36499,0.005087291,0.01063853,0.063244753
1751976396.36695,0.005234959,0.011114613,0.063327013
1751976396.36894,0.005234959,0.011114613,0.063327013
1751976396.37096,0.005234959,0.011114613,0.063327013
1751976396.37305,0.005234959,0.011114613,0.063327013
1751976396.37495,0.005234959,0.011114613,0.063327013
1751976396.37695,0.005234959,0.011114613,0.063327013
1751976396.37898,0.005372505,0.011491128,0.0633169
1751976396.38095,0.005372505,0.011491128,0.0633169
1751976396.38297,0.005372505,0.011491128,0.0633169
1751976396.38497,0.005372505,0.011491128,0.0633169
1751976396.38697,0.005372505,0.011491128,0.0633169
1751976396.38897,0.005593438,0.011756279,0.063393279
1751976396.39088,0.005593438,0.011756279,0.063393279
1751976396.39297,0.005593438,0.011756279,0.063393279
1751976396.39498,0.005593438,0.011756279,0.063393279
1751976396.39697,0.005593438,0.011756279,0.063393279
1751976396.39896,0.005593438,0.011756279,0.063393279
1751976396.40095,0.005803737,0.012141098,0.063540557
1751976396.40294,0.005803737,0.012141098,0.063540557
1751976396.40495,0.005803737,0.012141098,0.063540557
1751976396.40697,0.005803737,0.012141098,0.063540557
1751976396.40893,0.005803737,0.012141098,0.063540557
1751976396.41094,0.005803737,0.012141098,0.063540557
1751976396.41295,0.005970394,0.012671209,0.063658724
1751976396.41498,0.005970394,0.012671209,0.063658724
1751976396.41692,0.005970394,0.012671209,0.063658724
1751976396.41897,0.005970394,0.012671209,0.063658724
1751976396.42095,0.005970394,0.012671209,0.063658724
1751976396.42294,0.005970394,0.012671209,0.063658724
1751976396.425,0.006066258,0.013142084,0.063701354
1751976396.42701,0.006066258,0.013142084,0.063701354
1751976396.429,0.006066258,0.013142084,0.063701354
1751976396.43096,0.006066258,0.013142084,0.063701354
1751976396.43294,0.006066258,0.013142084,0.063701354
1751976396.43495,0.00620282,0.013449588,0.063850862
1751976396.43694,0.00620282,0.013449588,0.063850862
1751976396.43893,0.00620282,0.013449588,0.063850862
1751976396.44094,0.00620282,0.013449588,0.063850862
1751976396.44294,0.00620282,0.013449588,0.063850862
1751976396.44493,0.00639956,0.013772047,0.063893284
1751976396.44695,0.00639956,0.013772047,0.063893284
1751976396.44898,0.00639956,0.013772047,0.063893284
1751976396.45093,0.00639956,0.013772047,0.063893284
1751976396.45295,0.00639956,0.013772047,0.063893284
1751976396.45498,0.006582958,0.014012874,0.064008042
1751976396.45695,0.006582958,0.014012874,0.064008042
1751976396.45893,0.006582958,0.014012874,0.064008042
1751976396.46099,0.006582958,0.014012874,0.064008042
1751976396.46299,0.006582958,0.014012874,0.064008042
1751976396.46499,0.006582958,0.014012874,0.064008042
1751976396.46698,0.006764882,0.014229615,0.064083539
1751976396.46895,0.006764882,0.014229615,0.064083539
1751976396.47097,0.006764882,0.014229615,0.064083539
1751976396.47298,0.006764882,0.014229615,0.064083539
1751976396.47499,0.006764882,0.014229615,0.064083539
1751976396.47695,0.006764882,0.014229615,0.064083539
1751976396.47983,0.006726997,0.014581458,0.064088958
1751976396.48186,0.006726997,0.014581458,0.064088958
1751976396.48347,0.006726997,0.014581458,0.064088958
1751976396.48495,0.006726997,0.014581458,0.064088958
1751976396.48695,0.006726997,0.014581458,0.064088958
1751976396.48897,0.006726997,0.014581458,0.064088958
1751976396.49097,0.006899379,0.014934972,0.064151635
1751976396.49295,0.006899379,0.014934972,0.064151635
1751976396.49494,0.006899379,0.014934972,0.064151635
1751976396.49698,0.006899379,0.014934972,0.064151635
1751976396.49894,0.006899379,0.014934972,0.064151635
1751976396.50095,0.006968414,0.015258369,0.064201161
1751976396.50295,0.006968414,0.015258369,0.064201161
1751976396.50495,0.006968414,0.015258369,0.064201161
1751976396.507,0.006968414,0.015258369,0.064201161
1751976396.50899,0.006968414,0.015258369,0.064201161
1751976396.51097,0.007130816,0.015483528,0.064265168
1751976396.51296,0.007130816,0.015483528,0.064265168
1751976396.51499,0.007130816,0.015483528,0.064265168
1751976396.51701,0.007130816,0.015483528,0.064265168
1751976396.51893,0.007130816,0.015483528,0.064265168
1751976396.52094,0.007130816,0.015483528,0.064265168
1751976396.52296,0.007399853,0.015661133,0.064429582
1751976396.52499,0.007399853,0.015661133,0.064429582
1751976396.52696,0.007399853,0.015661133,0.064429582
1751976396.52907,0.007399853,0.015661133,0.064429582
1751976396.53096,0.007399853,0.015661133,0.064429582
1751976396.53295,0.007399853,0.015661133,0.064429582
1751976396.53497,0.007527605,0.0158792,0.064424527
1751976396.53693,0.007527605,0.0158792,0.064424527
1751976396.53895,0.007527605,0.0158792,0.064424527
1751976396.54096,0.007527605,0.0158792,0.064424527
1751976396.54297,0.007527605,0.0158792,0.064424527
1751976396.54495,0.007687849,0.016008579,0.064505563
1751976396.54694,0.007687849,0.016008579,0.064505563
1751976396.549,0.007687849,0.016008579,0.064505563
1751976396.551,0.007687849,0.016008579,0.064505563
1751976396.55307,0.007687849,0.016008579,0.064505563
1751976396.55496,0.007687849,0.016008579,0.064505563
1751976396.55698,0.007611936,0.016243004,0.064529082
1751976396.55894,0.007611936,0.016243004,0.064529082
1751976396.56098,0.007611936,0.016243004,0.064529082
1751976396.56299,0.007611936,0.016243004,0.064529082
1751976396.56494,0.007611936,0.016243004,0.064529082
1751976396.56696,0.007668076,0.01640947,0.064555518
1751976396.56897,0.007668076,0.01640947,0.064555518
1751976396.57095,0.007668076,0.01640947,0.064555518
1751976396.57295,0.007668076,0.01640947,0.064555518
1751976396.57495,0.007668076,0.01640947,0.064555518
1751976396.57695,0.007724213,0.016453842,0.064563822
1751976396.57895,0.007724213,0.016453842,0.064563822
1751976396.58095,0.007724213,0.016453842,0.064563822
1751976396.58296,0.007724213,0.016453842,0.064563822
1751976396.58493,0.007724213,0.016453842,0.064563822
1751976396.58695,0.007724213,0.016453842,0.064563822
1751976396.58894,0.007749014,0.016364361,0.064584277
1751976396.59096,0.007749014,0.016364361,0.064584277
1751976396.59295,0.007749014,0.016364361,0.064584277
1751976396.59495,0.007749014,0.016364361,0.064584277
1751976396.59701,0.007749014,0.016364361,0.064584277
1751976396.59907,0.00771305,0.016322525,0.064618718
1751976396.60096,0.00771305,0.016322525,0.064618718
1751976396.60294,0.00771305,0.016322525,0.064618718
1751976396.60493,0.00771305,0.016322525,0.064618718
1751976396.60693,0.00771305,0.016322525,0.064618718
1751976396.60891,0.00771305,0.016322525,0.064618718
1751976396.61094,0.007553135,0.016212397,0.06458407
1751976396.61293,0.007553135,0.016212397,0.06458407
1751976396.61499,0.007553135,0.016212397,0.06458407
1751976396.61694,0.007553135,0.016212397,0.06458407
1751976396.61894,0.007553135,0.016212397,0.06458407
1751976396.62094,0.00747006,0.016137575,0.064544553
1751976396.62295,0.00747006,0.016137575,0.064544553
1751976396.62495,0.00747006,0.016137575,0.064544553
1751976396.62693,0.00747006,0.016137575,0.064544553
1751976396.62894,0.00747006,0.016137575,0.064544553
1751976396.63094,0.00747006,0.016137575,0.064544553
1751976396.63294,0.007267103,0.01598519,0.064553203
1751976396.63496,0.007267103,0.01598519,0.064553203
1751976396.63696,0.007267103,0.01598519,0.064553203
1751976396.63897,0.007267103,0.01598519,0.064553203
1751976396.64096,0.007267103,0.01598519,0.064553203
1751976396.64295,0.007267103,0.01598519,0.064553203
1751976396.6449,0.00715219,0.015757254,0.06450787
1751976396.64697,0.00715219,0.015757254,0.06450787
1751976396.64896,0.00715219,0.015757254,0.06450787
1751976396.65096,0.00715219,0.015757254,0.06450787
1751976396.65294,0.00715219,0.015757254,0.06450787
1751976396.65497,0.007123836,0.015495952,0.064503031
1751976396.65696,0.007123836,0.015495952,0.064503031
1751976396.65894,0.007123836,0.015495952,0.064503031
1751976396.66099,0.007123836,0.015495952,0.064503031
1751976396.66296,0.007123836,0.015495952,0.064503031
1751976396.66494,0.007123836,0.015495952,0.064503031
1751976396.66694,0.007006343,0.015138078,0.064462448
1751976396.66892,0.007006343,0.015138078,0.064462448
1751976396.67094,0.007006343,0.015138078,0.064462448
1751976396.67293,0.007006343,0.015138078,0.064462448
1751976396.67493,0.007006343,0.015138078,0.064462448
1751976396.67696,0.007006343,0.015138078,0.064462448
1751976396.67894,0.006903407,0.014871689,0.064488745
1751976396.68101,0.006903407,0.014871689,0.064488745
1751976396.68299,0.006903407,0.014871689,0.064488745
1751976396.68501,0.006903407,0.014871689,0.064488745
1751976396.68699,0.006903407,0.014871689,0.064488745
1751976396.68891,0.006903407,0.014871689,0.064488745
1751976396.69096,0.006831344,0.014812982,0.064421527
1751976396.69294,0.006831344,0.014812982,0.064421527
1751976396.69495,0.006831344,0.014812982,0.064421527
1751976396.69695,0.006831344,0.014812982,0.064421527
1751976396.69901,0.006831344,0.014812982,0.064421527
1751976396.70097,0.00677525,0.014638316,0.064339626
1751976396.70294,0.00677525,0.014638316,0.064339626
1751976396.70496,0.00677525,0.014638316,0.064339626
1751976396.70693,0.00677525,0.014638316,0.064339626
1751976396.70894,0.00677525,0.014638316,0.064339626
1751976396.71095,0.00677525,0.014638316,0.064339626
1751976396.71295,0.006658237,0.014388172,0.064227755
1751976396.71494,0.006658237,0.014388172,0.064227755
1751976396.71695,0.006658237,0.014388172,0.064227755
1751976396.71889,0.006658237,0.014388172,0.064227755
1751976396.72098,0.006658237,0.014388172,0.064227755
1751976396.72296,0.006658237,0.014388172,0.064227755
1751976396.72505,0.006533962,0.014195133,0.064194877
1751976396.72697,0.006533962,0.014195133,0.064194877
1751976396.72896,0.006533962,0.014195133,0.064194877
1751976396.73097,0.006533962,0.014195133,0.064194877
1751976396.73295,0.006533962,0.014195133,0.064194877
1751976396.73495,0.006530984,0.013917067,0.064215646
1751976396.73694,0.006530984,0.013917067,0.064215646
1751976396.73896,0.006530984,0.013917067,0.064215646
1751976396.74093,0.006530984,0.013917067,0.064215646
1751976396.74296,0.006530984,0.013917067,0.064215646
1751976396.74495,0.00644712,0.01367094,0.06414969
1751976396.74695,0.00644712,0.01367094,0.06414969
1751976396.74894,0.00644712,0.01367094,0.06414969
1751976396.75094,0.00644712,0.01367094,0.06414969
1751976396.75294,0.00644712,0.01367094,0.06414969
1751976396.75493,0.00644712,0.01367094,0.06414969
1751976396.75695,0.006369519,0.013432756,0.064099253
1751976396.75898,0.006369519,0.013432756,0.064099253
1751976396.76098,0.006369519,0.013432756,0.064099253
1751976396.76296,0.006369519,0.013432756,0.064099253
1751976396.76497,0.006369519,0.013432756,0.064099253
1751976396.76698,0.006256981,0.013324051,0.064085376
1751976396.76895,0.006256981,0.013324051,0.064085376
1751976396.77092,0.006256981,0.013324051,0.064085376
1751976396.77299,0.006256981,0.013324051,0.064085376
1751976396.77495,0.006256981,0.013324051,0.064085376
1751976396.77696,0.006256981,0.013324051,0.064085376
1751976396.77901,0.006164808,0.013023963,0.064082127
1751976396.78096,0.006164808,0.013023963,0.064082127
1751976396.78295,0.006164808,0.013023963,0.064082127
1751976396.78497,0.006164808,0.013023963,0.064082127
1751976396.78696,0.006164808,0.013023963,0.064082127
1751976396.78895,0.006164808,0.013023963,0.064082127
1751976396.79095,0.006053154,0.012613284,0.063972278
1751976396.79295,0.006053154,0.012613284,0.063972278
1751976396.79493,0.006053154,0.012613284,0.063972278
1751976396.79696,0.006053154,0.012613284,0.063972278
1751976396.79895,0.006053154,0.012613284,0.063972278
1751976396.80095,0.00600383,0.012234942,0.063939429
1751976396.80296,0.00600383,0.012234942,0.063939429
1751976396.80498,0.00600383,0.012234942,0.063939429
1751976396.8071,0.00600383,0.012234942,0.063939429
1751976396.80908,0.00600383,0.012234942,0.063939429
1751976396.81102,0.005798742,0.011901153,0.063843477
1751976396.81301,0.005798742,0.011901153,0.063843477
1751976396.81498,0.005798742,0.011901153,0.063843477
1751976396.81696,0.005798742,0.011901153,0.063843477
1751976396.81898,0.005798742,0.011901153,0.063843477
1751976396.82097,0.005798742,0.011901153,0.063843477
1751976396.82294,0.005741986,0.01148113,0.063834375
1751976396.82495,0.005741986,0.01148113,0.063834375
1751976396.82699,0.005741986,0.01148113,0.063834375
1751976396.82896,0.005741986,0.01148113,0.063834375
1751976396.83097,0.005741986,0.01148113,0.063834375
1751976396.83299,0.005741986,0.01148113,0.063834375
1751976396.83488,0.005583005,0.011081373,0.063628891
1751976396.83694,0.005583005,0.011081373,0.063628891
1751976396.83905,0.005583005,0.011081373,0.063628891
1751976396.84098,0.005583005,0.011081373,0.063628891
1751976396.84301,0.005583005,0.011081373,0.063628891
1751976396.84495,0.005583005,0.011081373,0.063628891
1751976396.84697,0.005456335,0.010715283,0.063457329
1751976396.84897,0.005456335,0.010715283,0.063457329
1751976396.85098,0.005456335,0.010715283,0.063457329
1751976396.85302,0.005456335,0.010715283,0.063457329
1751976396.85499,0.005456335,0.010715283,0.063457329
1751976396.85697,0.005436899,0.0103363,0.063356552
1751976396.85897,0.005436899,0.0103363,0.063356552
1751976396.86097,0.005436899,0.0103363,0.063356552
1751976396.86297,0.005436899,0.0103363,0.063356552
1751976396.86494,0.005436899,0.0103363,0.063356552
1751976396.86698,0.005436899,0.0103363,0.063356552
1751976396.86898,0.00539234,0.009890599,0.063314946
1751976396.87097,0.00539234,0.009890599,0.063314946
1751976396.87298,0.00539234,0.009890599,0.063314946
1751976396.87496,0.00539234,0.009890599,0.063314946
1751976396.87698,0.00539234,0.009890599,0.063314946
1751976396.87897,0.00539234,0.009890599,0.063314946
1751976396.8811,0.005346764,0.009424624,0.063297846
1751976396.88298,0.005346764,0.009424624,0.063297846
1751976396.88498,0.005346764,0.009424624,0.063297846
1751976396.88706,0.005346764,0.009424624,0.063297846
1751976396.88895,0.005346764,0.009424624,0.063297846
1751976396.89096,0.005229021,0.008976947,0.063262016
1751976396.89296,0.005229021,0.008976947,0.063262016
1751976396.89505,0.005229021,0.008976947,0.063262016
1751976396.89696,0.005229021,0.008976947,0.063262016
1751976396.89898,0.005229021,0.008976947,0.063262016
1751976396.901,0.005054374,0.008598728,0.063136032
1751976396.90298,0.005054374,0.008598728,0.063136032
1751976396.90499,0.005054374,0.008598728,0.063136032
1751976396.90697,0.005054374,0.008598728,0.063136032
1751976396.909,0.005054374,0.008598728,0.063136032
1751976396.91095,0.005054374,0.008598728,0.063136032
1751976396.91294,0.004912251,0.008096375,0.063063064
1751976396.91496,0.004912251,0.008096375,0.063063064
1751976396.91696,0.004912251,0.008096375,0.063063064
1751976396.91896,0.004912251,0.008096375,0.063063064
1751976396.92102,0.004912251,0.008096375,0.063063064
1751976396.92296,0.004744887,0.007632565,0.06295471
1751976396.92495,0.004744887,0.007632565,0.06295471
1751976396.92695,0.004744887,0.007632565,0.06295471
1751976396.92896,0.004744887,0.007632565,0.06295471
1751976396.93094,0.004744887,0.007632565,0.06295471
1751976396.93295,0.004744887,0.007632565,0.06295471
1751976396.93501,0.00463592,0.007008354,0.062890311
1751976396.93702,0.00463592,0.007008354,0.062890311
1751976396.939,0.00463592,0.007008354,0.062890311
1751976396.94104,0.00463592,0.007008354,0.062890311
1751976396.94296,0.00463592,0.007008354,0.062890311
1751976396.94491,0.00434515,0.006384667,0.062786595
1751976396.94705,0.00434515,0.006384667,0.062786595
1751976396.94895,0.00434515,0.006384667,0.062786595
1751976396.95096,0.00434515,0.006384667,0.062786595
1751976396.95297,0.00434515,0.006384667,0.062786595
1751976396.95495,0.004099471,0.005905891,0.062627325
1751976396.95694,0.004099471,0.005905891,0.062627325
1751976396.95898,0.004099471,0.005905891,0.062627325
1751976396.96095,0.004099471,0.005905891,0.062627325
1751976396.96297,0.004099471,0.005905891,0.062627325
1751976396.96496,0.004099471,0.005905891,0.062627325
1751976396.96696,0.00382113,0.005316747,0.062445195
1751976396.96892,0.00382113,0.005316747,0.062445195
1751976396.97097,0.00382113,0.005316747,0.062445195
1751976396.97296,0.00382113,0.005316747,0.062445195
1751976396.97496,0.00382113,0.005316747,0.062445195
1751976396.97701,0.003623794,0.004815509,0.062200053
1751976396.97907,0.003623794,0.004815509,0.062200053
1751976396.98096,0.003623794,0.004815509,0.062200053
1751976396.98296,0.003623794,0.004815509,0.062200053
1751976396.98492,0.003623794,0.004815509,0.062200053
1751976396.98695,0.003623794,0.004815509,0.062200053
1751976396.98895,0.003444808,0.004198465,0.062027161
1751976396.99098,0.003444808,0.004198465,0.062027161
1751976396.99297,0.003444808,0.004198465,0.062027161
1751976396.99495,0.003444808,0.004198465,0.062027161
1751976396.99694,0.003444808,0.004198465,0.062027161
1751976396.99895,0.003164926,0.003714629,0.061844147
1751976397.00099,0.003164926,0.003714629,0.061844147
1751976397.00295,0.003164926,0.003714629,0.061844147
1751976397.00499,0.003164926,0.003714629,0.061844147
1751976397.00695,0.003164926,0.003714629,0.061844147
1751976397.00893,0.003164926,0.003714629,0.061844147
1751976397.01098,0.002800003,0.003036025,0.061498402
1751976397.01293,0.002800003,0.003036025,0.061498402
1751976397.01493,0.002800003,0.003036025,0.061498402
1751976397.01689,0.002800003,0.003036025,0.061498402
1751976397.01896,0.002800003,0.003036025,0.061498402
1751976397.02098,0.002569133,0.002540809,0.061327482
1751976397.02297,0.002569133,0.002540809,0.061327482
1751976397.02499,0.002569133,0.002540809,0.061327482
1751976397.02697,0.002569133,0.002540809,0.061327482
1751976397.02898,0.002569133,0.002540809,0.061327482
1751976397.03103,0.002319749,0.00213483,0.061255133
1751976397.03296,0.002319749,0.00213483,0.061255133
1751976397.03495,0.002319749,0.00213483,0.061255133
1751976397.03694,0.002319749,0.00213483,0.061255133
1751976397.03896,0.002319749,0.00213483,0.061255133
1751976397.04099,0.002319749,0.00213483,0.061255133
1751976397.04295,0.002029583,0.001721739,0.061082548
1751976397.04495,0.002029583,0.001721739,0.061082548
1751976397.04695,0.002029583,0.001721739,0.061082548
1751976397.04897,0.002029583,0.001721739,0.061082548
1751976397.05093,0.002029583,0.001721739,0.061082548
1751976397.05295,0.002029583,0.001721739,0.061082548
1751976397.05493,0.001777597,0.001288379,0.060880368
1751976397.05695,0.001777597,0.001288379,0.060880368
1751976397.05894,0.001777597,0.001288379,0.060880368
1751976397.06101,0.001777597,0.001288379,0.060880368
1751976397.06289,0.001777597,0.001288379,0.060880368
1751976397.06503,0.001777597,0.001288379,0.060880368
1751976397.06701,0.001620067,0.000866831,0.060797563
1751976397.069,0.001620067,0.000866831,0.060797563
1751976397.07096,0.001620067,0.000866831,0.060797563
1751976397.07297,0.001620067,0.000866831,0.060797563
1751976397.07496,0.001620067,0.000866831,0.060797563
1751976397.07696,0.001620067,0.000866831,0.060797563
1751976397.079,0.001470504,0.000379078,0.060777445
1751976397.08097,0.001470504,0.000379078,0.060777445
1751976397.08295,0.001470504,0.000379078,0.060777445
1751976397.08499,0.001470504,0.000379078,0.060777445
1751976397.08696,0.001470504,0.000379078,0.060777445
1751976397.08894,0.001470504,0.000379078,0.060777445
1751976397.09096,0.001199718,-0.000166497,0.060505421
1751976397.09299,0.001199718,-0.000166497,0.060505421
1751976397.09493,0.001199718,-0.000166497,0.060505421
1751976397.09696,0.001199718,-0.000166497,0.060505421
1751976397.09896,0.001199718,-0.000166497,0.060505421
1751976397.10095,0.001199718,-0.000166497,0.060505421
1751976397.10295,0.000937333,-0.000775185,0.060423129
1751976397.10497,0.000937333,-0.000775185,0.060423129
1751976397.10703,0.000937333,-0.000775185,0.060423129
1751976397.10895,0.000937333,-0.000775185,0.060423129
1751976397.11099,0.000937333,-0.000775185,0.060423129
1751976397.11295,0.000937333,-0.000775185,0.060423129
1751976397.11494,0.000555396,-0.00153648,0.060265775
1751976397.11696,0.000555396,-0.00153648,0.060265775
1751976397.11897,0.000555396,-0.00153648,0.060265775
1751976397.12095,0.000555396,-0.00153648,0.060265775
1751976397.12294,0.000555396,-0.00153648,0.060265775
1751976397.12496,0.000555396,-0.00153648,0.060265775
1751976397.12694,0.00015196,-0.002267797,0.059872166
1751976397.12897,0.00015196,-0.002267797,0.059872166
1751976397.13097,0.00015196,-0.002267797,0.059872166
1751976397.13295,0.00015196,-0.002267797,0.059872166
1751976397.13494,0.00015196,-0.002267797,0.059872166
1751976397.13698,0.00015196,-0.002267797,0.059872166
1751976397.13894,-0.000239863,-0.003248193,0.059596926
1751976397.14094,-0.000239863,-0.003248193,0.059596926
1751976397.14294,-0.000239863,-0.003248193,0.059596926
1751976397.14496,-0.000239863,-0.003248193,0.059596926
1751976397.14694,-0.000239863,-0.003248193,0.059596926
1751976397.14895,-0.000239863,-0.003248193,0.059596926
1751976397.15095,-0.000556098,-0.004113781,0.059340963
1751976397.15294,-0.000556098,-0.004113781,0.059340963
1751976397.15494,-0.000556098,-0.004113781,0.059340963
1751976397.157,-0.000556098,-0.004113781,0.059340963
1751976397.15895,-0.000556098,-0.004113781,0.059340963
1751976397.16097,-0.000976859,-0.004961368,0.059034194
1751976397.16298,-0.000976859,-0.004961368,0.059034194
1751976397.16495,-0.000976859,-0.004961368,0.059034194
1751976397.16694,-0.000976859,-0.004961368,0.059034194
1751976397.16895,-0.000976859,-0.004961368,0.059034194
1751976397.17094,-0.000976859,-0.004961368,0.059034194
1751976397.17294,-0.001194934,-0.005825486,0.058846734
1751976397.17494,-0.001194934,-0.005825486,0.058846734
1751976397.17698,-0.001194934,-0.005825486,0.058846734
1751976397.17894,-0.001194934,-0.005825486,0.058846734
1751976397.181,-0.001194934,-0.005825486,0.058846734
1751976397.18288,-0.001194934,-0.005825486,0.058846734
1751976397.18495,-0.001584287,-0.006631386,0.058564387
1751976397.18693,-0.001584287,-0.006631386,0.058564387
1751976397.1889,-0.001584287,-0.006631386,0.058564387
1751976397.19096,-0.001584287,-0.006631386,0.058564387
1751976397.19305,-0.001584287,-0.006631386,0.058564387
1751976397.19502,-0.001942289,-0.007312384,0.05825629
1751976397.19699,-0.001942289,-0.007312384,0.05825629
1751976397.19897,-0.001942289,-0.007312384,0.05825629
1751976397.20097,-0.001942289,-0.007312384,0.05825629
1751976397.20299,-0.001942289,-0.007312384,0.05825629
1751976397.20499,-0.001942289,-0.007312384,0.05825629
1751976397.20698,-0.002122579,-0.007917328,0.058061236
1751976397.20896,-0.002122579,-0.007917328,0.058061236
1751976397.211,-0.002122579,-0.007917328,0.058061236
1751976397.21296,-0.002122579,-0.007917328,0.058061236
1751976397.21493,-0.002122579,-0.007917328,0.058061236
1751976397.21696,-0.002122579,-0.007917328,0.058061236
1751976397.21895,-0.002246594,-0.008575913,0.057964603
1751976397.22099,-0.002246594,-0.008575913,0.057964603
1751976397.22295,-0.002246594,-0.008575913,0.057964603
1751976397.22497,-0.002246594,-0.008575913,0.057964603
1751976397.22699,-0.002246594,-0.008575913,0.057964603
1751976397.22897,-0.002479898,-0.009045877,0.057868173
1751976397.23096,-0.002479898,-0.009045877,0.057868173
1751976397.23295,-0.002479898,-0.009045877,0.057868173
1751976397.23497,-0.002479898,-0.009045877,0.057868173
1751976397.23701,-0.002479898,-0.009045877,0.057868173
1751976397.23902,-0.002648385,-0.00947837,0.057727726
1751976397.24103,-0.002648385,-0.00947837,0.057727726
1751976397.24294,-0.002648385,-0.00947837,0.057727726
1751976397.24496,-0.002648385,-0.00947837,0.057727726
1751976397.24695,-0.002648385,-0.00947837,0.057727726
1751976397.24895,-0.002648385,-0.00947837,0.057727726
1751976397.25095,-0.002816267,-0.009816261,0.057607624
1751976397.25293,-0.002816267,-0.009816261,0.057607624
1751976397.25494,-0.002816267,-0.009816261,0.057607624
1751976397.25697,-0.002816267,-0.009816261,0.057607624
1751976397.25897,-0.002816267,-0.009816261,0.057607624
1751976397.26099,-0.002816267,-0.009816261,0.057607624
1751976397.26292,-0.002854483,-0.010253375,0.057539853
1751976397.26501,-0.002854483,-0.010253375,0.057539853
1751976397.26693,-0.002854483,-0.010253375,0.057539853
1751976397.26895,-0.002854483,-0.010253375,0.057539853
1751976397.27095,-0.002854483,-0.010253375,0.057539853
1751976397.27293,-0.002854483,-0.010253375,0.057539853
1751976397.27494,-0.002950134,-0.010828975,0.057474512
1751976397.27696,-0.002950134,-0.010828975,0.057474512
1751976397.27895,-0.002950134,-0.010828975,0.057474512
1751976397.28097,-0.002950134,-0.010828975,0.057474512
1751976397.28296,-0.002950134,-0.010828975,0.057474512
1751976397.28494,-0.0031888,-0.011338508,0.057306299
1751976397.28694,-0.0031888,-0.011338508,0.057306299
1751976397.28898,-0.0031888,-0.011338508,0.057306299
1751976397.29098,-0.0031888,-0.011338508,0.057306299
1751976397.29298,-0.0031888,-0.011338508,0.057306299
1751976397.29495,-0.0031888,-0.011338508,0.057306299
1751976397.29694,-0.003306633,-0.012048147,0.057128104
1751976397.29896,-0.003306633,-0.012048147,0.057128104
1751976397.30097,-0.003306633,-0.012048147,0.057128104
1751976397.30293,-0.003306633,-0.012048147,0.057128104
1751976397.30499,-0.003306633,-0.012048147,0.057128104
1751976397.30693,-0.003349211,-0.012628954,0.057142273
1751976397.30896,-0.003349211,-0.012628954,0.057142273
1751976397.31093,-0.003349211,-0.012628954,0.057142273
1751976397.31295,-0.003349211,-0.012628954,0.057142273
1751976397.31493,-0.003349211,-0.012628954,0.057142273
1751976397.31698,-0.003349211,-0.012628954,0.057142273
1751976397.31896,-0.003623496,-0.013298933,0.056911141
1751976397.32099,-0.003623496,-0.013298933,0.056911141
1751976397.323,-0.003623496,-0.013298933,0.056911141
1751976397.325,-0.003623496,-0.013298933,0.056911141
1751976397.32695,-0.003623496,-0.013298933,0.056911141
1751976397.32894,-0.003623496,-0.013298933,0.056911141
1751976397.3309,-0.003801755,-0.013880323,0.056713964
1751976397.33295,-0.003801755,-0.013880323,0.056713964
1751976397.33494,-0.003801755,-0.013880323,0.056713964
1751976397.33695,-0.003801755,-0.013880323,0.056713964
1751976397.33896,-0.003801755,-0.013880323,0.056713964
1751976397.34095,-0.003933529,-0.014415318,0.056648822
1751976397.34297,-0.003933529,-0.014415318,0.056648822
1751976397.34497,-0.003933529,-0.014415318,0.056648822
1751976397.34699,-0.003933529,-0.014415318,0.056648822
1751976397.34896,-0.003933529,-0.014415318,0.056648822
1751976397.35093,-0.003933529,-0.014415318,0.056648822
1751976397.35297,-0.004057653,-0.015093487,0.056524125
1751976397.35497,-0.004057653,-0.015093487,0.056524125
1751976397.35695,-0.004057653,-0.015093487,0.056524125
1751976397.35895,-0.004057653,-0.015093487,0.056524125
1751976397.36095,-0.004057653,-0.015093487,0.056524125
1751976397.36299,-0.004102393,-0.015408283,0.056475393
1751976397.36508,-0.004102393,-0.015408283,0.056475393
1751976397.36697,-0.004102393,-0.015408283,0.056475393
1751976397.36896,-0.004102393,-0.015408283,0.056475393
1751976397.37099,-0.004102393,-0.015408283,0.056475393
1751976397.373,-0.004178313,-0.01571611,0.056356616
1751976397.37495,-0.004178313,-0.01571611,0.056356616
1751976397.3769,-0.004178313,-0.01571611,0.056356616
1751976397.37902,-0.004178313,-0.01571611,0.056356616
1751976397.38095,-0.004178313,-0.01571611,0.056356616
1751976397.38297,-0.004178313,-0.01571611,0.056356616
1751976397.385,-0.004183263,-0.015968171,0.056328197
1751976397.38695,-0.004183263,-0.015968171,0.056328197
1751976397.38895,-0.004183263,-0.015968171,0.056328197
1751976397.39099,-0.004183263,-0.015968171,0.056328197
1751976397.39296,-0.004183263,-0.015968171,0.056328197
1751976397.39495,-0.004183263,-0.015968171,0.056328197
1751976397.39695,-0.004272005,-0.016316117,0.056278495
1751976397.39899,-0.004272005,-0.016316117,0.056278495
1751976397.40094,-0.004272005,-0.016316117,0.056278495
1751976397.40295,-0.004272005,-0.016316117,0.056278495
1751976397.40498,-0.004272005,-0.016316117,0.056278495
1751976397.40698,-0.004247837,-0.016598323,0.056260399
1751976397.40898,-0.004247837,-0.016598323,0.056260399
1751976397.41096,-0.004247837,-0.016598323,0.056260399
1751976397.41296,-0.004247837,-0.016598323,0.056260399
1751976397.41493,-0.004247837,-0.016598323,0.056260399
1751976397.41696,-0.004247837,-0.016598323,0.056260399
1751976397.41895,-0.004311991,-0.016840481,0.056264531
1751976397.42098,-0.004311991,-0.016840481,0.056264531
1751976397.42295,-0.004311991,-0.016840481,0.056264531
1751976397.42497,-0.004311991,-0.016840481,0.056264531
1751976397.42696,-0.004311991,-0.016840481,0.056264531
1751976397.42894,-0.004309442,-0.017051111,0.056269645
1751976397.43094,-0.004309442,-0.017051111,0.056269645
1751976397.43294,-0.004309442,-0.017051111,0.056269645
1751976397.43494,-0.004309442,-0.017051111,0.056269645
1751976397.43694,-0.004309442,-0.017051111,0.056269645
1751976397.43902,-0.004309442,-0.017051111,0.056269645
1751976397.44098,-0.00430149,-0.017322166,0.056305111
1751976397.44294,-0.00430149,-0.017322166,0.056305111
1751976397.44494,-0.00430149,-0.017322166,0.056305111
1751976397.44696,-0.00430149,-0.017322166,0.056305111
1751976397.44896,-0.00430149,-0.017322166,0.056305111
1751976397.45096,-0.00430149,-0.017322166,0.056305111
1751976397.45298,-0.004277788,-0.017583257,0.056329574
1751976397.45495,-0.004277788,-0.017583257,0.056329574
1751976397.45696,-0.004277788,-0.017583257,0.056329574
1751976397.45899,-0.004277788,-0.017583257,0.056329574
1751976397.46099,-0.004277788,-0.017583257,0.056329574
1751976397.46294,-0.004264969,-0.017740464,0.056256532
1751976397.46494,-0.004264969,-0.017740464,0.056256532
1751976397.46694,-0.004264969,-0.017740464,0.056256532
1751976397.46898,-0.004264969,-0.017740464,0.056256532
1751976397.47095,-0.004264969,-0.017740464,0.056256532
1751976397.47294,-0.004264969,-0.017740464,0.056256532
1751976397.47494,-0.004345569,-0.018016387,0.056235153
1751976397.47693,-0.004345569,-0.018016387,0.056235153
1751976397.47898,-0.004345569,-0.018016387,0.056235153
1751976397.48098,-0.004345569,-0.018016387,0.056235153
1751976397.48297,-0.004345569,-0.018016387,0.056235153
1751976397.48497,-0.004423076,-0.01819813,0.056200408
1751976397.48696,-0.004423076,-0.01819813,0.056200408
1751976397.48894,-0.004423076,-0.01819813,0.056200408
1751976397.49093,-0.004423076,-0.01819813,0.056200408
1751976397.49295,-0.004423076,-0.01819813,0.056200408
1751976397.49495,-0.004445551,-0.018512039,0.056118746
1751976397.49696,-0.004445551,-0.018512039,0.056118746
1751976397.49899,-0.004445551,-0.018512039,0.056118746
1751976397.50095,-0.004445551,-0.018512039,0.056118746
1751976397.50296,-0.004445551,-0.018512039,0.056118746
1751976397.50494,-0.004445551,-0.018512039,0.056118746
1751976397.50694,-0.0045756,-0.019030867,0.055979906
1751976397.50894,-0.0045756,-0.019030867,0.055979906
1751976397.51096,-0.0045756,-0.019030867,0.055979906
1751976397.51296,-0.0045756,-0.019030867,0.055979906
1751976397.51499,-0.0045756,-0.019030867,0.055979906
1751976397.51695,-0.004629537,-0.019367702,0.055879555
1751976397.51896,-0.004629537,-0.019367702,0.055879555
1751976397.52098,-0.004629537,-0.019367702,0.055879555
1751976397.52293,-0.004629537,-0.019367702,0.055879555
1751976397.52494,-0.004629537,-0.019367702,0.055879555
1751976397.52689,-0.004629537,-0.019367702,0.055879555
1751976397.52899,-0.004684974,-0.019666898,0.055902158
1751976397.53093,-0.004684974,-0.019666898,0.055902158
1751976397.53297,-0.004684974,-0.019666898,0.055902158
1751976397.53495,-0.004684974,-0.019666898,0.055902158
1751976397.53695,-0.004684974,-0.019666898,0.055902158
1751976397.53894,-0.004779011,-0.019977406,0.055800622
1751976397.54094,-0.004779011,-0.019977406,0.055800622
1751976397.54296,-0.004779011,-0.019977406,0.055800622
1751976397.54497,-0.004779011,-0.019977406,0.055800622
1751976397.54704,-0.004779011,-0.019977406,0.055800622
1751976397.54896,-0.004847625,-0.020157084,0.055751798
1751976397.55096,-0.004847625,-0.020157084,0.055751798
1751976397.55293,-0.004847625,-0.020157084,0.055751798
1751976397.55495,-0.004847625,-0.020157084,0.055751798
1751976397.55697,-0.004847625,-0.020157084,0.055751798
1751976397.55897,-0.004847625,-0.020157084,0.055751798
1751976397.56095,-0.004819883,-0.020398837,0.055679672
1751976397.56294,-0.004819883,-0.020398837,0.055679672
1751976397.56497,-0.004819883,-0.020398837,0.055679672
1751976397.56695,-0.004819883,-0.020398837,0.055679672
1751976397.56899,-0.004819883,-0.020398837,0.055679672
1751976397.571,-0.004851587,-0.020591089,0.055642952
1751976397.57295,-0.004851587,-0.020591089,0.055642952
1751976397.57503,-0.004851587,-0.020591089,0.055642952
1751976397.57701,-0.004851587,-0.020591089,0.055642952
1751976397.579,-0.004851587,-0.020591089,0.055642952
1751976397.58104,-0.004791969,-0.020689944,0.055672592
1751976397.58296,-0.004791969,-0.020689944,0.055672592
1751976397.58489,-0.004791969,-0.020689944,0.055672592
1751976397.58701,-0.004791969,-0.020689944,0.055672592
1751976397.58895,-0.004791969,-0.020689944,0.055672592
1751976397.59093,-0.004791969,-0.020689944,0.055672592
1751976397.59296,-0.004743478,-0.02086353,0.055710313
1751976397.59498,-0.004743478,-0.02086353,0.055710313
1751976397.59693,-0.004743478,-0.02086353,0.055710313
1751976397.59893,-0.004743478,-0.02086353,0.055710313
1751976397.60098,-0.004743478,-0.02086353,0.055710313
1751976397.60293,-0.004762994,-0.020943192,0.055699763
1751976397.60497,-0.004762994,-0.020943192,0.055699763
1751976397.60693,-0.004762994,-0.020943192,0.055699763
1751976397.60896,-0.004762994,-0.020943192,0.055699763
1751976397.61097,-0.004762994,-0.020943192,0.055699763
1751976397.61294,-0.004737363,-0.021015131,0.055722884
1751976397.61493,-0.004737363,-0.021015131,0.055722884
1751976397.61697,-0.004737363,-0.021015131,0.055722884
1751976397.61893,-0.004737363,-0.021015131,0.055722884
1751976397.62101,-0.004737363,-0.021015131,0.055722884
1751976397.62297,-0.004755365,-0.021221432,0.055767296
1751976397.62498,-0.004755365,-0.021221432,0.055767296
1751976397.627,-0.004755365,-0.021221432,0.055767296
1751976397.62896,-0.004755365,-0.021221432,0.055767296
1751976397.63094,-0.004755365,-0.021221432,0.055767296
1751976397.63293,-0.004755365,-0.021221432,0.055767296
1751976397.63494,-0.004830088,-0.021472693,0.055664934
1751976397.63693,-0.004830088,-0.021472693,0.055664934
1751976397.63895,-0.004830088,-0.021472693,0.055664934
1751976397.64098,-0.004830088,-0.021472693,0.055664934
1751976397.64296,-0.004830088,-0.021472693,0.055664934
1751976397.64495,-0.004784754,-0.021707396,0.055719033
1751976397.64695,-0.004784754,-0.021707396,0.055719033
1751976397.64898,-0.004784754,-0.021707396,0.055719033
1751976397.65093,-0.004784754,-0.021707396,0.055719033
1751976397.65297,-0.004784754,-0.021707396,0.055719033
1751976397.65494,-0.004784754,-0.021707396,0.055719033
1751976397.65692,-0.004884806,-0.021979589,0.055692863
1751976397.65895,-0.004884806,-0.021979589,0.055692863
1751976397.66096,-0.004884806,-0.021979589,0.055692863
1751976397.66298,-0.004884806,-0.021979589,0.055692863
1751976397.66496,-0.004884806,-0.021979589,0.055692863
1751976397.66695,-0.004942878,-0.022267509,0.055610455
1751976397.66896,-0.004942878,-0.022267509,0.055610455
1751976397.67099,-0.004942878,-0.022267509,0.055610455
1751976397.67298,-0.004942878,-0.022267509,0.055610455
1751976397.67498,-0.004942878,-0.022267509,0.055610455
1751976397.67695,-0.004942878,-0.022267509,0.055610455
1751976397.67894,-0.004906131,-0.022652306,0.055637443
1751976397.68095,-0.004906131,-0.022652306,0.055637443
1751976397.68295,-0.004906131,-0.022652306,0.055637443
1751976397.68494,-0.004906131,-0.022652306,0.055637443
1751976397.68693,-0.004906131,-0.022652306,0.055637443
1751976397.68896,-0.004906131,-0.022652306,0.055637443
1751976397.69093,-0.005052546,-0.023104684,0.055510708
1751976397.69298,-0.005052546,-0.023104684,0.055510708
1751976397.69497,-0.005052546,-0.023104684,0.055510708
1751976397.69693,-0.005052546,-0.023104684,0.055510708
1751976397.69894,-0.005052546,-0.023104684,0.055510708
1751976397.70101,-0.005052546,-0.023104684,0.055510708
1751976397.70294,-0.00511788,-0.023619324,0.055368532
1751976397.70498,-0.00511788,-0.023619324,0.055368532
1751976397.707,-0.00511788,-0.023619324,0.055368532
1751976397.70903,-0.00511788,-0.023619324,0.055368532
1751976397.71096,-0.00511788,-0.023619324,0.055368532
1751976397.71297,-0.00511788,-0.023619324,0.055368532
1751976397.71496,-0.005191558,-0.024180395,0.055311751
1751976397.71694,-0.005191558,-0.024180395,0.055311751
1751976397.71893,-0.005191558,-0.024180395,0.055311751
1751976397.72095,-0.005191558,-0.024180395,0.055311751
1751976397.72294,-0.005191558,-0.024180395,0.055311751
1751976397.72494,-0.005191558,-0.024180395,0.055311751
1751976397.72694,-0.005229182,-0.024629085,0.055309213
1751976397.729,-0.005229182,-0.024629085,0.055309213
1751976397.73093,-0.005229182,-0.024629085,0.055309213
1751976397.73289,-0.005229182,-0.024629085,0.055309213
1751976397.73495,-0.005229182,-0.024629085,0.055309213
1751976397.73697,-0.00527329,-0.024959829,0.055238084
1751976397.73896,-0.00527329,-0.024959829,0.055238084
1751976397.74093,-0.00527329,-0.024959829,0.055238084
1751976397.74297,-0.00527329,-0.024959829,0.055238084
1751976397.74493,-0.00527329,-0.024959829,0.055238084
1751976397.74689,-0.00527329,-0.024959829,0.055238084
1751976397.74898,-0.00535029,-0.025147348,0.055243523
1751976397.75094,-0.00535029,-0.025147348,0.055243523
1751976397.75297,-0.00535029,-0.025147348,0.055243523
1751976397.75494,-0.00535029,-0.025147348,0.055243523
1751976397.75694,-0.00535029,-0.025147348,0.055243523
1751976397.75892,-0.00523399,-0.02533005,0.055195437
1751976397.76097,-0.00523399,-0.02533005,0.055195437
1751976397.76295,-0.00523399,-0.02533005,0.055195437
1751976397.76495,-0.00523399,-0.02533005,0.055195437
1751976397.76695,-0.00523399,-0.02533005,0.055195437
1751976397.76896,-0.005116658,-0.025505155,0.055234229
1751976397.77095,-0.005116658,-0.025505155,0.055234229
1751976397.77293,-0.005116658,-0.025505155,0.055234229
1751976397.77497,-0.005116658,-0.025505155,0.055234229
1751976397.77695,-0.005116658,-0.025505155,0.055234229
1751976397.77894,-0.005116658,-0.025505155,0.055234229
1751976397.78091,-0.005103943,-0.025633756,0.055204861
1751976397.78298,-0.005103943,-0.025633756,0.055204861
1751976397.78494,-0.005103943,-0.025633756,0.055204861
1751976397.78693,-0.005103943,-0.025633756,0.055204861
1751976397.78896,-0.005103943,-0.025633756,0.055204861
1751976397.79099,-0.005054499,-0.025714446,0.055236406
1751976397.793,-0.005054499,-0.025714446,0.055236406
1751976397.79495,-0.005054499,-0.025714446,0.055236406
1751976397.79696,-0.005054499,-0.025714446,0.055236406
1751976397.79895,-0.005054499,-0.025714446,0.055236406
1751976397.80099,-0.005054499,-0.025714446,0.055236406
1751976397.80299,-0.004972361,-0.025926464,0.0552408
1751976397.80498,-0.004972361,-0.025926464,0.0552408
1751976397.80697,-0.004972361,-0.025926464,0.0552408
1751976397.80894,-0.004972361,-0.025926464,0.0552408
1751976397.81098,-0.004972361,-0.025926464,0.0552408
1751976397.81293,-0.004972361,-0.025926464,0.0552408
1751976397.81496,-0.004999841,-0.026095122,0.055233689
1751976397.81695,-0.004999841,-0.026095122,0.055233689
1751976397.81895,-0.004999841,-0.026095122,0.055233689
1751976397.8209,-0.004999841,-0.026095122,0.055233689
1751976397.82294,-0.004999841,-0.026095122,0.055233689
1751976397.82497,-0.005056391,-0.026388632,0.055248978
1751976397.82694,-0.005056391,-0.026388632,0.055248978
1751976397.82893,-0.005056391,-0.026388632,0.055248978
1751976397.83094,-0.005056391,-0.026388632,0.055248978
1751976397.83296,-0.005056391,-0.026388632,0.055248978
1751976397.83496,-0.005063426,-0.02665937,0.05521185
1751976397.837,-0.005063426,-0.02665937,0.05521185
1751976397.83899,-0.005063426,-0.02665937,0.05521185
1751976397.84095,-0.005063426,-0.02665937,0.05521185
1751976397.84295,-0.005063426,-0.02665937,0.05521185
1751976397.84494,-0.004984965,-0.026977136,0.05524774
1751976397.84694,-0.004984965,-0.026977136,0.05524774
1751976397.84894,-0.004984965,-0.026977136,0.05524774
1751976397.85094,-0.004984965,-0.026977136,0.05524774
1751976397.85294,-0.004984965,-0.026977136,0.05524774
1751976397.85494,-0.004977585,-0.027255482,0.055240267
1751976397.85693,-0.004977585,-0.027255482,0.055240267
1751976397.85899,-0.004977585,-0.027255482,0.055240267
1751976397.86098,-0.004977585,-0.027255482,0.055240267
1751976397.86298,-0.004977585,-0.027255482,0.055240267
1751976397.86495,-0.004977585,-0.027255482,0.055240267
1751976397.86697,-0.005034978,-0.027530363,0.055206446
1751976397.86894,-0.005034978,-0.027530363,0.055206446
1751976397.87093,-0.005034978,-0.027530363,0.055206446
1751976397.87297,-0.005034978,-0.027530363,0.055206446
1751976397.87495,-0.005034978,-0.027530363,0.055206446
1751976397.87696,-0.005087603,-0.027795754,0.055167264
1751976397.87902,-0.005087603,-0.027795754,0.055167264
1751976397.88095,-0.005087603,-0.027795754,0.055167264
1751976397.88298,-0.005087603,-0.027795754,0.055167264
1751976397.885,-0.005087603,-0.027795754,0.055167264
1751976397.88695,-0.005222868,-0.028060601,0.055096623
1751976397.88896,-0.005222868,-0.028060601,0.055096623
1751976397.89096,-0.005222868,-0.028060601,0.055096623
1751976397.89298,-0.005222868,-0.028060601,0.055096623
1751976397.89495,-0.005222868,-0.028060601,0.055096623
1751976397.89701,-0.005222868,-0.028060601,0.055096623
1751976397.89896,-0.005092209,-0.028331208,0.055165117
1751976397.90093,-0.005092209,-0.028331208,0.055165117
1751976397.90294,-0.005092209,-0.028331208,0.055165117
1751976397.90493,-0.005092209,-0.028331208,0.055165117
1751976397.90694,-0.005092209,-0.028331208,0.055165117
1751976397.90894,-0.005092209,-0.028331208,0.055165117
1751976397.91094,-0.005109775,-0.028556526,0.055013981
1751976397.91288,-0.005109775,-0.028556526,0.055013981
1751976397.91502,-0.005109775,-0.028556526,0.055013981
1751976397.91694,-0.005109775,-0.028556526,0.055013981
1751976397.91896,-0.005109775,-0.028556526,0.055013981
1751976397.921,-0.005113406,-0.028815086,0.054941389
1751976397.92295,-0.005113406,-0.028815086,0.054941389
1751976397.92496,-0.005113406,-0.028815086,0.054941389
1751976397.92701,-0.005113406,-0.028815086,0.054941389
1751976397.92898,-0.005113406,-0.028815086,0.054941389
1751976397.93096,-0.005039821,-0.029048811,0.054967764
1751976397.93296,-0.005039821,-0.029048811,0.054967764
1751976397.93499,-0.005039821,-0.029048811,0.054967764
1751976397.93695,-0.005039821,-0.029048811,0.054967764
1751976397.93895,-0.005039821,-0.029048811,0.054967764
1751976397.94095,-0.005039821,-0.029048811,0.054967764
1751976397.94301,-0.005103526,-0.029259539,0.054876061
1751976397.94496,-0.005103526,-0.029259539,0.054876061
1751976397.94695,-0.005103526,-0.029259539,0.054876061
1751976397.94899,-0.005103526,-0.029259539,0.054876061
1751976397.95094,-0.005103526,-0.029259539,0.054876061
1751976397.95295,-0.005103526,-0.029259539,0.054876061
1751976397.95495,-0.005035561,-0.029417057,0.054976227
1751976397.95694,-0.005035561,-0.029417057,0.054976227
1751976397.95887,-0.005035561,-0.029417057,0.054976227
1751976397.96101,-0.005035561,-0.029417057,0.054976227
1751976397.96305,-0.005035561,-0.029417057,0.054976227
1751976397.96497,-0.005091241,-0.029616345,0.054963809
1751976397.96701,-0.005091241,-0.029616345,0.054963809
1751976397.96898,-0.005091241,-0.029616345,0.054963809
1751976397.97099,-0.005091241,-0.029616345,0.054963809
1751976397.9729,-0.005091241,-0.029616345,0.054963809
1751976397.97503,-0.005091241,-0.029616345,0.054963809
1751976397.97695,-0.005114961,-0.0297794,0.05495477
1751976397.97896,-0.005114961,-0.0297794,0.05495477
1751976397.98097,-0.005114961,-0.0297794,0.05495477
1751976397.98294,-0.005114961,-0.0297794,0.05495477
1751976397.98496,-0.005114961,-0.0297794,0.05495477
1751976397.98698,-0.005114961,-0.0297794,0.05495477
1751976397.98894,-0.005119983,-0.029897415,0.05490519
1751976397.99094,-0.005119983,-0.029897415,0.05490519
1751976397.99297,-0.005119983,-0.029897415,0.05490519
1751976397.99497,-0.005119983,-0.029897415,0.05490519
1751976397.99694,-0.005119983,-0.029897415,0.05490519
1751976397.9989,-0.005119983,-0.029897415,0.05490519
1751976398.00094,-0.00517385,-0.029924395,0.054891898
1751976398.00295,-0.00517385,-0.029924395,0.054891898
1751976398.00496,-0.00517385,-0.029924395,0.054891898
1751976398.00696,-0.00517385,-0.029924395,0.054891898
1751976398.00896,-0.00517385,-0.029924395,0.054891898
1751976398.01098,-0.005171485,-0.030026315,0.054878255
1751976398.01295,-0.005171485,-0.030026315,0.054878255
1751976398.01495,-0.005171485,-0.030026315,0.054878255
1751976398.01697,-0.005171485,-0.030026315,0.054878255
1751976398.01895,-0.005171485,-0.030026315,0.054878255
1751976398.02093,-0.005225214,-0.03015955,0.05481541
1751976398.02301,-0.005225214,-0.03015955,0.05481541
1751976398.02496,-0.005225214,-0.03015955,0.05481541
1751976398.02698,-0.005225214,-0.03015955,0.05481541
1751976398.02895,-0.005225214,-0.03015955,0.05481541
1751976398.03094,-0.00532495,-0.030206372,0.054791602
1751976398.03294,-0.00532495,-0.030206372,0.054791602
1751976398.03495,-0.00532495,-0.030206372,0.054791602
1751976398.03694,-0.00532495,-0.030206372,0.054791602
1751976398.03894,-0.00532495,-0.030206372,0.054791602
1751976398.04102,-0.00532495,-0.030206372,0.054791602
1751976398.04292,-0.005510172,-0.030332308,0.054761295
1751976398.04492,-0.005510172,-0.030332308,0.054761295
1751976398.04695,-0.005510172,-0.030332308,0.054761295
1751976398.04895,-0.005510172,-0.030332308,0.054761295
1751976398.05097,-0.005510172,-0.030332308,0.054761295
1751976398.05295,-0.005510172,-0.030332308,0.054761295
1751976398.05496,-0.005725497,-0.030358105,0.054640315
1751976398.057,-0.005725497,-0.030358105,0.054640315
1751976398.05895,-0.005725497,-0.030358105,0.054640315
1751976398.06097,-0.005725497,-0.030358105,0.054640315
1751976398.06303,-0.005725497,-0.030358105,0.054640315
1751976398.06495,-0.005950996,-0.030353855,0.054609785
1751976398.06706,-0.005950996,-0.030353855,0.054609785
1751976398.06897,-0.005950996,-0.030353855,0.054609785
1751976398.07098,-0.005950996,-0.030353855,0.054609785
1751976398.07296,-0.005950996,-0.030353855,0.054609785
1751976398.07495,-0.005950996,-0.030353855,0.054609785
1751976398.07697,-0.006083395,-0.030171551,0.054598556
1751976398.07894,-0.006083395,-0.030171551,0.054598556
1751976398.08095,-0.006083395,-0.030171551,0.054598556
1751976398.08298,-0.006083395,-0.030171551,0.054598556
1751976398.08493,-0.006083395,-0.030171551,0.054598556
1751976398.087,-0.006083395,-0.030171551,0.054598556
1751976398.08897,-0.006234548,-0.029986096,0.054519794
1751976398.09096,-0.006234548,-0.029986096,0.054519794
1751976398.09295,-0.006234548,-0.029986096,0.054519794
1751976398.095,-0.006234548,-0.029986096,0.054519794
1751976398.09699,-0.006234548,-0.029986096,0.054519794
1751976398.09899,-0.006234548,-0.029986096,0.054519794
1751976398.10099,-0.006453613,-0.029776474,0.054413662
1751976398.10296,-0.006453613,-0.029776474,0.054413662
1751976398.10493,-0.006453613,-0.029776474,0.054413662
1751976398.1069,-0.006453613,-0.029776474,0.054413662
1751976398.10896,-0.006453613,-0.029776474,0.054413662
1751976398.11095,-0.006509253,-0.029604105,0.054434907
1751976398.11295,-0.006509253,-0.029604105,0.054434907
1751976398.11494,-0.006509253,-0.029604105,0.054434907
1751976398.11694,-0.006509253,-0.029604105,0.054434907
1751976398.11896,-0.006509253,-0.029604105,0.054434907
1751976398.12096,-0.006509253,-0.029604105,0.054434907
1751976398.1229,-0.006697217,-0.029276031,0.054512161
1751976398.12495,-0.006697217,-0.029276031,0.054512161
1751976398.12694,-0.006697217,-0.029276031,0.054512161
1751976398.1289,-0.006697217,-0.029276031,0.054512161
1751976398.13095,-0.006697217,-0.029276031,0.054512161
1751976398.13296,-0.006697217,-0.029276031,0.054512161
1751976398.13495,-0.007016733,-0.029039641,0.054469276
1751976398.13698,-0.007016733,-0.029039641,0.054469276
1751976398.13896,-0.007016733,-0.029039641,0.054469276
1751976398.14095,-0.007016733,-0.029039641,0.054469276
1751976398.14298,-0.007016733,-0.029039641,0.054469276
1751976398.14497,-0.007303212,-0.028859822,0.054441109
1751976398.14688,-0.007303212,-0.028859822,0.054441109
1751976398.14896,-0.007303212,-0.028859822,0.054441109
1751976398.15096,-0.007303212,-0.028859822,0.054441109
1751976398.15294,-0.007303212,-0.028859822,0.054441109
1751976398.15499,-0.007303212,-0.028859822,0.054441109
1751976398.15702,-0.007506693,-0.028641792,0.054510533
1751976398.15894,-0.007506693,-0.028641792,0.054510533
1751976398.16094,-0.007506693,-0.028641792,0.054510533
1751976398.16302,-0.007506693,-0.028641792,0.054510533
1751976398.16496,-0.007506693,-0.028641792,0.054510533
1751976398.16694,-0.007506693,-0.028641792,0.054510533
1751976398.16897,-0.007741862,-0.028409531,0.054467365
1751976398.17092,-0.007741862,-0.028409531,0.054467365
1751976398.17294,-0.007741862,-0.028409531,0.054467365
1751976398.17493,-0.007741862,-0.028409531,0.054467365
1751976398.17699,-0.007741862,-0.028409531,0.054467365
1751976398.17896,-0.007964801,-0.028189293,0.054462348
1751976398.18097,-0.007964801,-0.028189293,0.054462348
1751976398.18297,-0.007964801,-0.028189293,0.054462348
1751976398.18501,-0.007964801,-0.028189293,0.054462348
1751976398.18696,-0.007964801,-0.028189293,0.054462348
1751976398.18897,-0.008173118,-0.028053236,0.054500123
1751976398.19096,-0.008173118,-0.028053236,0.054500123
1751976398.19296,-0.008173118,-0.028053236,0.054500123
1751976398.19496,-0.008173118,-0.028053236,0.054500123
1751976398.19695,-0.008173118,-0.028053236,0.054500123
1751976398.19891,-0.008173118,-0.028053236,0.054500123
1751976398.20097,-0.008553828,-0.027827146,0.054442764
1751976398.20296,-0.008553828,-0.027827146,0.054442764
1751976398.20495,-0.008553828,-0.027827146,0.054442764
1751976398.20695,-0.008553828,-0.027827146,0.054442764
1751976398.20892,-0.008553828,-0.027827146,0.054442764
1751976398.21094,-0.008553828,-0.027827146,0.054442764
1751976398.21296,-0.008909571,-0.027716545,0.054467542
1751976398.21491,-0.008909571,-0.027716545,0.054467542
1751976398.21698,-0.008909571,-0.027716545,0.054467542
1751976398.21895,-0.008909571,-0.027716545,0.054467542
1751976398.22099,-0.008909571,-0.027716545,0.054467542
1751976398.22296,-0.009166371,-0.027670901,0.054442581
1751976398.2249,-0.009166371,-0.027670901,0.054442581
1751976398.22695,-0.009166371,-0.027670901,0.054442581
1751976398.22896,-0.009166371,-0.027670901,0.054442581
1751976398.23099,-0.009166371,-0.027670901,0.054442581
1751976398.23294,-0.009427802,-0.027526292,0.054488915
1751976398.23493,-0.009427802,-0.027526292,0.054488915
1751976398.23694,-0.009427802,-0.027526292,0.054488915
1751976398.23893,-0.009427802,-0.027526292,0.054488915
1751976398.24093,-0.009427802,-0.027526292,0.054488915
1751976398.24298,-0.009427802,-0.027526292,0.054488915
1751976398.24495,-0.009759672,-0.027388439,0.054455071
1751976398.24694,-0.009759672,-0.027388439,0.054455071
1751976398.24896,-0.009759672,-0.027388439,0.054455071
1751976398.25098,-0.009759672,-0.027388439,0.054455071
1751976398.25293,-0.009759672,-0.027388439,0.054455071
1751976398.25494,-0.009759672,-0.027388439,0.054455071
1751976398.25701,-0.010018113,-0.027163962,0.05445656
1751976398.25895,-0.010018113,-0.027163962,0.05445656
1751976398.26095,-0.010018113,-0.027163962,0.05445656
1751976398.26299,-0.010018113,-0.027163962,0.05445656
1751976398.26496,-0.010018113,-0.027163962,0.05445656
1751976398.26696,-0.010018113,-0.027163962,0.05445656
1751976398.26897,-0.010229154,-0.026926098,0.054443563
1751976398.27097,-0.010229154,-0.026926098,0.054443563
1751976398.27298,-0.010229154,-0.026926098,0.054443563
1751976398.27496,-0.010229154,-0.026926098,0.054443563
1751976398.27692,-0.010229154,-0.026926098,0.054443563
1751976398.27894,-0.010229154,-0.026926098,0.054443563
1751976398.28096,-0.010443513,-0.026698195,0.054469298
1751976398.28296,-0.010443513,-0.026698195,0.054469298
1751976398.28496,-0.010443513,-0.026698195,0.054469298
1751976398.28693,-0.010443513,-0.026698195,0.054469298
1751976398.28894,-0.010443513,-0.026698195,0.054469298
1751976398.29102,-0.010443513,-0.026698195,0.054469298
1751976398.29294,-0.010674833,-0.026474011,0.054426023
1751976398.29493,-0.010674833,-0.026474011,0.054426023
1751976398.29693,-0.010674833,-0.026474011,0.054426023
1751976398.29895,-0.010674833,-0.026474011,0.054426023
1751976398.30095,-0.010674833,-0.026474011,0.054426023
1751976398.303,-0.010674833,-0.026474011,0.054426023
1751976398.30495,-0.01087136,-0.026323301,0.054462409
1751976398.30696,-0.01087136,-0.026323301,0.054462409
1751976398.30896,-0.01087136,-0.026323301,0.054462409
1751976398.31096,-0.01087136,-0.026323301,0.054462409
1751976398.31298,-0.01087136,-0.026323301,0.054462409
1751976398.31495,-0.01087136,-0.026323301,0.054462409
1751976398.31697,-0.011081039,-0.026098261,0.054493566
1751976398.31896,-0.011081039,-0.026098261,0.054493566
1751976398.32093,-0.011081039,-0.026098261,0.054493566
1751976398.32295,-0.011081039,-0.026098261,0.054493566
1751976398.32496,-0.011081039,-0.026098261,0.054493566
1751976398.32696,-0.011233668,-0.025899912,0.054480461
1751976398.32894,-0.011233668,-0.025899912,0.054480461
1751976398.33094,-0.011233668,-0.025899912,0.054480461
1751976398.33294,-0.011233668,-0.025899912,0.054480461
1751976398.33497,-0.011233668,-0.025899912,0.054480461
1751976398.33695,-0.011233668,-0.025899912,0.054480461
1751976398.33893,-0.011398928,-0.025720592,0.054488921
1751976398.34094,-0.011398928,-0.025720592,0.054488921
1751976398.34292,-0.011398928,-0.025720592,0.054488921
1751976398.34494,-0.011398928,-0.025720592,0.054488921
1751976398.34699,-0.011398928,-0.025720592,0.054488921
1751976398.34901,-0.011398928,-0.025720592,0.054488921
1751976398.35097,-0.011674383,-0.025480566,0.054521908
1751976398.35299,-0.011674383,-0.025480566,0.054521908
1751976398.355,-0.011674383,-0.025480566,0.054521908
1751976398.35697,-0.011674383,-0.025480566,0.054521908
1751976398.35902,-0.011674383,-0.025480566,0.054521908
1751976398.36096,-0.011932427,-0.025318662,0.054534976
1751976398.36297,-0.011932427,-0.025318662,0.054534976
1751976398.36496,-0.011932427,-0.025318662,0.054534976
1751976398.36697,-0.011932427,-0.025318662,0.054534976
1751976398.36897,-0.011932427,-0.025318662,0.054534976
1751976398.37095,-0.011932427,-0.025318662,0.054534976
1751976398.37295,-0.012107803,-0.025116611,0.054545161
1751976398.37498,-0.012107803,-0.025116611,0.054545161
1751976398.37697,-0.012107803,-0.025116611,0.054545161
1751976398.37897,-0.012107803,-0.025116611,0.054545161
1751976398.38094,-0.012107803,-0.025116611,0.054545161
1751976398.38297,-0.012107803,-0.025116611,0.054545161
1751976398.38496,-0.0124126,-0.025048341,0.054553429
1751976398.38695,-0.0124126,-0.025048341,0.054553429
1751976398.38894,-0.0124126,-0.025048341,0.054553429
1751976398.39098,-0.0124126,-0.025048341,0.054553429
1751976398.39295,-0.0124126,-0.025048341,0.054553429
1751976398.39495,-0.0124126,-0.025048341,0.054553429
1751976398.39701,-0.012675843,-0.024980206,0.054589732
1751976398.39896,-0.012675843,-0.024980206,0.054589732
1751976398.40099,-0.012675843,-0.024980206,0.054589732
1751976398.40295,-0.012675843,-0.024980206,0.054589732
1751976398.40497,-0.012675843,-0.024980206,0.054589732
1751976398.40696,-0.012934758,-0.024787925,0.054619274
1751976398.40894,-0.012934758,-0.024787925,0.054619274
1751976398.41099,-0.012934758,-0.024787925,0.054619274
1751976398.41296,-0.012934758,-0.024787925,0.054619274
1751976398.41497,-0.012934758,-0.024787925,0.054619274
1751976398.41695,-0.012934758,-0.024787925,0.054619274
1751976398.41895,-0.013228949,-0.024655806,0.054611005
1751976398.42094,-0.013228949,-0.024655806,0.054611005
1751976398.42294,-0.013228949,-0.024655806,0.054611005
1751976398.42493,-0.013228949,-0.024655806,0.054611005
1751976398.42696,-0.013228949,-0.024655806,0.054611005
1751976398.42895,-0.013228949,-0.024655806,0.054611005
1751976398.43096,-0.013402506,-0.024471472,0.054619383
1751976398.43301,-0.013402506,-0.024471472,0.054619383
1751976398.43493,-0.013402506,-0.024471472,0.054619383
1751976398.43699,-0.013402506,-0.024471472,0.054619383
1751976398.43898,-0.013402506,-0.024471472,0.054619383
1751976398.44113,-0.013574754,-0.024320065,0.054715096
1751976398.443,-0.013574754,-0.024320065,0.054715096
1751976398.44496,-0.013574754,-0.024320065,0.054715096
1751976398.44697,-0.013574754,-0.024320065,0.054715096
1751976398.44895,-0.013574754,-0.024320065,0.054715096
1751976398.45094,-0.013574754,-0.024320065,0.054715096
1751976398.45296,-0.013798177,-0.024094679,0.054674864
1751976398.45499,-0.013798177,-0.024094679,0.054674864
1751976398.45696,-0.013798177,-0.024094679,0.054674864
1751976398.45888,-0.013798177,-0.024094679,0.054674864
1751976398.46096,-0.013798177,-0.024094679,0.054674864
1751976398.46297,-0.013933788,-0.023906442,0.054749684
1751976398.46495,-0.013933788,-0.023906442,0.054749684
1751976398.46694,-0.013933788,-0.023906442,0.054749684
1751976398.46894,-0.013933788,-0.023906442,0.054749684
1751976398.47096,-0.013933788,-0.023906442,0.054749684
1751976398.47297,-0.013933788,-0.023906442,0.054749684
1751976398.47498,-0.014145262,-0.023667725,0.054834728
1751976398.47696,-0.014145262,-0.023667725,0.054834728
1751976398.47903,-0.014145262,-0.023667725,0.054834728
1751976398.481,-0.014145262,-0.023667725,0.054834728
1751976398.48305,-0.014145262,-0.023667725,0.054834728
1751976398.48498,-0.014364979,-0.023430186,0.054944452
1751976398.48695,-0.014364979,-0.023430186,0.054944452
1751976398.48894,-0.014364979,-0.023430186,0.054944452
1751976398.49095,-0.014364979,-0.023430186,0.054944452
1751976398.493,-0.014364979,-0.023430186,0.054944452
1751976398.49497,-0.014400482,-0.023185904,0.055012182
1751976398.49694,-0.014400482,-0.023185904,0.055012182
1751976398.49898,-0.014400482,-0.023185904,0.055012182
1751976398.50096,-0.014400482,-0.023185904,0.055012182
1751976398.50293,-0.014400482,-0.023185904,0.055012182
1751976398.50496,-0.014400482,-0.023185904,0.055012182
1751976398.50696,-0.014466233,-0.022882841,0.055070916
1751976398.50895,-0.014466233,-0.022882841,0.055070916
1751976398.51094,-0.014466233,-0.022882841,0.055070916
1751976398.51299,-0.014466233,-0.022882841,0.055070916
1751976398.51488,-0.014466233,-0.022882841,0.055070916
1751976398.51693,-0.014466233,-0.022882841,0.055070916
1751976398.51895,-0.014590856,-0.022566499,0.055093109
1751976398.52101,-0.014590856,-0.022566499,0.055093109
1751976398.523,-0.014590856,-0.022566499,0.055093109
1751976398.52503,-0.014590856,-0.022566499,0.055093109
1751976398.52696,-0.014590856,-0.022566499,0.055093109
1751976398.52896,-0.014705079,-0.022338329,0.055185127
1751976398.53091,-0.014705079,-0.022338329,0.055185127
1751976398.53295,-0.014705079,-0.022338329,0.055185127
1751976398.53496,-0.014705079,-0.022338329,0.055185127
1751976398.53694,-0.014705079,-0.022338329,0.055185127
1751976398.53896,-0.014705079,-0.022338329,0.055185127
1751976398.54096,-0.014838135,-0.022062474,0.055264172
1751976398.54295,-0.014838135,-0.022062474,0.055264172
1751976398.54499,-0.014838135,-0.022062474,0.055264172
1751976398.54693,-0.014838135,-0.022062474,0.055264172
1751976398.54895,-0.014838135,-0.022062474,0.055264172
1751976398.55093,-0.014838135,-0.022062474,0.055264172
1751976398.55296,-0.014877255,-0.021813387,0.055285702
1751976398.55493,-0.014877255,-0.021813387,0.055285702
1751976398.55694,-0.014877255,-0.021813387,0.055285702
1751976398.55888,-0.014877255,-0.021813387,0.055285702
1751976398.56099,-0.014877255,-0.021813387,0.055285702
1751976398.56298,-0.014952282,-0.02168793,0.055364033
1751976398.56496,-0.014952282,-0.02168793,0.055364033
1751976398.56697,-0.014952282,-0.02168793,0.055364033
1751976398.56897,-0.014952282,-0.02168793,0.055364033
1751976398.57097,-0.014952282,-0.02168793,0.055364033
1751976398.57299,-0.014952282,-0.02168793,0.055364033
1751976398.57496,-0.015088821,-0.021494103,0.055376866
1751976398.57694,-0.015088821,-0.021494103,0.055376866
1751976398.57889,-0.015088821,-0.021494103,0.055376866
1751976398.58095,-0.015088821,-0.021494103,0.055376866
1751976398.58295,-0.015088821,-0.021494103,0.055376866
1751976398.58496,-0.015088821,-0.021494103,0.055376866
1751976398.58695,-0.015340365,-0.021285713,0.055328443
1751976398.58897,-0.015340365,-0.021285713,0.055328443
1751976398.59093,-0.015340365,-0.021285713,0.055328443
1751976398.593,-0.015340365,-0.021285713,0.055328443
1751976398.59496,-0.015340365,-0.021285713,0.055328443
1751976398.59696,-0.015340365,-0.021285713,0.055328443
1751976398.59893,-0.015411542,-0.02113806,0.055415276
1751976398.60096,-0.015411542,-0.02113806,0.055415276
1751976398.60295,-0.015411542,-0.02113806,0.055415276
1751976398.60497,-0.015411542,-0.02113806,0.055415276
1751976398.60698,-0.015411542,-0.02113806,0.055415276
1751976398.60898,-0.015411542,-0.02113806,0.055415276
1751976398.61097,-0.01556545,-0.020929452,0.055392234
1751976398.61297,-0.01556545,-0.020929452,0.055392234
1751976398.615,-0.01556545,-0.020929452,0.055392234
1751976398.61693,-0.01556545,-0.020929452,0.055392234
1751976398.61899,-0.01556545,-0.020929452,0.055392234
1751976398.62093,-0.015603122,-0.020824878,0.055482195
1751976398.62293,-0.015603122,-0.020824878,0.055482195
1751976398.62492,-0.015603122,-0.020824878,0.055482195
1751976398.62694,-0.015603122,-0.020824878,0.055482195
1751976398.62893,-0.015603122,-0.020824878,0.055482195
1751976398.63096,-0.015603122,-0.020824878,0.055482195
1751976398.63297,-0.015745425,-0.020502342,0.055488116
1751976398.63494,-0.015745425,-0.020502342,0.055488116
1751976398.6369,-0.015745425,-0.020502342,0.055488116
1751976398.63895,-0.015745425,-0.020502342,0.055488116
1751976398.64097,-0.015745425,-0.020502342,0.055488116
1751976398.64295,-0.015796135,-0.020324001,0.055495674
1751976398.64493,-0.015796135,-0.020324001,0.055495674
1751976398.64696,-0.015796135,-0.020324001,0.055495674
1751976398.64896,-0.015796135,-0.020324001,0.055495674
1751976398.65096,-0.015796135,-0.020324001,0.055495674
1751976398.65295,-0.015967298,-0.020217348,0.055537015
1751976398.65499,-0.015967298,-0.020217348,0.055537015
1751976398.65697,-0.015967298,-0.020217348,0.055537015
1751976398.65895,-0.015967298,-0.020217348,0.055537015
1751976398.66095,-0.015967298,-0.020217348,0.055537015
1751976398.663,-0.015967298,-0.020217348,0.055537015
1751976398.66493,-0.015944066,-0.019992765,0.055648679
1751976398.66695,-0.015944066,-0.019992765,0.055648679
1751976398.66895,-0.015944066,-0.019992765,0.055648679
1751976398.67097,-0.015944066,-0.019992765,0.055648679
1751976398.67296,-0.015944066,-0.019992765,0.055648679
1751976398.67494,-0.015944066,-0.019992765,0.055648679
1751976398.67694,-0.016021181,-0.019751839,0.055721677
1751976398.67896,-0.016021181,-0.019751839,0.055721677
1751976398.68097,-0.016021181,-0.019751839,0.055721677
1751976398.68294,-0.016021181,-0.019751839,0.055721677
1751976398.68495,-0.016021181,-0.019751839,0.055721677
1751976398.68687,-0.016123674,-0.019662078,0.055795761
1751976398.68893,-0.016123674,-0.019662078,0.055795761
1751976398.69095,-0.016123674,-0.019662078,0.055795761
1751976398.69294,-0.016123674,-0.019662078,0.055795761
1751976398.69497,-0.016123674,-0.019662078,0.055795761
1751976398.69706,-0.016123674,-0.019662078,0.055795761
1751976398.69905,-0.016067397,-0.0194746,0.055917031
1751976398.70103,-0.016067397,-0.0194746,0.055917031
1751976398.70295,-0.016067397,-0.0194746,0.055917031
1751976398.70501,-0.016067397,-0.0194746,0.055917031
1751976398.70697,-0.016067397,-0.0194746,0.055917031
1751976398.70894,-0.016067397,-0.0194746,0.055917031
1751976398.71097,-0.016200893,-0.019192775,0.055996143
1751976398.71296,-0.016200893,-0.019192775,0.055996143
1751976398.71495,-0.016200893,-0.019192775,0.055996143
1751976398.71695,-0.016200893,-0.019192775,0.055996143
1751976398.71894,-0.016200893,-0.019192775,0.055996143
1751976398.72093,-0.016242796,-0.018993467,0.056036784
1751976398.72294,-0.016242796,-0.018993467,0.056036784
1751976398.72493,-0.016242796,-0.018993467,0.056036784
1751976398.72693,-0.016242796,-0.018993467,0.056036784
1751976398.72901,-0.016242796,-0.018993467,0.056036784
1751976398.73103,-0.016297685,-0.018893932,0.056074037
1751976398.73295,-0.016297685,-0.018893932,0.056074037
1751976398.73497,-0.016297685,-0.018893932,0.056074037
1751976398.73697,-0.016297685,-0.018893932,0.056074037
1751976398.73896,-0.016297685,-0.018893932,0.056074037
1751976398.74096,-0.016297685,-0.018893932,0.056074037
1751976398.743,-0.016277077,-0.0188234,0.056107208
1751976398.74495,-0.016277077,-0.0188234,0.056107208
1751976398.74689,-0.016277077,-0.0188234,0.056107208
1751976398.74895,-0.016277077,-0.0188234,0.056107208
1751976398.75094,-0.016277077,-0.0188234,0.056107208
1751976398.75293,-0.016277077,-0.0188234,0.056107208
1751976398.75495,-0.016338588,-0.018830866,0.0560635
1751976398.75696,-0.016338588,-0.018830866,0.0560635
1751976398.75895,-0.016338588,-0.018830866,0.0560635
1751976398.76099,-0.016338588,-0.018830866,0.0560635
1751976398.76297,-0.016338588,-0.018830866,0.0560635
1751976398.76496,-0.016338588,-0.018830866,0.0560635
1751976398.76694,-0.016393654,-0.018735133,0.056160105
1751976398.76896,-0.016393654,-0.018735133,0.056160105
1751976398.77093,-0.016393654,-0.018735133,0.056160105
1751976398.77293,-0.016393654,-0.018735133,0.056160105
1751976398.77494,-0.016393654,-0.018735133,0.056160105
1751976398.77694,-0.016393654,-0.018735133,0.056160105
1751976398.77893,-0.016288502,-0.018657248,0.056190841
1751976398.78096,-0.016288502,-0.018657248,0.056190841
1751976398.78295,-0.016288502,-0.018657248,0.056190841
1751976398.78495,-0.016288502,-0.018657248,0.056190841
1751976398.787,-0.016288502,-0.018657248,0.056190841
1751976398.78896,-0.016419499,-0.01859854,0.056177574
1751976398.79092,-0.016419499,-0.01859854,0.056177574
1751976398.7929,-0.016419499,-0.01859854,0.056177574
1751976398.79497,-0.016419499,-0.01859854,0.056177574
1751976398.79697,-0.016419499,-0.01859854,0.056177574
1751976398.79897,-0.016419499,-0.01859854,0.056177574
1751976398.80092,-0.016521945,-0.018498445,0.056111845
1751976398.80293,-0.016521945,-0.018498445,0.056111845
1751976398.80493,-0.016521945,-0.018498445,0.056111845
1751976398.80694,-0.016521945,-0.018498445,0.056111845
1751976398.80893,-0.016521945,-0.018498445,0.056111845
1751976398.81093,-0.016521945,-0.018498445,0.056111845
1751976398.81293,-0.016509309,-0.018352379,0.056116791
1751976398.81493,-0.016509309,-0.018352379,0.056116791
1751976398.81696,-0.016509309,-0.018352379,0.056116791
1751976398.81895,-0.016509309,-0.018352379,0.056116791
1751976398.82097,-0.016509309,-0.018352379,0.056116791
1751976398.82298,-0.016504328,-0.018336304,0.056154994
1751976398.825,-0.016504328,-0.018336304,0.056154994
1751976398.82697,-0.016504328,-0.018336304,0.056154994
1751976398.829,-0.016504328,-0.018336304,0.056154994
1751976398.83096,-0.016504328,-0.018336304,0.056154994
1751976398.83294,-0.016504328,-0.018336304,0.056154994
1751976398.83494,-0.016563748,-0.018321584,0.056152844
1751976398.83694,-0.016563748,-0.018321584,0.056152844
1751976398.83895,-0.016563748,-0.018321584,0.056152844
1751976398.84094,-0.016563748,-0.018321584,0.056152844
1751976398.84295,-0.016563748,-0.018321584,0.056152844
1751976398.84493,-0.01652393,-0.018312848,0.056216605
1751976398.84695,-0.01652393,-0.018312848,0.056216605
1751976398.84893,-0.01652393,-0.018312848,0.056216605
1751976398.85092,-0.01652393,-0.018312848,0.056216605
1751976398.85295,-0.01652393,-0.018312848,0.056216605
1751976398.85496,-0.016607597,-0.018300875,0.05623425
1751976398.85695,-0.016607597,-0.018300875,0.05623425
1751976398.859,-0.016607597,-0.018300875,0.05623425
1751976398.86097,-0.016607597,-0.018300875,0.05623425
1751976398.86299,-0.016607597,-0.018300875,0.05623425
1751976398.86494,-0.016607597,-0.018300875,0.05623425
1751976398.86708,-0.016770451,-0.018232447,0.056167915
1751976398.86892,-0.016770451,-0.018232447,0.056167915
1751976398.871,-0.016770451,-0.018232447,0.056167915
1751976398.87294,-0.016770451,-0.018232447,0.056167915
1751976398.87497,-0.016770451,-0.018232447,0.056167915
1751976398.87695,-0.016725425,-0.018077629,0.056278863
1751976398.87896,-0.016725425,-0.018077629,0.056278863
1751976398.88095,-0.016725425,-0.018077629,0.056278863
1751976398.88294,-0.016725425,-0.018077629,0.056278863
1751976398.88495,-0.016725425,-0.018077629,0.056278863
1751976398.88696,-0.016725425,-0.018077629,0.056278863
1751976398.88895,-0.016583809,-0.018045848,0.056334953
1751976398.89104,-0.016583809,-0.018045848,0.056334953
1751976398.89295,-0.016583809,-0.018045848,0.056334953
1751976398.89494,-0.016583809,-0.018045848,0.056334953
1751976398.897,-0.016583809,-0.018045848,0.056334953
1751976398.89898,-0.016587831,-0.018043246,0.056266457
1751976398.90094,-0.016587831,-0.018043246,0.056266457
1751976398.90293,-0.016587831,-0.018043246,0.056266457
1751976398.90498,-0.016587831,-0.018043246,0.056266457
1751976398.90697,-0.016587831,-0.018043246,0.056266457
1751976398.90895,-0.016510837,-0.018029448,0.056304496
1751976398.91095,-0.016510837,-0.018029448,0.056304496
1751976398.91296,-0.016510837,-0.018029448,0.056304496
1751976398.91497,-0.016510837,-0.018029448,0.056304496
1751976398.91695,-0.016510837,-0.018029448,0.056304496
1751976398.919,-0.016510837,-0.018029448,0.056304496
1751976398.92095,-0.016487488,-0.018047216,0.056270645
1751976398.92296,-0.016487488,-0.018047216,0.056270645
1751976398.92494,-0.016487488,-0.018047216,0.056270645
1751976398.92695,-0.016487488,-0.018047216,0.056270645
1751976398.92894,-0.016487488,-0.018047216,0.056270645
1751976398.93095,-0.016487488,-0.018047216,0.056270645
1751976398.93296,-0.016453931,-0.018054047,0.0562621
1751976398.93494,-0.016453931,-0.018054047,0.0562621
1751976398.93693,-0.016453931,-0.018054047,0.0562621
1751976398.93898,-0.016453931,-0.018054047,0.0562621
1751976398.94096,-0.016453931,-0.018054047,0.0562621
1751976398.94294,-0.016453931,-0.018054047,0.0562621
1751976398.94494,-0.016424583,-0.018068514,0.056282315
1751976398.94704,-0.016424583,-0.018068514,0.056282315
1751976398.94896,-0.016424583,-0.018068514,0.056282315
1751976398.95097,-0.016424583,-0.018068514,0.056282315
1751976398.95299,-0.016424583,-0.018068514,0.056282315
1751976398.95512,-0.016369781,-0.018110971,0.05629423
1751976398.95702,-0.016369781,-0.018110971,0.05629423
1751976398.95896,-0.016369781,-0.018110971,0.05629423
1751976398.961,-0.016369781,-0.018110971,0.05629423
1751976398.96296,-0.016369781,-0.018110971,0.05629423
1751976398.96495,-0.016369781,-0.018110971,0.05629423
1751976398.96697,-0.016123401,-0.018095332,0.056292125
1751976398.96897,-0.016123401,-0.018095332,0.056292125
1751976398.97095,-0.016123401,-0.018095332,0.056292125
1751976398.97296,-0.016123401,-0.018095332,0.056292125
1751976398.97494,-0.016123401,-0.018095332,0.056292125
1751976398.97693,-0.016021071,-0.018095725,0.056334103
1751976398.97895,-0.016021071,-0.018095725,0.056334103
1751976398.98094,-0.016021071,-0.018095725,0.056334103
1751976398.98294,-0.016021071,-0.018095725,0.056334103
1751976398.98494,-0.016021071,-0.018095725,0.056334103
1751976398.98697,-0.016021071,-0.018095725,0.056334103
1751976398.98893,-0.015843164,-0.018115755,0.056278755
1751976398.99096,-0.015843164,-0.018115755,0.056278755
1751976398.99303,-0.015843164,-0.018115755,0.056278755
1751976398.99496,-0.015843164,-0.018115755,0.056278755
1751976398.997,-0.015843164,-0.018115755,0.056278755
1751976398.99899,-0.015843164,-0.018115755,0.056278755
1751976399.00097,-0.015574477,-0.018096304,0.056230029
1751976399.00295,-0.015574477,-0.018096304,0.056230029
1751976399.00494,-0.015574477,-0.018096304,0.056230029
1751976399.00696,-0.015574477,-0.018096304,0.056230029
1751976399.00892,-0.015574477,-0.018096304,0.056230029
1751976399.01094,-0.015574477,-0.018096304,0.056230029
1751976399.01293,-0.015422,-0.018083407,0.056205291
1751976399.01494,-0.015422,-0.018083407,0.056205291
1751976399.01696,-0.015422,-0.018083407,0.056205291
1751976399.01896,-0.015422,-0.018083407,0.056205291
1751976399.02095,-0.015422,-0.018083407,0.056205291
1751976399.02294,-0.015188511,-0.018038918,0.056225566
1751976399.02493,-0.015188511,-0.018038918,0.056225566
1751976399.02696,-0.015188511,-0.018038918,0.056225566
1751976399.02893,-0.015188511,-0.018038918,0.056225566
1751976399.03094,-0.015188511,-0.018038918,0.056225566
1751976399.03294,-0.015188511,-0.018038918,0.056225566
1751976399.03496,-0.014815155,-0.018076061,0.056228616
1751976399.03697,-0.014815155,-0.018076061,0.056228616
1751976399.03897,-0.014815155,-0.018076061,0.056228616
1751976399.04099,-0.014815155,-0.018076061,0.056228616
1751976399.04298,-0.014815155,-0.018076061,0.056228616
1751976399.04496,-0.014815155,-0.018076061,0.056228616
1751976399.04697,-0.014377025,-0.018084942,0.056289719
1751976399.04896,-0.014377025,-0.018084942,0.056289719
1751976399.05096,-0.014377025,-0.018084942,0.056289719
1751976399.05294,-0.014377025,-0.018084942,0.056289719
1751976399.05495,-0.014377025,-0.018084942,0.056289719
1751976399.05694,-0.014022596,-0.018072431,0.05626403
1751976399.05898,-0.014022596,-0.018072431,0.05626403
1751976399.061,-0.014022596,-0.018072431,0.05626403
1751976399.06297,-0.014022596,-0.018072431,0.05626403
1751976399.06495,-0.014022596,-0.018072431,0.05626403
1751976399.06696,-0.014022596,-0.018072431,0.05626403
1751976399.06894,-0.013497791,-0.018065902,0.056154338
1751976399.07094,-0.013497791,-0.018065902,0.056154338
1751976399.07293,-0.013497791,-0.018065902,0.056154338
1751976399.07496,-0.013497791,-0.018065902,0.056154338
1751976399.07699,-0.013497791,-0.018065902,0.056154338
1751976399.07898,-0.012991085,-0.017993811,0.056116498
1751976399.08101,-0.012991085,-0.017993811,0.056116498
1751976399.08312,-0.012991085,-0.017993811,0.056116498
1751976399.08497,-0.012991085,-0.017993811,0.056116498
1751976399.08698,-0.012991085,-0.017993811,0.056116498
1751976399.08897,-0.012991085,-0.017993811,0.056116498
1751976399.09095,-0.012486005,-0.017970597,0.05598852
1751976399.09291,-0.012486005,-0.017970597,0.05598852
1751976399.09494,-0.012486005,-0.017970597,0.05598852
1751976399.09695,-0.012486005,-0.017970597,0.05598852
1751976399.09896,-0.012486005,-0.017970597,0.05598852
1751976399.10095,-0.012486005,-0.017970597,0.05598852
1751976399.10294,-0.012143965,-0.01799717,0.055848823
1751976399.10492,-0.012143965,-0.01799717,0.055848823
1751976399.10698,-0.012143965,-0.01799717,0.055848823
1751976399.10894,-0.012143965,-0.01799717,0.055848823
1751976399.11095,-0.012143965,-0.01799717,0.055848823
1751976399.11296,-0.012143965,-0.01799717,0.055848823
1751976399.11497,-0.012029304,-0.018093535,0.055701578
1751976399.11698,-0.012029304,-0.018093535,0.055701578
1751976399.11895,-0.012029304,-0.018093535,0.055701578
1751976399.12099,-0.012029304,-0.018093535,0.055701578
1751976399.12298,-0.012029304,-0.018093535,0.055701578
1751976399.12497,-0.011985313,-0.018216772,0.055748488
1751976399.12699,-0.011985313,-0.018216772,0.055748488
1751976399.12895,-0.011985313,-0.018216772,0.055748488
1751976399.13095,-0.011985313,-0.018216772,0.055748488
1751976399.13295,-0.011985313,-0.018216772,0.055748488
1751976399.13495,-0.011985313,-0.018216772,0.055748488
1751976399.13698,-0.012006872,-0.018265781,0.055653702
1751976399.13894,-0.012006872,-0.018265781,0.055653702
1751976399.14093,-0.012006872,-0.018265781,0.055653702
1751976399.14737,-0.012006872,-0.018265781,0.055653702
1751976399.1474,-0.012006872,-0.018265781,0.055653702
1751976399.14745,-0.011919108,-0.018354855,0.055753096
1751976399.14896,-0.011919108,-0.018354855,0.055753096
1751976399.15098,-0.011919108,-0.018354855,0.055753096
1751976399.15293,-0.011919108,-0.018354855,0.055753096
1751976399.15494,-0.011919108,-0.018354855,0.055753096
1751976399.15695,-0.011919108,-0.018354855,0.055753096
1751976399.15894,-0.011929886,-0.018353719,0.055696079
1751976399.16097,-0.011929886,-0.018353719,0.055696079
1751976399.16295,-0.011929886,-0.018353719,0.055696079
1751976399.16496,-0.011929886,-0.018353719,0.055696079
1751976399.16697,-0.011929886,-0.018353719,0.055696079
1751976399.16898,-0.011927971,-0.018329726,0.055747125
1751976399.17095,-0.011927971,-0.018329726,0.055747125
1751976399.17296,-0.011927971,-0.018329726,0.055747125
1751976399.17496,-0.011927971,-0.018329726,0.055747125
1751976399.17696,-0.011927971,-0.018329726,0.055747125
1751976399.17896,-0.011927971,-0.018329726,0.055747125
1751976399.18094,-0.01179863,-0.018321273,0.055802715
1751976399.183,-0.01179863,-0.018321273,0.055802715
1751976399.18495,-0.01179863,-0.018321273,0.055802715
1751976399.18695,-0.01179863,-0.018321273,0.055802715
1751976399.18897,-0.01179863,-0.018321273,0.055802715
1751976399.19095,-0.01179863,-0.018321273,0.055802715
1751976399.19294,-0.011811937,-0.018276553,0.055794555
1751976399.19494,-0.011811937,-0.018276553,0.055794555
1751976399.19693,-0.011811937,-0.018276553,0.055794555
1751976399.19892,-0.011811937,-0.018276553,0.055794555
1751976399.20094,-0.011811937,-0.018276553,0.055794555
1751976399.20296,-0.011725863,-0.018191254,0.055784816
1751976399.20495,-0.011725863,-0.018191254,0.055784816
1751976399.20697,-0.011725863,-0.018191254,0.055784816
1751976399.20897,-0.011725863,-0.018191254,0.055784816
1751976399.21109,-0.011725863,-0.018191254,0.055784816
1751976399.21297,-0.011726246,-0.018142479,0.055769163
1751976399.21496,-0.011726246,-0.018142479,0.055769163
1751976399.21696,-0.011726246,-0.018142479,0.055769163
1751976399.21894,-0.011726246,-0.018142479,0.055769163
1751976399.22093,-0.011726246,-0.018142479,0.055769163
1751976399.22293,-0.011726246,-0.018142479,0.055769163
1751976399.22499,-0.011749794,-0.018057553,0.055762241
1751976399.22696,-0.011749794,-0.018057553,0.055762241
1751976399.22896,-0.011749794,-0.018057553,0.055762241
1751976399.23095,-0.011749794,-0.018057553,0.055762241
1751976399.23293,-0.011749794,-0.018057553,0.055762241
1751976399.23495,-0.011740992,-0.018149495,0.055833669
1751976399.23695,-0.011740992,-0.018149495,0.055833669
1751976399.23896,-0.011740992,-0.018149495,0.055833669
1751976399.24095,-0.011740992,-0.018149495,0.055833669
1751976399.24297,-0.011740992,-0.018149495,0.055833669
1751976399.24497,-0.011794991,-0.018101966,0.055735033
1751976399.24693,-0.011794991,-0.018101966,0.055735033
1751976399.24895,-0.011794991,-0.018101966,0.055735033
1751976399.25098,-0.011794991,-0.018101966,0.055735033
1751976399.25291,-0.011794991,-0.018101966,0.055735033
1751976399.25496,-0.011794991,-0.018101966,0.055735033
1751976399.25696,-0.011786969,-0.01810149,0.055720424
1751976399.25899,-0.011786969,-0.01810149,0.055720424
1751976399.26096,-0.011786969,-0.01810149,0.055720424
1751976399.26296,-0.011786969,-0.01810149,0.055720424
1751976399.26495,-0.011786969,-0.01810149,0.055720424
1751976399.26698,-0.011786969,-0.01810149,0.055720424
1751976399.26892,-0.011809418,-0.0181657,0.055699614
1751976399.27095,-0.011809418,-0.0181657,0.055699614
1751976399.27298,-0.011809418,-0.0181657,0.055699614
1751976399.27495,-0.011809418,-0.0181657,0.055699614
1751976399.27694,-0.011809418,-0.0181657,0.055699614
1751976399.27896,-0.011790425,-0.018094904,0.055665885
1751976399.28094,-0.011790425,-0.018094904,0.055665885
1751976399.28295,-0.011790425,-0.018094904,0.055665885
1751976399.28495,-0.011790425,-0.018094904,0.055665885
1751976399.28697,-0.011790425,-0.018094904,0.055665885
1751976399.28894,-0.011790425,-0.018094904,0.055665885
1751976399.29092,-0.01185131,-0.018112938,0.05565339
1751976399.29296,-0.01185131,-0.018112938,0.05565339
1751976399.29498,-0.01185131,-0.018112938,0.05565339
1751976399.29695,-0.01185131,-0.018112938,0.05565339
1751976399.29898,-0.01185131,-0.018112938,0.05565339
1751976399.30096,-0.01185131,-0.018112938,0.05565339
1751976399.30296,-0.011804932,-0.018266092,0.055727375
1751976399.30497,-0.011804932,-0.018266092,0.055727375
1751976399.307,-0.011804932,-0.018266092,0.055727375
1751976399.30895,-0.011804932,-0.018266092,0.055727375
1751976399.31093,-0.011804932,-0.018266092,0.055727375
1751976399.31297,-0.011804932,-0.018266092,0.055727375
1751976399.31497,-0.011788107,-0.018281584,0.05574879
1751976399.31694,-0.011788107,-0.018281584,0.05574879
1751976399.31894,-0.011788107,-0.018281584,0.05574879
1751976399.32095,-0.011788107,-0.018281584,0.05574879
1751976399.32297,-0.011788107,-0.018281584,0.05574879
1751976399.32491,-0.011788107,-0.018281584,0.05574879
1751976399.32694,-0.011790993,-0.018288067,0.055724691
1751976399.32895,-0.011790993,-0.018288067,0.055724691
1751976399.33095,-0.011790993,-0.018288067,0.055724691
1751976399.33296,-0.011790993,-0.018288067,0.055724691
1751976399.33495,-0.011790993,-0.018288067,0.055724691
1751976399.33705,-0.011809244,-0.018220833,0.055782381
1751976399.33903,-0.011809244,-0.018220833,0.055782381
1751976399.34105,-0.011809244,-0.018220833,0.055782381
1751976399.34295,-0.011809244,-0.018220833,0.055782381
1751976399.34496,-0.011809244,-0.018220833,0.055782381
1751976399.34701,-0.01183018,-0.018164817,0.055781524
1751976399.34898,-0.01183018,-0.018164817,0.055781524
1751976399.35093,-0.01183018,-0.018164817,0.055781524
1751976399.35293,-0.01183018,-0.018164817,0.055781524
1751976399.355,-0.01183018,-0.018164817,0.055781524
1751976399.35698,-0.011807591,-0.018145543,0.055728375
1751976399.35897,-0.011807591,-0.018145543,0.055728375
1751976399.36098,-0.011807591,-0.018145543,0.055728375
1751976399.36294,-0.011807591,-0.018145543,0.055728375
1751976399.36496,-0.011807591,-0.018145543,0.055728375
1751976399.36695,-0.0117948,-0.018081041,0.055772462
1751976399.36898,-0.0117948,-0.018081041,0.055772462
1751976399.37097,-0.0117948,-0.018081041,0.055772462
1751976399.37298,-0.0117948,-0.018081041,0.055772462
1751976399.37495,-0.0117948,-0.018081041,0.055772462
1751976399.37694,-0.0117948,-0.018081041,0.055772462
1751976399.379,-0.011722971,-0.018129736,0.055757328
1751976399.38102,-0.011722971,-0.018129736,0.055757328
1751976399.38293,-0.011722971,-0.018129736,0.055757328
1751976399.38498,-0.011722971,-0.018129736,0.055757328
1751976399.38699,-0.011722971,-0.018129736,0.055757328
1751976399.38895,-0.011684706,-0.018149023,0.05576742
1751976399.3909,-0.011684706,-0.018149023,0.05576742
1751976399.39299,-0.011684706,-0.018149023,0.05576742
1751976399.39493,-0.011684706,-0.018149023,0.05576742
1751976399.39695,-0.011684706,-0.018149023,0.05576742
1751976399.39896,-0.011709736,-0.01814291,0.055750351
1751976399.40096,-0.011709736,-0.01814291,0.055750351
1751976399.40296,-0.011709736,-0.01814291,0.055750351
1751976399.40495,-0.011709736,-0.01814291,0.055750351
1751976399.40694,-0.011709736,-0.01814291,0.055750351
1751976399.40896,-0.011709736,-0.01814291,0.055750351
1751976399.41093,-0.011711848,-0.018159123,0.055732475
1751976399.41298,-0.011711848,-0.018159123,0.055732475
1751976399.41494,-0.011711848,-0.018159123,0.055732475
1751976399.41695,-0.011711848,-0.018159123,0.055732475
1751976399.41895,-0.011711848,-0.018159123,0.055732475
1751976399.42095,-0.011711848,-0.018159123,0.055732475
1751976399.42296,-0.011796111,-0.018214839,0.055760855
1751976399.42494,-0.011796111,-0.018214839,0.055760855
1751976399.42697,-0.011796111,-0.018214839,0.055760855
1751976399.42897,-0.011796111,-0.018214839,0.055760855
1751976399.43099,-0.011796111,-0.018214839,0.055760855
1751976399.43296,-0.011769303,-0.01822446,0.055768459
1751976399.43496,-0.011769303,-0.01822446,0.055768459
1751976399.43694,-0.011769303,-0.01822446,0.055768459
1751976399.43897,-0.011769303,-0.01822446,0.055768459
1751976399.44098,-0.011769303,-0.01822446,0.055768459
1751976399.44298,-0.01178512,-0.018237836,0.055868296
1751976399.44495,-0.01178512,-0.018237836,0.055868296
1751976399.44695,-0.01178512,-0.018237836,0.055868296
1751976399.44895,-0.01178512,-0.018237836,0.055868296
1751976399.45094,-0.01178512,-0.018237836,0.055868296
1751976399.45294,-0.01178512,-0.018237836,0.055868296
1751976399.45501,-0.011794584,-0.018298949,0.055835844
1751976399.45693,-0.011794584,-0.018298949,0.055835844
1751976399.45894,-0.011794584,-0.018298949,0.055835844
1751976399.46098,-0.011794584,-0.018298949,0.055835844
1751976399.46296,-0.011794584,-0.018298949,0.055835844
1751976399.46501,-0.011794584,-0.018298949,0.055835844
1751976399.46704,-0.011745815,-0.018317668,0.055865613
1751976399.46898,-0.011745815,-0.018317668,0.055865613
1751976399.47095,-0.011745815,-0.018317668,0.055865613
1751976399.47297,-0.011745815,-0.018317668,0.055865613
1751976399.47497,-0.011745815,-0.018317668,0.055865613
1751976399.47696,-0.011745815,-0.018317668,0.055865613
1751976399.47893,-0.0118046,-0.01831825,0.055779846
1751976399.48094,-0.0118046,-0.01831825,0.055779846
1751976399.48298,-0.0118046,-0.01831825,0.055779846
1751976399.48494,-0.0118046,-0.01831825,0.055779846
1751976399.48694,-0.0118046,-0.01831825,0.055779846
1751976399.48895,-0.0118046,-0.01831825,0.055779846
1751976399.49094,-0.01184092,-0.01827814,0.055764813
1751976399.49294,-0.01184092,-0.01827814,0.055764813
1751976399.49496,-0.01184092,-0.01827814,0.055764813
1751976399.49694,-0.01184092,-0.01827814,0.055764813
1751976399.49895,-0.01184092,-0.01827814,0.055764813
1751976399.50093,-0.011818227,-0.018284816,0.055769646
1751976399.503,-0.011818227,-0.018284816,0.055769646
1751976399.50495,-0.011818227,-0.018284816,0.055769646
1751976399.50697,-0.011818227,-0.018284816,0.055769646
1751976399.50897,-0.011818227,-0.018284816,0.055769646
1751976399.5109,-0.011859143,-0.018282964,0.055765236
1751976399.51298,-0.011859143,-0.018282964,0.055765236
1751976399.515,-0.011859143,-0.018282964,0.055765236
1751976399.51696,-0.011859143,-0.018282964,0.055765236
1751976399.51897,-0.011859143,-0.018282964,0.055765236
1751976399.52094,-0.011859143,-0.018282964,0.055765236
1751976399.52295,-0.011727103,-0.018277253,0.055871608
1751976399.52496,-0.011727103,-0.018277253,0.055871608
1751976399.52694,-0.011727103,-0.018277253,0.055871608
1751976399.52898,-0.011727103,-0.018277253,0.055871608
1751976399.53096,-0.011727103,-0.018277253,0.055871608
1751976399.53295,-0.011692054,-0.018243329,0.055830641
1751976399.53493,-0.011692054,-0.018243329,0.055830641
1751976399.53699,-0.011692054,-0.018243329,0.055830641
1751976399.53894,-0.011692054,-0.018243329,0.055830641
1751976399.54093,-0.011692054,-0.018243329,0.055830641
1751976399.54292,-0.011692054,-0.018243329,0.055830641
1751976399.54499,-0.011690366,-0.018188363,0.055860708
1751976399.54695,-0.011690366,-0.018188363,0.055860708
1751976399.54895,-0.011690366,-0.018188363,0.055860708
1751976399.55102,-0.011690366,-0.018188363,0.055860708
1751976399.55296,-0.011690366,-0.018188363,0.055860708
1751976399.55494,-0.011734847,-0.018203807,0.055789978
1751976399.557,-0.011734847,-0.018203807,0.055789978
1751976399.55897,-0.011734847,-0.018203807,0.055789978
1751976399.56099,-0.011734847,-0.018203807,0.055789978
1751976399.56301,-0.011734847,-0.018203807,0.055789978
1751976399.56495,-0.011648815,-0.01816522,0.055830554
1751976399.56688,-0.011648815,-0.01816522,0.055830554
1751976399.56897,-0.011648815,-0.01816522,0.055830554
1751976399.57099,-0.011648815,-0.01816522,0.055830554
1751976399.57294,-0.011648815,-0.01816522,0.055830554
1751976399.57494,-0.011648815,-0.01816522,0.055830554
1751976399.57695,-0.011678711,-0.018183058,0.055886663
1751976399.57907,-0.011678711,-0.018183058,0.055886663
1751976399.58095,-0.011678711,-0.018183058,0.055886663
1751976399.58294,-0.011678711,-0.018183058,0.055886663
1751976399.58496,-0.011678711,-0.018183058,0.055886663
1751976399.58694,-0.011684867,-0.01823894,0.055884952
1751976399.58893,-0.011684867,-0.01823894,0.055884952
1751976399.59096,-0.011684867,-0.01823894,0.055884952
1751976399.593,-0.011684867,-0.01823894,0.055884952
1751976399.59508,-0.011684867,-0.01823894,0.055884952
1751976399.59698,-0.011747858,-0.018217679,0.055791801
1751976399.59899,-0.011747858,-0.018217679,0.055791801
1751976399.60096,-0.011747858,-0.018217679,0.055791801
1751976399.603,-0.011747858,-0.018217679,0.055791801
1751976399.60498,-0.011747858,-0.018217679,0.055791801
1751976399.60695,-0.011747858,-0.018217679,0.055791801
1751976399.60894,-0.011691811,-0.018229821,0.05587642
1751976399.61094,-0.011691811,-0.018229821,0.05587642
1751976399.61295,-0.011691811,-0.018229821,0.05587642
1751976399.61494,-0.011691811,-0.018229821,0.05587642
1751976399.61694,-0.011691811,-0.018229821,0.05587642
1751976399.61894,-0.011691811,-0.018229821,0.05587642
1751976399.62097,-0.011735549,-0.018221878,0.055816578
1751976399.62297,-0.011735549,-0.018221878,0.055816578
1751976399.62498,-0.011735549,-0.018221878,0.055816578
1751976399.62696,-0.011735549,-0.018221878,0.055816578
1751976399.62895,-0.011735549,-0.018221878,0.055816578
1751976399.63097,-0.011754646,-0.01825338,0.055814416
1751976399.63298,-0.011754646,-0.01825338,0.055814416
1751976399.63495,-0.011754646,-0.01825338,0.055814416
1751976399.63698,-0.011754646,-0.01825338,0.055814416
1751976399.63899,-0.011754646,-0.01825338,0.055814416
1751976399.64092,-0.011746043,-0.01824427,0.055764044
1751976399.64298,-0.011746043,-0.01824427,0.055764044
1751976399.64498,-0.011746043,-0.01824427,0.055764044
1751976399.64694,-0.011746043,-0.01824427,0.055764044
1751976399.64894,-0.011746043,-0.01824427,0.055764044
1751976399.65094,-0.011746043,-0.01824427,0.055764044
1751976399.65295,-0.011760801,-0.018280207,0.055775538
1751976399.65494,-0.011760801,-0.018280207,0.055775538
1751976399.65692,-0.011760801,-0.018280207,0.055775538
1751976399.65895,-0.011760801,-0.018280207,0.055775538
1751976399.66095,-0.011760801,-0.018280207,0.055775538
1751976399.66294,-0.011718318,-0.018275846,0.055798385
1751976399.66495,-0.011718318,-0.018275846,0.055798385
1751976399.66695,-0.011718318,-0.018275846,0.055798385
1751976399.66895,-0.011718318,-0.018275846,0.055798385
1751976399.67094,-0.011718318,-0.018275846,0.055798385
1751976399.67295,-0.011718318,-0.018275846,0.055798385
1751976399.67496,-0.011717095,-0.018311948,0.055780523
1751976399.67696,-0.011717095,-0.018311948,0.055780523
1751976399.67897,-0.011717095,-0.018311948,0.055780523
1751976399.68101,-0.011717095,-0.018311948,0.055780523
1751976399.68295,-0.011717095,-0.018311948,0.055780523
1751976399.68488,-0.011717095,-0.018311948,0.055780523
1751976399.68697,-0.011677787,-0.018300942,0.055830404
1751976399.68901,-0.011677787,-0.018300942,0.055830404
1751976399.69097,-0.011677787,-0.018300942,0.055830404
1751976399.693,-0.011677787,-0.018300942,0.055830404
1751976399.69499,-0.011677787,-0.018300942,0.055830404
1751976399.69694,-0.011696167,-0.018257284,0.055846228
1751976399.69889,-0.011696167,-0.018257284,0.055846228
1751976399.70097,-0.011696167,-0.018257284,0.055846228
1751976399.70295,-0.011696167,-0.018257284,0.055846228
1751976399.70499,-0.011696167,-0.018257284,0.055846228
1751976399.70699,-0.011696167,-0.018257284,0.055846228
1751976399.70895,-0.011700216,-0.018198499,0.055781092
1751976399.71095,-0.011700216,-0.018198499,0.055781092
1751976399.71295,-0.011700216,-0.018198499,0.055781092
1751976399.71494,-0.011700216,-0.018198499,0.055781092
1751976399.71698,-0.011700216,-0.018198499,0.055781092
1751976399.71893,-0.011776141,-0.01817258,0.055811876
1751976399.72102,-0.011776141,-0.01817258,0.055811876
1751976399.72304,-0.011776141,-0.01817258,0.055811876
1751976399.72495,-0.011776141,-0.01817258,0.055811876
1751976399.72706,-0.011776141,-0.01817258,0.055811876
1751976399.72899,-0.011776141,-0.01817258,0.055811876
1751976399.73097,-0.011696974,-0.018197392,0.055878025
1751976399.73298,-0.011696974,-0.018197392,0.055878025
1751976399.73494,-0.011696974,-0.018197392,0.055878025
1751976399.73694,-0.011696974,-0.018197392,0.055878025
1751976399.73895,-0.011696974,-0.018197392,0.055878025
1751976399.74097,-0.011696974,-0.018197392,0.055878025
1751976399.74294,-0.011805333,-0.018255772,0.055810969
1751976399.74494,-0.011805333,-0.018255772,0.055810969
1751976399.74701,-0.011805333,-0.018255772,0.055810969
1751976399.74894,-0.011805333,-0.018255772,0.055810969
1751976399.75093,-0.011805333,-0.018255772,0.055810969
1751976399.75295,-0.011805333,-0.018255772,0.055810969
1751976399.75499,-0.011724041,-0.018288711,0.055829199
1751976399.75695,-0.011724041,-0.018288711,0.055829199
1751976399.75895,-0.011724041,-0.018288711,0.055829199
1751976399.76094,-0.011724041,-0.018288711,0.055829199
1751976399.76296,-0.011724041,-0.018288711,0.055829199
1751976399.76494,-0.011724041,-0.018288711,0.055829199
1751976399.76694,-0.011753863,-0.018286652,0.055842255
1751976399.76898,-0.011753863,-0.018286652,0.055842255
1751976399.77102,-0.011753863,-0.018286652,0.055842255
1751976399.77295,-0.011753863,-0.018286652,0.055842255
1751976399.77493,-0.011753863,-0.018286652,0.055842255
1751976399.77694,-0.011901244,-0.018287576,0.055748593
1751976399.77894,-0.011901244,-0.018287576,0.055748593
1751976399.78089,-0.011901244,-0.018287576,0.055748593
1751976399.78296,-0.011901244,-0.018287576,0.055748593
1751976399.78495,-0.011901244,-0.018287576,0.055748593
1751976399.78695,-0.011947265,-0.018316483,0.055647217
1751976399.78895,-0.011947265,-0.018316483,0.055647217
1751976399.79093,-0.011947265,-0.018316483,0.055647217
1751976399.79292,-0.011947265,-0.018316483,0.055647217
1751976399.79494,-0.011947265,-0.018316483,0.055647217
1751976399.79694,-0.011852961,-0.018301293,0.055751505
1751976399.79894,-0.011852961,-0.018301293,0.055751505
1751976399.80093,-0.011852961,-0.018301293,0.055751505
1751976399.80296,-0.011852961,-0.018301293,0.055751505
1751976399.80498,-0.011852961,-0.018301293,0.055751505
1751976399.80695,-0.011751457,-0.01839864,0.055787282
1751976399.80896,-0.011751457,-0.01839864,0.055787282
1751976399.81097,-0.011751457,-0.01839864,0.055787282
1751976399.81302,-0.011751457,-0.01839864,0.055787282
1751976399.81496,-0.011751457,-0.01839864,0.055787282
1751976399.81695,-0.011751457,-0.01839864,0.055787282
1751976399.81894,-0.01181297,-0.018352974,0.055762824
1751976399.82093,-0.01181297,-0.018352974,0.055762824
1751976399.82295,-0.01181297,-0.018352974,0.055762824
1751976399.82495,-0.01181297,-0.018352974,0.055762824
1751976399.82695,-0.01181297,-0.018352974,0.055762824
1751976399.82898,-0.011819482,-0.018362952,0.055735701
1751976399.83095,-0.011819482,-0.018362952,0.055735701
1751976399.83293,-0.011819482,-0.018362952,0.055735701
1751976399.83496,-0.011819482,-0.018362952,0.055735701
1751976399.83694,-0.011819482,-0.018362952,0.055735701
1751976399.83895,-0.011819482,-0.018362952,0.055735701
1751976399.84099,-0.011876671,-0.018274878,0.055683377
1751976399.84298,-0.011876671,-0.018274878,0.055683377
1751976399.84495,-0.011876671,-0.018274878,0.055683377
1751976399.84697,-0.011876671,-0.018274878,0.055683377
1751976399.849,-0.011876671,-0.018274878,0.055683377
1751976399.85098,-0.012008431,-0.018276014,0.055685327
1751976399.85298,-0.012008431,-0.018276014,0.055685327
1751976399.85497,-0.012008431,-0.018276014,0.055685327
1751976399.85696,-0.012008431,-0.018276014,0.055685327
1751976399.85898,-0.012008431,-0.018276014,0.055685327
1751976399.86099,-0.012008431,-0.018276014,0.055685327
1751976399.86298,-0.011965092,-0.018283485,0.055649371
1751976399.86494,-0.011965092,-0.018283485,0.055649371
1751976399.86697,-0.011965092,-0.018283485,0.055649371
1751976399.86895,-0.011965092,-0.018283485,0.055649371
1751976399.87089,-0.011965092,-0.018283485,0.055649371
1751976399.87299,-0.011965092,-0.018283485,0.055649371
1751976399.87493,-0.011925525,-0.018291733,0.055726597
1751976399.87698,-0.011925525,-0.018291733,0.055726597
1751976399.87897,-0.011925525,-0.018291733,0.055726597
1751976399.88096,-0.011925525,-0.018291733,0.055726597
1751976399.88295,-0.011925525,-0.018291733,0.055726597
1751976399.88492,-0.011925525,-0.018291733,0.055726597
1751976399.88694,-0.012005082,-0.018226009,0.055639774
1751976399.88894,-0.012005082,-0.018226009,0.055639774
1751976399.89099,-0.012005082,-0.018226009,0.055639774
1751976399.89294,-0.012005082,-0.018226009,0.055639774
1751976399.89497,-0.012005082,-0.018226009,0.055639774
1751976399.89703,-0.01199919,-0.018242132,0.055629731
1751976399.89897,-0.01199919,-0.018242132,0.055629731
1751976399.90097,-0.01199919,-0.018242132,0.055629731
1751976399.90298,-0.01199919,-0.018242132,0.055629731
1751976399.90494,-0.01199919,-0.018242132,0.055629731
1751976399.90694,-0.01199919,-0.018242132,0.055629731
1751976399.90895,-0.012003109,-0.018180154,0.055639431
1751976399.91096,-0.012003109,-0.018180154,0.055639431
1751976399.91296,-0.012003109,-0.018180154,0.055639431
1751976399.91498,-0.012003109,-0.018180154,0.055639431
1751976399.91694,-0.012003109,-0.018180154,0.055639431
1751976399.91889,-0.011976741,-0.018258144,0.055711789
1751976399.92093,-0.011976741,-0.018258144,0.055711789
1751976399.92295,-0.011976741,-0.018258144,0.055711789
1751976399.92498,-0.011976741,-0.018258144,0.055711789
1751976399.92694,-0.011976741,-0.018258144,0.055711789
1751976399.92897,-0.011840341,-0.018312878,0.055731336
1751976399.93096,-0.011840341,-0.018312878,0.055731336
1751976399.93294,-0.011840341,-0.018312878,0.055731336
1751976399.93496,-0.011840341,-0.018312878,0.055731336
1751976399.93695,-0.011840341,-0.018312878,0.055731336
1751976399.93899,-0.011840341,-0.018312878,0.055731336
1751976399.94096,-0.011867444,-0.018362727,0.055764057
1751976399.94298,-0.011867444,-0.018362727,0.055764057
1751976399.94494,-0.011867444,-0.018362727,0.055764057
1751976399.94696,-0.011867444,-0.018362727,0.055764057
1751976399.94898,-0.011867444,-0.018362727,0.055764057
1751976399.95095,-0.011867444,-0.018362727,0.055764057
1751976399.95296,-0.011867444,-0.018362727,0.055764057
1751976399.95494,-0.011865441,-0.018396547,0.055773039
1751976399.95698,-0.011865441,-0.018396547,0.055773039
1751976399.95893,-0.011865441,-0.018396547,0.055773039
1751976399.96088,-0.011865441,-0.018396547,0.055773039
1751976399.96301,-0.011880848,-0.018355422,0.0556878
1751976399.96496,-0.011880848,-0.018355422,0.0556878
1751976399.96694,-0.011880848,-0.018355422,0.0556878
1751976399.96894,-0.011880848,-0.018355422,0.0556878
1751976399.97087,-0.011880848,-0.018355422,0.0556878
1751976399.97294,-0.011870685,-0.018355038,0.055704089
1751976399.97493,-0.011870685,-0.018355038,0.055704089
1751976399.97691,-0.011870685,-0.018355038,0.055704089
1751976399.97898,-0.011870685,-0.018355038,0.055704089
1751976399.98094,-0.011870685,-0.018355038,0.055704089
1751976399.98296,-0.011818726,-0.018319412,0.055693959
1751976399.98494,-0.011818726,-0.018319412,0.055693959
1751976399.98697,-0.011818726,-0.018319412,0.055693959
1751976399.989,-0.011818726,-0.018319412,0.055693959
1751976399.99097,-0.011818726,-0.018319412,0.055693959
1751976399.99293,-0.011737276,-0.018373411,0.055766733
1751976399.99497,-0.011737276,-0.018373411,0.055766733
1751976399.99693,-0.011737276,-0.018373411,0.055766733
1751976399.99898,-0.011737276,-0.018373411,0.055766733
1751976400.00094,-0.011737276,-0.018373411,0.055766733
1751976400.00294,-0.011737276,-0.018373411,0.055766733
1751976400.00501,-0.011767618,-0.018387522,0.055733601
1751976400.00694,-0.011767618,-0.018387522,0.055733601
1751976400.00895,-0.011767618,-0.018387522,0.055733601
1751976400.01096,-0.011767618,-0.018387522,0.055733601
1751976400.01296,-0.011767618,-0.018387522,0.055733601
1751976400.01494,-0.011772863,-0.018401596,0.055729668
1751976400.01695,-0.011772863,-0.018401596,0.055729668
1751976400.01894,-0.011772863,-0.018401596,0.055729668
1751976400.02095,-0.011772863,-0.018401596,0.055729668
1751976400.02294,-0.011772863,-0.018401596,0.055729668
1751976400.02492,-0.011772863,-0.018401596,0.055729668
1751976400.02696,-0.011752806,-0.018406755,0.055760082
1751976400.02897,-0.011752806,-0.018406755,0.055760082
1751976400.03096,-0.011752806,-0.018406755,0.055760082
1751976400.03297,-0.011752806,-0.018406755,0.055760082
1751976400.03493,-0.011752806,-0.018406755,0.055760082
1751976400.03702,-0.011752806,-0.018406755,0.055760082
1751976400.0389,-0.011700483,-0.018354589,0.055780044
1751976400.04099,-0.011700483,-0.018354589,0.055780044
1751976400.043,-0.011700483,-0.018354589,0.055780044
1751976400.04496,-0.011700483,-0.018354589,0.055780044
1751976400.04697,-0.011700483,-0.018354589,0.055780044
1751976400.04896,-0.011700483,-0.018354589,0.055780044
1751976400.05095,-0.01173775,-0.018357075,0.055685629
1751976400.05297,-0.01173775,-0.018357075,0.055685629
1751976400.05496,-0.01173775,-0.018357075,0.055685629
1751976400.05694,-0.01173775,-0.018357075,0.055685629
1751976400.05896,-0.01173775,-0.018357075,0.055685629
1751976400.06097,-0.01173775,-0.018357075,0.055685629
1751976400.06288,-0.011691704,-0.018309428,0.05575576
1751976400.06495,-0.011691704,-0.018309428,0.05575576
1751976400.06696,-0.011691704,-0.018309428,0.05575576
1751976400.06892,-0.011691704,-0.018309428,0.05575576
1751976400.07097,-0.011691704,-0.018309428,0.05575576
1751976400.07303,-0.011691556,-0.018310806,0.05575755
1751976400.075,-0.011691556,-0.018310806,0.05575755
1751976400.07696,-0.011691556,-0.018310806,0.05575755
1751976400.07896,-0.011691556,-0.018310806,0.05575755
1751976400.08102,-0.011691556,-0.018310806,0.05575755
1751976400.083,-0.011702818,-0.01834073,0.055777095
1751976400.08496,-0.011702818,-0.01834073,0.055777095
1751976400.08698,-0.011702818,-0.01834073,0.055777095
1751976400.08896,-0.011702818,-0.01834073,0.055777095
1751976400.09094,-0.011702818,-0.01834073,0.055777095
1751976400.09301,-0.011702818,-0.01834073,0.055777095
1751976400.09496,-0.011679059,-0.018341291,0.055742959
1751976400.09694,-0.011679059,-0.018341291,0.055742959
1751976400.09895,-0.011679059,-0.018341291,0.055742959
1751976400.10102,-0.011679059,-0.018341291,0.055742959
1751976400.10293,-0.011679059,-0.018341291,0.055742959
1751976400.10495,-0.011679059,-0.018341291,0.055742959
1751976400.10695,-0.011679374,-0.018369974,0.055774556
1751976400.10894,-0.011679374,-0.018369974,0.055774556
1751976400.11093,-0.011679374,-0.018369974,0.055774556
1751976400.11301,-0.011679374,-0.018369974,0.055774556
1751976400.11495,-0.011679374,-0.018369974,0.055774556
1751976400.11694,-0.011679374,-0.018369974,0.055774556
1751976400.11895,-0.011735661,-0.018326291,0.055766674
1751976400.12092,-0.011735661,-0.018326291,0.055766674
1751976400.12298,-0.011735661,-0.018326291,0.055766674
1751976400.12497,-0.011735661,-0.018326291,0.055766674
1751976400.12706,-0.011735661,-0.018326291,0.055766674
1751976400.12904,-0.011735957,-0.018405819,0.055722238
1751976400.13101,-0.011735957,-0.018405819,0.055722238
1751976400.13302,-0.011735957,-0.018405819,0.055722238
1751976400.13493,-0.011735957,-0.018405819,0.055722238
1751976400.13697,-0.011735957,-0.018405819,0.055722238
1751976400.13891,-0.011735957,-0.018405819,0.055722238
1751976400.14097,-0.011756018,-0.018363896,0.055721568
1751976400.14297,-0.011756018,-0.018363896,0.055721568
1751976400.14495,-0.011756018,-0.018363896,0.055721568
1751976400.14696,-0.011756018,-0.018363896,0.055721568
1751976400.14898,-0.011756018,-0.018363896,0.055721568
1751976400.15094,-0.011687453,-0.018448258,0.055791842
1751976400.15294,-0.011687453,-0.018448258,0.055791842
1751976400.15494,-0.011687453,-0.018448258,0.055791842
1751976400.15695,-0.011687453,-0.018448258,0.055791842
1751976400.15899,-0.011687453,-0.018448258,0.055791842
1751976400.16095,-0.011679691,-0.018459213,0.055793399
1751976400.16296,-0.011679691,-0.018459213,0.055793399
1751976400.16493,-0.011679691,-0.018459213,0.055793399
1751976400.167,-0.011679691,-0.018459213,0.055793399
1751976400.16895,-0.011679691,-0.018459213,0.055793399
1751976400.17103,-0.011679691,-0.018459213,0.055793399
1751976400.17299,-0.011662362,-0.018426892,0.055794052
1751976400.1751,-0.011662362,-0.018426892,0.055794052
1751976400.17694,-0.011662362,-0.018426892,0.055794052
1751976400.17899,-0.011662362,-0.018426892,0.055794052
1751976400.18096,-0.011662362,-0.018426892,0.055794052
1751976400.18296,-0.011662362,-0.018426892,0.055794052
1751976400.18494,-0.011669012,-0.018342523,0.055789697
1751976400.18699,-0.011669012,-0.018342523,0.055789697
1751976400.18898,-0.011669012,-0.018342523,0.055789697
1751976400.19093,-0.011669012,-0.018342523,0.055789697
1751976400.19294,-0.011669012,-0.018342523,0.055789697
1751976400.19496,-0.011669012,-0.018342523,0.055789697
1751976400.19693,-0.0116622,-0.018383028,0.05580634
1751976400.19898,-0.0116622,-0.018383028,0.05580634
1751976400.20097,-0.0116622,-0.018383028,0.05580634
1751976400.20295,-0.0116622,-0.018383028,0.05580634
1751976400.20496,-0.0116622,-0.018383028,0.05580634
1751976400.20693,-0.0116622,-0.018383028,0.05580634
1751976400.20899,-0.011584458,-0.018378286,0.055865145
1751976400.21093,-0.011584458,-0.018378286,0.055865145
1751976400.21294,-0.011584458,-0.018378286,0.055865145
1751976400.21498,-0.011584458,-0.018378286,0.055865145
1751976400.21694,-0.011584458,-0.018378286,0.055865145
1751976400.21895,-0.011584458,-0.018378286,0.055865145
1751976400.22099,-0.011606005,-0.018360388,0.055792999
1751976400.22293,-0.011606005,-0.018360388,0.055792999
1751976400.22495,-0.011606005,-0.018360388,0.055792999
1751976400.22699,-0.011606005,-0.018360388,0.055792999
1751976400.22894,-0.011606005,-0.018360388,0.055792999
1751976400.23098,-0.011702324,-0.018337304,0.055751664
1751976400.23294,-0.011702324,-0.018337304,0.055751664
1751976400.23496,-0.011702324,-0.018337304,0.055751664
1751976400.23695,-0.011702324,-0.018337304,0.055751664
1751976400.23898,-0.011702324,-0.018337304,0.055751664
1751976400.24088,-0.011617241,-0.018307017,0.055797942
1751976400.24294,-0.011617241,-0.018307017,0.055797942
1751976400.24493,-0.011617241,-0.018307017,0.055797942
1751976400.24693,-0.011617241,-0.018307017,0.055797942
1751976400.24894,-0.011617241,-0.018307017,0.055797942
1751976400.25093,-0.011617241,-0.018307017,0.055797942
1751976400.25291,-0.011697333,-0.018323184,0.055721132
1751976400.25495,-0.011697333,-0.018323184,0.055721132
1751976400.25693,-0.011697333,-0.018323184,0.055721132
1751976400.25892,-0.011697333,-0.018323184,0.055721132
1751976400.26097,-0.011697333,-0.018323184,0.055721132
1751976400.26297,-0.011699555,-0.018321835,0.055740263
1751976400.26503,-0.011699555,-0.018321835,0.055740263
1751976400.26699,-0.011699555,-0.018321835,0.055740263
1751976400.26897,-0.011699555,-0.018321835,0.055740263
1751976400.27095,-0.011699555,-0.018321835,0.055740263
1751976400.27292,-0.011699555,-0.018321835,0.055740263
1751976400.27498,-0.011598854,-0.018337615,0.055760168
1751976400.27697,-0.011598854,-0.018337615,0.055760168
1751976400.27896,-0.011598854,-0.018337615,0.055760168
1751976400.28097,-0.011598854,-0.018337615,0.055760168
1751976400.28294,-0.011598854,-0.018337615,0.055760168
1751976400.28494,-0.011620459,-0.018324512,0.055735388
1751976400.28694,-0.011620459,-0.018324512,0.055735388
1751976400.28892,-0.011620459,-0.018324512,0.055735388
1751976400.29093,-0.011620459,-0.018324512,0.055735388
1751976400.29294,-0.011620459,-0.018324512,0.055735388
1751976400.29494,-0.011525673,-0.018348905,0.055818768
1751976400.29695,-0.011525673,-0.018348905,0.055818768
1751976400.299,-0.011525673,-0.018348905,0.055818768
1751976400.30102,-0.011525673,-0.018348905,0.055818768
1751976400.30294,-0.011525673,-0.018348905,0.055818768
1751976400.30495,-0.011538845,-0.018287761,0.05575786
1751976400.30689,-0.011538845,-0.018287761,0.05575786
1751976400.30895,-0.011538845,-0.018287761,0.05575786
1751976400.31094,-0.011538845,-0.018287761,0.05575786
1751976400.31294,-0.011538845,-0.018287761,0.05575786
1751976400.31495,-0.011588686,-0.018235457,0.055799745
1751976400.31696,-0.011588686,-0.018235457,0.055799745
1751976400.31899,-0.011588686,-0.018235457,0.055799745
1751976400.32096,-0.011588686,-0.018235457,0.055799745
1751976400.323,-0.011588686,-0.018235457,0.055799745
1751976400.32498,-0.011616079,-0.018217298,0.055728448
1751976400.32696,-0.011616079,-0.018217298,0.055728448
1751976400.32898,-0.011616079,-0.018217298,0.055728448
1751976400.33093,-0.011616079,-0.018217298,0.055728448
1751976400.33297,-0.011616079,-0.018217298,0.055728448
1751976400.33504,-0.011512773,-0.018302232,0.055769907
1751976400.33694,-0.011512773,-0.018302232,0.055769907
1751976400.33894,-0.011512773,-0.018302232,0.055769907
1751976400.34098,-0.011512773,-0.018302232,0.055769907
1751976400.34294,-0.011512773,-0.018302232,0.055769907
1751976400.34496,-0.011512773,-0.018302232,0.055769907
1751976400.34695,-0.01156773,-0.018205625,0.055774775
1751976400.34895,-0.01156773,-0.018205625,0.055774775
1751976400.35091,-0.01156773,-0.018205625,0.055774775
1751976400.35295,-0.01156773,-0.018205625,0.055774775
1751976400.35496,-0.01156773,-0.018205625,0.055774775
1751976400.35694,-0.011650677,-0.01816316,0.055763629
1751976400.35896,-0.011650677,-0.01816316,0.055763629
1751976400.36097,-0.011650677,-0.01816316,0.055763629
1751976400.36301,-0.011650677,-0.01816316,0.055763629
1751976400.36495,-0.011650677,-0.01816316,0.055763629
1751976400.36694,-0.011650677,-0.01816316,0.055763629
1751976400.36895,-0.011666002,-0.018125377,0.055750133
1751976400.37097,-0.011666002,-0.018125377,0.055750133
1751976400.37296,-0.011666002,-0.018125377,0.055750133
1751976400.37496,-0.011666002,-0.018125377,0.055750133
1751976400.37698,-0.011666002,-0.018125377,0.055750133
1751976400.37897,-0.011650319,-0.018127279,0.055787638
1751976400.38095,-0.011650319,-0.018127279,0.055787638
1751976400.38295,-0.011650319,-0.018127279,0.055787638
1751976400.38495,-0.011650319,-0.018127279,0.055787638
1751976400.38693,-0.011650319,-0.018127279,0.055787638
1751976400.38894,-0.011650319,-0.018127279,0.055787638
1751976400.39094,-0.011558493,-0.018167856,0.055910077
1751976400.39288,-0.011558493,-0.018167856,0.055910077
1751976400.39495,-0.011558493,-0.018167856,0.055910077
1751976400.39695,-0.011558493,-0.018167856,0.055910077
1751976400.39895,-0.011558493,-0.018167856,0.055910077
1751976400.40094,-0.011558493,-0.018167856,0.055910077
1751976400.40295,-0.011614435,-0.018197001,0.055851783
1751976400.40491,-0.011614435,-0.018197001,0.055851783
1751976400.40694,-0.011614435,-0.018197001,0.055851783
1751976400.40898,-0.011614435,-0.018197001,0.055851783
1751976400.41098,-0.011614435,-0.018197001,0.055851783
1751976400.41296,-0.011591373,-0.018163059,0.055832919
1751976400.41496,-0.011591373,-0.018163059,0.055832919
1751976400.41698,-0.011591373,-0.018163059,0.055832919
1751976400.41898,-0.011591373,-0.018163059,0.055832919
1751976400.42096,-0.011591373,-0.018163059,0.055832919
1751976400.423,-0.011591373,-0.018163059,0.055832919
1751976400.42499,-0.011548821,-0.018185641,0.055876387
1751976400.42696,-0.011548821,-0.018185641,0.055876387
1751976400.42889,-0.011548821,-0.018185641,0.055876387
1751976400.43095,-0.011548821,-0.018185641,0.055876387
1751976400.43296,-0.011548821,-0.018185641,0.055876387
1751976400.43495,-0.011548821,-0.018185641,0.055876387
1751976400.43701,-0.011606216,-0.018124375,0.055845645
1751976400.43895,-0.011606216,-0.018124375,0.055845645
1751976400.44095,-0.011606216,-0.018124375,0.055845645
1751976400.443,-0.011606216,-0.018124375,0.055845645
1751976400.44496,-0.011606216,-0.018124375,0.055845645
1751976400.44694,-0.011587089,-0.018158561,0.055835832
1751976400.44895,-0.011587089,-0.018158561,0.055835832
1751976400.45096,-0.011587089,-0.018158561,0.055835832
1751976400.45294,-0.011587089,-0.018158561,0.055835832
1751976400.45496,-0.011587089,-0.018158561,0.055835832
1751976400.45696,-0.011587089,-0.018158561,0.055835832
1751976400.45897,-0.011668265,-0.018247333,0.055821078
1751976400.46099,-0.011668265,-0.018247333,0.055821078
1751976400.46299,-0.011668265,-0.018247333,0.055821078
1751976400.46507,-0.011668265,-0.018247333,0.055821078
1751976400.46696,-0.011668265,-0.018247333,0.055821078
1751976400.46889,-0.011668265,-0.018247333,0.055821078
1751976400.47098,-0.011546349,-0.018246698,0.055927685
1751976400.47295,-0.011546349,-0.018246698,0.055927685
1751976400.47496,-0.011546349,-0.018246698,0.055927685
1751976400.47705,-0.011546349,-0.018246698,0.055927685
1751976400.47895,-0.011546349,-0.018246698,0.055927685
1751976400.48095,-0.011640754,-0.018294858,0.055821009
1751976400.483,-0.011640754,-0.018294858,0.055821009
1751976400.48495,-0.011640754,-0.018294858,0.055821009
1751976400.48695,-0.011640754,-0.018294858,0.055821009
1751976400.48895,-0.011640754,-0.018294858,0.055821009
1751976400.491,-0.011632157,-0.018299968,0.055823155
1751976400.49295,-0.011632157,-0.018299968,0.055823155
1751976400.49495,-0.011632157,-0.018299968,0.055823155
1751976400.49697,-0.011632157,-0.018299968,0.055823155
1751976400.49896,-0.011632157,-0.018299968,0.055823155
1751976400.50095,-0.011649166,-0.018276735,0.055785618
1751976400.50297,-0.011649166,-0.018276735,0.055785618
1751976400.50499,-0.011649166,-0.018276735,0.055785618
1751976400.50697,-0.011649166,-0.018276735,0.055785618
1751976400.50894,-0.011649166,-0.018276735,0.055785618
1751976400.511,-0.011649166,-0.018276735,0.055785618
1751976400.51296,-0.011597434,-0.018257881,0.055821452
1751976400.51498,-0.011597434,-0.018257881,0.055821452
1751976400.51697,-0.011597434,-0.018257881,0.055821452
1751976400.51901,-0.011597434,-0.018257881,0.055821452
1751976400.52091,-0.011597434,-0.018257881,0.055821452
1751976400.52301,-0.011597434,-0.018257881,0.055821452
1751976400.52497,-0.011610648,-0.018217555,0.055770938
1751976400.52692,-0.011610648,-0.018217555,0.055770938
1751976400.52894,-0.011610648,-0.018217555,0.055770938
1751976400.53096,-0.011610648,-0.018217555,0.055770938
1751976400.53297,-0.011610648,-0.018217555,0.055770938
1751976400.53495,-0.011550674,-0.018207362,0.055785071
1751976400.53696,-0.011550674,-0.018207362,0.055785071
1751976400.53897,-0.011550674,-0.018207362,0.055785071
1751976400.54094,-0.011550674,-0.018207362,0.055785071
1751976400.54295,-0.011550674,-0.018207362,0.055785071
1751976400.54496,-0.011550674,-0.018207362,0.055785071
1751976400.54697,-0.011446731,-0.018205417,0.055807396
1751976400.54894,-0.011446731,-0.018205417,0.055807396
1751976400.55096,-0.011446731,-0.018205417,0.055807396
1751976400.55296,-0.011446731,-0.018205417,0.055807396
1751976400.55502,-0.011446731,-0.018205417,0.055807396
1751976400.55699,-0.01150535,-0.018173746,0.055804595
1751976400.55898,-0.01150535,-0.018173746,0.055804595
1751976400.56098,-0.01150535,-0.018173746,0.055804595
1751976400.56299,-0.01150535,-0.018173746,0.055804595
1751976400.56496,-0.01150535,-0.018173746,0.055804595
1751976400.5671,-0.01150535,-0.018173746,0.055804595
1751976400.56899,-0.011451178,-0.018137345,0.055837237
1751976400.57099,-0.011451178,-0.018137345,0.055837237
1751976400.57295,-0.011451178,-0.018137345,0.055837237
1751976400.57494,-0.011451178,-0.018137345,0.055837237
1751976400.57693,-0.011451178,-0.018137345,0.055837237
1751976400.57894,-0.011451178,-0.018137345,0.055837237
1751976400.58095,-0.011404923,-0.01808539,0.055893179
1751976400.58293,-0.011404923,-0.01808539,0.055893179
1751976400.58499,-0.011404923,-0.01808539,0.055893179
1751976400.58697,-0.011404923,-0.01808539,0.055893179
1751976400.58897,-0.011404923,-0.01808539,0.055893179
1751976400.59095,-0.011311012,-0.018087026,0.055908415
1751976400.59294,-0.011311012,-0.018087026,0.055908415
1751976400.59494,-0.011311012,-0.018087026,0.055908415
1751976400.59694,-0.011311012,-0.018087026,0.055908415
1751976400.59893,-0.011311012,-0.018087026,0.055908415
1751976400.60095,-0.011311012,-0.018087026,0.055908415
1751976400.60296,-0.011391295,-0.018090125,0.055857241
1751976400.60495,-0.011391295,-0.018090125,0.055857241
1751976400.60694,-0.011391295,-0.018090125,0.055857241
1751976400.60902,-0.011391295,-0.018090125,0.055857241
1751976400.61097,-0.011391295,-0.018090125,0.055857241
1751976400.61296,-0.011415248,-0.018124387,0.055808967
1751976400.61494,-0.011415248,-0.018124387,0.055808967
1751976400.61696,-0.011415248,-0.018124387,0.055808967
1751976400.61892,-0.011415248,-0.018124387,0.055808967
1751976400.62096,-0.011415248,-0.018124387,0.055808967
1751976400.62295,-0.011519678,-0.018106816,0.055727293
1751976400.6249,-0.011519678,-0.018106816,0.055727293
1751976400.62696,-0.011519678,-0.018106816,0.055727293
1751976400.62895,-0.011519678,-0.018106816,0.055727293
1751976400.63094,-0.011519678,-0.018106816,0.055727293
1751976400.63294,-0.011519678,-0.018106816,0.055727293
1751976400.63502,-0.011395043,-0.01812639,0.055823458
1751976400.63696,-0.011395043,-0.01812639,0.055823458
1751976400.63894,-0.011395043,-0.01812639,0.055823458
1751976400.64097,-0.011395043,-0.01812639,0.055823458
1751976400.64294,-0.011395043,-0.01812639,0.055823458
1751976400.64494,-0.011396128,-0.01816073,0.055867484
1751976400.64694,-0.011396128,-0.01816073,0.055867484
1751976400.64896,-0.011396128,-0.01816073,0.055867484
1751976400.65098,-0.011396128,-0.01816073,0.055867484
1751976400.65294,-0.011396128,-0.01816073,0.055867484
1751976400.65496,-0.011396128,-0.01816073,0.055867484
1751976400.65697,-0.011454993,-0.018169905,0.055772569
1751976400.65902,-0.011454993,-0.018169905,0.055772569
1751976400.66102,-0.011454993,-0.018169905,0.055772569
1751976400.66299,-0.011454993,-0.018169905,0.055772569
1751976400.66495,-0.011454993,-0.018169905,0.055772569
1751976400.66697,-0.011454993,-0.018169905,0.055772569
1751976400.669,-0.011396846,-0.018216013,0.055814444
1751976400.67095,-0.011396846,-0.018216013,0.055814444
1751976400.67295,-0.011396846,-0.018216013,0.055814444
1751976400.67502,-0.011396846,-0.018216013,0.055814444
1751976400.67695,-0.011396846,-0.018216013,0.055814444
1751976400.67895,-0.011396846,-0.018216013,0.055814444
1751976400.68096,-0.011434244,-0.018248102,0.055805693
1751976400.683,-0.011434244,-0.018248102,0.055805693
1751976400.68494,-0.011434244,-0.018248102,0.055805693
1751976400.68695,-0.011434244,-0.018248102,0.055805693
1751976400.68898,-0.011434244,-0.018248102,0.055805693
1751976400.69095,-0.011382915,-0.018305955,0.055787496
1751976400.69296,-0.011382915,-0.018305955,0.055787496
1751976400.69495,-0.011382915,-0.018305955,0.055787496
1751976400.697,-0.011382915,-0.018305955,0.055787496
1751976400.69897,-0.011382915,-0.018305955,0.055787496
1751976400.70096,-0.011382915,-0.018305955,0.055787496
1751976400.70299,-0.011366017,-0.018295908,0.055797681
1751976400.70498,-0.011366017,-0.018295908,0.055797681
1751976400.70707,-0.011366017,-0.018295908,0.055797681
1751976400.70899,-0.011366017,-0.018295908,0.055797681
1751976400.71104,-0.011366017,-0.018295908,0.055797681
1751976400.71297,-0.01127878,-0.01827852,0.055917738
1751976400.71498,-0.01127878,-0.01827852,0.055917738
1751976400.71698,-0.01127878,-0.01827852,0.055917738
1751976400.719,-0.01127878,-0.01827852,0.055917738
1751976400.72095,-0.01127878,-0.01827852,0.055917738
1751976400.72298,-0.01127878,-0.01827852,0.055917738
1751976400.72495,-0.011347483,-0.018314544,0.055847697
1751976400.72694,-0.011347483,-0.018314544,0.055847697
1751976400.72896,-0.011347483,-0.018314544,0.055847697
1751976400.73097,-0.011347483,-0.018314544,0.055847697
1751976400.73296,-0.011347483,-0.018314544,0.055847697
1751976400.73497,-0.011347483,-0.018314544,0.055847697
1751976400.73698,-0.011358131,-0.018334604,0.055832816
1751976400.73897,-0.011358131,-0.018334604,0.055832816
1751976400.74096,-0.011358131,-0.018334604,0.055832816
1751976400.74304,-0.011358131,-0.018334604,0.055832816
1751976400.74499,-0.011358131,-0.018334604,0.055832816
1751976400.74707,-0.011358131,-0.018334604,0.055832816
1751976400.74904,-0.011367094,-0.018345696,0.055808854
1751976400.751,-0.011367094,-0.018345696,0.055808854
1751976400.753,-0.011367094,-0.018345696,0.055808854
1751976400.755,-0.011367094,-0.018345696,0.055808854
1751976400.75695,-0.011367094,-0.018345696,0.055808854
1751976400.75894,-0.011367094,-0.018345696,0.055808854
1751976400.76099,-0.011420115,-0.018395445,0.0557975
1751976400.76297,-0.011420115,-0.018395445,0.0557975
1751976400.76493,-0.011420115,-0.018395445,0.0557975
1751976400.76696,-0.011420115,-0.018395445,0.0557975
1751976400.76895,-0.011420115,-0.018395445,0.0557975
1751976400.77094,-0.011420115,-0.018395445,0.0557975
1751976400.77295,-0.011496623,-0.018356528,0.055754899
1751976400.77494,-0.011496623,-0.018356528,0.055754899
1751976400.77696,-0.011496623,-0.018356528,0.055754899
1751976400.77897,-0.011496623,-0.018356528,0.055754899
1751976400.78098,-0.011496623,-0.018356528,0.055754899
1751976400.78295,-0.011486732,-0.018401471,0.055855528
1751976400.78497,-0.011486732,-0.018401471,0.055855528
1751976400.78697,-0.011486732,-0.018401471,0.055855528
1751976400.78896,-0.011486732,-0.018401471,0.055855528
1751976400.79095,-0.011486732,-0.018401471,0.055855528
1751976400.793,-0.011486732,-0.018401471,0.055855528
1751976400.79497,-0.011545312,-0.018535317,0.055735304
1751976400.79697,-0.011545312,-0.018535317,0.055735304
1751976400.79896,-0.011545312,-0.018535317,0.055735304
1751976400.80089,-0.011545312,-0.018535317,0.055735304
1751976400.80294,-0.011545312,-0.018535317,0.055735304
1751976400.80494,-0.011545312,-0.018535317,0.055735304
1751976400.80695,-0.01161394,-0.01856465,0.055662201
1751976400.809,-0.01161394,-0.01856465,0.055662201
1751976400.81097,-0.01161394,-0.01856465,0.055662201
1751976400.81296,-0.01161394,-0.01856465,0.055662201
1751976400.81497,-0.01161394,-0.01856465,0.055662201
1751976400.81697,-0.011553377,-0.018585031,0.055689063
1751976400.8189,-0.011553377,-0.018585031,0.055689063
1751976400.82096,-0.011553377,-0.018585031,0.055689063
1751976400.82297,-0.011553377,-0.018585031,0.055689063
1751976400.82499,-0.011553377,-0.018585031,0.055689063
1751976400.82693,-0.011553377,-0.018585031,0.055689063
1751976400.82893,-0.01168704,-0.018563617,0.055611561
1751976400.83093,-0.01168704,-0.018563617,0.055611561
1751976400.83297,-0.01168704,-0.018563617,0.055611561
1751976400.83498,-0.01168704,-0.018563617,0.055611561
1751976400.83697,-0.01168704,-0.018563617,0.055611561
1751976400.83898,-0.01168704,-0.018563617,0.055611561
1751976400.84095,-0.011716098,-0.018557802,0.05561618
1751976400.84299,-0.011716098,-0.018557802,0.05561618
1751976400.84495,-0.011716098,-0.018557802,0.05561618
1751976400.84689,-0.011716098,-0.018557802,0.05561618
1751976400.84904,-0.011716098,-0.018557802,0.05561618
1751976400.85096,-0.011657946,-0.018582934,0.055637988
1751976400.85299,-0.011657946,-0.018582934,0.055637988
1751976400.85496,-0.011657946,-0.018582934,0.055637988
1751976400.85692,-0.011657946,-0.018582934,0.055637988
1751976400.85894,-0.011657946,-0.018582934,0.055637988
1751976400.86095,-0.011657946,-0.018582934,0.055637988
1751976400.86298,-0.011754834,-0.018583193,0.05557571
1751976400.86493,-0.011754834,-0.018583193,0.05557571
1751976400.86694,-0.011754834,-0.018583193,0.05557571
1751976400.86898,-0.011754834,-0.018583193,0.05557571
1751976400.87097,-0.011754834,-0.018583193,0.05557571
1751976400.873,-0.011769119,-0.018559052,0.055535239
1751976400.87505,-0.011769119,-0.018559052,0.055535239
1751976400.87703,-0.011769119,-0.018559052,0.055535239
1751976400.87898,-0.011769119,-0.018559052,0.055535239
1751976400.88097,-0.011769119,-0.018559052,0.055535239
1751976400.88298,-0.011738809,-0.018557438,0.055531948
1751976400.88495,-0.011738809,-0.018557438,0.055531948
1751976400.88695,-0.011738809,-0.018557438,0.055531948
1751976400.88896,-0.011738809,-0.018557438,0.055531948
1751976400.89093,-0.011738809,-0.018557438,0.055531948
1751976400.89295,-0.011738809,-0.018557438,0.055531948
1751976400.89496,-0.011717585,-0.01855603,0.055598526
1751976400.897,-0.011717585,-0.01855603,0.055598526
1751976400.89895,-0.011717585,-0.01855603,0.055598526
1751976400.90093,-0.011717585,-0.01855603,0.055598526
1751976400.90296,-0.011717585,-0.01855603,0.055598526
1751976400.90496,-0.011717585,-0.01855603,0.055598526
1751976400.90696,-0.01173847,-0.018539949,0.055583762
1751976400.90897,-0.01173847,-0.018539949,0.055583762
1751976400.91095,-0.01173847,-0.018539949,0.055583762
1751976400.91295,-0.01173847,-0.018539949,0.055583762
1751976400.91495,-0.01173847,-0.018539949,0.055583762
1751976400.91698,-0.011782427,-0.018463593,0.055561856
1751976400.91897,-0.011782427,-0.018463593,0.055561856
1751976400.921,-0.011782427,-0.018463593,0.055561856
1751976400.92297,-0.011782427,-0.018463593,0.055561856
1751976400.92495,-0.011782427,-0.018463593,0.055561856
1751976400.92695,-0.011782427,-0.018463593,0.055561856
1751976400.92893,-0.011790293,-0.018498115,0.055611821
1751976400.93094,-0.011790293,-0.018498115,0.055611821
1751976400.93294,-0.011790293,-0.018498115,0.055611821
1751976400.93492,-0.011790293,-0.018498115,0.055611821
1751976400.93697,-0.011790293,-0.018498115,0.055611821
1751976400.93897,-0.011762627,-0.01852232,0.055654307
1751976400.94094,-0.011762627,-0.01852232,0.055654307
1751976400.94294,-0.011762627,-0.01852232,0.055654307
1751976400.9449,-0.011762627,-0.01852232,0.055654307
1751976400.94693,-0.011762627,-0.01852232,0.055654307
1751976400.94893,-0.011762627,-0.01852232,0.055654307
1751976400.95094,-0.011758658,-0.018497447,0.055596101
1751976400.95295,-0.011758658,-0.018497447,0.055596101
1751976400.95495,-0.011758658,-0.018497447,0.055596101
1751976400.95696,-0.011758658,-0.018497447,0.055596101
1751976400.95896,-0.011758658,-0.018497447,0.055596101
1751976400.96094,-0.011781249,-0.018546084,0.055574484
1751976400.963,-0.011781249,-0.018546084,0.055574484
1751976400.96495,-0.011781249,-0.018546084,0.055574484
1751976400.96702,-0.011781249,-0.018546084,0.055574484
1751976400.96896,-0.011781249,-0.018546084,0.055574484
1751976400.97098,-0.011720281,-0.018441279,0.055583666
1751976400.97296,-0.011720281,-0.018441279,0.055583666
1751976400.97496,-0.011720281,-0.018441279,0.055583666
1751976400.97695,-0.011720281,-0.018441279,0.055583666
1751976400.97896,-0.011720281,-0.018441279,0.055583666
1751976400.98094,-0.011720281,-0.018441279,0.055583666
1751976400.98295,-0.011737389,-0.01850053,0.055629447
1751976400.98496,-0.011737389,-0.01850053,0.055629447
1751976400.98694,-0.011737389,-0.01850053,0.055629447
1751976400.98895,-0.011737389,-0.01850053,0.055629447
1751976400.99095,-0.011737389,-0.01850053,0.055629447
1751976400.99301,-0.011716575,-0.018533701,0.055675789
1751976400.99495,-0.011716575,-0.018533701,0.055675789
1751976400.99691,-0.011716575,-0.018533701,0.055675789
1751976400.99897,-0.011716575,-0.018533701,0.055675789
1751976401.00096,-0.011716575,-0.018533701,0.055675789
1751976401.003,-0.011716575,-0.018533701,0.055675789
1751976401.00497,-0.011756481,-0.018575668,0.055560604
1751976401.00696,-0.011756481,-0.018575668,0.055560604
1751976401.00894,-0.011756481,-0.018575668,0.055560604
1751976401.01093,-0.011756481,-0.018575668,0.055560604
1751976401.01295,-0.011756481,-0.018575668,0.055560604
1751976401.01496,-0.011664824,-0.01858701,0.055634893
1751976401.01696,-0.011664824,-0.01858701,0.055634893
1751976401.01895,-0.011664824,-0.01858701,0.055634893
1751976401.02094,-0.011664824,-0.01858701,0.055634893
1751976401.02297,-0.011664824,-0.01858701,0.055634893
1751976401.02495,-0.011664824,-0.01858701,0.055634893
1751976401.02695,-0.01167125,-0.018591737,0.055589293
1751976401.02894,-0.01167125,-0.018591737,0.055589293
1751976401.03095,-0.01167125,-0.018591737,0.055589293
1751976401.033,-0.01167125,-0.018591737,0.055589293
1751976401.03495,-0.01167125,-0.018591737,0.055589293
1751976401.03694,-0.01167125,-0.018591737,0.055589293
1751976401.0389,-0.011568202,-0.018579779,0.055636426
1751976401.04104,-0.011568202,-0.018579779,0.055636426
1751976401.04293,-0.011568202,-0.018579779,0.055636426
1751976401.04495,-0.011568202,-0.018579779,0.055636426
1751976401.04696,-0.011568202,-0.018579779,0.055636426
1751976401.04897,-0.011550004,-0.018577372,0.055753606
1751976401.05095,-0.011550004,-0.018577372,0.055753606
1751976401.05303,-0.011550004,-0.018577372,0.055753606
1751976401.05496,-0.011550004,-0.018577372,0.055753606
1751976401.05697,-0.011550004,-0.018577372,0.055753606
1751976401.0589,-0.011441023,-0.018572636,0.055763396
1751976401.06097,-0.011441023,-0.018572636,0.055763396
1751976401.06297,-0.011441023,-0.018572636,0.055763396
1751976401.06501,-0.011441023,-0.018572636,0.055763396
1751976401.06696,-0.011441023,-0.018572636,0.055763396
1751976401.06897,-0.011433313,-0.018572094,0.055765803
1751976401.07099,-0.011433313,-0.018572094,0.055765803
1751976401.07297,-0.011433313,-0.018572094,0.055765803
1751976401.07498,-0.011433313,-0.018572094,0.055765803
1751976401.07695,-0.011433313,-0.018572094,0.055765803
1751976401.07895,-0.011433313,-0.018572094,0.055765803
1751976401.08095,-0.01149083,-0.018594312,0.055725476
1751976401.08293,-0.01149083,-0.018594312,0.055725476
1751976401.08494,-0.01149083,-0.018594312,0.055725476
1751976401.08697,-0.01149083,-0.018594312,0.055725476
1751976401.08896,-0.01149083,-0.018594312,0.055725476
1751976401.09095,-0.01149083,-0.018594312,0.055725476
1751976401.09299,-0.011463851,-0.018603814,0.055707258
1751976401.09496,-0.011463851,-0.018603814,0.055707258
1751976401.09701,-0.011463851,-0.018603814,0.055707258
1751976401.09906,-0.011463851,-0.018603814,0.055707258
1751976401.10097,-0.011463851,-0.018603814,0.055707258
1751976401.10294,-0.011360719,-0.018589215,0.055769121
1751976401.10495,-0.011360719,-0.018589215,0.055769121
1751976401.10702,-0.011360719,-0.018589215,0.055769121
1751976401.10896,-0.011360719,-0.018589215,0.055769121
1751976401.11093,-0.011360719,-0.018589215,0.055769121
1751976401.11295,-0.011360719,-0.018589215,0.055769121
1751976401.11495,-0.011329225,-0.018608203,0.05579131
1751976401.11694,-0.011329225,-0.018608203,0.05579131
1751976401.11893,-0.011329225,-0.018608203,0.05579131
1751976401.12098,-0.011329225,-0.018608203,0.05579131
1751976401.12295,-0.011329225,-0.018608203,0.05579131
1751976401.12493,-0.011329225,-0.018608203,0.05579131
1751976401.12695,-0.011345042,-0.018596933,0.055798281
1751976401.12899,-0.011345042,-0.018596933,0.055798281
1751976401.13099,-0.011345042,-0.018596933,0.055798281
1751976401.13299,-0.011345042,-0.018596933,0.055798281
1751976401.13494,-0.011345042,-0.018596933,0.055798281
1751976401.13697,-0.011345042,-0.018596933,0.055798281
1751976401.13896,-0.011328157,-0.018610066,0.055795744
1751976401.14099,-0.011328157,-0.018610066,0.055795744
1751976401.14297,-0.011328157,-0.018610066,0.055795744
1751976401.14496,-0.011328157,-0.018610066,0.055795744
1751976401.14694,-0.011328157,-0.018610066,0.055795744
1751976401.14894,-0.011328157,-0.018610066,0.055795744
1751976401.15097,-0.011327034,-0.018591361,0.055745109
1751976401.15293,-0.011327034,-0.018591361,0.055745109
1751976401.15494,-0.011327034,-0.018591361,0.055745109
1751976401.15694,-0.011327034,-0.018591361,0.055745109
1751976401.15894,-0.011327034,-0.018591361,0.055745109
1751976401.16099,-0.011282215,-0.018596921,0.055803134
1751976401.16297,-0.011282215,-0.018596921,0.055803134
1751976401.16496,-0.011282215,-0.018596921,0.055803134
1751976401.16694,-0.011282215,-0.018596921,0.055803134
1751976401.16894,-0.011282215,-0.018596921,0.055803134
1751976401.17101,-0.011278052,-0.018590821,0.055799292
1751976401.17295,-0.011278052,-0.018590821,0.055799292
1751976401.17495,-0.011278052,-0.018590821,0.055799292
1751976401.17698,-0.011278052,-0.018590821,0.055799292
1751976401.17895,-0.011278052,-0.018590821,0.055799292
1751976401.18094,-0.011278052,-0.018590821,0.055799292
1751976401.18298,-0.011292059,-0.018600614,0.055828624
1751976401.18494,-0.011292059,-0.018600614,0.055828624
1751976401.18699,-0.011292059,-0.018600614,0.055828624
1751976401.18895,-0.011292059,-0.018600614,0.055828624
1751976401.19097,-0.011292059,-0.018600614,0.055828624
1751976401.19295,-0.011251068,-0.018608926,0.05579416
1751976401.19496,-0.011251068,-0.018608926,0.05579416
1751976401.19696,-0.011251068,-0.018608926,0.05579416
1751976401.19896,-0.011251068,-0.018608926,0.05579416
1751976401.20094,-0.011251068,-0.018608926,0.05579416
1751976401.20295,-0.011251068,-0.018608926,0.05579416
1751976401.20494,-0.011165485,-0.018627937,0.055781108
1751976401.20689,-0.011165485,-0.018627937,0.055781108
1751976401.20894,-0.011165485,-0.018627937,0.055781108
1751976401.21095,-0.011165485,-0.018627937,0.055781108
1751976401.21294,-0.011165485,-0.018627937,0.055781108
1751976401.21495,-0.011165485,-0.018627937,0.055781108
1751976401.21696,-0.011133829,-0.018629316,0.055835738
1751976401.21899,-0.011133829,-0.018629316,0.055835738
1751976401.22096,-0.011133829,-0.018629316,0.055835738
1751976401.22304,-0.011133829,-0.018629316,0.055835738
1751976401.22498,-0.011133829,-0.018629316,0.055835738
1751976401.227,-0.011072862,-0.01863361,0.055866829
1751976401.22894,-0.011072862,-0.01863361,0.055866829
1751976401.23101,-0.011072862,-0.01863361,0.055866829
1751976401.23295,-0.011072862,-0.01863361,0.055866829
1751976401.23493,-0.011072862,-0.01863361,0.055866829
1751976401.23698,-0.011072862,-0.01863361,0.055866829
1751976401.23895,-0.01123169,-0.01860591,0.055828941
1751976401.24095,-0.01123169,-0.01860591,0.055828941
1751976401.24298,-0.01123169,-0.01860591,0.055828941
1751976401.24495,-0.01123169,-0.01860591,0.055828941
1751976401.24694,-0.01123169,-0.01860591,0.055828941
1751976401.24894,-0.01123169,-0.01860591,0.055828941
1751976401.251,-0.011152485,-0.018607188,0.055887406
1751976401.25296,-0.011152485,-0.018607188,0.055887406
1751976401.25495,-0.011152485,-0.018607188,0.055887406
1751976401.25688,-0.011152485,-0.018607188,0.055887406
1751976401.25896,-0.011152485,-0.018607188,0.055887406
1751976401.26098,-0.011152485,-0.018607188,0.055887406
1751976401.26296,-0.011138065,-0.018625208,0.055848528
1751976401.26495,-0.011138065,-0.018625208,0.055848528
1751976401.26695,-0.011138065,-0.018625208,0.055848528
1751976401.26896,-0.011138065,-0.018625208,0.055848528
1751976401.27094,-0.011138065,-0.018625208,0.055848528
1751976401.27298,-0.011138065,-0.018625208,0.055848528
1751976401.27496,-0.011238191,-0.018592425,0.055824723
1751976401.27694,-0.011238191,-0.018592425,0.055824723
1751976401.27892,-0.011238191,-0.018592425,0.055824723
1751976401.28094,-0.011238191,-0.018592425,0.055824723
1751976401.28294,-0.011238191,-0.018592425,0.055824723
1751976401.28496,-0.011199347,-0.018620827,0.055779339
1751976401.28693,-0.011199347,-0.018620827,0.055779339
1751976401.28897,-0.011199347,-0.018620827,0.055779339
1751976401.29095,-0.011199347,-0.018620827,0.055779339
1751976401.29299,-0.011199347,-0.018620827,0.055779339
1751976401.29494,-0.011161504,-0.018622705,0.055871355
1751976401.29696,-0.011161504,-0.018622705,0.055871355
1751976401.29895,-0.011161504,-0.018622705,0.055871355
1751976401.30093,-0.011161504,-0.018622705,0.055871355
1751976401.30293,-0.011161504,-0.018622705,0.055871355
1751976401.30496,-0.011161504,-0.018622705,0.055871355
1751976401.30695,-0.01119308,-0.018646,0.055854477
1751976401.30893,-0.01119308,-0.018646,0.055854477
1751976401.31093,-0.01119308,-0.018646,0.055854477
1751976401.31299,-0.01119308,-0.018646,0.055854477
1751976401.31496,-0.01119308,-0.018646,0.055854477
1751976401.31695,-0.01119308,-0.018646,0.055854477
1751976401.31895,-0.011153373,-0.018682207,0.055846081
1751976401.32089,-0.011153373,-0.018682207,0.055846081
1751976401.32296,-0.011153373,-0.018682207,0.055846081
1751976401.32504,-0.011153373,-0.018682207,0.055846081
1751976401.32694,-0.011153373,-0.018682207,0.055846081
1751976401.32896,-0.011153373,-0.018682207,0.055846081
1751976401.33094,-0.011273846,-0.018629637,0.055779608
1751976401.33294,-0.011273846,-0.018629637,0.055779608
1751976401.33494,-0.011273846,-0.018629637,0.055779608
1751976401.33694,-0.011273846,-0.018629637,0.055779608
1751976401.33896,-0.011273846,-0.018629637,0.055779608
1751976401.34093,-0.011250803,-0.018620087,0.055837517
1751976401.34294,-0.011250803,-0.018620087,0.055837517
1751976401.34496,-0.011250803,-0.018620087,0.055837517
1751976401.34689,-0.011250803,-0.018620087,0.055837517
1751976401.34895,-0.011250803,-0.018620087,0.055837517
1751976401.35096,-0.011250803,-0.018620087,0.055837517
1751976401.35301,-0.011215057,-0.018618824,0.055877173
1751976401.35499,-0.011215057,-0.018618824,0.055877173
1751976401.35696,-0.011215057,-0.018618824,0.055877173
1751976401.35893,-0.011215057,-0.018618824,0.055877173
1751976401.36097,-0.011215057,-0.018618824,0.055877173
1751976401.36295,-0.011263276,-0.018618343,0.055809501
1751976401.36494,-0.011263276,-0.018618343,0.055809501
1751976401.36696,-0.011263276,-0.018618343,0.055809501
1751976401.36895,-0.011263276,-0.018618343,0.055809501
1751976401.37094,-0.011263276,-0.018618343,0.055809501
1751976401.37294,-0.011263276,-0.018618343,0.055809501
1751976401.37496,-0.011227094,-0.018620909,0.055825637
1751976401.37693,-0.011227094,-0.018620909,0.055825637
1751976401.37893,-0.011227094,-0.018620909,0.055825637
1751976401.38097,-0.011227094,-0.018620909,0.055825637
1751976401.38293,-0.011227094,-0.018620909,0.055825637
1751976401.38494,-0.011227094,-0.018620909,0.055825637
1751976401.38697,-0.011242763,-0.01862121,0.055799217
1751976401.38894,-0.011242763,-0.01862121,0.055799217
1751976401.39091,-0.011242763,-0.01862121,0.055799217
1751976401.39296,-0.011242763,-0.01862121,0.055799217
1751976401.39496,-0.011242763,-0.01862121,0.055799217
1751976401.39696,-0.011144439,-0.018653646,0.05586082
1751976401.39899,-0.011144439,-0.018653646,0.05586082
1751976401.40098,-0.011144439,-0.018653646,0.05586082
1751976401.40296,-0.011144439,-0.018653646,0.05586082
1751976401.40493,-0.011144439,-0.018653646,0.05586082
1751976401.40693,-0.011144439,-0.018653646,0.05586082
1751976401.40893,-0.011085813,-0.018668342,0.055882756
1751976401.41093,-0.011085813,-0.018668342,0.055882756
1751976401.41297,-0.011085813,-0.018668342,0.055882756
1751976401.41496,-0.011085813,-0.018668342,0.055882756
1751976401.41694,-0.011085813,-0.018668342,0.055882756
1751976401.41898,-0.011226173,-0.018627042,0.055870539
1751976401.42095,-0.011226173,-0.018627042,0.055870539
1751976401.42292,-0.011226173,-0.018627042,0.055870539
1751976401.42495,-0.011226173,-0.018627042,0.055870539
1751976401.42694,-0.011226173,-0.018627042,0.055870539
1751976401.42896,-0.011226173,-0.018627042,0.055870539
1751976401.43094,-0.011227615,-0.018621173,0.055846403
1751976401.43295,-0.011227615,-0.018621173,0.055846403
1751976401.43501,-0.011227615,-0.018621173,0.055846403
1751976401.43698,-0.011227615,-0.018621173,0.055846403
1751976401.43897,-0.011227615,-0.018621173,0.055846403
1751976401.44097,-0.0111909,-0.018634774,0.055909177
1751976401.443,-0.0111909,-0.018634774,0.055909177
1751976401.44496,-0.0111909,-0.018634774,0.055909177
1751976401.44694,-0.0111909,-0.018634774,0.055909177
1751976401.44896,-0.0111909,-0.018634774,0.055909177
1751976401.45094,-0.011220267,-0.018639673,0.05585026
1751976401.45296,-0.011220267,-0.018639673,0.05585026
1751976401.45497,-0.011220267,-0.018639673,0.05585026
1751976401.45696,-0.011220267,-0.018639673,0.05585026
1751976401.45894,-0.011220267,-0.018639673,0.05585026
1751976401.461,-0.011220267,-0.018639673,0.05585026
1751976401.46295,-0.011214909,-0.018625635,0.055828224
1751976401.46498,-0.011214909,-0.018625635,0.055828224
1751976401.46694,-0.011214909,-0.018625635,0.055828224
1751976401.46894,-0.011214909,-0.018625635,0.055828224
1751976401.47096,-0.011214909,-0.018625635,0.055828224
1751976401.47293,-0.011260981,-0.018618243,0.0558267
1751976401.47493,-0.011260981,-0.018618243,0.0558267
1751976401.47696,-0.011260981,-0.018618243,0.0558267
1751976401.47898,-0.011260981,-0.018618243,0.0558267
1751976401.48099,-0.011260981,-0.018618243,0.0558267
1751976401.4831,-0.011260981,-0.018618243,0.0558267
1751976401.48497,-0.011277898,-0.018620922,0.055754366
1751976401.48697,-0.011277898,-0.018620922,0.055754366
1751976401.48897,-0.011277898,-0.018620922,0.055754366
1751976401.4909,-0.011277898,-0.018620922,0.055754366
1751976401.49298,-0.011277898,-0.018620922,0.055754366
1751976401.49495,-0.011277898,-0.018620922,0.055754366
1751976401.49697,-0.011196234,-0.018623094,0.055839458
1751976401.49893,-0.011196234,-0.018623094,0.055839458
1751976401.50094,-0.011196234,-0.018623094,0.055839458
1751976401.50296,-0.011196234,-0.018623094,0.055839458
1751976401.50495,-0.011196234,-0.018623094,0.055839458
1751976401.50689,-0.011196234,-0.018623094,0.055839458
1751976401.50901,-0.011203376,-0.018613096,0.05583773
1751976401.51094,-0.011203376,-0.018613096,0.05583773
1751976401.51297,-0.011203376,-0.018613096,0.05583773
1751976401.51498,-0.011203376,-0.018613096,0.05583773
1751976401.51698,-0.011203376,-0.018613096,0.05583773
1751976401.51896,-0.011213941,-0.018617871,0.05585301
1751976401.52095,-0.011213941,-0.018617871,0.05585301
1751976401.52298,-0.011213941,-0.018617871,0.05585301
1751976401.52498,-0.011213941,-0.018617871,0.05585301
1751976401.52696,-0.011213941,-0.018617871,0.05585301
1751976401.52897,-0.011213941,-0.018617871,0.05585301
1751976401.53097,-0.011222983,-0.018622599,0.055801363
1751976401.533,-0.011222983,-0.018622599,0.055801363
1751976401.53495,-0.011222983,-0.018622599,0.055801363
1751976401.53696,-0.011222983,-0.018622599,0.055801363
1751976401.53897,-0.011222983,-0.018622599,0.055801363
1751976401.54096,-0.011222983,-0.018622599,0.055801363
1751976401.54294,-0.011199694,-0.018623772,0.055821783
1751976401.54496,-0.011199694,-0.018623772,0.055821783
1751976401.54693,-0.011199694,-0.018623772,0.055821783
1751976401.54894,-0.011199694,-0.018623772,0.055821783
1751976401.55093,-0.011199694,-0.018623772,0.055821783
1751976401.55297,-0.011174209,-0.018625552,0.055833531
1751976401.55494,-0.011174209,-0.018625552,0.055833531
1751976401.55695,-0.011174209,-0.018625552,0.055833531
1751976401.55899,-0.011174209,-0.018625552,0.055833531
1751976401.56094,-0.011174209,-0.018625552,0.055833531
1751976401.56296,-0.011174209,-0.018625552,0.055833531
1751976401.56496,-0.011200458,-0.018650204,0.055759946
1751976401.56696,-0.011200458,-0.018650204,0.055759946
1751976401.56898,-0.011200458,-0.018650204,0.055759946
1751976401.57097,-0.011200458,-0.018650204,0.055759946
1751976401.57295,-0.011200458,-0.018650204,0.055759946
1751976401.57495,-0.011200458,-0.018650204,0.055759946
1751976401.57693,-0.011189662,-0.018624993,0.055877542
1751976401.57897,-0.011189662,-0.018624993,0.055877542
1751976401.58096,-0.011189662,-0.018624993,0.055877542
1751976401.583,-0.011189662,-0.018624993,0.055877542
1751976401.58501,-0.011189662,-0.018624993,0.055877542
1751976401.58696,-0.011185187,-0.018625689,0.055832034
1751976401.58894,-0.011185187,-0.018625689,0.055832034
1751976401.59095,-0.011185187,-0.018625689,0.055832034
1751976401.59293,-0.011185187,-0.018625689,0.055832034
1751976401.59494,-0.011185187,-0.018625689,0.055832034
1751976401.59694,-0.011185187,-0.018625689,0.055832034
1751976401.59896,-0.011157396,-0.018630088,0.055885335
1751976401.60096,-0.011157396,-0.018630088,0.055885335
1751976401.60293,-0.011157396,-0.018630088,0.055885335
1751976401.60495,-0.011157396,-0.018630088,0.055885335
1751976401.60702,-0.011157396,-0.018630088,0.055885335
1751976401.60921,-0.011210668,-0.018622834,0.055844228
1751976401.61092,-0.011210668,-0.018622834,0.055844228
1751976401.61305,-0.011210668,-0.018622834,0.055844228
1751976401.61495,-0.011210668,-0.018622834,0.055844228
1751976401.617,-0.011210668,-0.018622834,0.055844228
1751976401.61899,-0.011154748,-0.018626152,0.055860961
1751976401.62099,-0.011154748,-0.018626152,0.055860961
1751976401.62294,-0.011154748,-0.018626152,0.055860961
1751976401.62496,-0.011154748,-0.018626152,0.055860961
1751976401.62695,-0.011154748,-0.018626152,0.055860961
1751976401.62895,-0.011154748,-0.018626152,0.055860961
1751976401.631,-0.011067618,-0.018658569,0.055867079
1751976401.63295,-0.011067618,-0.018658569,0.055867079
1751976401.63494,-0.011067618,-0.018658569,0.055867079
1751976401.63693,-0.011067618,-0.018658569,0.055867079
1751976401.63897,-0.011067618,-0.018658569,0.055867079
1751976401.64098,-0.011130797,-0.018636689,0.055830069
1751976401.64298,-0.011130797,-0.018636689,0.055830069
1751976401.64502,-0.011130797,-0.018636689,0.055830069
1751976401.64694,-0.011130797,-0.018636689,0.055830069
1751976401.64894,-0.011130797,-0.018636689,0.055830069
1751976401.65095,-0.011130797,-0.018636689,0.055830069
1751976401.65299,-0.011233372,-0.018657622,0.055816635
1751976401.65495,-0.011233372,-0.018657622,0.055816635
1751976401.65699,-0.011233372,-0.018657622,0.055816635
1751976401.65895,-0.011233372,-0.018657622,0.055816635
1751976401.661,-0.011233372,-0.018657622,0.055816635
1751976401.66295,-0.011241787,-0.018632316,0.055775784
1751976401.66496,-0.011241787,-0.018632316,0.055775784
1751976401.66696,-0.011241787,-0.018632316,0.055775784
1751976401.66897,-0.011241787,-0.018632316,0.055775784
1751976401.67092,-0.011241787,-0.018632316,0.055775784
1751976401.67298,-0.011241787,-0.018632316,0.055775784
1751976401.67499,-0.01122206,-0.01861878,0.055791224
1751976401.67697,-0.01122206,-0.01861878,0.055791224
1751976401.67896,-0.01122206,-0.01861878,0.055791224
1751976401.68101,-0.01122206,-0.01861878,0.055791224
1751976401.68294,-0.01122206,-0.01861878,0.055791224
1751976401.68494,-0.01122206,-0.01861878,0.055791224
1751976401.68695,-0.011162038,-0.018630047,0.055778694
1751976401.68895,-0.011162038,-0.018630047,0.055778694
1751976401.69094,-0.011162038,-0.018630047,0.055778694
1751976401.69296,-0.011162038,-0.018630047,0.055778694
1751976401.69507,-0.011162038,-0.018630047,0.055778694
1751976401.69706,-0.011162038,-0.018630047,0.055778694
1751976401.69897,-0.011164608,-0.018630268,0.055886316
1751976401.70097,-0.011164608,-0.018630268,0.055886316
1751976401.70299,-0.011164608,-0.018630268,0.055886316
1751976401.705,-0.011164608,-0.018630268,0.055886316
1751976401.70698,-0.011164608,-0.018630268,0.055886316
1751976401.70896,-0.011204718,-0.018625625,0.055817712
1751976401.71092,-0.011204718,-0.018625625,0.055817712
1751976401.71296,-0.011204718,-0.018625625,0.055817712
1751976401.71499,-0.011204718,-0.018625625,0.055817712
1751976401.71697,-0.011204718,-0.018625625,0.055817712
1751976401.71894,-0.011204718,-0.018625625,0.055817712
1751976401.72095,-0.011092122,-0.018624455,0.055897965
1751976401.72295,-0.011092122,-0.018624455,0.055897965
1751976401.72493,-0.011092122,-0.018624455,0.055897965
1751976401.72694,-0.011092122,-0.018624455,0.055897965
1751976401.72893,-0.011092122,-0.018624455,0.055897965
1751976401.73095,-0.011092122,-0.018624455,0.055897965
1751976401.73295,-0.011068451,-0.018633677,0.05586189
1751976401.73498,-0.011068451,-0.018633677,0.05586189
1751976401.737,-0.011068451,-0.018633677,0.05586189
1751976401.73903,-0.011068451,-0.018633677,0.05586189
1751976401.74106,-0.011068451,-0.018633677,0.05586189
1751976401.74299,-0.01097953,-0.018624521,0.055906251
1751976401.74497,-0.01097953,-0.018624521,0.055906251
1751976401.74689,-0.01097953,-0.018624521,0.055906251
1751976401.74895,-0.01097953,-0.018624521,0.055906251
1751976401.75095,-0.01097953,-0.018624521,0.055906251
1751976401.75296,-0.01097953,-0.018624521,0.055906251
1751976401.75497,-0.011020249,-0.018636419,0.055860717
1751976401.75699,-0.011020249,-0.018636419,0.055860717
1751976401.75894,-0.011020249,-0.018636419,0.055860717
1751976401.76097,-0.011020249,-0.018636419,0.055860717
1751976401.76295,-0.011020249,-0.018636419,0.055860717
1751976401.76494,-0.011020249,-0.018636419,0.055860717
1751976401.76693,-0.011099076,-0.018632977,0.055831379
1751976401.76895,-0.011099076,-0.018632977,0.055831379
1751976401.77097,-0.011099076,-0.018632977,0.055831379
1751976401.77295,-0.011099076,-0.018632977,0.055831379
1751976401.77497,-0.011099076,-0.018632977,0.055831379
1751976401.77699,-0.01114481,-0.018629298,0.0558238
1751976401.77897,-0.01114481,-0.018629298,0.0558238
1751976401.78098,-0.01114481,-0.018629298,0.0558238
1751976401.78296,-0.01114481,-0.018629298,0.0558238
1751976401.78497,-0.01114481,-0.018629298,0.0558238
1751976401.78695,-0.01114481,-0.018629298,0.0558238
1751976401.78894,-0.011122284,-0.018635761,0.055766909
1751976401.79096,-0.011122284,-0.018635761,0.055766909
1751976401.79292,-0.011122284,-0.018635761,0.055766909
1751976401.79494,-0.011122284,-0.018635761,0.055766909
1751976401.79696,-0.011122284,-0.018635761,0.055766909
1751976401.79895,-0.011122284,-0.018635761,0.055766909
1751976401.80096,-0.011168299,-0.018613304,0.055817276
1751976401.80305,-0.011168299,-0.018613304,0.055817276
1751976401.80496,-0.011168299,-0.018613304,0.055817276
1751976401.80694,-0.011168299,-0.018613304,0.055817276
1751976401.80894,-0.011168299,-0.018613304,0.055817276
1751976401.81094,-0.011067273,-0.018607015,0.055779709
1751976401.81293,-0.011067273,-0.018607015,0.055779709
1751976401.81494,-0.011067273,-0.018607015,0.055779709
1751976401.81693,-0.011067273,-0.018607015,0.055779709
1751976401.81895,-0.011067273,-0.018607015,0.055779709
1751976401.82097,-0.011067273,-0.018607015,0.055779709
1751976401.82299,-0.011091383,-0.018580668,0.055838241
1751976401.82501,-0.011091383,-0.018580668,0.055838241
1751976401.82693,-0.011091383,-0.018580668,0.055838241
1751976401.82899,-0.011091383,-0.018580668,0.055838241
1751976401.83095,-0.011091383,-0.018580668,0.055838241
1751976401.83295,-0.011091383,-0.018580668,0.055838241
1751976401.83498,-0.01114141,-0.01859007,0.055804735
1751976401.83696,-0.01114141,-0.01859007,0.055804735
1751976401.83894,-0.01114141,-0.01859007,0.055804735
1751976401.84096,-0.01114141,-0.01859007,0.055804735
1751976401.84295,-0.01114141,-0.01859007,0.055804735
1751976401.84496,-0.01114141,-0.01859007,0.055804735
1751976401.84694,-0.011074325,-0.018619421,0.055854149
1751976401.84894,-0.011074325,-0.018619421,0.055854149
1751976401.85093,-0.011074325,-0.018619421,0.055854149
1751976401.85294,-0.011074325,-0.018619421,0.055854149
1751976401.85494,-0.011074325,-0.018619421,0.055854149
1751976401.85693,-0.011106173,-0.018629264,0.055828914
1751976401.85893,-0.011106173,-0.018629264,0.055828914
1751976401.86096,-0.011106173,-0.018629264,0.055828914
1751976401.86298,-0.011106173,-0.018629264,0.055828914
1751976401.86504,-0.011106173,-0.018629264,0.055828914
1751976401.86711,-0.011096272,-0.018578176,0.055784222
1751976401.869,-0.011096272,-0.018578176,0.055784222
1751976401.87096,-0.011096272,-0.018578176,0.055784222
1751976401.87296,-0.011096272,-0.018578176,0.055784222
1751976401.87495,-0.011096272,-0.018578176,0.055784222
1751976401.87695,-0.011096272,-0.018578176,0.055784222
1751976401.87894,-0.011017162,-0.018623611,0.055851448
1751976401.88095,-0.011017162,-0.018623611,0.055851448
1751976401.88301,-0.011017162,-0.018623611,0.055851448
1751976401.88493,-0.011017162,-0.018623611,0.055851448
1751976401.88694,-0.011017162,-0.018623611,0.055851448
1751976401.88893,-0.011017162,-0.018623611,0.055851448
1751976401.89093,-0.011128685,-0.018587747,0.055798717
1751976401.89295,-0.011128685,-0.018587747,0.055798717
1751976401.89496,-0.011128685,-0.018587747,0.055798717
1751976401.89696,-0.011128685,-0.018587747,0.055798717
1751976401.89892,-0.011128685,-0.018587747,0.055798717
1751976401.90095,-0.011128685,-0.018587747,0.055798717
1751976401.90295,-0.011118364,-0.01862378,0.055824149
1751976401.90492,-0.011118364,-0.01862378,0.055824149
1751976401.90698,-0.011118364,-0.01862378,0.055824149
1751976401.90901,-0.011118364,-0.01862378,0.055824149
1751976401.91096,-0.011118364,-0.01862378,0.055824149
1751976401.91298,-0.011114906,-0.018631413,0.055810939
1751976401.91497,-0.011114906,-0.018631413,0.055810939
1751976401.91694,-0.011114906,-0.018631413,0.055810939
1751976401.91895,-0.011114906,-0.018631413,0.055810939
1751976401.92094,-0.011114906,-0.018631413,0.055810939
1751976401.92298,-0.011114906,-0.018631413,0.055810939
1751976401.92494,-0.011236702,-0.018640899,0.055772357
1751976401.92695,-0.011236702,-0.018640899,0.055772357
1751976401.92896,-0.011236702,-0.018640899,0.055772357
1751976401.93096,-0.011236702,-0.018640899,0.055772357
1751976401.93294,-0.011236702,-0.018640899,0.055772357
1751976401.93497,-0.011236702,-0.018640899,0.055772357
1751976401.93694,-0.011364622,-0.018659548,0.055654986
1751976401.93893,-0.011364622,-0.018659548,0.055654986
1751976401.94091,-0.011364622,-0.018659548,0.055654986
1751976401.94303,-0.011364622,-0.018659548,0.055654986
1751976401.94492,-0.011364622,-0.018659548,0.055654986
1751976401.94693,-0.011364622,-0.018659548,0.055654986
1751976401.94894,-0.011365263,-0.018623297,0.055699197
1751976401.95096,-0.011365263,-0.018623297,0.055699197
1751976401.95295,-0.011365263,-0.018623297,0.055699197
1751976401.95498,-0.011365263,-0.018623297,0.055699197
1751976401.95701,-0.011365263,-0.018623297,0.055699197
1751976401.95895,-0.01133534,-0.018649694,0.055668816
1751976401.96089,-0.01133534,-0.018649694,0.055668816
1751976401.96297,-0.01133534,-0.018649694,0.055668816
1751976401.96495,-0.01133534,-0.018649694,0.055668816
1751976401.96697,-0.01133534,-0.018649694,0.055668816
1751976401.96895,-0.01133534,-0.018649694,0.055668816
1751976401.97095,-0.011279038,-0.018629514,0.055705405
1751976401.97294,-0.011279038,-0.018629514,0.055705405
1751976401.97493,-0.011279038,-0.018629514,0.055705405
1751976401.97692,-0.011279038,-0.018629514,0.055705405
1751976401.97894,-0.011279038,-0.018629514,0.055705405
1751976401.98093,-0.011405227,-0.018618238,0.055626395
1751976401.98295,-0.011405227,-0.018618238,0.055626395
1751976401.98498,-0.011405227,-0.018618238,0.055626395
1751976401.98695,-0.011405227,-0.018618238,0.055626395
1751976401.98895,-0.011405227,-0.018618238,0.055626395
1751976401.99095,-0.011442024,-0.018616383,0.055587103
1751976401.993,-0.011442024,-0.018616383,0.055587103
1751976401.99501,-0.011442024,-0.018616383,0.055587103
1751976401.99706,-0.011442024,-0.018616383,0.055587103
1751976401.99897,-0.011442024,-0.018616383,0.055587103
1751976402.00094,-0.011442024,-0.018616383,0.055587103
1751976402.00299,-0.011417257,-0.018603537,0.055577396
1751976402.00496,-0.011417257,-0.018603537,0.055577396
1751976402.00689,-0.011417257,-0.018603537,0.055577396
1751976402.00895,-0.011417257,-0.018603537,0.055577396
1751976402.01101,-0.011417257,-0.018603537,0.055577396
1751976402.01294,-0.011312192,-0.018618351,0.055685025
1751976402.01494,-0.011312192,-0.018618351,0.055685025
1751976402.01698,-0.011312192,-0.018618351,0.055685025
1751976402.01895,-0.011312192,-0.018618351,0.055685025
1751976402.02094,-0.011312192,-0.018618351,0.055685025
1751976402.02298,-0.011312192,-0.018618351,0.055685025
1751976402.02495,-0.011365875,-0.018614084,0.055709716
1751976402.02697,-0.011365875,-0.018614084,0.055709716
1751976402.02899,-0.011365875,-0.018614084,0.055709716
1751976402.031,-0.011365875,-0.018614084,0.055709716
1751976402.03296,-0.011365875,-0.018614084,0.055709716
1751976402.03494,-0.011437299,-0.018630708,0.055629697
1751976402.037,-0.011437299,-0.018630708,0.055629697
1751976402.03903,-0.011437299,-0.018630708,0.055629697
1751976402.04095,-0.011437299,-0.018630708,0.055629697
1751976402.043,-0.011437299,-0.018630708,0.055629697
1751976402.04496,-0.011401955,-0.018620755,0.055638663
1751976402.04696,-0.011401955,-0.018620755,0.055638663
1751976402.04893,-0.011401955,-0.018620755,0.055638663
1751976402.05093,-0.011401955,-0.018620755,0.055638663
1751976402.05296,-0.011401955,-0.018620755,0.055638663
1751976402.05494,-0.011401955,-0.018620755,0.055638663
1751976402.05696,-0.011310589,-0.018595836,0.055695404
1751976402.05897,-0.011310589,-0.018595836,0.055695404
1751976402.06095,-0.011310589,-0.018595836,0.055695404
1751976402.06297,-0.011310589,-0.018595836,0.055695404
1751976402.06494,-0.011310589,-0.018595836,0.055695404
1751976402.06694,-0.011310589,-0.018595836,0.055695404
1751976402.06894,-0.011391581,-0.018616531,0.055584755
1751976402.07094,-0.011391581,-0.018616531,0.055584755
1751976402.07293,-0.011391581,-0.018616531,0.055584755
1751976402.07493,-0.011391581,-0.018616531,0.055584755
1751976402.07693,-0.011391581,-0.018616531,0.055584755
1751976402.07896,-0.011349671,-0.018624586,0.055583763
1751976402.08097,-0.011349671,-0.018624586,0.055583763
1751976402.08295,-0.011349671,-0.018624586,0.055583763
1751976402.085,-0.011349671,-0.018624586,0.055583763
1751976402.08703,-0.011349671,-0.018624586,0.055583763
1751976402.08902,-0.011253765,-0.018623688,0.055743769
1751976402.09096,-0.011253765,-0.018623688,0.055743769
1751976402.09299,-0.011253765,-0.018623688,0.055743769
1751976402.09494,-0.011253765,-0.018623688,0.055743769
1751976402.09693,-0.011253765,-0.018623688,0.055743769
1751976402.09897,-0.011253765,-0.018623688,0.055743769
1751976402.10094,-0.011304219,-0.018613776,0.055683869
1751976402.10293,-0.011304219,-0.018613776,0.055683869
1751976402.10492,-0.011304219,-0.018613776,0.055683869
1751976402.10693,-0.011304219,-0.018613776,0.055683869
1751976402.10892,-0.011304219,-0.018613776,0.055683869
1751976402.11092,-0.011304219,-0.018613776,0.055683869
1751976402.11295,-0.011376498,-0.018613143,0.055695011
1751976402.11494,-0.011376498,-0.018613143,0.055695011
1751976402.11695,-0.011376498,-0.018613143,0.055695011
1751976402.11897,-0.011376498,-0.018613143,0.055695011
1751976402.12097,-0.011376498,-0.018613143,0.055695011
1751976402.123,-0.011328716,-0.018617548,0.055720573
1751976402.12498,-0.011328716,-0.018617548,0.055720573
1751976402.12698,-0.011328716,-0.018617548,0.055720573
1751976402.129,-0.011328716,-0.018617548,0.055720573
1751976402.13096,-0.011328716,-0.018617548,0.055720573
1751976402.13299,-0.011328716,-0.018617548,0.055720573
1751976402.13493,-0.011317927,-0.018618743,0.055722888
1751976402.13694,-0.011317927,-0.018618743,0.055722888
1751976402.13893,-0.011317927,-0.018618743,0.055722888
1751976402.14101,-0.011317927,-0.018618743,0.055722888
1751976402.14294,-0.011317927,-0.018618743,0.055722888
1751976402.14494,-0.011317927,-0.018618743,0.055722888
1751976402.14698,-0.011214109,-0.018596739,0.055805238
1751976402.14894,-0.011214109,-0.018596739,0.055805238
1751976402.15092,-0.011214109,-0.018596739,0.055805238
1751976402.15297,-0.011214109,-0.018596739,0.055805238
1751976402.15496,-0.011214109,-0.018596739,0.055805238
1751976402.15695,-0.011238051,-0.018635058,0.055770801
1751976402.15895,-0.011238051,-0.018635058,0.055770801
1751976402.16097,-0.011238051,-0.018635058,0.055770801
1751976402.16297,-0.011238051,-0.018635058,0.055770801
1751976402.16499,-0.011238051,-0.018635058,0.055770801
1751976402.16699,-0.011238051,-0.018635058,0.055770801
1751976402.16899,-0.011241658,-0.018619394,0.055713754
1751976402.17095,-0.011241658,-0.018619394,0.055713754
1751976402.17297,-0.011241658,-0.018619394,0.055713754
1751976402.17495,-0.011241658,-0.018619394,0.055713754
1751976402.17695,-0.011241658,-0.018619394,0.055713754
1751976402.17897,-0.011241658,-0.018619394,0.055713754
1751976402.18094,-0.011097571,-0.018641657,0.055703793
1751976402.18295,-0.011097571,-0.018641657,0.055703793
1751976402.18498,-0.011097571,-0.018641657,0.055703793
1751976402.18698,-0.011097571,-0.018641657,0.055703793
1751976402.18895,-0.011097571,-0.018641657,0.055703793
1751976402.19094,-0.011097571,-0.018641657,0.055703793
1751976402.19296,-0.011061645,-0.018631437,0.055795995
1751976402.19495,-0.011061645,-0.018631437,0.055795995
1751976402.19693,-0.011061645,-0.018631437,0.055795995
1751976402.19894,-0.011061645,-0.018631437,0.055795995
1751976402.201,-0.011061645,-0.018631437,0.055795995
1751976402.20295,-0.011092508,-0.018588503,0.055791596
1751976402.20497,-0.011092508,-0.018588503,0.055791596
1751976402.20699,-0.011092508,-0.018588503,0.055791596
1751976402.20903,-0.011092508,-0.018588503,0.055791596
1751976402.21097,-0.011092508,-0.018588503,0.055791596
1751976402.21314,-0.011092508,-0.018588503,0.055791596
1751976402.215,-0.011064722,-0.018580891,0.055831798
1751976402.21703,-0.011064722,-0.018580891,0.055831798
1751976402.21904,-0.011064722,-0.018580891,0.055831798
1751976402.22099,-0.011064722,-0.018580891,0.055831798
1751976402.22295,-0.011064722,-0.018580891,0.055831798
1751976402.22501,-0.011064722,-0.018580891,0.055831798
1751976402.22692,-0.011013072,-0.018515809,0.055882317
1751976402.22898,-0.011013072,-0.018515809,0.055882317
1751976402.23097,-0.011013072,-0.018515809,0.055882317
1751976402.23298,-0.011013072,-0.018515809,0.055882317
1751976402.23497,-0.011013072,-0.018515809,0.055882317
1751976402.23695,-0.011013072,-0.018515809,0.055882317
1751976402.23895,-0.01090572,-0.018536227,0.055966588
1751976402.24098,-0.01090572,-0.018536227,0.055966588
1751976402.24295,-0.01090572,-0.018536227,0.055966588
1751976402.24493,-0.01090572,-0.018536227,0.055966588
1751976402.24697,-0.01090572,-0.018536227,0.055966588
1751976402.249,-0.01090572,-0.018536227,0.055966588
1751976402.251,-0.011038034,-0.018488393,0.055886959
1751976402.25298,-0.011038034,-0.018488393,0.055886959
1751976402.25502,-0.011038034,-0.018488393,0.055886959
1751976402.25699,-0.011038034,-0.018488393,0.055886959
1751976402.25897,-0.011038034,-0.018488393,0.055886959
1751976402.26093,-0.011005679,-0.018504166,0.055905611
1751976402.26298,-0.011005679,-0.018504166,0.055905611
1751976402.26495,-0.011005679,-0.018504166,0.055905611
1751976402.26692,-0.011005679,-0.018504166,0.055905611
1751976402.26895,-0.011005679,-0.018504166,0.055905611
1751976402.27096,-0.011005679,-0.018504166,0.055905611
1751976402.27294,-0.01102954,-0.018500924,0.055901613
1751976402.27497,-0.01102954,-0.018500924,0.055901613
1751976402.27694,-0.01102954,-0.018500924,0.055901613
1751976402.27895,-0.01102954,-0.018500924,0.055901613
1751976402.281,-0.01102954,-0.018500924,0.055901613
1751976402.28301,-0.01102954,-0.018500924,0.055901613
1751976402.28495,-0.010997852,-0.018520653,0.055903683
1751976402.28695,-0.010997852,-0.018520653,0.055903683
1751976402.28899,-0.010997852,-0.018520653,0.055903683
1751976402.29095,-0.010997852,-0.018520653,0.055903683
1751976402.29297,-0.010997852,-0.018520653,0.055903683
1751976402.29499,-0.01099322,-0.018557654,0.055866428
1751976402.29695,-0.01099322,-0.018557654,0.055866428
1751976402.29901,-0.01099322,-0.018557654,0.055866428
1751976402.30099,-0.01099322,-0.018557654,0.055866428
1751976402.30294,-0.01099322,-0.018557654,0.055866428
1751976402.30497,-0.01099322,-0.018557654,0.055866428
1751976402.30694,-0.011051536,-0.018565907,0.055854323
1751976402.30899,-0.011051536,-0.018565907,0.055854323
1751976402.31093,-0.011051536,-0.018565907,0.055854323
1751976402.31295,-0.011051536,-0.018565907,0.055854323
1751976402.31496,-0.011051536,-0.018565907,0.055854323
1751976402.31694,-0.010959765,-0.018538676,0.055927052
1751976402.31895,-0.010959765,-0.018538676,0.055927052
1751976402.32096,-0.010959765,-0.018538676,0.055927052
1751976402.32307,-0.010959765,-0.018538676,0.055927052
1751976402.32494,-0.010959765,-0.018538676,0.055927052
1751976402.32693,-0.010959765,-0.018538676,0.055927052
1751976402.32895,-0.011023136,-0.018553453,0.055868144
1751976402.33094,-0.011023136,-0.018553453,0.055868144
1751976402.33294,-0.011023136,-0.018553453,0.055868144
1751976402.33494,-0.011023136,-0.018553453,0.055868144
1751976402.33699,-0.011023136,-0.018553453,0.055868144
1751976402.33897,-0.010899476,-0.018604097,0.055924679
1751976402.34094,-0.010899476,-0.018604097,0.055924679
1751976402.34296,-0.010899476,-0.018604097,0.055924679
1751976402.34497,-0.010899476,-0.018604097,0.055924679
1751976402.34697,-0.010899476,-0.018604097,0.055924679
1751976402.34896,-0.0108617,-0.018554322,0.055975662
1751976402.35097,-0.0108617,-0.018554322,0.055975662
1751976402.35295,-0.0108617,-0.018554322,0.055975662
1751976402.35501,-0.0108617,-0.018554322,0.055975662
1751976402.35695,-0.0108617,-0.018554322,0.055975662
1751976402.35896,-0.0108617,-0.018554322,0.055975662
1751976402.3611,-0.010936497,-0.018564918,0.05588701
1751976402.36297,-0.010936497,-0.018564918,0.05588701
1751976402.36495,-0.010936497,-0.018564918,0.05588701
1751976402.36695,-0.010936497,-0.018564918,0.05588701
1751976402.36897,-0.010936497,-0.018564918,0.05588701
1751976402.37097,-0.010884857,-0.018575605,0.055949648
1751976402.37292,-0.010884857,-0.018575605,0.055949648
1751976402.37495,-0.010884857,-0.018575605,0.055949648
1751976402.37701,-0.010884857,-0.018575605,0.055949648
1751976402.37904,-0.010884857,-0.018575605,0.055949648
1751976402.38107,-0.01099438,-0.018601074,0.055959689
1751976402.38299,-0.01099438,-0.018601074,0.055959689
1751976402.38498,-0.01099438,-0.018601074,0.055959689
1751976402.38697,-0.01099438,-0.018601074,0.055959689
1751976402.38897,-0.01099438,-0.018601074,0.055959689
1751976402.39091,-0.01099438,-0.018601074,0.055959689
1751976402.39294,-0.01098283,-0.018585121,0.055940496
1751976402.39495,-0.01098283,-0.018585121,0.055940496
1751976402.39696,-0.01098283,-0.018585121,0.055940496
1751976402.39894,-0.01098283,-0.018585121,0.055940496
1751976402.40095,-0.01098283,-0.018585121,0.055940496
1751976402.40296,-0.011030621,-0.018508852,0.055923818
1751976402.40493,-0.011030621,-0.018508852,0.055923818
1751976402.40694,-0.011030621,-0.018508852,0.055923818
1751976402.40898,-0.011030621,-0.018508852,0.055923818
1751976402.41095,-0.011030621,-0.018508852,0.055923818
1751976402.41297,-0.011030621,-0.018508852,0.055923818
1751976402.41497,-0.01095488,-0.018443865,0.055940393
1751976402.41693,-0.01095488,-0.018443865,0.055940393
1751976402.41895,-0.01095488,-0.018443865,0.055940393
1751976402.42096,-0.01095488,-0.018443865,0.055940393
1751976402.42298,-0.01095488,-0.018443865,0.055940393
1751976402.42498,-0.011053143,-0.018467131,0.055834105
1751976402.42702,-0.011053143,-0.018467131,0.055834105
1751976402.42896,-0.011053143,-0.018467131,0.055834105
1751976402.43095,-0.011053143,-0.018467131,0.055834105
1751976402.43293,-0.011053143,-0.018467131,0.055834105
1751976402.43494,-0.011053143,-0.018467131,0.055834105
1751976402.43693,-0.011103175,-0.018499469,0.055874573
1751976402.43892,-0.011103175,-0.018499469,0.055874573
1751976402.44095,-0.011103175,-0.018499469,0.055874573
1751976402.44301,-0.011103175,-0.018499469,0.055874573
1751976402.44497,-0.011103175,-0.018499469,0.055874573
1751976402.44694,-0.010922086,-0.01850127,0.055941463
1751976402.44894,-0.010922086,-0.01850127,0.055941463
1751976402.45095,-0.010922086,-0.01850127,0.055941463
1751976402.45294,-0.010922086,-0.01850127,0.055941463
1751976402.45493,-0.010922086,-0.01850127,0.055941463
1751976402.45694,-0.010922086,-0.01850127,0.055941463
1751976402.45895,-0.010988163,-0.018487548,0.055853165
1751976402.46101,-0.010988163,-0.018487548,0.055853165
1751976402.46298,-0.010988163,-0.018487548,0.055853165
1751976402.46496,-0.010988163,-0.018487548,0.055853165
1751976402.46698,-0.010988163,-0.018487548,0.055853165
1751976402.46891,-0.010988163,-0.018487548,0.055853165
1751976402.47099,-0.010959911,-0.01849686,0.055964929
1751976402.47302,-0.010959911,-0.01849686,0.055964929
1751976402.47498,-0.010959911,-0.01849686,0.055964929
1751976402.47696,-0.010959911,-0.01849686,0.055964929
1751976402.47896,-0.010959911,-0.01849686,0.055964929
1751976402.48096,-0.011011712,-0.018489428,0.05594123
1751976402.48293,-0.011011712,-0.018489428,0.05594123
1751976402.48497,-0.011011712,-0.018489428,0.05594123
1751976402.48693,-0.011011712,-0.018489428,0.05594123
1751976402.48893,-0.011011712,-0.018489428,0.05594123
1751976402.49095,-0.010944043,-0.018517038,0.055938257
1751976402.49295,-0.010944043,-0.018517038,0.055938257
1751976402.49495,-0.010944043,-0.018517038,0.055938257
1751976402.49695,-0.010944043,-0.018517038,0.055938257
1751976402.49896,-0.010944043,-0.018517038,0.055938257
1751976402.50093,-0.011018024,-0.018507781,0.055867873
1751976402.50295,-0.011018024,-0.018507781,0.055867873
1751976402.50501,-0.011018024,-0.018507781,0.055867873
1751976402.50701,-0.011018024,-0.018507781,0.055867873
1751976402.50897,-0.011018024,-0.018507781,0.055867873
1751976402.51096,-0.011018024,-0.018507781,0.055867873
1751976402.51297,-0.011028415,-0.018487734,0.055853281
1751976402.51495,-0.011028415,-0.018487734,0.055853281
1751976402.51696,-0.011028415,-0.018487734,0.055853281
1751976402.51898,-0.011028415,-0.018487734,0.055853281
1751976402.52094,-0.011028415,-0.018487734,0.055853281
1751976402.52297,-0.011028415,-0.018487734,0.055853281
1751976402.52496,-0.010980277,-0.018490806,0.055913801
1751976402.52694,-0.010980277,-0.018490806,0.055913801
1751976402.52895,-0.010980277,-0.018490806,0.055913801
1751976402.53096,-0.010980277,-0.018490806,0.055913801
1751976402.53298,-0.010980277,-0.018490806,0.055913801
1751976402.53493,-0.011085202,-0.018413527,0.055838189
1751976402.53694,-0.011085202,-0.018413527,0.055838189
1751976402.53898,-0.011085202,-0.018413527,0.055838189
1751976402.54096,-0.011085202,-0.018413527,0.055838189
1751976402.54296,-0.011085202,-0.018413527,0.055838189
1751976402.54496,-0.011085202,-0.018413527,0.055838189
1751976402.54695,-0.011103381,-0.018483729,0.055836762
1751976402.54894,-0.011103381,-0.018483729,0.055836762
1751976402.55095,-0.011103381,-0.018483729,0.055836762
1751976402.55302,-0.011103381,-0.018483729,0.055836762
1751976402.55497,-0.011103381,-0.018483729,0.055836762
1751976402.55698,-0.011103381,-0.018483729,0.055836762
1751976402.55903,-0.010984133,-0.018484004,0.055925421
1751976402.56097,-0.010984133,-0.018484004,0.055925421
1751976402.56294,-0.010984133,-0.018484004,0.055925421
1751976402.56496,-0.010984133,-0.018484004,0.055925421
1751976402.56696,-0.010984133,-0.018484004,0.055925421
1751976402.56897,-0.010984133,-0.018484004,0.055925421
1751976402.57102,-0.011090933,-0.018432889,0.055880898
1751976402.57297,-0.011090933,-0.018432889,0.055880898
1751976402.57496,-0.011090933,-0.018432889,0.055880898
1751976402.57696,-0.011090933,-0.018432889,0.055880898
1751976402.57895,-0.011090933,-0.018432889,0.055880898
1751976402.58094,-0.011090933,-0.018432889,0.055880898
1751976402.58295,-0.010995285,-0.018440772,0.055874991
1751976402.58496,-0.010995285,-0.018440772,0.055874991
1751976402.58695,-0.010995285,-0.018440772,0.055874991
1751976402.58894,-0.010995285,-0.018440772,0.055874991
1751976402.59096,-0.010995285,-0.018440772,0.055874991
1751976402.59296,-0.011006446,-0.01848651,0.055879625
1751976402.59498,-0.011006446,-0.01848651,0.055879625
1751976402.59696,-0.011006446,-0.01848651,0.055879625
1751976402.59901,-0.011006446,-0.01848651,0.055879625
1751976402.60096,-0.011006446,-0.01848651,0.055879625
1751976402.60305,-0.011006446,-0.01848651,0.055879625
1751976402.60497,-0.011026517,-0.018473318,0.055901502
1751976402.60695,-0.011026517,-0.018473318,0.055901502
1751976402.60896,-0.011026517,-0.018473318,0.055901502
1751976402.61097,-0.011026517,-0.018473318,0.055901502
1751976402.61297,-0.011026517,-0.018473318,0.055901502
1751976402.61494,-0.011026517,-0.018473318,0.055901502
1751976402.61694,-0.011127256,-0.01845684,0.055824263
1751976402.61896,-0.011127256,-0.01845684,0.055824263
1751976402.62095,-0.011127256,-0.01845684,0.055824263
1751976402.62293,-0.011127256,-0.01845684,0.055824263
1751976402.62494,-0.011127256,-0.01845684,0.055824263
1751976402.62694,-0.011127256,-0.01845684,0.055824263
1751976402.62895,-0.011033401,-0.018434763,0.055875436
1751976402.63098,-0.011033401,-0.018434763,0.055875436
1751976402.633,-0.011033401,-0.018434763,0.055875436
1751976402.63503,-0.011033401,-0.018434763,0.055875436
1751976402.63698,-0.011033401,-0.018434763,0.055875436
1751976402.63899,-0.011095276,-0.018544732,0.05586077
1751976402.64099,-0.011095276,-0.018544732,0.05586077
1751976402.643,-0.011095276,-0.018544732,0.05586077
1751976402.6449,-0.011095276,-0.018544732,0.05586077
1751976402.64703,-0.011095276,-0.018544732,0.05586077
1751976402.64891,-0.011100034,-0.018503678,0.055824158
1751976402.65098,-0.011100034,-0.018503678,0.055824158
1751976402.65296,-0.011100034,-0.018503678,0.055824158
1751976402.65496,-0.011100034,-0.018503678,0.055824158
1751976402.65694,-0.011100034,-0.018503678,0.055824158
1751976402.65893,-0.011100034,-0.018503678,0.055824158
1751976402.661,-0.011031789,-0.018546601,0.05588046
1751976402.66298,-0.011031789,-0.018546601,0.05588046
1751976402.66497,-0.011031789,-0.018546601,0.05588046
1751976402.66695,-0.011031789,-0.018546601,0.05588046
1751976402.66894,-0.011031789,-0.018546601,0.05588046
1751976402.67093,-0.011088783,-0.018525259,0.055903784
1751976402.67302,-0.011088783,-0.018525259,0.055903784
1751976402.67496,-0.011088783,-0.018525259,0.055903784
1751976402.67698,-0.011088783,-0.018525259,0.055903784
1751976402.679,-0.011088783,-0.018525259,0.055903784
1751976402.68095,-0.011046811,-0.018528547,0.055918009
1751976402.68295,-0.011046811,-0.018528547,0.055918009
1751976402.68499,-0.011046811,-0.018528547,0.055918009
1751976402.68695,-0.011046811,-0.018528547,0.055918009
1751976402.68899,-0.011046811,-0.018528547,0.055918009
1751976402.69098,-0.011050996,-0.018532316,0.05587138
1751976402.69293,-0.011050996,-0.018532316,0.05587138
1751976402.69494,-0.011050996,-0.018532316,0.05587138
1751976402.69697,-0.011050996,-0.018532316,0.05587138
1751976402.69894,-0.011050996,-0.018532316,0.05587138
1751976402.70096,-0.011050996,-0.018532316,0.05587138
1751976402.70299,-0.011010601,-0.018544778,0.055899058
1751976402.70493,-0.011010601,-0.018544778,0.055899058
1751976402.70695,-0.011010601,-0.018544778,0.055899058
1751976402.70888,-0.011010601,-0.018544778,0.055899058
1751976402.71093,-0.011010601,-0.018544778,0.055899058
1751976402.71293,-0.011010601,-0.018544778,0.055899058
1751976402.71493,-0.011047615,-0.018530406,0.055908394
1751976402.71696,-0.011047615,-0.018530406,0.055908394
1751976402.71896,-0.011047615,-0.018530406,0.055908394
1751976402.72096,-0.011047615,-0.018530406,0.055908394
1751976402.72301,-0.011047615,-0.018530406,0.055908394
1751976402.725,-0.011087499,-0.018511585,0.055880963
1751976402.72701,-0.011087499,-0.018511585,0.055880963
1751976402.72899,-0.011087499,-0.018511585,0.055880963
1751976402.73098,-0.011087499,-0.018511585,0.055880963
1751976402.73295,-0.011087499,-0.018511585,0.055880963
1751976402.73498,-0.011071805,-0.01847348,0.055917866
1751976402.73696,-0.011071805,-0.01847348,0.055917866
1751976402.73896,-0.011071805,-0.01847348,0.055917866
1751976402.74098,-0.011071805,-0.01847348,0.055917866
1751976402.74298,-0.011071805,-0.01847348,0.055917866
1751976402.74499,-0.01102361,-0.018484265,0.055917504
1751976402.74695,-0.01102361,-0.018484265,0.055917504
1751976402.74897,-0.01102361,-0.018484265,0.055917504
1751976402.75094,-0.01102361,-0.018484265,0.055917504
1751976402.75294,-0.01102361,-0.018484265,0.055917504
1751976402.75495,-0.01102361,-0.018484265,0.055917504
1751976402.75691,-0.011083142,-0.018530091,0.055859869
1751976402.75898,-0.011083142,-0.018530091,0.055859869
1751976402.76096,-0.011083142,-0.018530091,0.055859869
1751976402.76298,-0.011083142,-0.018530091,0.055859869
1751976402.76496,-0.011083142,-0.018530091,0.055859869
1751976402.76694,-0.010989943,-0.018518216,0.055916463
1751976402.76897,-0.010989943,-0.018518216,0.055916463
1751976402.77101,-0.010989943,-0.018518216,0.055916463
1751976402.77295,-0.010989943,-0.018518216,0.055916463
1751976402.77496,-0.010989943,-0.018518216,0.055916463
1751976402.77695,-0.010989943,-0.018518216,0.055916463
1751976402.77896,-0.011024601,-0.018497057,0.055913866
1751976402.78095,-0.011024601,-0.018497057,0.055913866
1751976402.78293,-0.011024601,-0.018497057,0.055913866
1751976402.78493,-0.011024601,-0.018497057,0.055913866
1751976402.78695,-0.011024601,-0.018497057,0.055913866
1751976402.78895,-0.011024601,-0.018497057,0.055913866
1751976402.791,-0.011035926,-0.018496051,0.055882882
1751976402.79296,-0.011035926,-0.018496051,0.055882882
1751976402.79493,-0.011035926,-0.018496051,0.055882882
1751976402.79697,-0.011035926,-0.018496051,0.055882882
1751976402.79897,-0.011035926,-0.018496051,0.055882882
1751976402.80096,-0.011035926,-0.018496051,0.055882882
1751976402.80297,-0.011106602,-0.018420465,0.055876577
1751976402.80501,-0.011106602,-0.018420465,0.055876577
1751976402.80696,-0.011106602,-0.018420465,0.055876577
1751976402.80895,-0.011106602,-0.018420465,0.055876577
1751976402.81106,-0.011106602,-0.018420465,0.055876577
1751976402.81298,-0.010976269,-0.018449279,0.05592828
1751976402.81498,-0.010976269,-0.018449279,0.05592828
1751976402.81697,-0.010976269,-0.018449279,0.05592828
1751976402.81897,-0.010976269,-0.018449279,0.05592828
1751976402.82091,-0.010976269,-0.018449279,0.05592828
1751976402.82297,-0.010976269,-0.018449279,0.05592828
1751976402.82497,-0.011004989,-0.018462683,0.055872058
1751976402.82702,-0.011004989,-0.018462683,0.055872058
1751976402.82895,-0.011004989,-0.018462683,0.055872058
1751976402.83096,-0.011004989,-0.018462683,0.055872058
1751976402.83296,-0.011004989,-0.018462683,0.055872058
1751976402.83495,-0.011004989,-0.018462683,0.055872058
1751976402.83696,-0.011055257,-0.018478919,0.055873983
1751976402.83896,-0.011055257,-0.018478919,0.055873983
1751976402.84094,-0.011055257,-0.018478919,0.055873983
1751976402.84298,-0.011055257,-0.018478919,0.055873983
1751976402.84496,-0.011055257,-0.018478919,0.055873983
1751976402.84695,-0.011055257,-0.018478919,0.055873983
1751976402.84895,-0.011022887,-0.018491205,0.055887965
1751976402.85093,-0.011022887,-0.018491205,0.055887965
1751976402.85297,-0.011022887,-0.018491205,0.055887965
1751976402.85497,-0.011022887,-0.018491205,0.055887965
1751976402.85696,-0.011022887,-0.018491205,0.055887965
1751976402.85902,-0.011022887,-0.018491205,0.055887965
1751976402.86099,-0.011107946,-0.018471587,0.055832717
1751976402.86296,-0.011107946,-0.018471587,0.055832717
1751976402.86493,-0.011107946,-0.018471587,0.055832717
1751976402.8669,-0.011107946,-0.018471587,0.055832717
1751976402.86894,-0.011107946,-0.018471587,0.055832717
1751976402.87094,-0.011107946,-0.018471587,0.055832717
1751976402.87294,-0.011078906,-0.018477637,0.055889256
1751976402.87495,-0.011078906,-0.018477637,0.055889256
1751976402.87696,-0.011078906,-0.018477637,0.055889256
1751976402.87896,-0.011078906,-0.018477637,0.055889256
1751976402.8809,-0.011078906,-0.018477637,0.055889256
1751976402.88293,-0.011034348,-0.018486017,0.055948264
1751976402.88494,-0.011034348,-0.018486017,0.055948264
1751976402.88688,-0.011034348,-0.018486017,0.055948264
1751976402.88896,-0.011034348,-0.018486017,0.055948264
1751976402.89096,-0.011034348,-0.018486017,0.055948264
1751976402.89299,-0.011053137,-0.018484351,0.055919252
1751976402.89494,-0.011053137,-0.018484351,0.055919252
1751976402.89692,-0.011053137,-0.018484351,0.055919252
1751976402.89895,-0.011053137,-0.018484351,0.055919252
1751976402.90093,-0.011053137,-0.018484351,0.055919252
1751976402.90292,-0.011053137,-0.018484351,0.055919252
1751976402.90498,-0.011003426,-0.018469351,0.055861332
1751976402.90697,-0.011003426,-0.018469351,0.055861332
1751976402.90893,-0.011003426,-0.018469351,0.055861332
1751976402.91093,-0.011003426,-0.018469351,0.055861332
1751976402.91293,-0.011003426,-0.018469351,0.055861332
1751976402.91493,-0.011084422,-0.018458449,0.055899819
1751976402.91693,-0.011084422,-0.018458449,0.055899819
1751976402.91903,-0.011084422,-0.018458449,0.055899819
1751976402.92095,-0.011084422,-0.018458449,0.055899819
1751976402.92295,-0.011084422,-0.018458449,0.055899819
1751976402.92495,-0.011089292,-0.018464323,0.055815881
1751976402.92695,-0.011089292,-0.018464323,0.055815881
1751976402.92888,-0.011089292,-0.018464323,0.055815881
1751976402.93093,-0.011089292,-0.018464323,0.055815881
1751976402.93297,-0.011089292,-0.018464323,0.055815881
1751976402.93494,-0.011155575,-0.018470865,0.055816497
1751976402.93695,-0.011155575,-0.018470865,0.055816497
1751976402.93896,-0.011155575,-0.018470865,0.055816497
1751976402.94095,-0.011155575,-0.018470865,0.055816497
1751976402.94298,-0.011155575,-0.018470865,0.055816497
1751976402.945,-0.011155575,-0.018470865,0.055816497
1751976402.94698,-0.011182583,-0.018509699,0.055802871
1751976402.94895,-0.011182583,-0.018509699,0.055802871
1751976402.95095,-0.011182583,-0.018509699,0.055802871
1751976402.95297,-0.011182583,-0.018509699,0.055802871
1751976402.95495,-0.011182583,-0.018509699,0.055802871
1751976402.95694,-0.011182583,-0.018509699,0.055802871
1751976402.95896,-0.011230645,-0.018551993,0.055820416
1751976402.96096,-0.011230645,-0.018551993,0.055820416
1751976402.96295,-0.011230645,-0.018551993,0.055820416
1751976402.96495,-0.011230645,-0.018551993,0.055820416
1751976402.96695,-0.011230645,-0.018551993,0.055820416
1751976402.96893,-0.011391566,-0.018595798,0.055668949
1751976402.97093,-0.011391566,-0.018595798,0.055668949
1751976402.97293,-0.011391566,-0.018595798,0.055668949
1751976402.97494,-0.011391566,-0.018595798,0.055668949
1751976402.97694,-0.011391566,-0.018595798,0.055668949
1751976402.97894,-0.011391566,-0.018595798,0.055668949
1751976402.98093,-0.011341658,-0.018614577,0.055699639
1751976402.98295,-0.011341658,-0.018614577,0.055699639
1751976402.98502,-0.011341658,-0.018614577,0.055699639
1751976402.98696,-0.011341658,-0.018614577,0.055699639
1751976402.98899,-0.011341658,-0.018614577,0.055699639
1751976402.99094,-0.011383066,-0.0186134,0.055693557
1751976402.99294,-0.011383066,-0.0186134,0.055693557
1751976402.99495,-0.011383066,-0.0186134,0.055693557
1751976402.99694,-0.011383066,-0.0186134,0.055693557
1751976402.99894,-0.011383066,-0.0186134,0.055693557
1751976403.00094,-0.011383066,-0.0186134,0.055693557
1751976403.00297,-0.011374317,-0.018726281,0.055680288
1751976403.00494,-0.011374317,-0.018726281,0.055680288
1751976403.00697,-0.011374317,-0.018726281,0.055680288
1751976403.00893,-0.011374317,-0.018726281,0.055680288
1751976403.01094,-0.011374317,-0.018726281,0.055680288
1751976403.01294,-0.011394824,-0.018705182,0.055720577
1751976403.01495,-0.011394824,-0.018705182,0.055720577
1751976403.01695,-0.011394824,-0.018705182,0.055720577
1751976403.01895,-0.011394824,-0.018705182,0.055720577
1751976403.02095,-0.011394824,-0.018705182,0.055720577
1751976403.02299,-0.011471839,-0.018745788,0.055645046
1751976403.02494,-0.011471839,-0.018745788,0.055645046
1751976403.02701,-0.011471839,-0.018745788,0.055645046
1751976403.02904,-0.011471839,-0.018745788,0.055645046
1751976403.03095,-0.011471839,-0.018745788,0.055645046
1751976403.03294,-0.011471839,-0.018745788,0.055645046
1751976403.03494,-0.011447359,-0.018823416,0.055651342
1751976403.03694,-0.011447359,-0.018823416,0.055651342
1751976403.03894,-0.011447359,-0.018823416,0.055651342
1751976403.04094,-0.011447359,-0.018823416,0.055651342
1751976403.04294,-0.011447359,-0.018823416,0.055651342
1751976403.04494,-0.011447359,-0.018823416,0.055651342
1751976403.04694,-0.01140731,-0.018831351,0.055638728
1751976403.04888,-0.01140731,-0.018831351,0.055638728
1751976403.05095,-0.01140731,-0.018831351,0.055638728
1751976403.05294,-0.01140731,-0.018831351,0.055638728
1751976403.05497,-0.01140731,-0.018831351,0.055638728
1751976403.05693,-0.011398552,-0.018871053,0.055636404
1751976403.05895,-0.011398552,-0.018871053,0.055636404
1751976403.06093,-0.011398552,-0.018871053,0.055636404
1751976403.06296,-0.011398552,-0.018871053,0.055636404
1751976403.06496,-0.011398552,-0.018871053,0.055636404
1751976403.06697,-0.011398552,-0.018871053,0.055636404
1751976403.06895,-0.01139478,-0.018877616,0.055696894
1751976403.07102,-0.01139478,-0.018877616,0.055696894
1751976403.07296,-0.01139478,-0.018877616,0.055696894
1751976403.075,-0.01139478,-0.018877616,0.055696894
1751976403.07697,-0.01139478,-0.018877616,0.055696894
1751976403.07895,-0.011366929,-0.018863855,0.0557339
1751976403.08095,-0.011366929,-0.018863855,0.0557339
1751976403.08302,-0.011366929,-0.018863855,0.0557339
1751976403.08495,-0.011366929,-0.018863855,0.0557339
1751976403.08694,-0.011366929,-0.018863855,0.0557339
1751976403.08894,-0.011366929,-0.018863855,0.0557339
1751976403.09096,-0.011406523,-0.018877999,0.055662641
1751976403.09299,-0.011406523,-0.018877999,0.055662641
1751976403.09494,-0.011406523,-0.018877999,0.055662641
1751976403.09698,-0.011406523,-0.018877999,0.055662641
1751976403.09893,-0.011406523,-0.018877999,0.055662641
1751976403.10094,-0.011406523,-0.018877999,0.055662641
1751976403.10296,-0.011372909,-0.018888527,0.055604825
1751976403.10495,-0.011372909,-0.018888527,0.055604825
1751976403.10693,-0.011372909,-0.018888527,0.055604825
1751976403.10895,-0.011372909,-0.018888527,0.055604825
1751976403.11093,-0.011372909,-0.018888527,0.055604825
1751976403.11298,-0.011372909,-0.018888527,0.055604825
1751976403.11499,-0.011344479,-0.01888935,0.055640794
1751976403.11703,-0.011344479,-0.01888935,0.055640794
1751976403.11895,-0.011344479,-0.01888935,0.055640794
1751976403.12098,-0.011344479,-0.01888935,0.055640794
1751976403.12297,-0.011344479,-0.01888935,0.055640794
1751976403.12492,-0.011273143,-0.018876549,0.05565206
1751976403.12698,-0.011273143,-0.018876549,0.05565206
1751976403.12898,-0.011273143,-0.018876549,0.05565206
1751976403.13096,-0.011273143,-0.018876549,0.05565206
1751976403.13296,-0.011273143,-0.018876549,0.05565206
1751976403.13496,-0.011273143,-0.018876549,0.05565206
1751976403.13696,-0.011197219,-0.018842339,0.055738129
1751976403.13896,-0.011197219,-0.018842339,0.055738129
1751976403.14095,-0.011197219,-0.018842339,0.055738129
1751976403.14296,-0.011197219,-0.018842339,0.055738129
1751976403.14495,-0.011197219,-0.018842339,0.055738129
1751976403.14697,-0.01113565,-0.018889597,0.055744876
1751976403.14896,-0.01113565,-0.018889597,0.055744876
1751976403.15098,-0.01113565,-0.018889597,0.055744876
1751976403.15296,-0.01113565,-0.018889597,0.055744876
1751976403.15498,-0.01113565,-0.018889597,0.055744876
1751976403.157,-0.011110669,-0.018869656,0.055710217
1751976403.159,-0.011110669,-0.018869656,0.055710217
1751976403.16095,-0.011110669,-0.018869656,0.055710217
1751976403.16292,-0.011110669,-0.018869656,0.055710217
1751976403.16496,-0.011110669,-0.018869656,0.055710217
1751976403.16695,-0.011110669,-0.018869656,0.055710217
1751976403.16895,-0.011022204,-0.018862629,0.055752947
1751976403.17105,-0.011022204,-0.018862629,0.055752947
1751976403.17293,-0.011022204,-0.018862629,0.055752947
1751976403.17495,-0.011022204,-0.018862629,0.055752947
1751976403.17702,-0.011022204,-0.018862629,0.055752947
1751976403.17899,-0.01102567,-0.01886475,0.055784782
1751976403.18096,-0.01102567,-0.01886475,0.055784782
1751976403.1829,-0.01102567,-0.01886475,0.055784782
1751976403.18497,-0.01102567,-0.01886475,0.055784782
1751976403.18695,-0.01102567,-0.01886475,0.055784782
1751976403.18898,-0.01102567,-0.01886475,0.055784782
1751976403.19094,-0.011025437,-0.018849729,0.055803906
1751976403.19295,-0.011025437,-0.018849729,0.055803906
1751976403.19495,-0.011025437,-0.018849729,0.055803906
1751976403.19697,-0.011025437,-0.018849729,0.055803906
1751976403.19895,-0.011025437,-0.018849729,0.055803906
1751976403.20097,-0.011025437,-0.018849729,0.055803906
1751976403.20296,-0.010992303,-0.018880072,0.055822971
1751976403.20502,-0.010992303,-0.018880072,0.055822971
1751976403.20697,-0.010992303,-0.018880072,0.055822971
1751976403.20895,-0.010992303,-0.018880072,0.055822971
1751976403.21096,-0.010992303,-0.018880072,0.055822971
1751976403.21296,-0.010992303,-0.018880072,0.055822971
1751976403.21493,-0.010965205,-0.018860724,0.055861136
1751976403.21695,-0.010965205,-0.018860724,0.055861136
1751976403.21894,-0.010965205,-0.018860724,0.055861136
1751976403.22094,-0.010965205,-0.018860724,0.055861136
1751976403.22295,-0.010965205,-0.018860724,0.055861136
1751976403.22494,-0.010968382,-0.018866859,0.055822937
1751976403.22694,-0.010968382,-0.018866859,0.055822937
1751976403.229,-0.010968382,-0.018866859,0.055822937
1751976403.23095,-0.010968382,-0.018866859,0.055822937
1751976403.23294,-0.010968382,-0.018866859,0.055822937
1751976403.23494,-0.010968382,-0.018866859,0.055822937
1751976403.23696,-0.010990252,-0.018892371,0.055827176
1751976403.23894,-0.010990252,-0.018892371,0.055827176
1751976403.24102,-0.010990252,-0.018892371,0.055827176
1751976403.24302,-0.010990252,-0.018892371,0.055827176
1751976403.24498,-0.010990252,-0.018892371,0.055827176
1751976403.24698,-0.010994173,-0.018890088,0.055806286
1751976403.24898,-0.010994173,-0.018890088,0.055806286
1751976403.25103,-0.010994173,-0.018890088,0.055806286
1751976403.25297,-0.010994173,-0.018890088,0.055806286
1751976403.2549,-0.010994173,-0.018890088,0.055806286
1751976403.25703,-0.010994173,-0.018890088,0.055806286
1751976403.259,-0.011088674,-0.018904957,0.055728519
1751976403.26102,-0.011088674,-0.018904957,0.055728519
1751976403.26299,-0.011088674,-0.018904957,0.055728519
1751976403.26498,-0.011088674,-0.018904957,0.055728519
1751976403.26694,-0.011088674,-0.018904957,0.055728519
1751976403.26896,-0.011088674,-0.018904957,0.055728519
1751976403.27102,-0.011024456,-0.018898661,0.055765367
1751976403.27295,-0.011024456,-0.018898661,0.055765367
1751976403.27497,-0.011024456,-0.018898661,0.055765367
1751976403.27694,-0.011024456,-0.018898661,0.055765367
1751976403.27895,-0.011024456,-0.018898661,0.055765367
1751976403.28094,-0.011024456,-0.018898661,0.055765367
1751976403.28295,-0.010972038,-0.018912777,0.055816599
1751976403.28496,-0.010972038,-0.018912777,0.055816599
1751976403.28696,-0.010972038,-0.018912777,0.055816599
1751976403.28898,-0.010972038,-0.018912777,0.055816599
1751976403.291,-0.010972038,-0.018912777,0.055816599
1751976403.293,-0.010976272,-0.018912754,0.055840232
1751976403.29496,-0.010976272,-0.018912754,0.055840232
1751976403.29693,-0.010976272,-0.018912754,0.055840232
1751976403.29895,-0.010976272,-0.018912754,0.055840232
1751976403.30095,-0.010976272,-0.018912754,0.055840232
1751976403.3029,-0.010976272,-0.018912754,0.055840232
1751976403.30501,-0.011008649,-0.018915313,0.055766199
1751976403.30697,-0.011008649,-0.018915313,0.055766199
1751976403.30896,-0.011008649,-0.018915313,0.055766199
1751976403.31096,-0.011008649,-0.018915313,0.055766199
1751976403.31299,-0.011008649,-0.018915313,0.055766199
1751976403.31494,-0.011094243,-0.018907784,0.055746534
1751976403.31695,-0.011094243,-0.018907784,0.055746534
1751976403.31899,-0.011094243,-0.018907784,0.055746534
1751976403.32096,-0.011094243,-0.018907784,0.055746534
1751976403.32295,-0.011094243,-0.018907784,0.055746534
1751976403.32502,-0.011094243,-0.018907784,0.055746534
1751976403.32702,-0.011031484,-0.018912991,0.0557652
1751976403.32893,-0.011031484,-0.018912991,0.0557652
1751976403.33098,-0.011031484,-0.018912991,0.0557652
1751976403.33298,-0.011031484,-0.018912991,0.0557652
1751976403.33496,-0.011031484,-0.018912991,0.0557652
1751976403.33699,-0.011047469,-0.018901062,0.055749705
1751976403.33897,-0.011047469,-0.018901062,0.055749705
1751976403.34095,-0.011047469,-0.018901062,0.055749705
1751976403.343,-0.011047469,-0.018901062,0.055749705
1751976403.34497,-0.011047469,-0.018901062,0.055749705
1751976403.34694,-0.011036948,-0.018908567,0.055780204
1751976403.34895,-0.011036948,-0.018908567,0.055780204
1751976403.35095,-0.011036948,-0.018908567,0.055780204
1751976403.35294,-0.011036948,-0.018908567,0.055780204
1751976403.35494,-0.011036948,-0.018908567,0.055780204
1751976403.35693,-0.011036948,-0.018908567,0.055780204
1751976403.35894,-0.01101415,-0.018911523,0.05580414
1751976403.36095,-0.01101415,-0.018911523,0.05580414
1751976403.36293,-0.01101415,-0.018911523,0.05580414
1751976403.36494,-0.01101415,-0.018911523,0.05580414
1751976403.36695,-0.01101415,-0.018911523,0.05580414
1751976403.369,-0.011129194,-0.018910165,0.05566456
1751976403.37104,-0.011129194,-0.018910165,0.05566456
1751976403.37305,-0.011129194,-0.018910165,0.05566456
1751976403.37491,-0.011129194,-0.018910165,0.05566456
1751976403.37698,-0.011129194,-0.018910165,0.05566456
1751976403.37897,-0.011144132,-0.01890993,0.055646507
1751976403.381,-0.011144132,-0.01890993,0.055646507
1751976403.38297,-0.011144132,-0.01890993,0.055646507
1751976403.38501,-0.011144132,-0.01890993,0.055646507
1751976403.38696,-0.011144132,-0.01890993,0.055646507
1751976403.38895,-0.011090185,-0.018913015,0.055681389
1751976403.39096,-0.011090185,-0.018913015,0.055681389
1751976403.39297,-0.011090185,-0.018913015,0.055681389
1751976403.39495,-0.011090185,-0.018913015,0.055681389
1751976403.39695,-0.011090185,-0.018913015,0.055681389
1751976403.39897,-0.011090185,-0.018913015,0.055681389
1751976403.40095,-0.01106209,-0.018915313,0.055690177
1751976403.40296,-0.01106209,-0.018915313,0.055690177
1751976403.40494,-0.01106209,-0.018915313,0.055690177
1751976403.40695,-0.01106209,-0.018915313,0.055690177
1751976403.40895,-0.01106209,-0.018915313,0.055690177
1751976403.41095,-0.01106209,-0.018915313,0.055690177
1751976403.41299,-0.011073277,-0.018912616,0.055710837
1751976403.41496,-0.011073277,-0.018912616,0.055710837
1751976403.41698,-0.011073277,-0.018912616,0.055710837
1751976403.41895,-0.011073277,-0.018912616,0.055710837
1751976403.42093,-0.011073277,-0.018912616,0.055710837
1751976403.42294,-0.011147454,-0.018908922,0.055655454
1751976403.42493,-0.011147454,-0.018908922,0.055655454
1751976403.42694,-0.011147454,-0.018908922,0.055655454
1751976403.42893,-0.011147454,-0.018908922,0.055655454
1751976403.43096,-0.011147454,-0.018908922,0.055655454
1751976403.43302,-0.011137994,-0.01890477,0.055725182
1751976403.43494,-0.011137994,-0.01890477,0.055725182
1751976403.43694,-0.011137994,-0.01890477,0.055725182
1751976403.43895,-0.011137994,-0.01890477,0.055725182
1751976403.44094,-0.011137994,-0.01890477,0.055725182
1751976403.44293,-0.011137994,-0.01890477,0.055725182
1751976403.44492,-0.011059795,-0.01895632,0.055766645
1751976403.44693,-0.011059795,-0.01895632,0.055766645
1751976403.44895,-0.011059795,-0.01895632,0.055766645
1751976403.45094,-0.011059795,-0.01895632,0.055766645
1751976403.45295,-0.011059795,-0.01895632,0.055766645
1751976403.45495,-0.011091059,-0.018956491,0.055693992
1751976403.45695,-0.011091059,-0.018956491,0.055693992
1751976403.45896,-0.011091059,-0.018956491,0.055693992
1751976403.46095,-0.011091059,-0.018956491,0.055693992
1751976403.46302,-0.011091059,-0.018956491,0.055693992
1751976403.46495,-0.01110619,-0.018988376,0.055704663
1751976403.46699,-0.01110619,-0.018988376,0.055704663
1751976403.46893,-0.01110619,-0.018988376,0.055704663
1751976403.47093,-0.01110619,-0.018988376,0.055704663
1751976403.47294,-0.01110619,-0.018988376,0.055704663
1751976403.47497,-0.01110619,-0.018988376,0.055704663
1751976403.47694,-0.011205088,-0.019111881,0.05562102
1751976403.47899,-0.011205088,-0.019111881,0.05562102
1751976403.48093,-0.011205088,-0.019111881,0.05562102
1751976403.48293,-0.011205088,-0.019111881,0.05562102
1751976403.48489,-0.011205088,-0.019111881,0.05562102
1751976403.48695,-0.011205088,-0.019111881,0.05562102
1751976403.48893,-0.01114962,-0.019129685,0.05563734
1751976403.49093,-0.01114962,-0.019129685,0.05563734
1751976403.49295,-0.01114962,-0.019129685,0.05563734
1751976403.49496,-0.01114962,-0.019129685,0.05563734
1751976403.49699,-0.01114962,-0.019129685,0.05563734
1751976403.49898,-0.011212793,-0.019162936,0.055582343
1751976403.50102,-0.011212793,-0.019162936,0.055582343
1751976403.50295,-0.011212793,-0.019162936,0.055582343
1751976403.50495,-0.011212793,-0.019162936,0.055582343
1751976403.50697,-0.011212793,-0.019162936,0.055582343
1751976403.50895,-0.011212793,-0.019162936,0.055582343
1751976403.51097,-0.011250475,-0.019165519,0.055526546
1751976403.51297,-0.011250475,-0.019165519,0.055526546
1751976403.51496,-0.011250475,-0.019165519,0.055526546
1751976403.51698,-0.011250475,-0.019165519,0.055526546
1751976403.51892,-0.011250475,-0.019165519,0.055526546
1751976403.52094,-0.011250475,-0.019165519,0.055526546
1751976403.52293,-0.011270348,-0.019194617,0.055508472
1751976403.52495,-0.011270348,-0.019194617,0.055508472
1751976403.52696,-0.011270348,-0.019194617,0.055508472
1751976403.52897,-0.011270348,-0.019194617,0.055508472
1751976403.53092,-0.011270348,-0.019194617,0.055508472
1751976403.53294,-0.011270348,-0.019194617,0.055508472
1751976403.53494,-0.011347529,-0.019198575,0.055449299
1751976403.53693,-0.011347529,-0.019198575,0.055449299
1751976403.53893,-0.011347529,-0.019198575,0.055449299
1751976403.54097,-0.011347529,-0.019198575,0.055449299
1751976403.54298,-0.011347529,-0.019198575,0.055449299
1751976403.54495,-0.011390306,-0.01927105,0.055463066
1751976403.54706,-0.011390306,-0.01927105,0.055463066
1751976403.54896,-0.011390306,-0.01927105,0.055463066
1751976403.55095,-0.011390306,-0.01927105,0.055463066
1751976403.55295,-0.011390306,-0.01927105,0.055463066
1751976403.55495,-0.011398918,-0.019320321,0.055490848
1751976403.55699,-0.011398918,-0.019320321,0.055490848
1751976403.55894,-0.011398918,-0.019320321,0.055490848
1751976403.56104,-0.011398918,-0.019320321,0.055490848
1751976403.563,-0.011398918,-0.019320321,0.055490848
1751976403.56498,-0.011414638,-0.019285885,0.055437984
1751976403.56698,-0.011414638,-0.019285885,0.055437984
1751976403.56896,-0.011414638,-0.019285885,0.055437984
1751976403.57089,-0.011414638,-0.019285885,0.055437984
1751976403.57299,-0.011414638,-0.019285885,0.055437984
1751976403.57495,-0.011414638,-0.019285885,0.055437984
1751976403.57695,-0.01143693,-0.019298735,0.055420068
1751976403.57894,-0.01143693,-0.019298735,0.055420068
1751976403.58089,-0.01143693,-0.019298735,0.055420068
1751976403.58296,-0.01143693,-0.019298735,0.055420068
1751976403.58499,-0.01143693,-0.019298735,0.055420068
1751976403.58699,-0.011344203,-0.019286025,0.055456629
1751976403.58897,-0.011344203,-0.019286025,0.055456629
1751976403.59095,-0.011344203,-0.019286025,0.055456629
1751976403.59297,-0.011344203,-0.019286025,0.055456629
1751976403.59498,-0.011344203,-0.019286025,0.055456629
1751976403.59695,-0.011344203,-0.019286025,0.055456629
1751976403.59895,-0.011377916,-0.019266383,0.055513909
1751976403.601,-0.011377916,-0.019266383,0.055513909
1751976403.60294,-0.011377916,-0.019266383,0.055513909
1751976403.60493,-0.011377916,-0.019266383,0.055513909
1751976403.60699,-0.011377916,-0.019266383,0.055513909
1751976403.60894,-0.011317541,-0.01935141,0.055497469
1751976403.61096,-0.011317541,-0.01935141,0.055497469
1751976403.61296,-0.011317541,-0.01935141,0.055497469
1751976403.61507,-0.011317541,-0.01935141,0.055497469
1751976403.61694,-0.011317541,-0.01935141,0.055497469
1751976403.61894,-0.011317541,-0.01935141,0.055497469
1751976403.62097,-0.01129151,-0.019346558,0.055469876
1751976403.62295,-0.01129151,-0.019346558,0.055469876
1751976403.62499,-0.01129151,-0.019346558,0.055469876
1751976403.62698,-0.01129151,-0.019346558,0.055469876
1751976403.62899,-0.01129151,-0.019346558,0.055469876
1751976403.63098,-0.011298134,-0.019381288,0.055485175
1751976403.63296,-0.011298134,-0.019381288,0.055485175
1751976403.635,-0.011298134,-0.019381288,0.055485175
1751976403.63696,-0.011298134,-0.019381288,0.055485175
1751976403.63894,-0.011298134,-0.019381288,0.055485175
1751976403.64095,-0.011298134,-0.019381288,0.055485175
1751976403.64296,-0.01131397,-0.019320992,0.055472546
1751976403.64498,-0.01131397,-0.019320992,0.055472546
1751976403.64699,-0.01131397,-0.019320992,0.055472546
1751976403.64898,-0.01131397,-0.019320992,0.055472546
1751976403.65097,-0.01131397,-0.019320992,0.055472546
1751976403.65294,-0.01131397,-0.019320992,0.055472546
1751976403.65497,-0.01144234,-0.019290373,0.055429578
1751976403.65694,-0.01144234,-0.019290373,0.055429578
1751976403.65895,-0.01144234,-0.019290373,0.055429578
1751976403.66096,-0.01144234,-0.019290373,0.055429578
1751976403.66297,-0.01144234,-0.019290373,0.055429578
