__time,/psm_joint_telemetry/header/stamp,/psm_joint_telemetry/insertion/effort,/psm_joint_telemetry/insertion/position,/psm_joint_telemetry/insertion/velocity,/psm_joint_telemetry/pitch/effort,/psm_joint_telemetry/pitch/position,/psm_joint_telemetry/pitch/velocity,/psm_joint_telemetry/roll/effort,/psm_joint_telemetry/roll/position,/psm_joint_telemetry/roll/velocity,/psm_joint_telemetry/servo1/effort,/psm_joint_telemetry/servo1/position,/psm_joint_telemetry/servo1/velocity,/psm_joint_telemetry/servo2/effort,/psm_joint_telemetry/servo2/position,/psm_joint_telemetry/servo2/velocity,/psm_joint_telemetry/servo3/effort,/psm_joint_telemetry/servo3/position,/psm_joint_telemetry/servo3/velocity,/psm_joint_telemetry/servo4/effort,/psm_joint_telemetry/servo4/position,/psm_joint_telemetry/servo4/velocity
1751979359.626055,20.222000000,60.605075836,0.030000001,0.000000000,0.416852415,0.119251907,-70.337692261,1.382721901,1.463998795,11.627646446,0.000000000,0.000000000,0.000000000,0.000000000,0.000000000,0.000000000,0.000000000,0.000000000,0.000000000,0.000000000,0.000000000,0.000000000
1751979359.628857,20.225000000,60.605075836,0.030000001,0.000000000,0.416852415,0.105752349,-70.786338806,1.382721901,1.455000043,10.602295876,0.000000000,0.000000000,0.000000000,0.000000000,0.000000000,0.000000000,0.000000000,0.000000000,0.000000000,0.000000000,0.000000000,0.000000000
1751979359.631596,20.228000000,60.605075836,0.030000001,0.000000000,0.416852415,0.092252791,-73.019546509,1.382721901,1.446001291,9.560243607,0.000000000,0.000000000,0.000000000,0.000000000,0.000000000,0.000000000,0.000000000,0.000000000,0.000000000,0.000000000,0.000000000,0.000000000
1751979359.634316,20.231000000,60.568347931,0.030000001,0.000000000,0.383596987,0.092252791,-69.303482056,1.316926956,1.446001291,18.158491135,0.000000000,0.000000000,0.000000000,0.000000000,0.000000000,0.000000000,0.000000000,0.000000000,0.000000000,0.000000000,0.000000000,0.000000000
1751979359.636968,20.233000000,60.568347931,0.030000001,0.000000000,0.383596987,0.078753233,-69.701950073,1.316926956,1.428000927,16.187295914,0.000000000,0.000000000,0.000000000,0.000000000,0.000000000,0.000000000,0.000000000,0.000000000,0.000000000,0.000000000,0.000000000,0.000000000
1751979359.639579,20.236000000,60.568347931,0.030000001,0.000000000,0.383596987,0.065250993,-71.885795593,1.316926956,1.410000563,14.188991547,0.000000000,0.000000000,0.000000000,0.000000000,0.000000000,0.000000000,0.000000000,0.000000000,0.000000000,0.000000000,0.000000000,0.000000000
1751979359.642288,20.239000000,60.568347931,0.030000001,0.000000000,0.383596987,0.065250993,-73.769157410,1.316926956,1.410000563,14.003036499,0.000000000,0.000000000,0.000000000,0.000000000,0.000000000,0.000000000,0.000000000,0.000000000,0.000000000,0.000000000,0.000000000,0.000000000
1751979359.644922,20.241000000,60.568347931,0.030000001,0.000000000,0.383596987,0.065250993,-73.769294739,1.316926956,1.400999069,12.900746346,0.000000000,0.000000000,0.000000000,0.000000000,0.000000000,0.000000000,0.000000000,0.000000000,0.000000000,0.000000000,0.000000000,0.000000000
1751979359.647560,20.244000000,60.568347931,0.030000001,0.000000000,0.383596987,0.065250993,-73.769424438,1.316926956,1.392000318,11.797989845,0.000000000,0.000000000,0.000000000,0.000000000,0.000000000,0.000000000,0.000000000,0.000000000,0.000000000,0.000000000,0.000000000,0.000000000
1751979359.650199,20.247000000,60.568347931,0.030000001,0.000000000,0.383596987,0.065250993,-73.769554138,1.316926956,1.374000072,9.757690430,0.000000000,0.000000000,0.000000000,0.000000000,0.000000000,0.000000000,0.000000000,0.000000000,0.000000000,0.000000000,0.000000000,0.000000000
1751979359.652789,20.249000000,60.577014923,0.030000001,0.000000000,0.364310235,0.065250993,-70.580230713,1.249285698,1.374000072,18.497926712,0.000000000,0.000000000,0.000000000,0.000000000,0.000000000,0.000000000,0.000000000,0.000000000,0.000000000,0.000000000,0.000000000,0.000000000
1751979359.655364,20.252000000,60.577014923,0.030000001,0.000000000,0.364310235,0.065250993,-70.580345154,1.249285698,1.355999708,16.455656052,0.000000000,0.000000000,0.000000000,0.000000000,0.000000000,0.000000000,0.000000000,0.000000000,0.000000000,0.000000000,0.000000000,0.000000000
1751979359.657973,20.254000000,60.577014923,0.030000001,0.000000000,0.364310235,0.038251877,-71.197738647,1.249285698,1.337999344,14.384711266,0.000000000,0.000000000,0.000000000,0.000000000,0.000000000,0.000000000,0.000000000,0.000000000,0.000000000,0.000000000,0.000000000,0.000000000
1751979359.660638,20.257000000,60.563209534,0.030000001,0.000000000,0.322043657,0.051751435,-67.740478516,1.153381467,1.337999344,26.823732376,0.000000000,0.000000000,0.000000000,0.000000000,0.000000000,0.000000000,0.000000000,0.000000000,0.000000000,0.000000000,0.000000000,0.000000000
1751979359.663386,20.260000000,60.563209534,0.030000001,0.000000000,0.322043657,0.038251877,-66.224555969,1.153381467,1.311000347,23.786907196,0.000000000,0.000000000,0.000000000,0.000000000,0.000000000,0.000000000,0.000000000,0.000000000,0.000000000,0.000000000,0.000000000,0.000000000
1751979359.665970,20.262000000,60.563209534,0.030000001,0.000000000,0.322043657,0.024749637,-68.462577820,1.153381467,1.284001112,20.693672180,0.000000000,0.000000000,0.000000000,0.000000000,0.000000000,0.000000000,0.000000000,0.000000000,0.000000000,0.000000000,0.000000000,0.000000000
1751979359.668542,20.265000000,60.576412201,0.030000001,0.000000000,0.293593168,0.024749637,-65.584167480,1.038264394,1.284001112,35.602077484,0.000000000,0.000000000,0.000000000,0.000000000,0.000000000,0.000000000,0.000000000,0.000000000,0.000000000,0.000000000,0.000000000,0.000000000
1751979359.671171,20.268000000,60.576412201,0.030000001,0.000000000,0.293593168,0.024749637,-65.584281921,1.038264394,1.266000867,33.453365326,0.000000000,0.000000000,0.000000000,0.000000000,0.000000000,0.000000000,0.000000000,0.000000000,0.000000000,0.000000000,0.000000000,0.000000000
1751979359.673787,20.270000000,60.576412201,0.030000001,0.000000000,0.293593168,0.011250079,-65.910781860,1.038264394,1.230000257,29.431718826,0.000000000,0.000000000,0.000000000,0.000000000,0.000000000,0.000000000,0.000000000,0.000000000,0.000000000,0.000000000,0.000000000,0.000000000
1751979359.676389,20.273000000,60.576412201,0.030000001,0.000000000,0.293593168,-0.002249479,-68.158996582,1.038264394,1.220998764,28.103641510,0.000000000,0.000000000,0.000000000,0.000000000,0.000000000,0.000000000,0.000000000,0.000000000,0.000000000,0.000000000,0.000000000,0.000000000
1751979359.679081,20.275000000,60.576412201,0.030000001,0.000000000,0.293593168,-0.002249479,-70.050598145,1.038264394,1.211999893,26.790174484,0.000000000,0.000000000,0.000000000,0.000000000,0.000000000,0.000000000,0.000000000,0.000000000,0.000000000,0.000000000,0.000000000,0.000000000
1751979359.681651,20.278000000,60.596916199,0.030000001,0.000000000,0.279719621,-0.002249479,-67.756416321,0.940041006,1.185000896,36.626274109,0.000000000,0.000000000,0.000000000,0.000000000,0.000000000,0.000000000,0.000000000,0.000000000,0.000000000,0.000000000,0.000000000,0.000000000
1751979359.684354,20.281000000,60.596916199,0.030000001,0.000000000,0.279719621,-0.015751719,-68.132064819,0.940041006,1.157999039,33.418258667,0.000000000,0.000000000,0.000000000,0.000000000,0.000000000,0.000000000,0.000000000,0.000000000,0.000000000,0.000000000,0.000000000,0.000000000
1751979359.687038,20.283000000,60.596916199,0.030000001,0.000000000,0.279719621,-0.029251277,-70.403129578,0.940041006,1.139998674,31.094152451,0.000000000,0.000000000,0.000000000,0.000000000,0.000000000,0.000000000,0.000000000,0.000000000,0.000000000,0.000000000,0.000000000,0.000000000
1751979359.689728,20.286000000,60.531082153,0.030000001,0.000000000,0.237559021,-0.029251277,-65.262641907,0.836732686,1.112999678,41.517013550,0.000000000,0.000000000,0.000000000,0.000000000,0.000000000,0.000000000,0.000000000,0.000000000,0.000000000,0.000000000,0.000000000,0.000000000
1751979359.692484,20.289000000,60.531082153,0.030000001,0.000000000,0.237559021,-0.056250393,-66.075019836,0.836732686,1.076998949,37.285335541,0.000000000,0.000000000,0.000000000,0.000000000,0.000000000,0.000000000,0.000000000,0.000000000,0.000000000,0.000000000,0.000000000,0.000000000
1751979359.695202,20.291000000,60.531082153,0.030000001,0.000000000,0.237559021,-0.069752634,-70.148033142,0.836732686,1.049999952,33.934204102,0.000000000,0.000000000,0.000000000,0.000000000,0.000000000,0.000000000,0.000000000,0.000000000,0.000000000,0.000000000,0.000000000,0.000000000
1751979359.697968,20.294000000,60.531082153,0.030000001,0.000000000,0.237559021,-0.069752634,-71.982612610,0.836732686,1.023000717,30.551191330,0.000000000,0.000000000,0.000000000,0.000000000,0.000000000,0.000000000,0.000000000,0.000000000,0.000000000,0.000000000,0.000000000,0.000000000
1751979359.700477,20.297000000,60.531082153,0.030000001,0.000000000,0.237559021,-0.083252192,-72.334579468,0.836732686,1.005000472,28.107791901,0.000000000,0.000000000,0.000000000,0.000000000,0.000000000,0.000000000,0.000000000,0.000000000,0.000000000,0.000000000,0.000000000,0.000000000
1751979359.703082,20.299000000,60.531082153,0.030000001,0.000000000,0.237559021,-0.096751750,-74.549995422,0.836732686,0.977998674,24.752691269,0.000000000,0.000000000,0.000000000,0.000000000,0.000000000,0.000000000,0.000000000,0.000000000,0.000000000,0.000000000,0.000000000,0.000000000
1751979359.705669,20.302000000,60.631099701,0.030000001,0.000000000,0.199967831,-0.083252192,-69.904762268,0.719777822,0.942000747,35.931404114,0.000000000,0.000000000,0.000000000,0.000000000,0.000000000,0.000000000,0.000000000,0.000000000,0.000000000,0.000000000,0.000000000,0.000000000
1751979359.708276,20.305000000,60.631099701,0.030000001,0.000000000,0.199967831,-0.110253990,-68.637413025,0.719777822,0.914998949,32.511692047,0.000000000,0.000000000,0.000000000,0.000000000,0.000000000,0.000000000,0.000000000,0.000000000,0.000000000,0.000000000,0.000000000,0.000000000
1751979359.711026,20.307000000,60.631099701,0.030000001,0.000000000,0.199967831,-0.150752664,-73.504768372,0.719777822,0.897001326,29.992956161,0.000000000,0.000000000,0.000000000,0.000000000,0.000000000,0.000000000,0.000000000,0.000000000,0.000000000,0.000000000,0.000000000,0.000000000
1751979359.713701,20.310000000,60.631099701,0.030000001,0.000000000,0.199967831,-0.123753548,-78.365234375,0.719777822,0.869999528,26.526237488,0.000000000,0.000000000,0.000000000,0.000000000,0.000000000,0.000000000,0.000000000,0.000000000,0.000000000,0.000000000,0.000000000,0.000000000
1751979359.716443,20.313000000,60.619312286,0.030000001,0.000000000,0.134114861,-0.123753548,-63.828548431,0.599735737,0.843000412,38.936222076,0.000000000,0.000000000,0.000000000,0.000000000,0.000000000,0.000000000,0.000000000,0.000000000,0.000000000,0.000000000,0.000000000,0.000000000
1751979359.719185,20.315000000,60.619312286,0.030000001,0.000000000,0.134114861,-0.164254904,-65.127410889,0.599735737,0.798000991,33.563007355,0.000000000,0.000000000,0.000000000,0.000000000,0.000000000,0.000000000,0.000000000,0.000000000,0.000000000,0.000000000,0.000000000,0.000000000
1751979359.721925,20.318000000,60.619312286,0.030000001,0.000000000,0.134114861,-0.218255818,-72.307022095,0.599735737,0.762000382,29.067529678,0.000000000,0.000000000,0.000000000,0.000000000,0.000000000,0.000000000,0.000000000,0.000000000,0.000000000,0.000000000,0.000000000,0.000000000
1751979359.724713,20.321000000,60.619312286,0.030000001,0.000000000,0.134114861,-0.177754462,-78.231811523,0.599735737,0.744000077,26.430019379,0.000000000,0.000000000,0.000000000,0.000000000,0.000000000,0.000000000,0.000000000,0.000000000,0.000000000,0.000000000,0.000000000,0.000000000
1751979359.727579,20.324000000,60.619312286,0.030000001,0.000000000,0.134114861,-0.204756260,-73.828315735,0.599735737,0.725999773,23.792493820,0.000000000,0.000000000,0.000000000,0.000000000,0.000000000,0.000000000,0.000000000,0.000000000,0.000000000,0.000000000,0.000000000,0.000000000
1751979359.730314,20.327000000,60.655612946,0.030000001,0.000000000,0.104062133,-0.204756260,-72.302658081,0.484016716,0.681000352,33.688972473,0.000000000,0.000000000,0.000000000,0.000000000,0.000000000,0.000000000,0.000000000,0.000000000,0.000000000,0.000000000,0.000000000,0.000000000
1751979359.733043,20.329000000,60.655612946,0.030000001,0.000000000,0.104062133,-0.204756260,-72.302787781,0.484016716,0.636000931,28.222225189,0.000000000,0.000000000,0.000000000,0.000000000,0.000000000,0.000000000,0.000000000,0.000000000,0.000000000,0.000000000,0.000000000,0.000000000
1751979359.735743,20.332000000,60.655612946,0.030000001,0.000000000,0.104062133,-0.218255818,-72.758094788,0.484016716,0.608999133,24.579273224,0.000000000,0.000000000,0.000000000,0.000000000,0.000000000,0.000000000,0.000000000,0.000000000,0.000000000,0.000000000,0.000000000,0.000000000
1751979359.738398,20.335000000,60.655612946,0.030000001,0.000000000,0.104062133,-0.231755376,-74.944374084,0.484016716,0.590998828,21.903354645,0.000000000,0.000000000,0.000000000,0.000000000,0.000000000,0.000000000,0.000000000,0.000000000,0.000000000,0.000000000,0.000000000,0.000000000
1751979359.741073,20.337000000,60.703113556,0.030000001,0.000000000,0.058950443,-0.231755376,-69.317550659,0.367028922,0.563999712,33.827117920,0.000000000,0.000000000,0.000000000,0.000000000,0.000000000,0.000000000,0.000000000,0.000000000,0.000000000,0.000000000,0.000000000,0.000000000
1751979359.743687,20.340000000,60.703113556,0.030000001,0.000000000,0.058950443,-0.245254934,-69.666427612,0.367028922,0.509998798,27.474075317,0.000000000,0.000000000,0.000000000,0.000000000,0.000000000,0.000000000,0.000000000,0.000000000,0.000000000,0.000000000,0.000000000,0.000000000
1751979359.746373,20.343000000,60.703113556,0.030000001,0.000000000,0.058950443,-0.272256732,-72.331291199,0.367028922,0.474000871,22.878763199,0.000000000,0.000000000,0.000000000,0.000000000,0.000000000,0.000000000,0.000000000,0.000000000,0.000000000,0.000000000,0.000000000,0.000000000
1751979359.748930,20.345000000,60.796028137,0.030000001,0.000000000,0.022150138,-0.272256732,-69.951004028,0.265904218,0.456000566,33.531131744,0.000000000,0.000000000,0.000000000,0.000000000,0.000000000,0.000000000,0.000000000,0.000000000,0.000000000,0.000000000,0.000000000,0.000000000
1751979359.751535,20.348000000,60.796028137,0.030000001,0.000000000,0.022150138,-0.285756290,-70.290298462,0.265904218,0.419999957,28.978231430,0.000000000,0.000000000,0.000000000,0.000000000,0.000000000,0.000000000,0.000000000,0.000000000,0.000000000,0.000000000,0.000000000,0.000000000
1751979359.754127,20.350000000,60.796028137,0.030000001,0.000000000,0.022150138,-0.312758088,-72.879608154,0.265904218,0.365999043,22.542526245,0.000000000,0.000000000,0.000000000,0.000000000,0.000000000,0.000000000,0.000000000,0.000000000,0.000000000,0.000000000,0.000000000,0.000000000
1751979359.756715,20.353000000,60.796028137,0.030000001,0.000000000,0.022150138,-0.312758088,-76.681945801,0.265904218,0.338999927,18.827659607,0.000000000,0.000000000,0.000000000,0.000000000,0.000000000,0.000000000,0.000000000,0.000000000,0.000000000,0.000000000,0.000000000,0.000000000
1751979359.759295,20.356000000,60.796028137,0.030000001,0.000000000,0.022150138,-0.312758088,-76.682083130,0.265904218,0.312000811,15.127333641,0.000000000,0.000000000,0.000000000,0.000000000,0.000000000,0.000000000,0.000000000,0.000000000,0.000000000,0.000000000,0.000000000,0.000000000
1751979359.762123,20.358000000,60.891769409,0.030000001,0.000000000,-0.015389317,-0.326257646,-70.804519653,0.152473852,0.276000202,25.518890381,0.000000000,0.000000000,0.000000000,0.000000000,0.000000000,0.000000000,0.000000000,0.000000000,0.000000000,0.000000000,0.000000000,0.000000000
1751979359.764696,20.361000000,60.891769409,0.030000001,0.000000000,-0.015389317,-0.353259444,-73.582649231,0.152473852,0.221999288,18.940662384,0.000000000,0.000000000,0.000000000,0.000000000,0.000000000,0.000000000,0.000000000,0.000000000,0.000000000,0.000000000,0.000000000,0.000000000
1751979359.767292,20.364000000,60.891769409,0.030000001,0.000000000,-0.015389317,-0.366759002,-77.542572021,0.152473852,0.195000172,15.173102379,0.000000000,0.000000000,0.000000000,0.000000000,0.000000000,0.000000000,0.000000000,0.000000000,0.000000000,0.000000000,0.000000000,0.000000000
1751979359.769856,20.366000000,61.006366730,0.030000001,0.000000000,-0.077427894,-0.366759002,-69.157897949,0.024618786,0.185998678,30.211694717,0.000000000,0.000000000,0.000000000,0.000000000,0.000000000,0.000000000,0.000000000,0.000000000,0.000000000,0.000000000,0.000000000,0.000000000
1751979359.772427,20.369000000,61.006366730,0.030000001,0.000000000,-0.077427894,-0.393760800,-69.787300110,0.024618786,0.114000142,21.910156250,0.000000000,0.000000000,0.000000000,0.000000000,0.000000000,0.000000000,0.000000000,0.000000000,0.000000000,0.000000000,0.000000000,0.000000000
1751979359.775006,20.371000000,61.006366730,0.030000001,0.000000000,-0.077427894,-0.434262156,-74.616470337,0.024618786,0.059999228,15.329414368,0.000000000,0.000000000,0.000000000,0.000000000,0.000000000,0.000000000,0.000000000,0.000000000,0.000000000,0.000000000,0.000000000,0.000000000
1751979359.777584,20.374000000,61.006366730,0.030000001,0.000000000,-0.077427894,-0.434262156,-80.383895874,0.024618786,0.051000416,13.336816788,0.000000000,0.000000000,0.000000000,0.000000000,0.000000000,0.000000000,0.000000000,0.000000000,0.000000000,0.000000000,0.000000000,0.000000000
1751979359.780229,20.377000000,61.006366730,0.030000001,0.000000000,-0.077427894,-0.434262156,-80.384040833,0.024618786,0.024001300,9.565270424,0.000000000,0.000000000,0.000000000,0.000000000,0.000000000,0.000000000,0.000000000,0.000000000,0.000000000,0.000000000,0.000000000,0.000000000
1751979359.782803,20.379000000,61.006366730,0.030000001,0.000000000,-0.077427894,-0.447761714,-80.741622925,0.024618786,-0.021000803,3.941338778,0.000000000,0.000000000,0.000000000,0.000000000,0.000000000,0.000000000,0.000000000,0.000000000,0.000000000,0.000000000,0.000000000,0.000000000
1751979359.785371,20.382000000,61.006366730,0.030000001,0.000000000,-0.077427894,-0.461261272,-82.964866638,0.024618786,-0.056998730,-0.763913631,0.000000000,0.000000000,0.000000000,0.000000000,0.000000000,0.000000000,0.000000000,0.000000000,0.000000000,0.000000000,0.000000000,0.000000000
1751979359.788007,20.384000000,61.141849518,0.030000001,0.000000000,-0.123661578,-0.474760830,-77.547096252,-0.071980856,-0.084000528,8.236612320,0.000000000,0.000000000,0.000000000,0.000000000,0.000000000,0.000000000,0.000000000,0.000000000,0.000000000,0.000000000,0.000000000,0.000000000
1751979359.790602,20.387000000,61.141849518,0.030000001,0.000000000,-0.123661578,-0.474760830,-79.456207275,-0.071980856,-0.120001137,3.538798809,0.000000000,0.000000000,0.000000000,0.000000000,0.000000000,0.000000000,0.000000000,0.000000000,0.000000000,0.000000000,0.000000000,0.000000000
1751979359.793205,20.390000000,61.141849518,0.030000001,0.000000000,-0.123661578,-0.488263071,-79.796157837,-0.071980856,-0.165000558,-2.087438345,0.000000000,0.000000000,0.000000000,0.000000000,0.000000000,0.000000000,0.000000000,0.000000000,0.000000000,0.000000000,0.000000000,0.000000000
1751979359.796017,20.392000000,61.182262421,0.030000001,0.000000000,-0.163756922,-0.501762629,-75.431678772,-0.221066654,-0.183000863,14.761778831,0.000000000,0.000000000,0.000000000,0.000000000,0.000000000,0.000000000,0.000000000,0.000000000,0.000000000,0.000000000,0.000000000,0.000000000
1751979359.798718,20.395000000,61.182262421,0.030000001,0.000000000,-0.163756922,-0.528764427,-78.262680054,-0.221066654,-0.218998790,10.002799034,0.000000000,0.000000000,0.000000000,0.000000000,0.000000000,0.000000000,0.000000000,0.000000000,0.000000000,0.000000000,0.000000000,0.000000000
1751979359.801361,20.398000000,61.182262421,0.030000001,0.000000000,-0.163756922,-0.542263985,-82.195861816,-0.221066654,-0.264000893,4.352480412,0.000000000,0.000000000,0.000000000,0.000000000,0.000000000,0.000000000,0.000000000,0.000000000,0.000000000,0.000000000,0.000000000,0.000000000
1751979359.804027,20.400000000,61.182262421,0.030000001,0.000000000,-0.163756922,-0.542263985,-84.041709900,-0.221066654,-0.291000009,0.559538126,0.000000000,0.000000000,0.000000000,0.000000000,0.000000000,0.000000000,0.000000000,0.000000000,0.000000000,0.000000000,0.000000000,0.000000000
1751979359.806634,20.403000000,61.182262421,0.030000001,0.000000000,-0.163756922,-0.542263985,-84.041870117,-0.221066654,-0.317999125,-3.222394466,0.000000000,0.000000000,0.000000000,0.000000000,0.000000000,0.000000000,0.000000000,0.000000000,0.000000000,0.000000000,0.000000000,0.000000000
1751979359.809187,20.406000000,61.182262421,0.030000001,0.000000000,-0.163756922,-0.542263985,-84.042022705,-0.221066654,-0.363001227,-8.801616669,0.000000000,0.000000000,0.000000000,0.000000000,0.000000000,0.000000000,0.000000000,0.000000000,0.000000000,0.000000000,0.000000000,0.000000000
1751979359.811886,20.408000000,61.244377136,0.030000001,0.000000000,-0.209010780,-0.542263985,-76.533988953,-0.358712584,-0.398999155,4.724468231,0.000000000,0.000000000,0.000000000,0.000000000,0.000000000,0.000000000,0.000000000,0.000000000,0.000000000,0.000000000,0.000000000,0.000000000
1751979359.814436,20.411000000,61.244377136,0.030000001,0.000000000,-0.209010780,-0.569263101,-77.309761047,-0.358712584,-0.426000953,0.917703211,0.000000000,0.000000000,0.000000000,0.000000000,0.000000000,0.000000000,0.000000000,0.000000000,0.000000000,0.000000000,0.000000000,0.000000000
1751979359.817042,20.413000000,61.244377136,0.030000001,0.000000000,-0.209010780,-0.596264899,-81.664161682,-0.358712584,-0.461998880,-3.759956121,0.000000000,0.000000000,0.000000000,0.000000000,0.000000000,0.000000000,0.000000000,0.000000000,0.000000000,0.000000000,0.000000000,0.000000000
1751979359.819593,20.416000000,61.354602814,0.030000001,0.000000000,-0.264770597,-0.582765341,-75.946281433,-0.434284002,-0.497999489,1.563543439,0.000000000,0.000000000,0.000000000,0.000000000,0.000000000,0.000000000,0.000000000,0.000000000,0.000000000,0.000000000,0.000000000,0.000000000
1751979359.822198,20.419000000,61.354602814,0.030000001,0.000000000,-0.264770597,-0.596264899,-74.352310181,-0.434284002,-0.534000099,-3.135188103,0.000000000,0.000000000,0.000000000,0.000000000,0.000000000,0.000000000,0.000000000,0.000000000,0.000000000,0.000000000,0.000000000,0.000000000
1751979359.824883,20.421000000,61.354602814,0.030000001,0.000000000,-0.264770597,-0.609764457,-76.625999451,-0.434284002,-0.570000708,-7.855208874,0.000000000,0.000000000,0.000000000,0.000000000,0.000000000,0.000000000,0.000000000,0.000000000,0.000000000,0.000000000,0.000000000,0.000000000
1751979359.827461,20.424000000,61.439594269,0.030000001,0.000000000,-0.299644560,-0.609764457,-72.731407166,-0.524315476,-0.606001318,-0.673696935,0.000000000,0.000000000,0.000000000,0.000000000,0.000000000,0.000000000,0.000000000,0.000000000,0.000000000,0.000000000,0.000000000,0.000000000
1751979359.830052,20.426000000,61.439594269,0.030000001,0.000000000,-0.299644560,-0.609764457,-72.731529236,-0.524315476,-0.641999245,-5.378664970,0.000000000,0.000000000,0.000000000,0.000000000,0.000000000,0.000000000,0.000000000,0.000000000,0.000000000,0.000000000,0.000000000,0.000000000
1751979359.832612,20.429000000,61.439594269,0.030000001,0.000000000,-0.299644560,-0.636766255,-73.374069214,-0.524315476,-0.686998665,-11.016954422,0.000000000,0.000000000,0.000000000,0.000000000,0.000000000,0.000000000,0.000000000,0.000000000,0.000000000,0.000000000,0.000000000,0.000000000
1751979359.835218,20.432000000,61.439594269,0.030000001,0.000000000,-0.299644560,-0.650265813,-77.562530518,-0.524315476,-0.714000463,-14.846355438,0.000000000,0.000000000,0.000000000,0.000000000,0.000000000,0.000000000,0.000000000,0.000000000,0.000000000,0.000000000,0.000000000,0.000000000
1751979359.837792,20.434000000,61.439594269,0.030000001,0.000000000,-0.299644560,-0.650265813,-79.476806641,-0.524315476,-0.750001073,-19.576309204,0.000000000,0.000000000,0.000000000,0.000000000,0.000000000,0.000000000,0.000000000,0.000000000,0.000000000,0.000000000,0.000000000,0.000000000
1751979359.840399,20.437000000,61.439594269,0.030000001,0.000000000,-0.299644560,-0.650265813,-79.476943970,-0.524315476,-0.785999000,-24.306873322,0.000000000,0.000000000,0.000000000,0.000000000,0.000000000,0.000000000,0.000000000,0.000000000,0.000000000,0.000000000,0.000000000,0.000000000
1751979359.843062,20.439000000,61.610080719,0.030000001,0.000000000,-0.330475390,-0.677267611,-75.064231873,-0.607170224,-0.821999609,-18.074380875,0.000000000,0.000000000,0.000000000,0.000000000,0.000000000,0.000000000,0.000000000,0.000000000,0.000000000,0.000000000,0.000000000,0.000000000
1751979359.845688,20.442000000,61.610080719,0.030000001,0.000000000,-0.330475390,-0.690767169,-79.236213684,-0.607170224,-0.866999030,-23.768362045,0.000000000,0.000000000,0.000000000,0.000000000,0.000000000,0.000000000,0.000000000,0.000000000,0.000000000,0.000000000,0.000000000,0.000000000
1751979359.848262,20.445000000,61.610080719,0.030000001,0.000000000,-0.330475390,-0.717768967,-81.791725159,-0.607170224,-0.902999640,-28.540388107,0.000000000,0.000000000,0.000000000,0.000000000,0.000000000,0.000000000,0.000000000,0.000000000,0.000000000,0.000000000,0.000000000,0.000000000
1751979359.850851,20.447000000,61.796676636,0.030000001,0.000000000,-0.392908812,-0.717768967,-75.236343384,-0.725051939,-0.920999944,-15.828932762,0.000000000,0.000000000,0.000000000,0.000000000,0.000000000,0.000000000,0.000000000,0.000000000,0.000000000,0.000000000,0.000000000,0.000000000
1751979359.853482,20.450000000,61.796676636,0.030000001,0.000000000,-0.392908812,-0.731268525,-75.587905884,-0.725051939,-0.965999365,-21.476173401,0.000000000,0.000000000,0.000000000,0.000000000,0.000000000,0.000000000,0.000000000,0.000000000,0.000000000,0.000000000,0.000000000,0.000000000
1751979359.856086,20.452000000,61.796676636,0.030000001,0.000000000,-0.392908812,-0.744768083,-77.840019226,-0.725051939,-1.001999974,-26.230875015,0.000000000,0.000000000,0.000000000,0.000000000,0.000000000,0.000000000,0.000000000,0.000000000,0.000000000,0.000000000,0.000000000,0.000000000
1751979359.858651,20.455000000,61.796676636,0.030000001,0.000000000,-0.392908812,-0.744768083,-79.735984802,-0.725051939,-1.028999090,-30.051208496,0.000000000,0.000000000,0.000000000,0.000000000,0.000000000,0.000000000,0.000000000,0.000000000,0.000000000,0.000000000,0.000000000,0.000000000
1751979359.861275,20.458000000,61.796676636,0.030000001,0.000000000,-0.392908812,-0.758267641,-80.064743042,-0.725051939,-1.056000948,-33.847167969,0.000000000,0.000000000,0.000000000,0.000000000,0.000000000,0.000000000,0.000000000,0.000000000,0.000000000,0.000000000,0.000000000,0.000000000
1751979359.863899,20.460000000,61.796676636,0.030000001,0.000000000,-0.392908812,-0.758267641,-81.986450195,-0.725051939,-1.091998816,-38.558105469,0.000000000,0.000000000,0.000000000,0.000000000,0.000000000,0.000000000,0.000000000,0.000000000,0.000000000,0.000000000,0.000000000,0.000000000
1751979359.866477,20.463000000,61.796676636,0.030000001,0.000000000,-0.392908812,-0.758267641,-81.986595154,-0.725051939,-1.109999180,-41.421512604,0.000000000,0.000000000,0.000000000,0.000000000,0.000000000,0.000000000,0.000000000,0.000000000,0.000000000,0.000000000,0.000000000,0.000000000
1751979359.869060,20.465000000,62.033721924,0.030000001,0.000000000,-0.461817861,-0.758267641,-70.538970947,-0.857069194,-1.109999180,-24.878511429,0.000000000,0.000000000,0.000000000,0.000000000,0.000000000,0.000000000,0.000000000,0.000000000,0.000000000,0.000000000,0.000000000,0.000000000
1751979359.871623,20.468000000,62.033721924,0.030000001,0.000000000,-0.461817861,-0.785269439,-71.194122314,-0.857069194,-1.145999670,-29.438978195,0.000000000,0.000000000,0.000000000,0.000000000,0.000000000,0.000000000,0.000000000,0.000000000,0.000000000,0.000000000,0.000000000,0.000000000
1751979359.874259,20.471000000,62.033721924,0.030000001,0.000000000,-0.461817861,-0.839270353,-76.359558105,-0.857069194,-1.190999150,-34.949214935,0.000000000,0.000000000,0.000000000,0.000000000,0.000000000,0.000000000,0.000000000,0.000000000,0.000000000,0.000000000,0.000000000,0.000000000
1751979359.876848,20.473000000,62.164306641,0.030000001,0.000000000,-0.519708753,-0.852772593,-74.756759644,-0.980452597,-1.172998905,-17.673013687,0.000000000,0.000000000,0.000000000,0.000000000,0.000000000,0.000000000,0.000000000,0.000000000,0.000000000,0.000000000,0.000000000,0.000000000
1751979359.879491,20.476000000,62.164306641,0.030000001,0.000000000,-0.519708753,-0.852772593,-76.672889709,-0.980452597,-1.218000889,-23.090377808,0.000000000,0.000000000,0.000000000,0.000000000,0.000000000,0.000000000,0.000000000,0.000000000,0.000000000,0.000000000,0.000000000,0.000000000
1751979359.882025,20.478000000,62.299579620,0.030000001,0.000000000,-0.585761786,-0.879771709,-66.365051270,-1.077452779,-1.281000614,-17.534034729,0.000000000,0.000000000,0.000000000,0.000000000,0.000000000,0.000000000,0.000000000,0.000000000,0.000000000,0.000000000,0.000000000,0.000000000
1751979359.884630,20.481000000,62.299579620,0.030000001,0.000000000,-0.585761786,-0.920273066,-71.205070496,-1.077452779,-1.299000978,-20.332969666,0.000000000,0.000000000,0.000000000,0.000000000,0.000000000,0.000000000,0.000000000,0.000000000,0.000000000,0.000000000,0.000000000,0.000000000
1751979359.887280,20.484000000,62.299579620,0.030000001,0.000000000,-0.585761786,-0.906773508,-76.605041504,-1.077452779,-1.299000978,-21.237203598,0.000000000,0.000000000,0.000000000,0.000000000,0.000000000,0.000000000,0.000000000,0.000000000,0.000000000,0.000000000,0.000000000,0.000000000
1751979359.889872,20.486000000,62.299579620,0.030000001,0.000000000,-0.585761786,-0.906773508,-74.698410034,-1.077452779,-1.326000094,-24.846921921,0.000000000,0.000000000,0.000000000,0.000000000,0.000000000,0.000000000,0.000000000,0.000000000,0.000000000,0.000000000,0.000000000,0.000000000
1751979359.892454,20.489000000,62.299579620,0.030000001,0.000000000,-0.585761786,-0.920273066,-75.038551331,-1.077452779,-1.362000704,-29.358024597,0.000000000,0.000000000,0.000000000,0.000000000,0.000000000,0.000000000,0.000000000,0.000000000,0.000000000,0.000000000,0.000000000,0.000000000
1751979359.895152,20.491000000,62.299579620,0.030000001,0.000000000,-0.585761786,-0.933772624,-77.314308167,-1.077452779,-1.362000704,-30.199279785,0.000000000,0.000000000,0.000000000,0.000000000,0.000000000,0.000000000,0.000000000,0.000000000,0.000000000,0.000000000,0.000000000,0.000000000
1751979359.898068,20.494000000,62.512416840,0.030000001,0.000000000,-0.636596978,-0.933772624,-70.748954773,-1.174309015,-1.380001068,-19.984699249,0.000000000,0.000000000,0.000000000,0.000000000,0.000000000,0.000000000,0.000000000,0.000000000,0.000000000,0.000000000,0.000000000,0.000000000
1751979359.900604,20.497000000,62.512416840,0.030000001,0.000000000,-0.636596978,-0.947274864,-71.212097168,-1.174309015,-1.433999300,-26.364377975,0.000000000,0.000000000,0.000000000,0.000000000,0.000000000,0.000000000,0.000000000,0.000000000,0.000000000,0.000000000,0.000000000,0.000000000
1751979359.903195,20.500000000,62.512416840,0.030000001,0.000000000,-0.636596978,-0.987773538,-73.997322083,-1.174309015,-1.451999545,-29.024559021,0.000000000,0.000000000,0.000000000,0.000000000,0.000000000,0.000000000,0.000000000,0.000000000,0.000000000,0.000000000,0.000000000,0.000000000
1751979359.905777,20.502000000,62.512416840,0.030000001,0.000000000,-0.636596978,-0.974273980,-79.415054321,-1.174309015,-1.451999545,-29.805459976,0.000000000,0.000000000,0.000000000,0.000000000,0.000000000,0.000000000,0.000000000,0.000000000,0.000000000,0.000000000,0.000000000,0.000000000
1751979359.908468,20.505000000,62.678916931,0.030000001,0.000000000,-0.676146984,-0.987773538,-71.290527344,-1.274651408,-1.478998661,-19.976772308,0.000000000,0.000000000,0.000000000,0.000000000,0.000000000,0.000000000,0.000000000,0.000000000,0.000000000,0.000000000,0.000000000,0.000000000
1751979359.911191,20.507000000,62.678916931,0.030000001,0.000000000,-0.676146984,-0.987773538,-73.180694580,-1.274651408,-1.524000764,-25.348323822,0.000000000,0.000000000,0.000000000,0.000000000,0.000000000,0.000000000,0.000000000,0.000000000,0.000000000,0.000000000,0.000000000,0.000000000
1751979359.913874,20.510000000,62.806861877,0.030000001,0.000000000,-0.735608637,-1.041777134,-65.030578613,-1.367856622,-1.559998751,-17.506677628,0.000000000,0.000000000,0.000000000,0.000000000,0.000000000,0.000000000,0.000000000,0.000000000,0.000000000,0.000000000,0.000000000,0.000000000
1751979359.916450,20.513000000,62.806861877,0.030000001,0.000000000,-0.735608637,-1.082275867,-73.454162598,-1.367856622,-1.569000244,-19.241050720,0.000000000,0.000000000,0.000000000,0.000000000,0.000000000,0.000000000,0.000000000,0.000000000,0.000000000,0.000000000,0.000000000,0.000000000
1751979359.919027,20.515000000,62.806861877,0.030000001,0.000000000,-0.735608637,-1.055276632,-78.380989075,-1.367856622,-1.605000734,-23.678060532,0.000000000,0.000000000,0.000000000,0.000000000,0.000000000,0.000000000,0.000000000,0.000000000,0.000000000,0.000000000,0.000000000,0.000000000
1751979359.921642,20.518000000,62.806861877,0.030000001,0.000000000,-0.735608637,-1.055276632,-74.554321289,-1.367856622,-1.623001099,-26.308767319,0.000000000,0.000000000,0.000000000,0.000000000,0.000000000,0.000000000,0.000000000,0.000000000,0.000000000,0.000000000,0.000000000,0.000000000
1751979359.924220,20.521000000,62.806861877,0.030000001,0.000000000,-0.735608637,-1.068776250,-74.891273499,-1.367856622,-1.640998721,-28.912113190,0.000000000,0.000000000,0.000000000,0.000000000,0.000000000,0.000000000,0.000000000,0.000000000,0.000000000,0.000000000,0.000000000,0.000000000
1751979359.926802,20.523000000,62.806861877,0.030000001,0.000000000,-0.735608637,-1.082275867,-77.146446228,-1.367856622,-1.668000460,-32.418247223,0.000000000,0.000000000,0.000000000,0.000000000,0.000000000,0.000000000,0.000000000,0.000000000,0.000000000,0.000000000,0.000000000,0.000000000
1751979359.929579,20.526000000,62.806861877,0.030000001,0.000000000,-0.735608637,-1.068776250,-78.663345337,-1.367856622,-1.686000824,-35.022907257,0.000000000,0.000000000,0.000000000,0.000000000,0.000000000,0.000000000,0.000000000,0.000000000,0.000000000,0.000000000,0.000000000,0.000000000
1751979359.932185,20.529000000,63.025539398,0.030000001,0.000000000,-0.781610906,-1.068776250,-69.152221680,-1.495464563,-1.712999940,-21.602128983,0.000000000,0.000000000,0.000000000,0.000000000,0.000000000,0.000000000,0.000000000,0.000000000,0.000000000,0.000000000,0.000000000,0.000000000
1751979359.934797,20.531000000,63.025539398,0.030000001,0.000000000,-0.781610906,-1.095777988,-69.853881836,-1.495464563,-1.731000185,-24.182783127,0.000000000,0.000000000,0.000000000,0.000000000,0.000000000,0.000000000,0.000000000,0.000000000,0.000000000,0.000000000,0.000000000,0.000000000
1751979359.937468,20.534000000,63.025539398,0.030000001,0.000000000,-0.781610906,-1.109277606,-74.003074646,-1.495464563,-1.767000914,-28.587438583,0.000000000,0.000000000,0.000000000,0.000000000,0.000000000,0.000000000,0.000000000,0.000000000,0.000000000,0.000000000,0.000000000,0.000000000
1751979359.940144,20.537000000,63.125320435,0.030000001,0.000000000,-0.820883691,-1.109277606,-69.377021790,-1.588776350,-1.785001159,-18.815549850,0.000000000,0.000000000,0.000000000,0.000000000,0.000000000,0.000000000,0.000000000,0.000000000,0.000000000,0.000000000,0.000000000,0.000000000
1751979359.942793,20.539000000,63.125320435,0.030000001,0.000000000,-0.820883691,-1.136279345,-70.164154053,-1.588776350,-1.802998781,-21.403455734,0.000000000,0.000000000,0.000000000,0.000000000,0.000000000,0.000000000,0.000000000,0.000000000,0.000000000,0.000000000,0.000000000,0.000000000
1751979359.945449,20.542000000,63.125320435,0.030000001,0.000000000,-0.820883691,-1.176780701,-75.038124084,-1.588776350,-1.838999391,-25.829353333,0.000000000,0.000000000,0.000000000,0.000000000,0.000000000,0.000000000,0.000000000,0.000000000,0.000000000,0.000000000,0.000000000,0.000000000
1751979359.948106,20.544000000,63.308376312,0.030000001,0.000000000,-0.857616186,-1.163278580,-74.156578064,-1.656217813,-1.856999636,-19.467918396,0.000000000,0.000000000,0.000000000,0.000000000,0.000000000,0.000000000,0.000000000,0.000000000,0.000000000,0.000000000,0.000000000,0.000000000
1751979359.950683,20.547000000,63.308376312,0.030000001,0.000000000,-0.857616186,-1.176780701,-72.667213440,-1.656217813,-1.875000000,-22.048309326,0.000000000,0.000000000,0.000000000,0.000000000,0.000000000,0.000000000,0.000000000,0.000000000,0.000000000,0.000000000,0.000000000,0.000000000
1751979359.953269,20.550000000,63.308376312,0.030000001,0.000000000,-0.857616186,-1.203779936,-75.204025269,-1.656217813,-1.901999116,-25.518255234,0.000000000,0.000000000,0.000000000,0.000000000,0.000000000,0.000000000,0.000000000,0.000000000,0.000000000,0.000000000,0.000000000,0.000000000
1751979359.955874,20.552000000,63.308376312,0.030000001,0.000000000,-0.857616186,-1.203779936,-79.047286987,-1.656217813,-1.919999361,-28.077121735,0.000000000,0.000000000,0.000000000,0.000000000,0.000000000,0.000000000,0.000000000,0.000000000,0.000000000,0.000000000,0.000000000,0.000000000
1751979359.958495,20.555000000,63.308376312,0.030000001,0.000000000,-0.857616186,-1.203779936,-79.047431946,-1.656217813,-1.929000854,-29.700462341,0.000000000,0.000000000,0.000000000,0.000000000,0.000000000,0.000000000,0.000000000,0.000000000,0.000000000,0.000000000,0.000000000,0.000000000
1751979359.961171,20.557000000,63.308376312,0.030000001,0.000000000,-0.857616186,-1.217279434,-79.409484863,-1.656217813,-1.947001219,-32.207065582,0.000000000,0.000000000,0.000000000,0.000000000,0.000000000,0.000000000,0.000000000,0.000000000,0.000000000,0.000000000,0.000000000,0.000000000
1751979359.963846,20.560000000,63.433135986,0.030000001,0.000000000,-0.893853009,-1.203779936,-74.842971802,-1.747150064,-1.964998841,-22.638107300,0.000000000,0.000000000,0.000000000,0.000000000,0.000000000,0.000000000,0.000000000,0.000000000,0.000000000,0.000000000,0.000000000,0.000000000
1751979359.966434,20.563000000,63.433135986,0.030000001,0.000000000,-0.893853009,-1.230781674,-73.736457825,-1.747150064,-1.992000580,-26.048463821,0.000000000,0.000000000,0.000000000,0.000000000,0.000000000,0.000000000,0.000000000,0.000000000,0.000000000,0.000000000,0.000000000,0.000000000
1751979359.969049,20.565000000,63.433135986,0.030000001,0.000000000,-0.893853009,-1.244281292,-77.887145996,-1.747150064,-1.992000580,-26.697795868,0.000000000,0.000000000,0.000000000,0.000000000,0.000000000,0.000000000,0.000000000,0.000000000,0.000000000,0.000000000,0.000000000,0.000000000
1751979359.971657,20.568000000,63.539066315,0.030000001,0.000000000,-0.920022190,-1.244281292,-75.420776367,-1.816746950,-2.000999451,-18.960029602,0.000000000,0.000000000,0.000000000,0.000000000,0.000000000,0.000000000,0.000000000,0.000000000,0.000000000,0.000000000,0.000000000,0.000000000
1751979359.974276,20.571000000,63.539066315,0.030000001,0.000000000,-0.920022190,-1.298282146,-76.874702454,-1.816746950,-2.037000179,-23.221691132,0.000000000,0.000000000,0.000000000,0.000000000,0.000000000,0.000000000,0.000000000,0.000000000,0.000000000,0.000000000,0.000000000,0.000000000
1751979359.976886,20.573000000,63.539066315,0.030000001,0.000000000,-0.920022190,-1.325284004,-85.189048767,-1.816746950,-2.055000305,-25.682487488,0.000000000,0.000000000,0.000000000,0.000000000,0.000000000,0.000000000,0.000000000,0.000000000,0.000000000,0.000000000,0.000000000,0.000000000
1751979359.979532,20.576000000,63.539066315,0.030000001,0.000000000,-0.920022190,-1.298282146,-88.226142883,-1.816746950,-2.045998812,-25.350023270,0.000000000,0.000000000,0.000000000,0.000000000,0.000000000,0.000000000,0.000000000,0.000000000,0.000000000,0.000000000,0.000000000,0.000000000
1751979359.982122,20.579000000,63.539066315,0.030000001,0.000000000,-0.920022190,-1.311781645,-84.810142517,-1.816746950,-2.045998812,-25.862321854,0.000000000,0.000000000,0.000000000,0.000000000,0.000000000,0.000000000,0.000000000,0.000000000,0.000000000,0.000000000,0.000000000,0.000000000
1751979359.984777,20.581000000,63.539066315,0.030000001,0.000000000,-0.920022190,-1.311781645,-86.708297729,-1.816746950,-2.063999176,-28.175807953,0.000000000,0.000000000,0.000000000,0.000000000,0.000000000,0.000000000,0.000000000,0.000000000,0.000000000,0.000000000,0.000000000,0.000000000
1751979359.987500,20.584000000,63.711090088,0.030000001,0.000000000,-0.965067863,-1.311781645,-79.200149536,-1.921902776,-2.055000305,-13.738938332,0.000000000,0.000000000,0.000000000,0.000000000,0.000000000,0.000000000,0.000000000,0.000000000,0.000000000,0.000000000,0.000000000,0.000000000
1751979359.990179,20.587000000,63.711090088,0.030000001,0.000000000,-0.965067863,-1.311781645,-79.200302124,-1.921902776,-2.081999540,-16.943222046,0.000000000,0.000000000,0.000000000,0.000000000,0.000000000,0.000000000,0.000000000,0.000000000,0.000000000,0.000000000,0.000000000,0.000000000
1751979359.992810,20.589000000,63.711090088,0.030000001,0.000000000,-0.965067863,-1.311781645,-79.200447083,-1.921902776,-2.109001160,-20.162839890,0.000000000,0.000000000,0.000000000,0.000000000,0.000000000,0.000000000,0.000000000,0.000000000,0.000000000,0.000000000,0.000000000,0.000000000
1751979359.995466,20.592000000,63.766754150,0.030000001,0.000000000,-0.977756977,-1.311781645,-77.085540771,-2.000513077,-2.099999905,-9.257108688,0.000000000,0.000000000,0.000000000,0.000000000,0.000000000,0.000000000,0.000000000,0.000000000,0.000000000,0.000000000,0.000000000,0.000000000
1751979359.998014,20.594000000,63.766754150,0.030000001,0.000000000,-0.977756977,-1.325284004,-77.429931641,-2.000513077,-2.099999905,-9.654124260,0.000000000,0.000000000,0.000000000,0.000000000,0.000000000,0.000000000,0.000000000,0.000000000,0.000000000,0.000000000,0.000000000,0.000000000
1751979360.000631,20.597000000,63.766754150,0.030000001,0.000000000,-0.977756977,-1.338783503,-79.675773621,-2.000513077,-2.118000031,-11.854867935,0.000000000,0.000000000,0.000000000,0.000000000,0.000000000,0.000000000,0.000000000,0.000000000,0.000000000,0.000000000,0.000000000,0.000000000
1751979360.003247,20.600000000,63.953887939,0.030000001,0.000000000,-1.019092679,-1.365785360,-75.443870544,-2.090732574,-2.126998901,-1.169132471,0.000000000,0.000000000,0.000000000,0.000000000,0.000000000,0.000000000,0.000000000,0.000000000,0.000000000,0.000000000,0.000000000,0.000000000
1751979360.005843,20.602000000,63.953887939,0.030000001,0.000000000,-1.019092679,-1.365785360,-79.227363586,-2.090732574,-2.126998901,-1.534175873,0.000000000,0.000000000,0.000000000,0.000000000,0.000000000,0.000000000,0.000000000,0.000000000,0.000000000,0.000000000,0.000000000,0.000000000
1751979360.008438,20.605000000,63.953887939,0.030000001,0.000000000,-1.019092679,-1.365785360,-79.227508545,-2.090732574,-2.144999266,-3.711637497,0.000000000,0.000000000,0.000000000,0.000000000,0.000000000,0.000000000,0.000000000,0.000000000,0.000000000,0.000000000,0.000000000,0.000000000
1751979360.011055,20.607000000,63.953887939,0.030000001,0.000000000,-1.019092679,-1.365785360,-79.227653503,-2.090732574,-2.154000759,-4.985791206,0.000000000,0.000000000,0.000000000,0.000000000,0.000000000,0.000000000,0.000000000,0.000000000,0.000000000,0.000000000,0.000000000,0.000000000
1751979360.013687,20.610000000,63.953887939,0.030000001,0.000000000,-1.019092679,-1.379284859,-79.588989258,-2.090732574,-2.154000759,-5.328628540,0.000000000,0.000000000,0.000000000,0.000000000,0.000000000,0.000000000,0.000000000,0.000000000,0.000000000,0.000000000,0.000000000,0.000000000
1751979360.016263,20.613000000,63.953887939,0.030000001,0.000000000,-1.019092679,-1.379284859,-81.486412048,-2.090732574,-2.162999630,-6.561927319,0.000000000,0.000000000,0.000000000,0.000000000,0.000000000,0.000000000,0.000000000,0.000000000,0.000000000,0.000000000,0.000000000,0.000000000
1751979360.018861,20.615000000,64.086250305,0.030000001,0.000000000,-1.055887222,-1.379284859,-75.351081848,-2.146860838,-2.172000885,-0.330329686,0.000000000,0.000000000,0.000000000,0.000000000,0.000000000,0.000000000,0.000000000,0.000000000,0.000000000,0.000000000,0.000000000,0.000000000
1751979360.021445,20.618000000,64.086250305,0.030000001,0.000000000,-1.055887222,-1.392784357,-75.693946838,-2.146860838,-2.180999756,-1.554828763,0.000000000,0.000000000,0.000000000,0.000000000,0.000000000,0.000000000,0.000000000,0.000000000,0.000000000,0.000000000,0.000000000,0.000000000
1751979360.024031,20.620000000,64.086250305,0.030000001,0.000000000,-1.055887222,-1.419786215,-78.285919189,-2.146860838,-2.190001249,-2.776612759,0.000000000,0.000000000,0.000000000,0.000000000,0.000000000,0.000000000,0.000000000,0.000000000,0.000000000,0.000000000,0.000000000,0.000000000
1751979360.026609,20.623000000,64.141754150,0.030000001,0.000000000,-1.084010601,-1.419786215,-77.437370300,-2.190734148,-2.199000120,1.835642815,0.000000000,0.000000000,0.000000000,0.000000000,0.000000000,0.000000000,0.000000000,0.000000000,0.000000000,0.000000000,0.000000000,0.000000000
1751979360.029247,20.626000000,64.141754150,0.030000001,0.000000000,-1.084010601,-1.433285713,-77.794197083,-2.190734148,-2.207998991,0.616893530,0.000000000,0.000000000,0.000000000,0.000000000,0.000000000,0.000000000,0.000000000,0.000000000,0.000000000,0.000000000,0.000000000,0.000000000
1751979360.031827,20.628000000,64.141754150,0.030000001,0.000000000,-1.084010601,-1.460287571,-80.412704468,-2.190734148,-2.217000484,-0.600503445,0.000000000,0.000000000,0.000000000,0.000000000,0.000000000,0.000000000,0.000000000,0.000000000,0.000000000,0.000000000,0.000000000,0.000000000
1751979360.034480,20.631000000,64.141754150,0.030000001,0.000000000,-1.084010601,-1.473787069,-84.583030701,-2.190734148,-2.225999355,-1.816374421,0.000000000,0.000000000,0.000000000,0.000000000,0.000000000,0.000000000,0.000000000,0.000000000,0.000000000,0.000000000,0.000000000,0.000000000
1751979360.037122,20.633000000,64.141754150,0.030000001,0.000000000,-1.084010601,-1.473787069,-86.476837158,-2.190734148,-2.235000610,-3.035056353,0.000000000,0.000000000,0.000000000,0.000000000,0.000000000,0.000000000,0.000000000,0.000000000,0.000000000,0.000000000,0.000000000,0.000000000
1751979360.039956,20.636000000,64.141754150,0.030000001,0.000000000,-1.084010601,-1.473787069,-86.476997375,-2.190734148,-2.243999481,-4.247847557,0.000000000,0.000000000,0.000000000,0.000000000,0.000000000,0.000000000,0.000000000,0.000000000,0.000000000,0.000000000,0.000000000,0.000000000
1751979360.042823,20.639000000,64.207435608,0.030000001,0.000000000,-1.127081037,-1.473787069,-79.291122437,-2.220697880,-2.243999481,-0.547899187,0.000000000,0.000000000,0.000000000,0.000000000,0.000000000,0.000000000,0.000000000,0.000000000,0.000000000,0.000000000,0.000000000,0.000000000
1751979360.045636,20.642000000,64.207435608,0.030000001,0.000000000,-1.127081037,-1.500786304,-80.428810120,-2.220697880,-2.243999481,-0.803617358,0.000000000,0.000000000,0.000000000,0.000000000,0.000000000,0.000000000,0.000000000,0.000000000,0.000000000,0.000000000,0.000000000,0.000000000
1751979360.048212,20.645000000,64.207435608,0.030000001,0.000000000,-1.127081037,-1.500786304,-83.811706543,-2.220697880,-2.253000975,-1.968146563,0.000000000,0.000000000,0.000000000,0.000000000,0.000000000,0.000000000,0.000000000,0.000000000,0.000000000,0.000000000,0.000000000,0.000000000
1751979360.050812,20.647000000,64.281631470,0.030000001,0.000000000,-1.136309743,-1.500786304,-82.271850586,-2.301830053,-2.253000975,8.585203171,0.000000000,0.000000000,0.000000000,0.000000000,0.000000000,0.000000000,0.000000000,0.000000000,0.000000000,0.000000000,0.000000000,0.000000000
1751979360.053423,20.650000000,64.281631470,0.030000001,0.000000000,-1.136309743,-1.500786304,-82.272003174,-2.301830053,-2.261999846,7.451127052,0.000000000,0.000000000,0.000000000,0.000000000,0.000000000,0.000000000,0.000000000,0.000000000,0.000000000,0.000000000,0.000000000,0.000000000
1751979360.056028,20.652000000,64.281631470,0.030000001,0.000000000,-1.136309743,-1.514288425,-82.625259399,-2.301830053,-2.271001339,6.310713768,0.000000000,0.000000000,0.000000000,0.000000000,0.000000000,0.000000000,0.000000000,0.000000000,0.000000000,0.000000000,0.000000000,0.000000000
1751979360.058558,20.655000000,64.334732056,0.030000001,0.000000000,-1.149716258,-1.514288425,-82.295936584,-2.387112856,-2.271001339,17.427774429,0.000000000,0.000000000,0.000000000,0.000000000,0.000000000,0.000000000,0.000000000,0.000000000,0.000000000,0.000000000,0.000000000,0.000000000
1751979360.061199,20.658000000,64.334732056,0.030000001,0.000000000,-1.149716258,-1.514288425,-82.296081543,-2.387112856,-2.280000210,16.308076859,0.000000000,0.000000000,0.000000000,0.000000000,0.000000000,0.000000000,0.000000000,0.000000000,0.000000000,0.000000000,0.000000000,0.000000000
1751979360.063889,20.660000000,64.334732056,0.030000001,0.000000000,-1.149716258,-1.514288425,-82.296234131,-2.387112856,-2.298000336,14.232822418,0.000000000,0.000000000,0.000000000,0.000000000,0.000000000,0.000000000,0.000000000,0.000000000,0.000000000,0.000000000,0.000000000,0.000000000
1751979360.066462,20.663000000,64.334732056,0.030000001,0.000000000,-1.149716258,-1.514288425,-82.296386719,-2.387112856,-2.298000336,13.994316101,0.000000000,0.000000000,0.000000000,0.000000000,0.000000000,0.000000000,0.000000000,0.000000000,0.000000000,0.000000000,0.000000000,0.000000000
1751979360.069041,20.665000000,64.334732056,0.030000001,0.000000000,-1.149716258,-1.514288425,-82.296531677,-2.387112856,-2.298000336,13.779660225,0.000000000,0.000000000,0.000000000,0.000000000,0.000000000,0.000000000,0.000000000,0.000000000,0.000000000,0.000000000,0.000000000,0.000000000
1751979360.071643,20.668000000,64.334732056,0.030000001,0.000000000,-1.149716258,-1.514288425,-82.296684265,-2.387112856,-2.298000336,13.586470604,0.000000000,0.000000000,0.000000000,0.000000000,0.000000000,0.000000000,0.000000000,0.000000000,0.000000000,0.000000000,0.000000000,0.000000000
1751979360.074233,20.671000000,64.507751465,0.030000001,0.000000000,-1.181409836,-1.514288425,-77.007659912,-2.488668442,-2.306999207,25.989904404,0.000000000,0.000000000,0.000000000,0.000000000,0.000000000,0.000000000,0.000000000,0.000000000,0.000000000,0.000000000,0.000000000,0.000000000
1751979360.076804,20.673000000,64.507751465,0.030000001,0.000000000,-1.181409836,-1.514288425,-77.007797241,-2.488668442,-2.316000700,24.883993149,0.000000000,0.000000000,0.000000000,0.000000000,0.000000000,0.000000000,0.000000000,0.000000000,0.000000000,0.000000000,0.000000000,0.000000000
1751979360.079440,20.676000000,64.507751465,0.030000001,0.000000000,-1.181409836,-1.514288425,-77.007934570,-2.488668442,-2.334001064,22.841247559,0.000000000,0.000000000,0.000000000,0.000000000,0.000000000,0.000000000,0.000000000,0.000000000,0.000000000,0.000000000,0.000000000,0.000000000
1751979360.082060,20.678000000,64.507751465,0.030000001,0.000000000,-1.181409836,-1.514288425,-77.008071899,-2.488668442,-2.334001064,22.613546371,0.000000000,0.000000000,0.000000000,0.000000000,0.000000000,0.000000000,0.000000000,0.000000000,0.000000000,0.000000000,0.000000000,0.000000000
1751979360.084671,20.681000000,64.575073242,0.030000001,0.000000000,-1.212497354,-1.514288425,-71.820175171,-2.571604729,-2.342999935,32.509635925,0.000000000,0.000000000,0.000000000,0.000000000,0.000000000,0.000000000,0.000000000,0.000000000,0.000000000,0.000000000,0.000000000,0.000000000
1751979360.087288,20.684000000,64.575073242,0.030000001,0.000000000,-1.212497354,-1.514288425,-71.820297241,-2.571604729,-2.369998932,29.519908905,0.000000000,0.000000000,0.000000000,0.000000000,0.000000000,0.000000000,0.000000000,0.000000000,0.000000000,0.000000000,0.000000000,0.000000000
1751979360.089870,20.686000000,64.575073242,0.030000001,0.000000000,-1.212497354,-1.554789782,-72.872100830,-2.571604729,-2.387999296,27.401821136,0.000000000,0.000000000,0.000000000,0.000000000,0.000000000,0.000000000,0.000000000,0.000000000,0.000000000,0.000000000,0.000000000,0.000000000
1751979360.092595,20.689000000,64.575073242,0.030000001,0.000000000,-1.212497354,-1.554789782,-78.601745605,-2.571604729,-2.397000790,26.172767639,0.000000000,0.000000000,0.000000000,0.000000000,0.000000000,0.000000000,0.000000000,0.000000000,0.000000000,0.000000000,0.000000000,0.000000000
1751979360.095270,20.692000000,64.575073242,0.030000001,0.000000000,-1.212497354,-1.541287661,-78.207046509,-2.571604729,-2.405999660,24.947395325,0.000000000,0.000000000,0.000000000,0.000000000,0.000000000,0.000000000,0.000000000,0.000000000,0.000000000,0.000000000,0.000000000,0.000000000
1751979360.097919,20.694000000,64.575073242,0.030000001,0.000000000,-1.212497354,-1.554789782,-76.755981445,-2.571604729,-2.423999786,22.789695740,0.000000000,0.000000000,0.000000000,0.000000000,0.000000000,0.000000000,0.000000000,0.000000000,0.000000000,0.000000000,0.000000000,0.000000000
1751979360.100508,20.697000000,64.716339111,0.030000001,0.000000000,-1.260593295,-1.568289399,-70.936790466,-2.626535416,-2.442000151,27.927711487,0.000000000,0.000000000,0.000000000,0.000000000,0.000000000,0.000000000,0.000000000,0.000000000,0.000000000,0.000000000,0.000000000,0.000000000
1751979360.103069,20.699000000,64.716339111,0.030000001,0.000000000,-1.260593295,-1.581789017,-73.188117981,-2.626535416,-2.468999386,24.817625046,0.000000000,0.000000000,0.000000000,0.000000000,0.000000000,0.000000000,0.000000000,0.000000000,0.000000000,0.000000000,0.000000000,0.000000000
1751979360.105695,20.702000000,64.949920654,0.030000001,0.000000000,-1.304715872,-1.595291138,-68.096260071,-2.704369307,-2.478000879,33.856754303,0.000000000,0.000000000,0.000000000,0.000000000,0.000000000,0.000000000,0.000000000,0.000000000,0.000000000,0.000000000,0.000000000,0.000000000
1751979360.108296,20.705000000,64.949920654,0.030000001,0.000000000,-1.304715872,-1.608790755,-70.340049744,-2.704369307,-2.504999876,30.712345123,0.000000000,0.000000000,0.000000000,0.000000000,0.000000000,0.000000000,0.000000000,0.000000000,0.000000000,0.000000000,0.000000000,0.000000000
1751979360.110980,20.707000000,64.949920654,0.030000001,0.000000000,-1.304715872,-1.649292111,-73.323829651,-2.704369307,-2.541000605,26.596202850,0.000000000,0.000000000,0.000000000,0.000000000,0.000000000,0.000000000,0.000000000,0.000000000,0.000000000,0.000000000,0.000000000,0.000000000
1751979360.113670,20.710000000,64.949920654,0.030000001,0.000000000,-1.304715872,-1.649292111,-79.035865784,-2.704369307,-2.541000605,26.109680176,0.000000000,0.000000000,0.000000000,0.000000000,0.000000000,0.000000000,0.000000000,0.000000000,0.000000000,0.000000000,0.000000000,0.000000000
1751979360.116309,20.713000000,64.949920654,0.030000001,0.000000000,-1.304715872,-1.649292111,-79.036010742,-2.704369307,-2.559000969,23.814178467,0.000000000,0.000000000,0.000000000,0.000000000,0.000000000,0.000000000,0.000000000,0.000000000,0.000000000,0.000000000,0.000000000,0.000000000
1751979360.118930,20.715000000,64.949920654,0.030000001,0.000000000,-1.304715872,-1.662791729,-79.415573120,-2.704369307,-2.594998837,19.658140182,0.000000000,0.000000000,0.000000000,0.000000000,0.000000000,0.000000000,0.000000000,0.000000000,0.000000000,0.000000000,0.000000000,0.000000000
1751979360.121572,20.718000000,64.949920654,0.030000001,0.000000000,-1.304715872,-1.662791729,-81.298591614,-2.704369307,-2.612998962,17.296758652,0.000000000,0.000000000,0.000000000,0.000000000,0.000000000,0.000000000,0.000000000,0.000000000,0.000000000,0.000000000,0.000000000,0.000000000
1751979360.124146,20.721000000,65.181579590,0.030000001,0.000000000,-1.339489102,-1.662791729,-75.490455627,-2.814383268,-2.612998962,31.417850494,0.000000000,0.000000000,0.000000000,0.000000000,0.000000000,0.000000000,0.000000000,0.000000000,0.000000000,0.000000000,0.000000000,0.000000000
1751979360.126732,20.723000000,65.181579590,0.030000001,0.000000000,-1.339489102,-1.662791729,-75.490592957,-2.814383268,-2.648999691,27.262260437,0.000000000,0.000000000,0.000000000,0.000000000,0.000000000,0.000000000,0.000000000,0.000000000,0.000000000,0.000000000,0.000000000,0.000000000
1751979360.129462,20.726000000,65.181579590,0.030000001,0.000000000,-1.339489102,-1.689793468,-76.343284607,-2.814383268,-2.685000420,23.001985550,0.000000000,0.000000000,0.000000000,0.000000000,0.000000000,0.000000000,0.000000000,0.000000000,0.000000000,0.000000000,0.000000000,0.000000000
1751979360.132051,20.728000000,65.325157166,0.030000001,0.000000000,-1.359963179,-1.689793468,-76.595626831,-2.914253712,-2.693999052,34.785545349,0.000000000,0.000000000,0.000000000,0.000000000,0.000000000,0.000000000,0.000000000,0.000000000,0.000000000,0.000000000,0.000000000,0.000000000
1751979360.134660,20.731000000,65.325157166,0.030000001,0.000000000,-1.359963179,-1.689793468,-76.595764160,-2.914253712,-2.721000910,31.468507767,0.000000000,0.000000000,0.000000000,0.000000000,0.000000000,0.000000000,0.000000000,0.000000000,0.000000000,0.000000000,0.000000000,0.000000000
1751979360.137269,20.734000000,65.325157166,0.030000001,0.000000000,-1.359963179,-1.703293085,-76.959785461,-2.914253712,-2.766000271,26.272016525,0.000000000,0.000000000,0.000000000,0.000000000,0.000000000,0.000000000,0.000000000,0.000000000,0.000000000,0.000000000,0.000000000,0.000000000
1751979360.139864,20.736000000,65.546157837,0.030000001,0.000000000,-1.387153149,-1.703293085,-74.315940857,-2.973732948,-2.774999142,32.608818054,0.000000000,0.000000000,0.000000000,0.000000000,0.000000000,0.000000000,0.000000000,0.000000000,0.000000000,0.000000000,0.000000000,0.000000000
1751979360.142517,20.739000000,65.546157837,0.030000001,0.000000000,-1.387153149,-1.703293085,-74.316070557,-2.973732948,-2.792999506,30.143451691,0.000000000,0.000000000,0.000000000,0.000000000,0.000000000,0.000000000,0.000000000,0.000000000,0.000000000,0.000000000,0.000000000,0.000000000
1751979360.145324,20.742000000,65.546157837,0.030000001,0.000000000,-1.387153149,-1.703293085,-74.316200256,-2.973732948,-2.847000360,23.975376129,0.000000000,0.000000000,0.000000000,0.000000000,0.000000000,0.000000000,0.000000000,0.000000000,0.000000000,0.000000000,0.000000000,0.000000000
1751979360.148073,20.744000000,65.546157837,0.030000001,0.000000000,-1.387153149,-1.703293085,-74.316345215,-2.973732948,-2.865000725,21.380756378,0.000000000,0.000000000,0.000000000,0.000000000,0.000000000,0.000000000,0.000000000,0.000000000,0.000000000,0.000000000,0.000000000,0.000000000
1751979360.150704,20.747000000,65.546157837,0.030000001,0.000000000,-1.387153149,-1.703293085,-74.316482544,-2.973732948,-2.873999596,19.753187180,0.000000000,0.000000000,0.000000000,0.000000000,0.000000000,0.000000000,0.000000000,0.000000000,0.000000000,0.000000000,0.000000000,0.000000000
1751979360.153382,20.750000000,65.546157837,0.030000001,0.000000000,-1.387153149,-1.703293085,-74.316612244,-2.973732948,-2.891999722,17.247564316,0.000000000,0.000000000,0.000000000,0.000000000,0.000000000,0.000000000,0.000000000,0.000000000,0.000000000,0.000000000,0.000000000,0.000000000
1751979360.155959,20.752000000,65.673248291,0.030000001,0.000000000,-1.429919362,-1.703293085,-67.171638489,-3.040966988,-2.928000450,21.840696335,0.000000000,0.000000000,0.000000000,0.000000000,0.000000000,0.000000000,0.000000000,0.000000000,0.000000000,0.000000000,0.000000000,0.000000000
1751979360.158521,20.755000000,65.673248291,0.030000001,0.000000000,-1.429919362,-1.716792583,-67.509254456,-3.040966988,-2.946000576,19.319849014,0.000000000,0.000000000,0.000000000,0.000000000,0.000000000,0.000000000,0.000000000,0.000000000,0.000000000,0.000000000,0.000000000,0.000000000
1751979360.161179,20.758000000,65.673248291,0.030000001,0.000000000,-1.429919362,-1.730292082,-69.768028259,-3.040966988,-2.964000940,16.812515259,0.000000000,0.000000000,0.000000000,0.000000000,0.000000000,0.000000000,0.000000000,0.000000000,0.000000000,0.000000000,0.000000000,0.000000000
1751979360.163857,20.760000000,65.853820801,0.030000001,0.000000000,-1.467996240,-1.730292082,-65.333755493,-3.087145567,-2.991000175,19.507667542,0.000000000,0.000000000,0.000000000,0.000000000,0.000000000,0.000000000,0.000000000,0.000000000,0.000000000,0.000000000,0.000000000,0.000000000
1751979360.166388,20.763000000,65.853820801,0.030000001,0.000000000,-1.467996240,-1.743794441,-65.664901733,-3.087145567,-3.017999172,16.080183029,0.000000000,0.000000000,0.000000000,0.000000000,0.000000000,0.000000000,0.000000000,0.000000000,0.000000000,0.000000000,0.000000000,0.000000000
1751979360.168966,20.765000000,65.853820801,0.030000001,0.000000000,-1.467996240,-1.784295797,-68.630012512,-3.087145567,-3.045001030,12.628213882,0.000000000,0.000000000,0.000000000,0.000000000,0.000000000,0.000000000,0.000000000,0.000000000,0.000000000,0.000000000,0.000000000,0.000000000
1751979360.171543,20.768000000,65.992012024,0.030000001,0.000000000,-1.506506205,-1.784295797,-67.949134827,-3.129822254,-3.063001394,15.768143654,0.000000000,0.000000000,0.000000000,0.000000000,0.000000000,0.000000000,0.000000000,0.000000000,0.000000000,0.000000000,0.000000000,0.000000000
1751979360.174133,20.771000000,65.992012024,0.030000001,0.000000000,-1.506506205,-1.784295797,-67.949241638,-3.129822254,-3.090000391,12.314882278,0.000000000,0.000000000,0.000000000,0.000000000,0.000000000,0.000000000,0.000000000,0.000000000,0.000000000,0.000000000,0.000000000,0.000000000
1751979360.176769,20.773000000,65.992012024,0.030000001,0.000000000,-1.506506205,-1.811294794,-68.668441772,-3.129822254,-3.108000755,9.766398430,0.000000000,0.000000000,0.000000000,0.000000000,0.000000000,0.000000000,0.000000000,0.000000000,0.000000000,0.000000000,0.000000000,0.000000000
1751979360.179499,20.776000000,65.992012024,0.030000001,0.000000000,-1.506506205,-1.797795296,-72.082740784,-3.129822254,-3.126001120,7.226031780,0.000000000,0.000000000,0.000000000,0.000000000,0.000000000,0.000000000,0.000000000,0.000000000,0.000000000,0.000000000,0.000000000,0.000000000
1751979360.182232,20.779000000,65.992012024,0.030000001,0.000000000,-1.506506205,-1.797795296,-70.212806702,-3.129822254,-3.143998623,4.675076485,0.000000000,0.000000000,0.000000000,0.000000000,0.000000000,0.000000000,0.000000000,0.000000000,0.000000000,0.000000000,0.000000000,0.000000000
1751979360.184887,20.781000000,65.992012024,0.030000001,0.000000000,-1.506506205,-1.797795296,-70.212936401,-3.129822254,-3.161998987,2.152278900,0.000000000,0.000000000,0.000000000,0.000000000,0.000000000,0.000000000,0.000000000,0.000000000,0.000000000,0.000000000,0.000000000,0.000000000
1751979360.187613,20.784000000,66.070159912,0.030000001,0.000000000,-1.498005152,-1.811294794,-72.035491943,-3.204421282,-3.179999352,9.582649231,0.000000000,0.000000000,0.000000000,0.000000000,0.000000000,0.000000000,0.000000000,0.000000000,0.000000000,0.000000000,0.000000000,0.000000000
1751979360.190214,20.787000000,66.070159912,0.030000001,0.000000000,-1.498005152,-1.811294794,-73.897956848,-3.204421282,-3.207001209,6.160259247,0.000000000,0.000000000,0.000000000,0.000000000,0.000000000,0.000000000,0.000000000,0.000000000,0.000000000,0.000000000,0.000000000,0.000000000
1751979360.192830,20.789000000,66.070159912,0.030000001,0.000000000,-1.498005152,-1.811294794,-73.898086548,-3.204421282,-3.234000206,2.740547180,0.000000000,0.000000000,0.000000000,0.000000000,0.000000000,0.000000000,0.000000000,0.000000000,0.000000000,0.000000000,0.000000000,0.000000000
1751979360.195703,20.792000000,66.227539063,0.030000001,0.000000000,-1.534612775,-1.824794412,-68.198013306,-3.276359558,-3.252000570,9.788306236,0.000000000,0.000000000,0.000000000,0.000000000,0.000000000,0.000000000,0.000000000,0.000000000,0.000000000,0.000000000,0.000000000,0.000000000
1751979360.198258,20.795000000,66.227539063,0.030000001,0.000000000,-1.534612775,-1.838296652,-70.499786377,-3.276359558,-3.278999567,6.323678493,0.000000000,0.000000000,0.000000000,0.000000000,0.000000000,0.000000000,0.000000000,0.000000000,0.000000000,0.000000000,0.000000000,0.000000000
1751979360.200794,20.797000000,66.227539063,0.030000001,0.000000000,-1.534612775,-1.905797124,-74.034767151,-3.276359558,-3.305998802,2.890278578,0.000000000,0.000000000,0.000000000,0.000000000,0.000000000,0.000000000,0.000000000,0.000000000,0.000000000,0.000000000,0.000000000,0.000000000
1751979360.203359,20.800000000,66.227539063,0.030000001,0.000000000,-1.534612775,-1.865295768,-82.665946960,-3.276359558,-3.323998928,0.376510531,0.000000000,0.000000000,0.000000000,0.000000000,0.000000000,0.000000000,0.000000000,0.000000000,0.000000000,0.000000000,0.000000000,0.000000000
1751979360.205938,20.802000000,66.227539063,0.030000001,0.000000000,-1.534612775,-1.824794412,-75.834182739,-3.276359558,-3.341999292,-2.128946781,0.000000000,0.000000000,0.000000000,0.000000000,0.000000000,0.000000000,0.000000000,0.000000000,0.000000000,0.000000000,0.000000000,0.000000000
1751979360.208527,20.805000000,66.227539063,0.030000001,0.000000000,-1.534612775,-1.851796150,-70.734901428,-3.276359558,-3.369001150,-5.553013802,0.000000000,0.000000000,0.000000000,0.000000000,0.000000000,0.000000000,0.000000000,0.000000000,0.000000000,0.000000000,0.000000000,0.000000000
1751979360.211209,20.808000000,66.356353760,0.030000001,0.000000000,-1.548662782,-1.878798008,-72.967979431,-3.342291832,-3.396000385,-0.224623114,0.000000000,0.000000000,0.000000000,0.000000000,0.000000000,0.000000000,0.000000000,0.000000000,0.000000000,0.000000000,0.000000000,0.000000000
1751979360.213865,20.810000000,66.356353760,0.030000001,0.000000000,-1.548662782,-1.851796150,-75.902542114,-3.342291832,-3.414000511,-2.777651072,0.000000000,0.000000000,0.000000000,0.000000000,0.000000000,0.000000000,0.000000000,0.000000000,0.000000000,0.000000000,0.000000000,0.000000000
1751979360.216482,20.813000000,66.356353760,0.030000001,0.000000000,-1.548662782,-1.838296652,-71.832099915,-3.342291832,-3.440999746,-6.232064247,0.000000000,0.000000000,0.000000000,0.000000000,0.000000000,0.000000000,0.000000000,0.000000000,0.000000000,0.000000000,0.000000000,0.000000000
1751979360.219254,20.816000000,66.487594604,0.030000001,0.000000000,-1.582899451,-1.865295768,-65.128990173,-3.386551857,-3.467998743,-3.834665060,0.000000000,0.000000000,0.000000000,0.000000000,0.000000000,0.000000000,0.000000000,0.000000000,0.000000000,0.000000000,0.000000000,0.000000000
1751979360.221862,20.818000000,66.487594604,0.030000001,0.000000000,-1.582899451,-1.892297506,-69.541503906,-3.386551857,-3.495000601,-7.317472935,0.000000000,0.000000000,0.000000000,0.000000000,0.000000000,0.000000000,0.000000000,0.000000000,0.000000000,0.000000000,0.000000000,0.000000000
1751979360.224451,20.821000000,66.487594604,0.030000001,0.000000000,-1.582899451,-1.919296741,-74.009086609,-3.386551857,-3.513000965,-9.876286507,0.000000000,0.000000000,0.000000000,0.000000000,0.000000000,0.000000000,0.000000000,0.000000000,0.000000000,0.000000000,0.000000000,0.000000000
1751979360.227031,20.823000000,66.717315674,0.030000001,0.000000000,-1.637953877,-1.919296741,-68.611274719,-3.415533066,-3.539999962,-9.471049309,0.000000000,0.000000000,0.000000000,0.000000000,0.000000000,0.000000000,0.000000000,0.000000000,0.000000000,0.000000000,0.000000000,0.000000000
1751979360.229679,20.826000000,66.717315674,0.030000001,0.000000000,-1.637953877,-1.932798862,-68.979980469,-3.415533066,-3.566999197,-12.952144623,0.000000000,0.000000000,0.000000000,0.000000000,0.000000000,0.000000000,0.000000000,0.000000000,0.000000000,0.000000000,0.000000000,0.000000000
1751979360.232251,20.829000000,66.717315674,0.030000001,0.000000000,-1.637953877,-1.959798098,-71.597648621,-3.415533066,-3.584999561,-15.521256447,0.000000000,0.000000000,0.000000000,0.000000000,0.000000000,0.000000000,0.000000000,0.000000000,0.000000000,0.000000000,0.000000000,0.000000000
1751979360.234869,20.831000000,66.717315674,0.030000001,0.000000000,-1.637953877,-1.946298480,-75.044242859,-3.415533066,-3.602999687,-18.070085526,0.000000000,0.000000000,0.000000000,0.000000000,0.000000000,0.000000000,0.000000000,0.000000000,0.000000000,0.000000000,0.000000000,0.000000000
1751979360.237481,20.834000000,66.717315674,0.030000001,0.000000000,-1.637953877,-1.959798098,-73.513420105,-3.415533066,-3.612001181,-19.685474396,0.000000000,0.000000000,0.000000000,0.000000000,0.000000000,0.000000000,0.000000000,0.000000000,0.000000000,0.000000000,0.000000000,0.000000000
1751979360.240072,20.836000000,66.717315674,0.030000001,0.000000000,-1.637953877,-1.973300219,-75.761497498,-3.415533066,-3.612001181,-20.336006165,0.000000000,0.000000000,0.000000000,0.000000000,0.000000000,0.000000000,0.000000000,0.000000000,0.000000000,0.000000000,0.000000000,0.000000000
1751979360.242715,20.839000000,66.778244019,0.030000001,0.000000000,-1.666109085,-1.986799836,-73.322441101,-3.461534262,-3.639000416,-17.557346344,0.000000000,0.000000000,0.000000000,0.000000000,0.000000000,0.000000000,0.000000000,0.000000000,0.000000000,0.000000000,0.000000000,0.000000000
1751979360.245487,20.842000000,66.778244019,0.030000001,0.000000000,-1.666109085,-1.986799836,-75.230079651,-3.461534262,-3.675000906,-21.866001129,0.000000000,0.000000000,0.000000000,0.000000000,0.000000000,0.000000000,0.000000000,0.000000000,0.000000000,0.000000000,0.000000000,0.000000000
1751979360.248063,20.844000000,66.778244019,0.030000001,0.000000000,-1.666109085,-2.000299454,-75.688751221,-3.461534262,-3.693001270,-24.396976471,0.000000000,0.000000000,0.000000000,0.000000000,0.000000000,0.000000000,0.000000000,0.000000000,0.000000000,0.000000000,0.000000000,0.000000000
1751979360.250668,20.847000000,66.905494690,0.030000001,0.000000000,-1.699129939,-2.013801575,-72.346626282,-3.484428167,-3.693001270,-21.992486954,0.000000000,0.000000000,0.000000000,0.000000000,0.000000000,0.000000000,0.000000000,0.000000000,0.000000000,0.000000000,0.000000000,0.000000000
1751979360.253246,20.850000000,66.905494690,0.030000001,0.000000000,-1.699129939,-2.040800810,-74.959045410,-3.484428167,-3.702000141,-23.497369766,0.000000000,0.000000000,0.000000000,0.000000000,0.000000000,0.000000000,0.000000000,0.000000000,0.000000000,0.000000000,0.000000000,0.000000000
1751979360.255877,20.852000000,66.905494690,0.030000001,0.000000000,-1.699129939,-2.054300308,-79.139335632,-3.484428167,-3.728999138,-26.816791534,0.000000000,0.000000000,0.000000000,0.000000000,0.000000000,0.000000000,0.000000000,0.000000000,0.000000000,0.000000000,0.000000000,0.000000000
1751979360.258470,20.855000000,66.905494690,0.030000001,0.000000000,-1.699129939,-2.067802429,-81.413238525,-3.484428167,-3.746999502,-29.243570328,0.000000000,0.000000000,0.000000000,0.000000000,0.000000000,0.000000000,0.000000000,0.000000000,0.000000000,0.000000000,0.000000000,0.000000000
1751979360.261212,20.858000000,66.905494690,0.030000001,0.000000000,-1.699129939,-2.054300308,-82.912338257,-3.484428167,-3.728999138,-27.963184357,0.000000000,0.000000000,0.000000000,0.000000000,0.000000000,0.000000000,0.000000000,0.000000000,0.000000000,0.000000000,0.000000000,0.000000000
1751979360.263942,20.860000000,66.905494690,0.030000001,0.000000000,-1.699129939,-2.054300308,-81.039237976,-3.484428167,-3.746999502,-30.289897919,0.000000000,0.000000000,0.000000000,0.000000000,0.000000000,0.000000000,0.000000000,0.000000000,0.000000000,0.000000000,0.000000000,0.000000000
1751979360.266412,20.863000000,66.905494690,0.030000001,0.000000000,-1.699129939,-2.054300308,-81.039382935,-3.484428167,-3.764999866,-32.608695984,0.000000000,0.000000000,0.000000000,0.000000000,0.000000000,0.000000000,0.000000000,0.000000000,0.000000000,0.000000000,0.000000000,0.000000000
1751979360.269024,20.865000000,66.975959778,0.030000001,0.000000000,-1.681899071,-2.054300308,-83.924400330,-3.532185793,-3.746999502,-24.887310028,0.000000000,0.000000000,0.000000000,0.000000000,0.000000000,0.000000000,0.000000000,0.000000000,0.000000000,0.000000000,0.000000000,0.000000000
1751979360.271605,20.868000000,66.975959778,0.030000001,0.000000000,-1.681899071,-2.054300308,-83.924560547,-3.532185793,-3.756000996,-26.185379028,0.000000000,0.000000000,0.000000000,0.000000000,0.000000000,0.000000000,0.000000000,0.000000000,0.000000000,0.000000000,0.000000000,0.000000000
1751979360.274201,20.871000000,67.048377991,0.030000001,0.000000000,-1.693501234,-2.040800810,-81.632453918,-3.565513372,-3.791998863,-25.787881851,0.000000000,0.000000000,0.000000000,0.000000000,0.000000000,0.000000000,0.000000000,0.000000000,0.000000000,0.000000000,0.000000000,0.000000000
1751979360.276781,20.873000000,67.048377991,0.030000001,0.000000000,-1.693501234,-2.040800810,-79.714767456,-3.565513372,-3.791998863,-26.227556229,0.000000000,0.000000000,0.000000000,0.000000000,0.000000000,0.000000000,0.000000000,0.000000000,0.000000000,0.000000000,0.000000000,0.000000000
1751979360.279511,20.876000000,67.048377991,0.030000001,0.000000000,-1.693501234,-2.040800810,-79.714912415,-3.565513372,-3.801000357,-27.546762466,0.000000000,0.000000000,0.000000000,0.000000000,0.000000000,0.000000000,0.000000000,0.000000000,0.000000000,0.000000000,0.000000000,0.000000000
1751979360.282112,20.878000000,67.073684692,0.030000001,0.000000000,-1.705565333,-2.040800810,-77.695404053,-3.574318886,-3.809999228,-27.687696457,0.000000000,0.000000000,0.000000000,0.000000000,0.000000000,0.000000000,0.000000000,0.000000000,0.000000000,0.000000000,0.000000000,0.000000000
1751979360.284970,20.881000000,67.073684692,0.030000001,0.000000000,-1.705565333,-2.040800810,-77.695556641,-3.574318886,-3.827999592,-29.954616547,0.000000000,0.000000000,0.000000000,0.000000000,0.000000000,0.000000000,0.000000000,0.000000000,0.000000000,0.000000000,0.000000000,0.000000000
1751979360.287580,20.884000000,67.073684692,0.030000001,0.000000000,-1.705565333,-2.040800810,-77.695693970,-3.574318886,-3.837001085,-31.261789322,0.000000000,0.000000000,0.000000000,0.000000000,0.000000000,0.000000000,0.000000000,0.000000000,0.000000000,0.000000000,0.000000000,0.000000000
1751979360.290164,20.887000000,67.073684692,0.030000001,0.000000000,-1.705565333,-2.040800810,-77.695831299,-3.574318886,-3.837001085,-31.636636734,0.000000000,0.000000000,0.000000000,0.000000000,0.000000000,0.000000000,0.000000000,0.000000000,0.000000000,0.000000000,0.000000000,0.000000000
1751979360.292763,20.889000000,67.073684692,0.030000001,0.000000000,-1.705565333,-2.054300308,-78.062492371,-3.574318886,-3.855001450,-33.820499420,0.000000000,0.000000000,0.000000000,0.000000000,0.000000000,0.000000000,0.000000000,0.000000000,0.000000000,0.000000000,0.000000000,0.000000000
1751979360.295528,20.892000000,67.073684692,0.030000001,0.000000000,-1.705565333,-2.054300308,-79.963546753,-3.574318886,-3.872998953,-36.029186249,0.000000000,0.000000000,0.000000000,0.000000000,0.000000000,0.000000000,0.000000000,0.000000000,0.000000000,0.000000000,0.000000000,0.000000000
1751979360.298030,20.894000000,67.074348450,0.030000001,0.000000000,-1.710453033,-2.067802429,-79.544517517,-3.554590940,-3.855001450,-37.183750153,0.000000000,0.000000000,0.000000000,0.000000000,0.000000000,0.000000000,0.000000000,0.000000000,0.000000000,0.000000000,0.000000000,0.000000000
1751979360.300542,20.897000000,67.074348450,0.030000001,0.000000000,-1.710453033,-2.067802429,-81.413681030,-3.554590940,-3.864000082,-38.385704041,0.000000000,0.000000000,0.000000000,0.000000000,0.000000000,0.000000000,0.000000000,0.000000000,0.000000000,0.000000000,0.000000000,0.000000000
1751979360.303117,20.899000000,67.074348450,0.030000001,0.000000000,-1.710453033,-2.067802429,-81.413825989,-3.554590940,-3.872998953,-39.585647583,0.000000000,0.000000000,0.000000000,0.000000000,0.000000000,0.000000000,0.000000000,0.000000000,0.000000000,0.000000000,0.000000000,0.000000000
1751979360.305686,20.902000000,67.093177795,0.030000001,0.000000000,-1.701690435,-2.081302166,-83.223358154,-3.544056892,-3.872998953,-41.276611328,0.000000000,0.000000000,0.000000000,0.000000000,0.000000000,0.000000000,0.000000000,0.000000000,0.000000000,0.000000000,0.000000000,0.000000000
1751979360.308284,20.905000000,67.093177795,0.030000001,0.000000000,-1.701690435,-2.121803522,-86.178375244,-3.544056892,-3.864000082,-40.618156433,0.000000000,0.000000000,0.000000000,0.000000000,0.000000000,0.000000000,0.000000000,0.000000000,0.000000000,0.000000000,0.000000000,0.000000000
1751979360.310966,20.907000000,67.093177795,0.030000001,0.000000000,-1.701690435,-2.094801664,-91.195899963,-3.544056892,-3.864000082,-40.818767548,0.000000000,0.000000000,0.000000000,0.000000000,0.000000000,0.000000000,0.000000000,0.000000000,0.000000000,0.000000000,0.000000000,0.000000000
1751979360.313602,20.910000000,67.014877319,0.030000001,0.000000000,-1.667616248,-2.081302166,-92.704139709,-3.522913694,-3.882000446,-45.679649353,0.000000000,0.000000000,0.000000000,0.000000000,0.000000000,0.000000000,0.000000000,0.000000000,0.000000000,0.000000000,0.000000000,0.000000000
1751979360.316201,20.913000000,67.014877319,0.030000001,0.000000000,-1.667616248,-2.094801664,-91.225448608,-3.522913694,-3.900000811,-47.746017456,0.000000000,0.000000000,0.000000000,0.000000000,0.000000000,0.000000000,0.000000000,0.000000000,0.000000000,0.000000000,0.000000000,0.000000000
1751979360.318785,20.915000000,67.014877319,0.030000001,0.000000000,-1.667616248,-2.108304024,-93.493637085,-3.522913694,-3.900000811,-47.999439240,0.000000000,0.000000000,0.000000000,0.000000000,0.000000000,0.000000000,0.000000000,0.000000000,0.000000000,0.000000000,0.000000000,0.000000000
1751979360.321419,20.918000000,67.014877319,0.030000001,0.000000000,-1.667616248,-2.094801664,-95.034629822,-3.522913694,-3.864000082,-44.537055969,0.000000000,0.000000000,0.000000000,0.000000000,0.000000000,0.000000000,0.000000000,0.000000000,0.000000000,0.000000000,0.000000000,0.000000000
1751979360.324073,20.920000000,67.014877319,0.030000001,0.000000000,-1.667616248,-2.094801664,-93.125434875,-3.522913694,-3.864000082,-44.629863739,0.000000000,0.000000000,0.000000000,0.000000000,0.000000000,0.000000000,0.000000000,0.000000000,0.000000000,0.000000000,0.000000000,0.000000000
1751979360.326715,20.923000000,67.014877319,0.030000001,0.000000000,-1.667616248,-2.108304024,-93.529258728,-3.522913694,-3.872998953,-45.642757416,0.000000000,0.000000000,0.000000000,0.000000000,0.000000000,0.000000000,0.000000000,0.000000000,0.000000000,0.000000000,0.000000000,0.000000000
1751979360.329334,20.926000000,67.014877319,0.030000001,0.000000000,-1.667616248,-2.094801664,-95.007621765,-3.522913694,-3.845999718,-42.965660095,0.000000000,0.000000000,0.000000000,0.000000000,0.000000000,0.000000000,0.000000000,0.000000000,0.000000000,0.000000000,0.000000000,0.000000000
1751979360.331930,20.928000000,66.949401855,0.030000001,0.000000000,-1.650438070,-2.094801664,-96.002723694,-3.509361029,-3.837001085,-43.857414246,0.000000000,0.000000000,0.000000000,0.000000000,0.000000000,0.000000000,0.000000000,0.000000000,0.000000000,0.000000000,0.000000000,0.000000000
1751979360.334553,20.931000000,66.949401855,0.030000001,0.000000000,-1.650438070,-2.094801664,-96.002906799,-3.509361029,-3.827999592,-42.912879944,0.000000000,0.000000000,0.000000000,0.000000000,0.000000000,0.000000000,0.000000000,0.000000000,0.000000000,0.000000000,0.000000000,0.000000000
1751979360.337197,20.934000000,66.949401855,0.030000001,0.000000000,-1.650438070,-2.081302166,-95.618118286,-3.509361029,-3.819000721,-41.941993713,0.000000000,0.000000000,0.000000000,0.000000000,0.000000000,0.000000000,0.000000000,0.000000000,0.000000000,0.000000000,0.000000000,0.000000000
1751979360.339794,20.936000000,66.898826599,0.030000001,0.000000000,-1.605763316,-2.081302166,-101.214874268,-3.477067232,-3.809999228,-45.253261566,0.000000000,0.000000000,0.000000000,0.000000000,0.000000000,0.000000000,0.000000000,0.000000000,0.000000000,0.000000000,0.000000000,0.000000000
1751979360.342387,20.939000000,66.898826599,0.030000001,0.000000000,-1.605763316,-2.067802429,-100.845008850,-3.477067232,-3.791998863,-43.316963196,0.000000000,0.000000000,0.000000000,0.000000000,0.000000000,0.000000000,0.000000000,0.000000000,0.000000000,0.000000000,0.000000000,0.000000000
1751979360.345129,20.941000000,66.898826599,0.030000001,0.000000000,-1.605763316,-2.054300308,-98.577415466,-3.477067232,-3.774001360,-41.334964752,0.000000000,0.000000000,0.000000000,0.000000000,0.000000000,0.000000000,0.000000000,0.000000000,0.000000000,0.000000000,0.000000000,0.000000000
1751979360.347754,20.944000000,66.898826599,0.030000001,0.000000000,-1.605763316,-2.054300308,-96.676330566,-3.477067232,-3.746999502,-38.350349426,0.000000000,0.000000000,0.000000000,0.000000000,0.000000000,0.000000000,0.000000000,0.000000000,0.000000000,0.000000000,0.000000000,0.000000000
1751979360.350359,20.947000000,66.898826599,0.030000001,0.000000000,-1.605763316,-2.027301311,-95.916511536,-3.477067232,-3.728999138,-36.260753632,0.000000000,0.000000000,0.000000000,0.000000000,0.000000000,0.000000000,0.000000000,0.000000000,0.000000000,0.000000000,0.000000000,0.000000000
1751979360.352988,20.949000000,66.898826599,0.030000001,0.000000000,-1.605763316,-2.027301311,-92.139503479,-3.477067232,-3.720000267,-35.066638947,0.000000000,0.000000000,0.000000000,0.000000000,0.000000000,0.000000000,0.000000000,0.000000000,0.000000000,0.000000000,0.000000000,0.000000000
1751979360.355644,20.952000000,66.788551331,0.030000001,0.000000000,-1.581680655,-2.013801575,-95.779830933,-3.431691647,-3.702000141,-38.989131927,0.000000000,0.000000000,0.000000000,0.000000000,0.000000000,0.000000000,0.000000000,0.000000000,0.000000000,0.000000000,0.000000000,0.000000000
1751979360.358221,20.955000000,66.788551331,0.030000001,0.000000000,-1.581680655,-2.000299454,-93.531295776,-3.431691647,-3.675000906,-35.918453217,0.000000000,0.000000000,0.000000000,0.000000000,0.000000000,0.000000000,0.000000000,0.000000000,0.000000000,0.000000000,0.000000000,0.000000000
1751979360.360812,20.957000000,66.788551331,0.030000001,0.000000000,-1.581680655,-1.986799836,-91.281768799,-3.431691647,-3.647999287,-32.802577972,0.000000000,0.000000000,0.000000000,0.000000000,0.000000000,0.000000000,0.000000000,0.000000000,0.000000000,0.000000000,0.000000000,0.000000000
1751979360.363545,20.960000000,66.719673157,0.030000001,0.000000000,-1.575578094,-1.986799836,-90.388374329,-3.377129793,-3.629998922,-37.817478180,0.000000000,0.000000000,0.000000000,0.000000000,0.000000000,0.000000000,0.000000000,0.000000000,0.000000000,0.000000000,0.000000000,0.000000000
1751979360.366144,20.963000000,66.719673157,0.030000001,0.000000000,-1.575578094,-1.986799836,-90.388542175,-3.377129793,-3.612001181,-35.547515869,0.000000000,0.000000000,0.000000000,0.000000000,0.000000000,0.000000000,0.000000000,0.000000000,0.000000000,0.000000000,0.000000000,0.000000000
1751979360.368743,20.965000000,66.719673157,0.030000001,0.000000000,-1.575578094,-1.973300219,-90.012107849,-3.377129793,-3.576000690,-31.419221878,0.000000000,0.000000000,0.000000000,0.000000000,0.000000000,0.000000000,0.000000000,0.000000000,0.000000000,0.000000000,0.000000000,0.000000000
1751979360.371353,20.968000000,66.585716248,0.030000001,0.000000000,-1.550764322,-1.973300219,-92.273933411,-3.303906202,-3.566999197,-39.757637024,0.000000000,0.000000000,0.000000000,0.000000000,0.000000000,0.000000000,0.000000000,0.000000000,0.000000000,0.000000000,0.000000000,0.000000000
1751979360.373953,20.970000000,66.585716248,0.030000001,0.000000000,-1.550764322,-1.973300219,-92.274101257,-3.303906202,-3.539999962,-36.517597198,0.000000000,0.000000000,0.000000000,0.000000000,0.000000000,0.000000000,0.000000000,0.000000000,0.000000000,0.000000000,0.000000000,0.000000000
1751979360.376564,20.973000000,66.585716248,0.030000001,0.000000000,-1.550764322,-1.959798098,-91.904869080,-3.303906202,-3.495000601,-31.385837555,0.000000000,0.000000000,0.000000000,0.000000000,0.000000000,0.000000000,0.000000000,0.000000000,0.000000000,0.000000000,0.000000000,0.000000000
1751979360.379351,20.976000000,66.585716248,0.030000001,0.000000000,-1.550764322,-1.959798098,-90.006675720,-3.303906202,-3.485999107,-29.866146088,0.000000000,0.000000000,0.000000000,0.000000000,0.000000000,0.000000000,0.000000000,0.000000000,0.000000000,0.000000000,0.000000000,0.000000000
1751979360.382049,20.978000000,66.585716248,0.030000001,0.000000000,-1.550764322,-1.959798098,-90.006858826,-3.303906202,-3.467998743,-27.418886185,0.000000000,0.000000000,0.000000000,0.000000000,0.000000000,0.000000000,0.000000000,0.000000000,0.000000000,0.000000000,0.000000000,0.000000000
1751979360.384685,20.981000000,66.585716248,0.030000001,0.000000000,-1.550764322,-1.959798098,-90.007034302,-3.303906202,-3.440999746,-24.070241928,0.000000000,0.000000000,0.000000000,0.000000000,0.000000000,0.000000000,0.000000000,0.000000000,0.000000000,0.000000000,0.000000000,0.000000000
1751979360.387360,20.984000000,66.540382385,0.030000001,0.000000000,-1.527536035,-1.959798098,-93.893997192,-3.246475935,-3.422999382,-29.276939392,0.000000000,0.000000000,0.000000000,0.000000000,0.000000000,0.000000000,0.000000000,0.000000000,0.000000000,0.000000000,0.000000000,0.000000000
1751979360.389951,20.986000000,66.540382385,0.030000001,0.000000000,-1.527536035,-1.959798098,-93.894172668,-3.246475935,-3.404999018,-26.845785141,0.000000000,0.000000000,0.000000000,0.000000000,0.000000000,0.000000000,0.000000000,0.000000000,0.000000000,0.000000000,0.000000000,0.000000000
1751979360.392562,20.989000000,66.540382385,0.030000001,0.000000000,-1.527536035,-1.946298480,-93.535293579,-3.246475935,-3.396000385,-25.349575043,0.000000000,0.000000000,0.000000000,0.000000000,0.000000000,0.000000000,0.000000000,0.000000000,0.000000000,0.000000000,0.000000000,0.000000000
1751979360.395249,20.992000000,66.454681396,0.030000001,0.000000000,-1.513274789,-1.946298480,-94.013374329,-3.237352848,-3.369001150,-23.242132187,0.000000000,0.000000000,0.000000000,0.000000000,0.000000000,0.000000000,0.000000000,0.000000000,0.000000000,0.000000000,0.000000000,0.000000000
1751979360.397882,20.994000000,66.454681396,0.030000001,0.000000000,-1.513274789,-1.932798862,-93.575782776,-3.237352848,-3.341999292,-19.865461349,0.000000000,0.000000000,0.000000000,0.000000000,0.000000000,0.000000000,0.000000000,0.000000000,0.000000000,0.000000000,0.000000000,0.000000000
1751979360.400566,20.997000000,66.454681396,0.030000001,0.000000000,-1.513274789,-1.932798862,-91.746604919,-3.237352848,-3.323998928,-17.413127899,0.000000000,0.000000000,0.000000000,0.000000000,0.000000000,0.000000000,0.000000000,0.000000000,0.000000000,0.000000000,0.000000000,0.000000000
1751979360.403199,21.000000000,66.454681396,0.030000001,0.000000000,-1.513274789,-1.932798862,-91.746780396,-3.237352848,-3.315000296,-15.895698547,0.000000000,0.000000000,0.000000000,0.000000000,0.000000000,0.000000000,0.000000000,0.000000000,0.000000000,0.000000000,0.000000000,0.000000000
1751979360.405781,21.002000000,66.454681396,0.030000001,0.000000000,-1.513274789,-1.919296741,-91.383232117,-3.237352848,-3.296999931,-13.491281509,0.000000000,0.000000000,0.000000000,0.000000000,0.000000000,0.000000000,0.000000000,0.000000000,0.000000000,0.000000000,0.000000000,0.000000000
1751979360.408377,21.005000000,66.454681396,0.030000001,0.000000000,-1.513274789,-1.905797124,-89.128417969,-3.237352848,-3.278999567,-11.091457367,0.000000000,0.000000000,0.000000000,0.000000000,0.000000000,0.000000000,0.000000000,0.000000000,0.000000000,0.000000000,0.000000000,0.000000000
1751979360.411016,21.007000000,66.330772400,0.030000001,0.000000000,-1.502836704,-1.892297506,-88.593040466,-3.204384327,-3.260999203,-13.077530861,0.000000000,0.000000000,0.000000000,0.000000000,0.000000000,0.000000000,0.000000000,0.000000000,0.000000000,0.000000000,0.000000000,0.000000000
1751979360.413687,21.010000000,66.330772400,0.030000001,0.000000000,-1.502836704,-1.878798008,-86.290969849,-3.204384327,-3.252000570,-11.594178200,0.000000000,0.000000000,0.000000000,0.000000000,0.000000000,0.000000000,0.000000000,0.000000000,0.000000000,0.000000000,0.000000000,0.000000000
1751979360.416300,21.013000000,66.330772400,0.030000001,0.000000000,-1.502836704,-1.865295768,-84.043296814,-3.204384327,-3.234000206,-9.213662148,0.000000000,0.000000000,0.000000000,0.000000000,0.000000000,0.000000000,0.000000000,0.000000000,0.000000000,0.000000000,0.000000000,0.000000000
1751979360.418888,21.015000000,66.155548096,0.030000001,0.000000000,-1.479621410,-1.851796150,-85.675224304,-3.156704426,-3.224998713,-14.110623360,0.000000000,0.000000000,0.000000000,0.000000000,0.000000000,0.000000000,0.000000000,0.000000000,0.000000000,0.000000000,0.000000000,0.000000000
1751979360.421495,21.018000000,66.155548096,0.030000001,0.000000000,-1.479621410,-1.838296652,-83.423500061,-3.156704426,-3.207001209,-11.762195587,0.000000000,0.000000000,0.000000000,0.000000000,0.000000000,0.000000000,0.000000000,0.000000000,0.000000000,0.000000000,0.000000000,0.000000000
1751979360.424076,21.020000000,66.155548096,0.030000001,0.000000000,-1.479621410,-1.838296652,-81.514686584,-3.156704426,-3.189000845,-9.410419464,0.000000000,0.000000000,0.000000000,0.000000000,0.000000000,0.000000000,0.000000000,0.000000000,0.000000000,0.000000000,0.000000000,0.000000000
1751979360.426658,21.023000000,66.155548096,0.030000001,0.000000000,-1.479621410,-1.824794412,-81.166450500,-3.156704426,-3.179999352,-7.977263927,0.000000000,0.000000000,0.000000000,0.000000000,0.000000000,0.000000000,0.000000000,0.000000000,0.000000000,0.000000000,0.000000000,0.000000000
1751979360.429375,21.026000000,66.155548096,0.030000001,0.000000000,-1.479621410,-1.824794412,-79.249862671,-3.156704426,-3.161998987,-5.636894703,0.000000000,0.000000000,0.000000000,0.000000000,0.000000000,0.000000000,0.000000000,0.000000000,0.000000000,0.000000000,0.000000000,0.000000000
1751979360.432024,21.028000000,66.155548096,0.030000001,0.000000000,-1.479621410,-1.811294794,-78.825241089,-3.156704426,-3.143998623,-3.276992559,0.000000000,0.000000000,0.000000000,0.000000000,0.000000000,0.000000000,0.000000000,0.000000000,0.000000000,0.000000000,0.000000000,0.000000000
1751979360.434727,21.031000000,66.069480896,0.030000001,0.000000000,-1.452933788,-1.811294794,-81.447532654,-3.117230177,-3.126001120,-6.163890839,0.000000000,0.000000000,0.000000000,0.000000000,0.000000000,0.000000000,0.000000000,0.000000000,0.000000000,0.000000000,0.000000000,0.000000000
1751979360.437666,21.034000000,66.069480896,0.030000001,0.000000000,-1.452933788,-1.797795296,-81.014778137,-3.117230177,-3.108000755,-3.795258760,0.000000000,0.000000000,0.000000000,0.000000000,0.000000000,0.000000000,0.000000000,0.000000000,0.000000000,0.000000000,0.000000000,0.000000000
1751979360.440684,21.037000000,66.069480896,0.030000001,0.000000000,-1.452933788,-1.797795296,-79.183578491,-3.117230177,-3.090000391,-1.361565351,0.000000000,0.000000000,0.000000000,0.000000000,0.000000000,0.000000000,0.000000000,0.000000000,0.000000000,0.000000000,0.000000000,0.000000000
1751979360.443359,21.040000000,66.030204773,0.030000001,0.000000000,-1.451809645,-1.797795296,-79.371658325,-3.057064056,-3.072000027,-6.977578163,0.000000000,0.000000000,0.000000000,0.000000000,0.000000000,0.000000000,0.000000000,0.000000000,0.000000000,0.000000000,0.000000000,0.000000000
1751979360.446077,21.042000000,66.030204773,0.030000001,0.000000000,-1.451809645,-1.797795296,-79.371803284,-3.057064056,-3.045001030,-3.684042454,0.000000000,0.000000000,0.000000000,0.000000000,0.000000000,0.000000000,0.000000000,0.000000000,0.000000000,0.000000000,0.000000000,0.000000000
1751979360.448665,21.045000000,66.030204773,0.030000001,0.000000000,-1.451809645,-1.797795296,-79.371948242,-3.057064056,-3.027000666,-1.291124940,0.000000000,0.000000000,0.000000000,0.000000000,0.000000000,0.000000000,0.000000000,0.000000000,0.000000000,0.000000000,0.000000000,0.000000000
1751979360.451243,21.048000000,65.906318665,0.030000001,0.000000000,-1.434755802,-1.797795296,-82.222953796,-3.007583857,-3.009000301,-5.499162674,0.000000000,0.000000000,0.000000000,0.000000000,0.000000000,0.000000000,0.000000000,0.000000000,0.000000000,0.000000000,0.000000000,0.000000000
1751979360.453853,21.050000000,65.906318665,0.030000001,0.000000000,-1.434755802,-1.797795296,-82.223106384,-3.007583857,-2.991000175,-3.119090319,0.000000000,0.000000000,0.000000000,0.000000000,0.000000000,0.000000000,0.000000000,0.000000000,0.000000000,0.000000000,0.000000000,0.000000000
1751979360.456599,21.053000000,65.906318665,0.030000001,0.000000000,-1.434755802,-1.797795296,-82.223258972,-3.007583857,-2.964000940,0.202445000,0.000000000,0.000000000,0.000000000,0.000000000,0.000000000,0.000000000,0.000000000,0.000000000,0.000000000,0.000000000,0.000000000,0.000000000
1751979360.459268,21.056000000,65.906318665,0.030000001,0.000000000,-1.434755802,-1.784295797,-81.769210815,-3.007583857,-2.946000576,2.638513803,0.000000000,0.000000000,0.000000000,0.000000000,0.000000000,0.000000000,0.000000000,0.000000000,0.000000000,0.000000000,0.000000000,0.000000000
1751979360.461989,21.058000000,65.906318665,0.030000001,0.000000000,-1.434755802,-1.784295797,-79.959396362,-3.007583857,-2.928000450,5.060382366,0.000000000,0.000000000,0.000000000,0.000000000,0.000000000,0.000000000,0.000000000,0.000000000,0.000000000,0.000000000,0.000000000,0.000000000
1751979360.464594,21.061000000,65.906318665,0.030000001,0.000000000,-1.434755802,-1.784295797,-79.959548950,-3.007583857,-2.910000086,7.475944519,0.000000000,0.000000000,0.000000000,0.000000000,0.000000000,0.000000000,0.000000000,0.000000000,0.000000000,0.000000000,0.000000000,0.000000000
1751979360.467176,21.064000000,65.800636292,0.030000001,0.000000000,-1.418707728,-1.784295797,-82.642196655,-2.958932877,-2.891999722,3.399859667,0.000000000,0.000000000,0.000000000,0.000000000,0.000000000,0.000000000,0.000000000,0.000000000,0.000000000,0.000000000,0.000000000,0.000000000
1751979360.469764,21.066000000,65.800636292,0.030000001,0.000000000,-1.418707728,-1.784295797,-82.642349243,-2.958932877,-2.865000725,6.724203110,0.000000000,0.000000000,0.000000000,0.000000000,0.000000000,0.000000000,0.000000000,0.000000000,0.000000000,0.000000000,0.000000000,0.000000000
1751979360.472364,21.069000000,65.800636292,0.030000001,0.000000000,-1.418707728,-1.770793438,-82.285903931,-2.958932877,-2.847000360,9.150239944,0.000000000,0.000000000,0.000000000,0.000000000,0.000000000,0.000000000,0.000000000,0.000000000,0.000000000,0.000000000,0.000000000,0.000000000
1751979360.474928,21.071000000,65.754203796,0.030000001,0.000000000,-1.394100904,-1.770793438,-84.490966797,-2.936273098,-2.828999996,8.553931236,0.000000000,0.000000000,0.000000000,0.000000000,0.000000000,0.000000000,0.000000000,0.000000000,0.000000000,0.000000000,0.000000000,0.000000000
1751979360.477635,21.074000000,65.754203796,0.030000001,0.000000000,-1.394100904,-1.757293940,-84.102157593,-2.936273098,-2.810999870,10.984229088,0.000000000,0.000000000,0.000000000,0.000000000,0.000000000,0.000000000,0.000000000,0.000000000,0.000000000,0.000000000,0.000000000,0.000000000
1751979360.480359,21.077000000,65.754203796,0.030000001,0.000000000,-1.394100904,-1.743794441,-81.798439026,-2.936273098,-2.792999506,13.422055244,0.000000000,0.000000000,0.000000000,0.000000000,0.000000000,0.000000000,0.000000000,0.000000000,0.000000000,0.000000000,0.000000000,0.000000000
1751979360.482935,21.079000000,65.682167053,0.030000001,0.000000000,-1.373759985,-1.730292082,-82.988075256,-2.872060776,-2.774999142,7.295774460,0.000000000,0.000000000,0.000000000,0.000000000,0.000000000,0.000000000,0.000000000,0.000000000,0.000000000,0.000000000,0.000000000,0.000000000
1751979360.485519,21.082000000,65.682167053,0.030000001,0.000000000,-1.373759985,-1.730292082,-81.099227905,-2.872060776,-2.748000145,10.636413574,0.000000000,0.000000000,0.000000000,0.000000000,0.000000000,0.000000000,0.000000000,0.000000000,0.000000000,0.000000000,0.000000000,0.000000000
1751979360.488123,21.084000000,65.682167053,0.030000001,0.000000000,-1.373759985,-1.703293085,-80.406105042,-2.872060776,-2.729999781,13.068695068,0.000000000,0.000000000,0.000000000,0.000000000,0.000000000,0.000000000,0.000000000,0.000000000,0.000000000,0.000000000,0.000000000,0.000000000
1751979360.490672,21.087000000,65.682167053,0.030000001,0.000000000,-1.373759985,-1.703293085,-76.573554993,-2.872060776,-2.711999416,15.500109673,0.000000000,0.000000000,0.000000000,0.000000000,0.000000000,0.000000000,0.000000000,0.000000000,0.000000000,0.000000000,0.000000000,0.000000000
1751979360.493251,21.090000000,65.682167053,0.030000001,0.000000000,-1.373759985,-1.703293085,-76.573684692,-2.872060776,-2.703000546,17.000362396,0.000000000,0.000000000,0.000000000,0.000000000,0.000000000,0.000000000,0.000000000,0.000000000,0.000000000,0.000000000,0.000000000,0.000000000
1751979360.495871,21.092000000,65.682167053,0.030000001,0.000000000,-1.373759985,-1.689793468,-76.220352173,-2.872060776,-2.675998688,20.322605133,0.000000000,0.000000000,0.000000000,0.000000000,0.000000000,0.000000000,0.000000000,0.000000000,0.000000000,0.000000000,0.000000000,0.000000000
1751979360.498531,21.095000000,65.484260559,0.030000001,0.000000000,-1.351330042,-1.689793468,-78.058662415,-2.788456202,-2.658001184,11.640740395,0.000000000,0.000000000,0.000000000,0.000000000,0.000000000,0.000000000,0.000000000,0.000000000,0.000000000,0.000000000,0.000000000,0.000000000
1751979360.501114,21.097000000,65.484260559,0.030000001,0.000000000,-1.351330042,-1.676291227,-77.701644897,-2.788456202,-2.648999691,13.136596680,0.000000000,0.000000000,0.000000000,0.000000000,0.000000000,0.000000000,0.000000000,0.000000000,0.000000000,0.000000000,0.000000000,0.000000000
1751979360.503691,21.100000000,65.484260559,0.030000001,0.000000000,-1.351330042,-1.662791729,-75.454895020,-2.788456202,-2.622000694,16.446155548,0.000000000,0.000000000,0.000000000,0.000000000,0.000000000,0.000000000,0.000000000,0.000000000,0.000000000,0.000000000,0.000000000,0.000000000
1751979360.506283,21.103000000,65.375762939,0.030000001,0.000000000,-1.341067791,-1.662791729,-75.248359680,-2.708179235,-2.604000330,8.183611870,0.000000000,0.000000000,0.000000000,0.000000000,0.000000000,0.000000000,0.000000000,0.000000000,0.000000000,0.000000000,0.000000000,0.000000000
1751979360.508857,21.105000000,65.375762939,0.030000001,0.000000000,-1.341067791,-1.662791729,-75.248489380,-2.708179235,-2.585999966,10.599169731,0.000000000,0.000000000,0.000000000,0.000000000,0.000000000,0.000000000,0.000000000,0.000000000,0.000000000,0.000000000,0.000000000,0.000000000
1751979360.511506,21.108000000,65.375762939,0.030000001,0.000000000,-1.341067791,-1.662791729,-75.248619080,-2.708179235,-2.559000969,13.934137344,0.000000000,0.000000000,0.000000000,0.000000000,0.000000000,0.000000000,0.000000000,0.000000000,0.000000000,0.000000000,0.000000000,0.000000000
1751979360.514208,21.111000000,65.375762939,0.030000001,0.000000000,-1.341067791,-1.662791729,-75.248756409,-2.708179235,-2.541000605,16.395603180,0.000000000,0.000000000,0.000000000,0.000000000,0.000000000,0.000000000,0.000000000,0.000000000,0.000000000,0.000000000,0.000000000,0.000000000
1751979360.516786,21.113000000,65.201629639,0.030000001,0.000000000,-1.297447801,-1.662791729,-82.534881592,-2.639847517,-2.523000240,9.750268936,0.000000000,0.000000000,0.000000000,0.000000000,0.000000000,0.000000000,0.000000000,0.000000000,0.000000000,0.000000000,0.000000000,0.000000000
1751979360.519389,21.116000000,65.201629639,0.030000001,0.000000000,-1.297447801,-1.649292111,-82.177947998,-2.639847517,-2.496001244,13.105263710,0.000000000,0.000000000,0.000000000,0.000000000,0.000000000,0.000000000,0.000000000,0.000000000,0.000000000,0.000000000,0.000000000,0.000000000
1751979360.521983,21.118000000,65.201629639,0.030000001,0.000000000,-1.297447801,-1.649292111,-80.272781372,-2.639847517,-2.468999386,16.481685638,0.000000000,0.000000000,0.000000000,0.000000000,0.000000000,0.000000000,0.000000000,0.000000000,0.000000000,0.000000000,0.000000000,0.000000000
1751979360.524576,21.121000000,65.201629639,0.030000001,0.000000000,-1.297447801,-1.649292111,-80.272926331,-2.639847517,-2.460000515,18.032112122,0.000000000,0.000000000,0.000000000,0.000000000,0.000000000,0.000000000,0.000000000,0.000000000,0.000000000,0.000000000,0.000000000,0.000000000
1751979360.527224,21.124000000,65.201629639,0.030000001,0.000000000,-1.297447801,-1.649292111,-80.273071289,-2.639847517,-2.450999022,19.545938492,0.000000000,0.000000000,0.000000000,0.000000000,0.000000000,0.000000000,0.000000000,0.000000000,0.000000000,0.000000000,0.000000000,0.000000000
1751979360.529857,21.126000000,65.201629639,0.030000001,0.000000000,-1.297447801,-1.649292111,-80.273216248,-2.639847517,-2.423999786,22.896697998,0.000000000,0.000000000,0.000000000,0.000000000,0.000000000,0.000000000,0.000000000,0.000000000,0.000000000,0.000000000,0.000000000,0.000000000
1751979360.532570,21.129000000,65.112319946,0.030000001,0.000000000,-1.284999371,-1.649292111,-82.352500916,-2.549024820,-2.405999660,13.258021355,0.000000000,0.000000000,0.000000000,0.000000000,0.000000000,0.000000000,0.000000000,0.000000000,0.000000000,0.000000000,0.000000000,0.000000000
1751979360.535381,21.132000000,65.112319946,0.030000001,0.000000000,-1.284999371,-1.649292111,-82.352661133,-2.549024820,-2.387999296,15.715000153,0.000000000,0.000000000,0.000000000,0.000000000,0.000000000,0.000000000,0.000000000,0.000000000,0.000000000,0.000000000,0.000000000,0.000000000
1751979360.538069,21.134000000,64.827484131,0.030000001,0.000000000,-1.253618717,-1.649292111,-87.594009399,-2.469833851,-2.361000061,8.582444191,0.000000000,0.000000000,0.000000000,0.000000000,0.000000000,0.000000000,0.000000000,0.000000000,0.000000000,0.000000000,0.000000000,0.000000000
1751979360.540723,21.137000000,64.827484131,0.030000001,0.000000000,-1.253618717,-1.649292111,-87.594177246,-2.469833851,-2.334001064,11.983058929,0.000000000,0.000000000,0.000000000,0.000000000,0.000000000,0.000000000,0.000000000,0.000000000,0.000000000,0.000000000,0.000000000,0.000000000
1751979360.543382,21.140000000,64.827484131,0.030000001,0.000000000,-1.253618717,-1.649292111,-87.594345093,-2.469833851,-2.324999571,13.522047997,0.000000000,0.000000000,0.000000000,0.000000000,0.000000000,0.000000000,0.000000000,0.000000000,0.000000000,0.000000000,0.000000000,0.000000000
1751979360.546015,21.142000000,64.827484131,0.030000001,0.000000000,-1.253618717,-1.635789871,-87.226203918,-2.469833851,-2.306999207,15.950651169,0.000000000,0.000000000,0.000000000,0.000000000,0.000000000,0.000000000,0.000000000,0.000000000,0.000000000,0.000000000,0.000000000,0.000000000
1751979360.548639,21.145000000,64.827484131,0.030000001,0.000000000,-1.253618717,-1.635789871,-85.331611633,-2.469833851,-2.288999081,18.388771057,0.000000000,0.000000000,0.000000000,0.000000000,0.000000000,0.000000000,0.000000000,0.000000000,0.000000000,0.000000000,0.000000000,0.000000000
1751979360.551244,21.148000000,64.827484131,0.030000001,0.000000000,-1.253618717,-1.635789871,-85.331764221,-2.469833851,-2.271001339,20.809104919,0.000000000,0.000000000,0.000000000,0.000000000,0.000000000,0.000000000,0.000000000,0.000000000,0.000000000,0.000000000,0.000000000,0.000000000
1751979360.553884,21.150000000,64.827484131,0.030000001,0.000000000,-1.253618717,-1.622290373,-84.961898804,-2.469833851,-2.271001339,21.370925903,0.000000000,0.000000000,0.000000000,0.000000000,0.000000000,0.000000000,0.000000000,0.000000000,0.000000000,0.000000000,0.000000000,0.000000000
1751979360.556494,21.153000000,64.586540222,0.030000001,0.000000000,-1.228612661,-1.622290373,-87.245681763,-2.396111012,-2.271001339,12.074537277,0.000000000,0.000000000,0.000000000,0.000000000,0.000000000,0.000000000,0.000000000,0.000000000,0.000000000,0.000000000,0.000000000,0.000000000
1751979360.559136,21.155000000,64.586540222,0.030000001,0.000000000,-1.228612661,-1.608790755,-86.870788574,-2.396111012,-2.235000610,16.245491028,0.000000000,0.000000000,0.000000000,0.000000000,0.000000000,0.000000000,0.000000000,0.000000000,0.000000000,0.000000000,0.000000000,0.000000000
1751979360.561850,21.158000000,64.586540222,0.030000001,0.000000000,-1.228612661,-1.608790755,-84.983772278,-2.396111012,-2.199000120,20.468002319,0.000000000,0.000000000,0.000000000,0.000000000,0.000000000,0.000000000,0.000000000,0.000000000,0.000000000,0.000000000,0.000000000,0.000000000
1751979360.564484,21.161000000,64.423995972,0.030000001,0.000000000,-1.226195455,-1.608790755,-85.387565613,-2.316470861,-2.199000120,10.452946663,0.000000000,0.000000000,0.000000000,0.000000000,0.000000000,0.000000000,0.000000000,0.000000000,0.000000000,0.000000000,0.000000000,0.000000000
1751979360.567068,21.163000000,64.423995972,0.030000001,0.000000000,-1.226195455,-1.608790755,-85.387718201,-2.316470861,-2.190001249,11.896765709,0.000000000,0.000000000,0.000000000,0.000000000,0.000000000,0.000000000,0.000000000,0.000000000,0.000000000,0.000000000,0.000000000,0.000000000
1751979360.569668,21.166000000,64.423995972,0.030000001,0.000000000,-1.226195455,-1.595291138,-85.033493042,-2.316470861,-2.162999630,15.166321754,0.000000000,0.000000000,0.000000000,0.000000000,0.000000000,0.000000000,0.000000000,0.000000000,0.000000000,0.000000000,0.000000000,0.000000000
1751979360.572271,21.169000000,64.423995972,0.030000001,0.000000000,-1.226195455,-1.595291138,-83.126136780,-2.316470861,-2.154000759,16.617071152,0.000000000,0.000000000,0.000000000,0.000000000,0.000000000,0.000000000,0.000000000,0.000000000,0.000000000,0.000000000,0.000000000,0.000000000
1751979360.574883,21.171000000,64.423995972,0.030000001,0.000000000,-1.226195455,-1.595291138,-83.126289368,-2.316470861,-2.154000759,17.115438461,0.000000000,0.000000000,0.000000000,0.000000000,0.000000000,0.000000000,0.000000000,0.000000000,0.000000000,0.000000000,0.000000000,0.000000000
1751979360.577485,21.174000000,64.423995972,0.030000001,0.000000000,-1.226195455,-1.595291138,-83.126441956,-2.316470861,-2.136000395,19.418401718,0.000000000,0.000000000,0.000000000,0.000000000,0.000000000,0.000000000,0.000000000,0.000000000,0.000000000,0.000000000,0.000000000,0.000000000
1751979360.580224,21.177000000,64.309280396,0.030000001,0.000000000,-1.216989756,-1.595291138,-84.663635254,-2.219643354,-2.126998901,7.936198711,0.000000000,0.000000000,0.000000000,0.000000000,0.000000000,0.000000000,0.000000000,0.000000000,0.000000000,0.000000000,0.000000000,0.000000000
1751979360.582925,21.179000000,64.309280396,0.030000001,0.000000000,-1.216989756,-1.595291138,-84.663787842,-2.219643354,-2.118000031,9.302932739,0.000000000,0.000000000,0.000000000,0.000000000,0.000000000,0.000000000,0.000000000,0.000000000,0.000000000,0.000000000,0.000000000,0.000000000
1751979360.585625,21.182000000,64.309280396,0.030000001,0.000000000,-1.216989756,-1.595291138,-84.663955688,-2.219643354,-2.109001160,10.667771339,0.000000000,0.000000000,0.000000000,0.000000000,0.000000000,0.000000000,0.000000000,0.000000000,0.000000000,0.000000000,0.000000000,0.000000000
1751979360.588210,21.185000000,64.218597412,0.030000001,0.000000000,-1.207077026,-1.595291138,-86.319198608,-2.117185116,-2.099999905,-1.618103623,0.000000000,0.000000000,0.000000000,0.000000000,0.000000000,0.000000000,0.000000000,0.000000000,0.000000000,0.000000000,0.000000000,0.000000000
1751979360.590810,21.187000000,64.218597412,0.030000001,0.000000000,-1.207077026,-1.608790755,-86.684226990,-2.117185116,-2.091001034,-0.299399614,0.000000000,0.000000000,0.000000000,0.000000000,0.000000000,0.000000000,0.000000000,0.000000000,0.000000000,0.000000000,0.000000000,0.000000000
1751979360.593394,21.190000000,64.218597412,0.030000001,0.000000000,-1.207077026,-1.608790755,-88.581680298,-2.117185116,-2.081999540,1.005186677,0.000000000,0.000000000,0.000000000,0.000000000,0.000000000,0.000000000,0.000000000,0.000000000,0.000000000,0.000000000,0.000000000,0.000000000
1751979360.596013,21.192000000,64.109367371,0.030000001,0.000000000,-1.181282759,-1.608790755,-92.888946533,-2.019102812,-2.081999540,-11.667145729,0.000000000,0.000000000,0.000000000,0.000000000,0.000000000,0.000000000,0.000000000,0.000000000,0.000000000,0.000000000,0.000000000,0.000000000
1751979360.598627,21.195000000,64.109367371,0.030000001,0.000000000,-1.181282759,-1.595291138,-92.512359619,-2.019102812,-2.073000669,-10.407319069,0.000000000,0.000000000,0.000000000,0.000000000,0.000000000,0.000000000,0.000000000,0.000000000,0.000000000,0.000000000,0.000000000,0.000000000
1751979360.601233,21.198000000,64.109367371,0.030000001,0.000000000,-1.181282759,-1.595291138,-90.626792908,-2.019102812,-2.063999176,-9.155097008,0.000000000,0.000000000,0.000000000,0.000000000,0.000000000,0.000000000,0.000000000,0.000000000,0.000000000,0.000000000,0.000000000,0.000000000
1751979360.603860,21.200000000,64.109367371,0.030000001,0.000000000,-1.181282759,-1.595291138,-90.626968384,-2.019102812,-2.063999176,-8.836438179,0.000000000,0.000000000,0.000000000,0.000000000,0.000000000,0.000000000,0.000000000,0.000000000,0.000000000,0.000000000,0.000000000,0.000000000
1751979360.606447,21.203000000,64.109367371,0.030000001,0.000000000,-1.181282759,-1.595291138,-90.627136230,-2.019102812,-2.063999176,-8.549645424,0.000000000,0.000000000,0.000000000,0.000000000,0.000000000,0.000000000,0.000000000,0.000000000,0.000000000,0.000000000,0.000000000,0.000000000
1751979360.609046,21.205000000,64.109367371,0.030000001,0.000000000,-1.181282759,-1.595291138,-90.627304077,-2.019102812,-2.063999176,-8.291531563,0.000000000,0.000000000,0.000000000,0.000000000,0.000000000,0.000000000,0.000000000,0.000000000,0.000000000,0.000000000,0.000000000,0.000000000
1751979360.611738,21.208000000,63.919036865,0.030000001,0.000000000,-1.144267440,-1.595291138,-96.807762146,-1.938901305,-2.063999176,-18.721191406,0.000000000,0.000000000,0.000000000,0.000000000,0.000000000,0.000000000,0.000000000,0.000000000,0.000000000,0.000000000,0.000000000,0.000000000
1751979360.614373,21.211000000,63.919036865,0.030000001,0.000000000,-1.144267440,-1.595291138,-96.807952881,-1.938901305,-2.055000305,-17.576135635,0.000000000,0.000000000,0.000000000,0.000000000,0.000000000,0.000000000,0.000000000,0.000000000,0.000000000,0.000000000,0.000000000,0.000000000
1751979360.616984,21.213000000,63.919036865,0.030000001,0.000000000,-1.144267440,-1.581789017,-96.440551758,-1.938901305,-2.055000305,-17.361791611,0.000000000,0.000000000,0.000000000,0.000000000,0.000000000,0.000000000,0.000000000,0.000000000,0.000000000,0.000000000,0.000000000,0.000000000
1751979360.619620,21.216000000,63.770145416,0.030000001,0.000000000,-1.113504767,-1.581789017,-99.681175232,-1.828979850,-2.055000305,-31.781410217,0.000000000,0.000000000,0.000000000,0.000000000,0.000000000,0.000000000,0.000000000,0.000000000,0.000000000,0.000000000,0.000000000,0.000000000
1751979360.622225,21.219000000,63.770145416,0.030000001,0.000000000,-1.113504767,-1.581789017,-99.681365967,-1.828979850,-2.045998812,-30.679458618,0.000000000,0.000000000,0.000000000,0.000000000,0.000000000,0.000000000,0.000000000,0.000000000,0.000000000,0.000000000,0.000000000,0.000000000
1751979360.624850,21.221000000,63.770145416,0.030000001,0.000000000,-1.113504767,-1.554789782,-98.945327759,-1.828979850,-2.018999815,-27.710208893,0.000000000,0.000000000,0.000000000,0.000000000,0.000000000,0.000000000,0.000000000,0.000000000,0.000000000,0.000000000,0.000000000,0.000000000
1751979360.627508,21.224000000,63.592967987,0.030000001,0.000000000,-1.077556252,-1.554789782,-101.157455444,-1.728186011,-2.000999451,-39.000587463,0.000000000,0.000000000,0.000000000,0.000000000,0.000000000,0.000000000,0.000000000,0.000000000,0.000000000,0.000000000,0.000000000,0.000000000
1751979360.630273,21.227000000,63.592967987,0.030000001,0.000000000,-1.077556252,-1.541287661,-100.751205444,-1.728186011,-1.992000580,-37.792133331,0.000000000,0.000000000,0.000000000,0.000000000,0.000000000,0.000000000,0.000000000,0.000000000,0.000000000,0.000000000,0.000000000,0.000000000
1751979360.632974,21.229000000,63.592967987,0.030000001,0.000000000,-1.077556252,-1.527788043,-98.442886353,-1.728186011,-1.974000335,-35.637802124,0.000000000,0.000000000,0.000000000,0.000000000,0.000000000,0.000000000,0.000000000,0.000000000,0.000000000,0.000000000,0.000000000,0.000000000
1751979360.635606,21.232000000,63.592967987,0.030000001,0.000000000,-1.077556252,-1.527788043,-96.633102417,-1.728186011,-1.974000335,-35.341167450,0.000000000,0.000000000,0.000000000,0.000000000,0.000000000,0.000000000,0.000000000,0.000000000,0.000000000,0.000000000,0.000000000,0.000000000
1751979360.638173,21.235000000,63.592967987,0.030000001,0.000000000,-1.077556252,-1.527788043,-96.633285522,-1.728186011,-1.964998841,-34.145973206,0.000000000,0.000000000,0.000000000,0.000000000,0.000000000,0.000000000,0.000000000,0.000000000,0.000000000,0.000000000,0.000000000,0.000000000
1751979360.640846,21.237000000,63.592967987,0.030000001,0.000000000,-1.077556252,-1.527788043,-96.633468628,-1.728186011,-1.937999725,-31.096014023,0.000000000,0.000000000,0.000000000,0.000000000,0.000000000,0.000000000,0.000000000,0.000000000,0.000000000,0.000000000,0.000000000,0.000000000
1751979360.643459,21.240000000,63.449192047,0.030000001,0.000000000,-1.053974390,-1.527788043,-100.569427490,-1.589669347,-1.919999361,-47.323661804,0.000000000,0.000000000,0.000000000,0.000000000,0.000000000,0.000000000,0.000000000,0.000000000,0.000000000,0.000000000,0.000000000,0.000000000
1751979360.646175,21.243000000,63.449192047,0.030000001,0.000000000,-1.053974390,-1.527788043,-100.569633484,-1.589669347,-1.893000364,-44.165084839,0.000000000,0.000000000,0.000000000,0.000000000,0.000000000,0.000000000,0.000000000,0.000000000,0.000000000,0.000000000,0.000000000,0.000000000
1751979360.648750,21.245000000,63.449192047,0.030000001,0.000000000,-1.053974390,-1.527788043,-100.569831848,-1.589669347,-1.848000884,-39.123409271,0.000000000,0.000000000,0.000000000,0.000000000,0.000000000,0.000000000,0.000000000,0.000000000,0.000000000,0.000000000,0.000000000,0.000000000
1751979360.651350,21.248000000,63.259788513,0.030000001,0.000000000,-0.989711463,-1.527788043,-111.295394897,-1.451588988,-1.848000884,-56.994121552,0.000000000,0.000000000,0.000000000,0.000000000,0.000000000,0.000000000,0.000000000,0.000000000,0.000000000,0.000000000,0.000000000,0.000000000
1751979360.653945,21.250000000,63.259788513,0.030000001,0.000000000,-0.989711463,-1.487286687,-110.252586365,-1.451588988,-1.820999146,-53.780414581,0.000000000,0.000000000,0.000000000,0.000000000,0.000000000,0.000000000,0.000000000,0.000000000,0.000000000,0.000000000,0.000000000,0.000000000
1751979360.656531,21.253000000,63.259788513,0.030000001,0.000000000,-0.989711463,-1.433285713,-103.119255066,-1.451588988,-1.767000914,-47.747917175,0.000000000,0.000000000,0.000000000,0.000000000,0.000000000,0.000000000,0.000000000,0.000000000,0.000000000,0.000000000,0.000000000,0.000000000
1751979360.659131,21.256000000,63.038616180,0.030000001,0.000000000,-0.936283708,-1.433285713,-104.374465942,-1.346795797,-1.757999420,-60.158405304,0.000000000,0.000000000,0.000000000,0.000000000,0.000000000,0.000000000,0.000000000,0.000000000,0.000000000,0.000000000,0.000000000,0.000000000
1751979360.661782,21.258000000,63.038616180,0.030000001,0.000000000,-0.936283708,-1.433285713,-104.374671936,-1.346795797,-1.731000185,-56.815296173,0.000000000,0.000000000,0.000000000,0.000000000,0.000000000,0.000000000,0.000000000,0.000000000,0.000000000,0.000000000,0.000000000,0.000000000
1751979360.664437,21.261000000,63.038616180,0.030000001,0.000000000,-0.936283708,-1.419786215,-103.977569580,-1.346795797,-1.668000460,-49.698352814,0.000000000,0.000000000,0.000000000,0.000000000,0.000000000,0.000000000,0.000000000,0.000000000,0.000000000,0.000000000,0.000000000,0.000000000
1751979360.667011,21.263000000,63.038616180,0.030000001,0.000000000,-0.936283708,-1.406283975,-101.754188538,-1.346795797,-1.650000215,-47.136657715,0.000000000,0.000000000,0.000000000,0.000000000,0.000000000,0.000000000,0.000000000,0.000000000,0.000000000,0.000000000,0.000000000,0.000000000
1751979360.669599,21.266000000,63.038616180,0.030000001,0.000000000,-0.936283708,-1.406283975,-99.853080750,-1.346795797,-1.605000734,-41.819446564,0.000000000,0.000000000,0.000000000,0.000000000,0.000000000,0.000000000,0.000000000,0.000000000,0.000000000,0.000000000,0.000000000,0.000000000
1751979360.673826,21.270000000,63.038616180,0.030000001,0.000000000,-0.936283708,-1.406283975,-99.853393555,-1.346795797,-1.577998996,-37.970912933,0.000000000,0.000000000,0.000000000,0.000000000,0.000000000,0.000000000,0.000000000,0.000000000,0.000000000,0.000000000,0.000000000,0.000000000
1751979360.676485,21.273000000,62.787509918,0.030000001,0.000000000,-0.875415504,-1.392784357,-109.649131775,-1.216643810,-1.524000764,-48.957405090,0.000000000,0.000000000,0.000000000,0.000000000,0.000000000,0.000000000,0.000000000,0.000000000,0.000000000,0.000000000,0.000000000,0.000000000
1751979360.679123,21.275000000,62.787509918,0.030000001,0.000000000,-0.875415504,-1.379284859,-107.348396301,-1.216643810,-1.469999790,-42.534904480,0.000000000,0.000000000,0.000000000,0.000000000,0.000000000,0.000000000,0.000000000,0.000000000,0.000000000,0.000000000,0.000000000,0.000000000
1751979360.681923,21.278000000,62.787509918,0.030000001,0.000000000,-0.875415504,-1.365785360,-105.066001892,-1.216643810,-1.425000429,-36.955028534,0.000000000,0.000000000,0.000000000,0.000000000,0.000000000,0.000000000,0.000000000,0.000000000,0.000000000,0.000000000,0.000000000,0.000000000
1751979360.684604,21.281000000,62.491340637,0.030000001,0.000000000,-0.833575130,-1.352283001,-109.727272034,-1.106747746,-1.407000065,-48.727985382,0.000000000,0.000000000,0.000000000,0.000000000,0.000000000,0.000000000,0.000000000,0.000000000,0.000000000,0.000000000,0.000000000,0.000000000
1751979360.687190,21.284000000,62.491340637,0.030000001,0.000000000,-0.833575130,-1.325284004,-107.164352417,-1.106747746,-1.352999210,-42.237987518,0.000000000,0.000000000,0.000000000,0.000000000,0.000000000,0.000000000,0.000000000,0.000000000,0.000000000,0.000000000,0.000000000,0.000000000
1751979360.689766,21.286000000,62.491340637,0.030000001,0.000000000,-0.833575130,-1.271283031,-102.042259216,-1.106747746,-1.299000978,-35.715282440,0.000000000,0.000000000,0.000000000,0.000000000,0.000000000,0.000000000,0.000000000,0.000000000,0.000000000,0.000000000,0.000000000,0.000000000
1751979360.692382,21.289000000,62.491340637,0.030000001,0.000000000,-0.833575130,-1.257780790,-94.031921387,-1.106747746,-1.289999485,-33.766960144,0.000000000,0.000000000,0.000000000,0.000000000,0.000000000,0.000000000,0.000000000,0.000000000,0.000000000,0.000000000,0.000000000,0.000000000
1751979360.695006,21.291000000,62.491340637,0.030000001,0.000000000,-0.833575130,-1.257780790,-92.124214172,-1.106747746,-1.263000369,-30.034694672,0.000000000,0.000000000,0.000000000,0.000000000,0.000000000,0.000000000,0.000000000,0.000000000,0.000000000,0.000000000,0.000000000,0.000000000
1751979360.697546,21.294000000,62.264457703,0.030000001,0.000000000,-0.794693828,-1.257780790,-98.603111267,-0.968075752,-1.218000889,-42.856678009,0.000000000,0.000000000,0.000000000,0.000000000,0.000000000,0.000000000,0.000000000,0.000000000,0.000000000,0.000000000,0.000000000,0.000000000
1751979360.700160,21.297000000,62.264457703,0.030000001,0.000000000,-0.794693828,-1.244281292,-98.286186218,-0.968075752,-1.164000034,-36.338031769,0.000000000,0.000000000,0.000000000,0.000000000,0.000000000,0.000000000,0.000000000,0.000000000,0.000000000,0.000000000,0.000000000,0.000000000
1751979360.702789,21.299000000,62.264457703,0.030000001,0.000000000,-0.794693828,-1.217279434,-95.596961975,-0.968075752,-1.127999425,-31.573448181,0.000000000,0.000000000,0.000000000,0.000000000,0.000000000,0.000000000,0.000000000,0.000000000,0.000000000,0.000000000,0.000000000,0.000000000
1751979360.705382,21.302000000,62.264457703,0.030000001,0.000000000,-0.794693828,-1.203779936,-91.466842651,-0.968075752,-1.119000673,-29.607545853,0.000000000,0.000000000,0.000000000,0.000000000,0.000000000,0.000000000,0.000000000,0.000000000,0.000000000,0.000000000,0.000000000,0.000000000
1751979360.707977,21.304000000,62.036392212,0.030000001,0.000000000,-0.732400954,-1.203779936,-99.949028015,-0.859326124,-1.091998816,-40.295566559,0.000000000,0.000000000,0.000000000,0.000000000,0.000000000,0.000000000,0.000000000,0.000000000,0.000000000,0.000000000,0.000000000,0.000000000
1751979360.710643,21.307000000,62.036392212,0.030000001,0.000000000,-0.732400954,-1.203779936,-99.949218750,-0.859326124,-1.046999454,-34.705902100,0.000000000,0.000000000,0.000000000,0.000000000,0.000000000,0.000000000,0.000000000,0.000000000,0.000000000,0.000000000,0.000000000,0.000000000
1751979360.713248,21.310000000,62.036392212,0.030000001,0.000000000,-0.732400954,-1.190280318,-99.569664001,-0.859326124,-1.001999974,-29.054918289,0.000000000,0.000000000,0.000000000,0.000000000,0.000000000,0.000000000,0.000000000,0.000000000,0.000000000,0.000000000,0.000000000,0.000000000
1751979360.715828,21.312000000,61.636928558,0.030000001,0.000000000,-0.651714623,-1.163278580,-110.397727966,-0.706564307,-0.993001163,-47.380470276,0.000000000,0.000000000,0.000000000,0.000000000,0.000000000,0.000000000,0.000000000,0.000000000,0.000000000,0.000000000,0.000000000,0.000000000
1751979360.718406,21.315000000,61.636928558,0.030000001,0.000000000,-0.651714623,-1.122777224,-105.605224609,-0.706564307,-0.939000249,-40.873580933,0.000000000,0.000000000,0.000000000,0.000000000,0.000000000,0.000000000,0.000000000,0.000000000,0.000000000,0.000000000,0.000000000,0.000000000
1751979360.720989,21.317000000,61.636928558,0.030000001,0.000000000,-0.651714623,-1.109277606,-99.500961304,-0.706564307,-0.902999640,-36.153450012,0.000000000,0.000000000,0.000000000,0.000000000,0.000000000,0.000000000,0.000000000,0.000000000,0.000000000,0.000000000,0.000000000,0.000000000
1751979360.723597,21.320000000,61.636928558,0.030000001,0.000000000,-0.651714623,-1.109277606,-97.586273193,-0.706564307,-0.902999640,-35.143939972,0.000000000,0.000000000,0.000000000,0.000000000,0.000000000,0.000000000,0.000000000,0.000000000,0.000000000,0.000000000,0.000000000,0.000000000
1751979360.726204,21.323000000,61.636928558,0.030000001,0.000000000,-0.651714623,-1.095777988,-97.238525391,-0.706564307,-0.866999030,-30.515789032,0.000000000,0.000000000,0.000000000,0.000000000,0.000000000,0.000000000,0.000000000,0.000000000,0.000000000,0.000000000,0.000000000,0.000000000
1751979360.728932,21.325000000,61.636928558,0.030000001,0.000000000,-0.651714623,-1.095777988,-95.330474854,-0.706564307,-0.839999914,-26.789724350,0.000000000,0.000000000,0.000000000,0.000000000,0.000000000,0.000000000,0.000000000,0.000000000,0.000000000,0.000000000,0.000000000,0.000000000
1751979360.731525,21.328000000,61.433834076,0.030000001,0.000000000,-0.599708557,-1.095777988,-103.987915039,-0.593104541,-0.821999609,-39.054157257,0.000000000,0.000000000,0.000000000,0.000000000,0.000000000,0.000000000,0.000000000,0.000000000,0.000000000,0.000000000,0.000000000,0.000000000
1751979360.734175,21.331000000,61.433834076,0.030000001,0.000000000,-0.599708557,-1.082275867,-103.631019592,-0.593104541,-0.777000189,-33.527801514,0.000000000,0.000000000,0.000000000,0.000000000,0.000000000,0.000000000,0.000000000,0.000000000,0.000000000,0.000000000,0.000000000,0.000000000
1751979360.736730,21.333000000,61.433834076,0.030000001,0.000000000,-0.599708557,-1.068776250,-101.363876343,-0.593104541,-0.740999579,-28.882095337,0.000000000,0.000000000,0.000000000,0.000000000,0.000000000,0.000000000,0.000000000,0.000000000,0.000000000,0.000000000,0.000000000,0.000000000
1751979360.739346,21.336000000,61.336204529,0.030000001,0.000000000,-0.542192698,-1.068776250,-109.048355103,-0.499008238,-0.722999275,-38.574016571,0.000000000,0.000000000,0.000000000,0.000000000,0.000000000,0.000000000,0.000000000,0.000000000,0.000000000,0.000000000,0.000000000,0.000000000
1751979360.741935,21.338000000,61.336204529,0.030000001,0.000000000,-0.542192698,-1.055276632,-108.695869446,-0.499008238,-0.686998665,-33.962455750,0.000000000,0.000000000,0.000000000,0.000000000,0.000000000,0.000000000,0.000000000,0.000000000,0.000000000,0.000000000,0.000000000,0.000000000
1751979360.744570,21.341000000,61.336204529,0.030000001,0.000000000,-0.542192698,-1.028274894,-106.063140869,-0.499008238,-0.651000738,-29.328550339,0.000000000,0.000000000,0.000000000,0.000000000,0.000000000,0.000000000,0.000000000,0.000000000,0.000000000,0.000000000,0.000000000,0.000000000
1751979360.747208,21.344000000,61.140502930,0.030000001,0.000000000,-0.475765079,-1.001275778,-112.608459473,-0.403643370,-0.623998940,-38.258659363,0.000000000,0.000000000,0.000000000,0.000000000,0.000000000,0.000000000,0.000000000,0.000000000,0.000000000,0.000000000,0.000000000,0.000000000
1751979360.749784,21.346000000,61.140502930,0.030000001,0.000000000,-0.475765079,-0.974273980,-108.121040344,-0.403643370,-0.596999824,-34.561897278,0.000000000,0.000000000,0.000000000,0.000000000,0.000000000,0.000000000,0.000000000,0.000000000,0.000000000,0.000000000,0.000000000,0.000000000
1751979360.752361,21.349000000,61.140502930,0.030000001,0.000000000,-0.475765079,-0.933772624,-103.289039612,-0.403643370,-0.552000403,-29.021398544,0.000000000,0.000000000,0.000000000,0.000000000,0.000000000,0.000000000,0.000000000,0.000000000,0.000000000,0.000000000,0.000000000,0.000000000
1751979360.754977,21.351000000,61.140502930,0.030000001,0.000000000,-0.475765079,-0.920273066,-97.201629639,-0.403643370,-0.525001287,-25.295034409,0.000000000,0.000000000,0.000000000,0.000000000,0.000000000,0.000000000,0.000000000,0.000000000,0.000000000,0.000000000,0.000000000,0.000000000
1751979360.757554,21.354000000,61.140502930,0.030000001,0.000000000,-0.475765079,-0.920273066,-95.292839050,-0.403643370,-0.497999489,-21.582283020,0.000000000,0.000000000,0.000000000,0.000000000,0.000000000,0.000000000,0.000000000,0.000000000,0.000000000,0.000000000,0.000000000,0.000000000
1751979360.760157,21.357000000,61.140502930,0.030000001,0.000000000,-0.475765079,-0.893271267,-94.626602173,-0.403643370,-0.471000373,-17.889461517,0.000000000,0.000000000,0.000000000,0.000000000,0.000000000,0.000000000,0.000000000,0.000000000,0.000000000,0.000000000,0.000000000,0.000000000
1751979360.762839,21.359000000,60.919940948,0.030000001,0.000000000,-0.418114573,-0.893271267,-100.371444702,-0.303084821,-0.434999764,-26.580495834,0.000000000,0.000000000,0.000000000,0.000000000,0.000000000,0.000000000,0.000000000,0.000000000,0.000000000,0.000000000,0.000000000,0.000000000
1751979360.765437,21.362000000,60.919940948,0.030000001,0.000000000,-0.418114573,-0.893271267,-100.371650696,-0.303084821,-0.408000648,-22.862609863,0.000000000,0.000000000,0.000000000,0.000000000,0.000000000,0.000000000,0.000000000,0.000000000,0.000000000,0.000000000,0.000000000,0.000000000
1751979360.768028,21.364000000,60.919940948,0.030000001,0.000000000,-0.418114573,-0.879771709,-100.028816223,-0.303084821,-0.380998850,-19.175516129,0.000000000,0.000000000,0.000000000,0.000000000,0.000000000,0.000000000,0.000000000,0.000000000,0.000000000,0.000000000,0.000000000,0.000000000
1751979360.770692,21.367000000,60.825321198,0.030000001,0.000000000,-0.381598532,-0.866272151,-103.835205078,-0.204212099,-0.345000923,-27.664823532,0.000000000,0.000000000,0.000000000,0.000000000,0.000000000,0.000000000,0.000000000,0.000000000,0.000000000,0.000000000,0.000000000,0.000000000
1751979360.773263,21.370000000,60.825321198,0.030000001,0.000000000,-0.381598532,-0.852772593,-101.584350586,-0.204212099,-0.317999125,-23.968034744,0.000000000,0.000000000,0.000000000,0.000000000,0.000000000,0.000000000,0.000000000,0.000000000,0.000000000,0.000000000,0.000000000,0.000000000
1751979360.775973,21.372000000,60.825321198,0.030000001,0.000000000,-0.381598532,-0.812271237,-98.548240662,-0.204212099,-0.282001197,-19.338237762,0.000000000,0.000000000,0.000000000,0.000000000,0.000000000,0.000000000,0.000000000,0.000000000,0.000000000,0.000000000,0.000000000,0.000000000
1751979360.778771,21.375000000,60.825321198,0.030000001,0.000000000,-0.381598532,-0.785269439,-92.077819824,-0.204212099,-0.254999399,-15.609959602,0.000000000,0.000000000,0.000000000,0.000000000,0.000000000,0.000000000,0.000000000,0.000000000,0.000000000,0.000000000,0.000000000,0.000000000
1751979360.781393,21.378000000,60.825321198,0.030000001,0.000000000,-0.381598532,-0.758267641,-87.472274780,-0.204212099,-0.228000283,-11.875955582,0.000000000,0.000000000,0.000000000,0.000000000,0.000000000,0.000000000,0.000000000,0.000000000,0.000000000,0.000000000,0.000000000,0.000000000
1751979360.783933,21.380000000,60.825321198,0.030000001,0.000000000,-0.381598532,-0.744768083,-83.596061707,-0.204212099,-0.201001167,-8.219412804,0.000000000,0.000000000,0.000000000,0.000000000,0.000000000,0.000000000,0.000000000,0.000000000,0.000000000,0.000000000,0.000000000,0.000000000
1751979360.786535,21.383000000,60.796413422,0.030000001,0.000000000,-0.346498758,-0.744768083,-87.500030518,-0.089339428,-0.183000863,-20.714929581,0.000000000,0.000000000,0.000000000,0.000000000,0.000000000,0.000000000,0.000000000,0.000000000,0.000000000,0.000000000,0.000000000,0.000000000
1751979360.789137,21.386000000,60.796413422,0.030000001,0.000000000,-0.346498758,-0.731268525,-87.148498535,-0.089339428,-0.155999064,-17.087369919,0.000000000,0.000000000,0.000000000,0.000000000,0.000000000,0.000000000,0.000000000,0.000000000,0.000000000,0.000000000,0.000000000,0.000000000
1751979360.791713,21.388000000,60.796413422,0.030000001,0.000000000,-0.346498758,-0.731268525,-85.249923706,-0.089339428,-0.120001137,-12.532647133,0.000000000,0.000000000,0.000000000,0.000000000,0.000000000,0.000000000,0.000000000,0.000000000,0.000000000,0.000000000,0.000000000,0.000000000
1751979360.794355,21.391000000,60.517543793,0.030000001,0.000000000,-0.283981889,-0.731268525,-95.634231567,0.039416101,-0.102000833,-26.878446579,0.000000000,0.000000000,0.000000000,0.000000000,0.000000000,0.000000000,0.000000000,0.000000000,0.000000000,0.000000000,0.000000000,0.000000000
1751979360.796982,21.393000000,60.517543793,0.030000001,0.000000000,-0.283981889,-0.717768967,-95.254287720,0.039416101,-0.084000528,-24.190874100,0.000000000,0.000000000,0.000000000,0.000000000,0.000000000,0.000000000,0.000000000,0.000000000,0.000000000,0.000000000,0.000000000,0.000000000
1751979360.799560,21.396000000,60.517543793,0.030000001,0.000000000,-0.283981889,-0.677267611,-92.375473022,0.039416101,-0.039001107,-18.755500793,0.000000000,0.000000000,0.000000000,0.000000000,0.000000000,0.000000000,0.000000000,0.000000000,0.000000000,0.000000000,0.000000000,0.000000000
1751979360.802190,21.399000000,60.517543793,0.030000001,0.000000000,-0.283981889,-0.663765371,-86.289360046,0.039416101,-0.021000803,-16.055612564,0.000000000,0.000000000,0.000000000,0.000000000,0.000000000,0.000000000,0.000000000,0.000000000,0.000000000,0.000000000,0.000000000,0.000000000
1751979360.804859,21.401000000,60.517543793,0.030000001,0.000000000,-0.283981889,-0.650265813,-84.029113770,0.039416101,-0.003000498,-13.384275436,0.000000000,0.000000000,0.000000000,0.000000000,0.000000000,0.000000000,0.000000000,0.000000000,0.000000000,0.000000000,0.000000000,0.000000000
1751979360.807594,21.404000000,60.517543793,0.030000001,0.000000000,-0.283981889,-0.650265813,-82.134170532,0.039416101,0.024001300,-9.783057213,0.000000000,0.000000000,0.000000000,0.000000000,0.000000000,0.000000000,0.000000000,0.000000000,0.000000000,0.000000000,0.000000000,0.000000000
1751979360.810399,21.407000000,60.517543793,0.030000001,0.000000000,-0.283981889,-0.623266697,-81.240074158,0.039416101,0.059999228,-5.238901615,0.000000000,0.000000000,0.000000000,0.000000000,0.000000000,0.000000000,0.000000000,0.000000000,0.000000000,0.000000000,0.000000000,0.000000000
1751979360.813175,21.409000000,60.435371399,0.030000001,0.000000000,-0.222186923,-0.623266697,-87.894973755,0.183755755,0.077999532,-21.664562225,0.000000000,0.000000000,0.000000000,0.000000000,0.000000000,0.000000000,0.000000000,0.000000000,0.000000000,0.000000000,0.000000000,0.000000000
1751979360.815937,21.412000000,60.435371399,0.030000001,0.000000000,-0.222186923,-0.609764457,-87.446327209,0.183755755,0.114000142,-17.128412247,0.000000000,0.000000000,0.000000000,0.000000000,0.000000000,0.000000000,0.000000000,0.000000000,0.000000000,0.000000000,0.000000000,0.000000000
1751979360.818659,21.415000000,60.287918091,0.030000001,0.000000000,-0.132002562,-0.609764457,-100.614845276,0.365110844,0.158999562,-35.640029907,0.000000000,0.000000000,0.000000000,0.000000000,0.000000000,0.000000000,0.000000000,0.000000000,0.000000000,0.000000000,0.000000000,0.000000000
1751979360.821447,21.418000000,60.287918091,0.030000001,0.000000000,-0.132002562,-0.582765341,-99.708427429,0.365110844,0.195000172,-31.035106659,0.000000000,0.000000000,0.000000000,0.000000000,0.000000000,0.000000000,0.000000000,0.000000000,0.000000000,0.000000000,0.000000000,0.000000000
1751979360.824203,21.420000000,60.287918091,0.030000001,0.000000000,-0.132002562,-0.528764427,-94.346565247,0.365110844,0.239999592,-25.481002808,0.000000000,0.000000000,0.000000000,0.000000000,0.000000000,0.000000000,0.000000000,0.000000000,0.000000000,0.000000000,0.000000000,0.000000000
1751979360.826983,21.423000000,60.287918091,0.030000001,0.000000000,-0.132002562,-0.528764427,-87.122337341,0.365110844,0.276000202,-20.826347351,0.000000000,0.000000000,0.000000000,0.000000000,0.000000000,0.000000000,0.000000000,0.000000000,0.000000000,0.000000000,0.000000000,0.000000000
1751979360.829867,21.426000000,60.287918091,0.030000001,0.000000000,-0.132002562,-0.515262187,-86.698211670,0.365110844,0.312000811,-16.171442032,0.000000000,0.000000000,0.000000000,0.000000000,0.000000000,0.000000000,0.000000000,0.000000000,0.000000000,0.000000000,0.000000000,0.000000000
1751979360.832458,21.429000000,60.287918091,0.030000001,0.000000000,-0.132002562,-0.515262187,-84.874740601,0.365110844,0.357000232,-10.478208542,0.000000000,0.000000000,0.000000000,0.000000000,0.000000000,0.000000000,0.000000000,0.000000000,0.000000000,0.000000000,0.000000000,0.000000000
1751979360.835061,21.431000000,59.915290833,0.030000001,0.000000000,-0.036355156,-0.488263071,-100.036590576,0.542293370,0.393000841,-29.291723251,0.000000000,0.000000000,0.000000000,0.000000000,0.000000000,0.000000000,0.000000000,0.000000000,0.000000000,0.000000000,0.000000000,0.000000000
1751979360.837654,21.434000000,59.915290833,0.030000001,0.000000000,-0.036355156,-0.447761714,-95.225578308,0.542293370,0.446999073,-22.787380219,0.000000000,0.000000000,0.000000000,0.000000000,0.000000000,0.000000000,0.000000000,0.000000000,0.000000000,0.000000000,0.000000000,0.000000000
1751979360.840232,21.437000000,59.915290833,0.030000001,0.000000000,-0.036355156,-0.407260358,-88.504264832,0.542293370,0.500999987,-16.226806641,0.000000000,0.000000000,0.000000000,0.000000000,0.000000000,0.000000000,0.000000000,0.000000000,0.000000000,0.000000000,0.000000000,0.000000000
1751979360.842834,21.439000000,59.685859680,0.030000001,0.000000000,0.057650052,-0.407260358,-98.347824097,0.779921949,0.527999103,-43.850440979,0.000000000,0.000000000,0.000000000,0.000000000,0.000000000,0.000000000,0.000000000,0.000000000,0.000000000,0.000000000,0.000000000,0.000000000
1751979360.845515,21.442000000,59.685859680,0.030000001,0.000000000,0.057650052,-0.380258560,-97.623336792,0.779921949,0.590998828,-36.307727814,0.000000000,0.000000000,0.000000000,0.000000000,0.000000000,0.000000000,0.000000000,0.000000000,0.000000000,0.000000000,0.000000000,0.000000000
1751979360.848134,21.444000000,59.685859680,0.030000001,0.000000000,0.057650052,-0.326257646,-92.324645996,0.779921949,0.671998858,-26.810279846,0.000000000,0.000000000,0.000000000,0.000000000,0.000000000,0.000000000,0.000000000,0.000000000,0.000000000,0.000000000,0.000000000,0.000000000
1751979360.850720,21.447000000,59.685859680,0.030000001,0.000000000,0.057650052,-0.312758088,-84.527862549,0.779921949,0.707999468,-21.861412048,0.000000000,0.000000000,0.000000000,0.000000000,0.000000000,0.000000000,0.000000000,0.000000000,0.000000000,0.000000000,0.000000000,0.000000000
1751979360.853326,21.450000000,59.685859680,0.030000001,0.000000000,0.057650052,-0.312758088,-82.627822876,0.779921949,0.735001266,-17.859533310,0.000000000,0.000000000,0.000000000,0.000000000,0.000000000,0.000000000,0.000000000,0.000000000,0.000000000,0.000000000,0.000000000,0.000000000
1751979360.855902,21.452000000,59.685859680,0.030000001,0.000000000,0.057650052,-0.299258530,-82.292724609,0.779921949,0.788999498,-11.130705833,0.000000000,0.000000000,0.000000000,0.000000000,0.000000000,0.000000000,0.000000000,0.000000000,0.000000000,0.000000000,0.000000000,0.000000000
1751979360.858476,21.455000000,59.485984802,0.030000001,0.000000000,0.134229094,-0.272256732,-92.413932800,0.991413772,0.851999223,-31.459774017,0.000000000,0.000000000,0.000000000,0.000000000,0.000000000,0.000000000,0.000000000,0.000000000,0.000000000,0.000000000,0.000000000,0.000000000
1751979360.861126,21.457000000,59.485984802,0.030000001,0.000000000,0.134229094,-0.245254934,-87.940567017,0.991413772,0.924000442,-22.801782608,0.000000000,0.000000000,0.000000000,0.000000000,0.000000000,0.000000000,0.000000000,0.000000000,0.000000000,0.000000000,0.000000000,0.000000000
1751979360.863786,21.460000000,59.485984802,0.030000001,0.000000000,0.134229094,-0.231755376,-83.712364197,0.991413772,0.968999863,-16.773942947,0.000000000,0.000000000,0.000000000,0.000000000,0.000000000,0.000000000,0.000000000,0.000000000,0.000000000,0.000000000,0.000000000,0.000000000
1751979360.866375,21.463000000,59.485984802,0.030000001,0.000000000,0.134229094,-0.231755376,-81.849472046,0.991413772,1.013999224,-10.771666527,0.000000000,0.000000000,0.000000000,0.000000000,0.000000000,0.000000000,0.000000000,0.000000000,0.000000000,0.000000000,0.000000000,0.000000000
1751979360.868989,21.465000000,59.250362396,0.030000001,0.000000000,0.237001583,-0.204756260,-98.161941528,1.200994611,1.068000197,-31.617454529,0.000000000,0.000000000,0.000000000,0.000000000,0.000000000,0.000000000,0.000000000,0.000000000,0.000000000,0.000000000,0.000000000,0.000000000
1751979360.871608,21.468000000,59.250362396,0.030000001,0.000000000,0.237001583,-0.164254904,-93.305465698,1.200994611,1.139998674,-22.827651978,0.000000000,0.000000000,0.000000000,0.000000000,0.000000000,0.000000000,0.000000000,0.000000000,0.000000000,0.000000000,0.000000000,0.000000000
1751979360.874233,21.471000000,59.250362396,0.030000001,0.000000000,0.237001583,-0.150752664,-87.320167542,1.200994611,1.211999893,-13.995328903,0.000000000,0.000000000,0.000000000,0.000000000,0.000000000,0.000000000,0.000000000,0.000000000,0.000000000,0.000000000,0.000000000,0.000000000
1751979360.876836,21.473000000,59.250362396,0.030000001,0.000000000,0.237001583,-0.150752664,-85.407287598,1.200994611,1.238999128,-9.686830521,0.000000000,0.000000000,0.000000000,0.000000000,0.000000000,0.000000000,0.000000000,0.000000000,0.000000000,0.000000000,0.000000000,0.000000000
1751979360.879703,21.476000000,59.250362396,0.030000001,0.000000000,0.237001583,-0.137253106,-84.998588562,1.200994611,1.274999619,-4.492974281,0.000000000,0.000000000,0.000000000,0.000000000,0.000000000,0.000000000,0.000000000,0.000000000,0.000000000,0.000000000,0.000000000,0.000000000
1751979360.882352,21.479000000,59.146446228,0.030000001,0.000000000,0.290820152,-0.110253990,-91.107490540,1.413382649,1.355999708,-22.737592697,0.000000000,0.000000000,0.000000000,0.000000000,0.000000000,0.000000000,0.000000000,0.000000000,0.000000000,0.000000000,0.000000000,0.000000000
1751979360.884999,21.481000000,59.146446228,0.030000001,0.000000000,0.290820152,-0.083252192,-86.860206604,1.413382649,1.418999434,-14.762383461,0.000000000,0.000000000,0.000000000,0.000000000,0.000000000,0.000000000,0.000000000,0.000000000,0.000000000,0.000000000,0.000000000,0.000000000
1751979360.887600,21.484000000,59.146446228,0.030000001,0.000000000,0.290820152,-0.056250393,-82.372245789,1.413382649,1.473000288,-7.671995640,0.000000000,0.000000000,0.000000000,0.000000000,0.000000000,0.000000000,0.000000000,0.000000000,0.000000000,0.000000000,0.000000000,0.000000000
1751979360.890201,21.487000000,58.959922791,0.030000001,0.000000000,0.387397647,-0.056250393,-94.598457336,1.615055561,1.509001017,-29.161767960,0.000000000,0.000000000,0.000000000,0.000000000,0.000000000,0.000000000,0.000000000,0.000000000,0.000000000,0.000000000,0.000000000,0.000000000
1751979360.892795,21.489000000,58.959922791,0.030000001,0.000000000,0.387397647,-0.029251277,-93.930503845,1.615055561,1.572000742,-21.223350525,0.000000000,0.000000000,0.000000000,0.000000000,0.000000000,0.000000000,0.000000000,0.000000000,0.000000000,0.000000000,0.000000000,0.000000000
1751979360.895721,21.492000000,58.959922791,0.030000001,0.000000000,0.387397647,-0.002249479,-89.279136658,1.615055561,1.643999219,-12.233115196,0.000000000,0.000000000,0.000000000,0.000000000,0.000000000,0.000000000,0.000000000,0.000000000,0.000000000,0.000000000,0.000000000,0.000000000
1751979360.898380,21.495000000,58.959922791,0.030000001,0.000000000,0.387397647,-0.002249479,-85.633720398,1.615055561,1.679999828,-6.861505508,0.000000000,0.000000000,0.000000000,0.000000000,0.000000000,0.000000000,0.000000000,0.000000000,0.000000000,0.000000000,0.000000000,0.000000000
1751979360.900991,21.497000000,58.745544434,0.030000001,0.000000000,0.477389455,0.011250079,-100.175750732,1.788600683,1.716000438,-24.630683899,0.000000000,0.000000000,0.000000000,0.000000000,0.000000000,0.000000000,0.000000000,0.000000000,0.000000000,0.000000000,0.000000000,0.000000000
1751979360.903666,21.500000000,58.745544434,0.030000001,0.000000000,0.477389455,0.051751435,-97.231369019,1.788600683,1.779000163,-16.664350510,0.000000000,0.000000000,0.000000000,0.000000000,0.000000000,0.000000000,0.000000000,0.000000000,0.000000000,0.000000000,0.000000000,0.000000000
1751979360.906328,21.503000000,58.745544434,0.030000001,0.000000000,0.477389455,0.105752349,-90.065330505,1.788600683,1.841999888,-8.624375343,0.000000000,0.000000000,0.000000000,0.000000000,0.000000000,0.000000000,0.000000000,0.000000000,0.000000000,0.000000000,0.000000000,0.000000000
1751979360.908947,21.505000000,58.745544434,0.030000001,0.000000000,0.477389455,0.092252791,-83.008583069,1.788600683,1.868999004,-4.293489933,0.000000000,0.000000000,0.000000000,0.000000000,0.000000000,0.000000000,0.000000000,0.000000000,0.000000000,0.000000000,0.000000000,0.000000000
1751979360.911572,21.508000000,58.745544434,0.030000001,0.000000000,0.477389455,0.105752349,-84.563125610,1.788600683,1.904999614,0.878177047,0.000000000,0.000000000,0.000000000,0.000000000,0.000000000,0.000000000,0.000000000,0.000000000,0.000000000,0.000000000,0.000000000,0.000000000
1751979360.914256,21.511000000,58.745544434,0.030000001,0.000000000,0.477389455,0.119251907,-82.259422302,1.788600683,1.959000587,7.906366825,0.000000000,0.000000000,0.000000000,0.000000000,0.000000000,0.000000000,0.000000000,0.000000000,0.000000000,0.000000000,0.000000000,0.000000000
1751979360.916856,21.513000000,58.636989594,0.030000001,0.000000000,0.523415864,0.146253705,-87.320716858,1.941264033,2.003999949,-6.241745949,0.000000000,0.000000000,0.000000000,0.000000000,0.000000000,0.000000000,0.000000000,0.000000000,0.000000000,0.000000000,0.000000000,0.000000000
1751979360.919428,21.516000000,58.636989594,0.030000001,0.000000000,0.523415864,0.159753263,-83.250732422,1.941264033,2.030999184,-2.030353069,0.000000000,0.000000000,0.000000000,0.000000000,0.000000000,0.000000000,0.000000000,0.000000000,0.000000000,0.000000000,0.000000000,0.000000000
1751979360.922059,21.518000000,58.638626099,0.030000001,0.000000000,0.554890215,0.173255503,-86.211555481,2.103976965,2.076001167,-17.611459732,0.000000000,0.000000000,0.000000000,0.000000000,0.000000000,0.000000000,0.000000000,0.000000000,0.000000000,0.000000000,0.000000000,0.000000000
1751979360.924664,21.521000000,58.638626099,0.030000001,0.000000000,0.554890215,0.200254619,-83.657638550,2.103976965,2.129999399,-10.704795837,0.000000000,0.000000000,0.000000000,0.000000000,0.000000000,0.000000000,0.000000000,0.000000000,0.000000000,0.000000000,0.000000000,0.000000000
1751979360.927291,21.524000000,58.638626099,0.030000001,0.000000000,0.554890215,0.213754177,-79.516387939,2.103976965,2.165999889,-5.612302303,0.000000000,0.000000000,0.000000000,0.000000000,0.000000000,0.000000000,0.000000000,0.000000000,0.000000000,0.000000000,0.000000000,0.000000000
1751979360.929987,21.526000000,58.638626099,0.030000001,0.000000000,0.554890215,0.227256417,-77.227218628,2.103976965,2.192999125,-1.445465446,0.000000000,0.000000000,0.000000000,0.000000000,0.000000000,0.000000000,0.000000000,0.000000000,0.000000000,0.000000000,0.000000000,0.000000000
1751979360.932567,21.529000000,58.638626099,0.030000001,0.000000000,0.554890215,0.227256417,-75.379226685,2.103976965,2.220000982,2.645095587,0.000000000,0.000000000,0.000000000,0.000000000,0.000000000,0.000000000,0.000000000,0.000000000,0.000000000,0.000000000,0.000000000,0.000000000
1751979360.935156,21.532000000,58.638626099,0.030000001,0.000000000,0.554890215,0.227256417,-75.379356384,2.103976965,2.265000343,8.504990578,0.000000000,0.000000000,0.000000000,0.000000000,0.000000000,0.000000000,0.000000000,0.000000000,0.000000000,0.000000000,0.000000000,0.000000000
1751979360.937747,21.534000000,58.638626099,0.030000001,0.000000000,0.554890215,0.240755975,-75.053100586,2.103976965,2.291999340,12.547367096,0.000000000,0.000000000,0.000000000,0.000000000,0.000000000,0.000000000,0.000000000,0.000000000,0.000000000,0.000000000,0.000000000,0.000000000
1751979360.940346,21.537000000,58.623401642,0.030000001,0.000000000,0.613466740,0.240755975,-82.834014893,2.221125126,2.309999704,0.086618461,0.000000000,0.000000000,0.000000000,0.000000000,0.000000000,0.000000000,0.000000000,0.000000000,0.000000000,0.000000000,0.000000000,0.000000000
1751979360.942933,21.539000000,58.623401642,0.030000001,0.000000000,0.613466740,0.254255533,-82.518829346,2.221125126,2.346000433,4.925616264,0.000000000,0.000000000,0.000000000,0.000000000,0.000000000,0.000000000,0.000000000,0.000000000,0.000000000,0.000000000,0.000000000,0.000000000
1751979360.945632,21.542000000,58.560600281,0.030000001,0.000000000,0.656681657,0.267757773,-87.407341003,2.331063032,2.382000923,-4.806067467,0.000000000,0.000000000,0.000000000,0.000000000,0.000000000,0.000000000,0.000000000,0.000000000,0.000000000,0.000000000,0.000000000,0.000000000
1751979360.948239,21.545000000,58.560600281,0.030000001,0.000000000,0.656681657,0.281257331,-85.133041382,2.331063032,2.400001287,-1.794335961,0.000000000,0.000000000,0.000000000,0.000000000,0.000000000,0.000000000,0.000000000,0.000000000,0.000000000,0.000000000,0.000000000,0.000000000
1751979360.950840,21.547000000,58.560600281,0.030000001,0.000000000,0.656681657,0.294756889,-82.950401306,2.331063032,2.417998791,1.140424252,0.000000000,0.000000000,0.000000000,0.000000000,0.000000000,0.000000000,0.000000000,0.000000000,0.000000000,0.000000000,0.000000000,0.000000000
1751979360.953434,21.550000000,58.560600281,0.030000001,0.000000000,0.656681657,0.294756889,-81.051086426,2.331063032,2.445000648,4.930979729,0.000000000,0.000000000,0.000000000,0.000000000,0.000000000,0.000000000,0.000000000,0.000000000,0.000000000,0.000000000,0.000000000,0.000000000
1751979360.956035,21.552000000,58.505802155,0.030000001,0.000000000,0.699698389,0.294756889,-88.164924622,2.417560816,2.471999884,-2.771841049,0.000000000,0.000000000,0.000000000,0.000000000,0.000000000,0.000000000,0.000000000,0.000000000,0.000000000,0.000000000,0.000000000,0.000000000
1751979360.958632,21.555000000,58.505802155,0.030000001,0.000000000,0.699698389,0.308256447,-87.831390381,2.417560816,2.490000248,0.068347789,0.000000000,0.000000000,0.000000000,0.000000000,0.000000000,0.000000000,0.000000000,0.000000000,0.000000000,0.000000000,0.000000000,0.000000000
1751979360.961326,21.558000000,58.505802155,0.030000001,0.000000000,0.699698389,0.321758687,-85.590370178,2.417560816,2.508000374,2.865980864,0.000000000,0.000000000,0.000000000,0.000000000,0.000000000,0.000000000,0.000000000,0.000000000,0.000000000,0.000000000,0.000000000,0.000000000
1751979360.963941,21.560000000,58.505802155,0.030000001,0.000000000,0.699698389,0.335258245,-83.337043762,2.417560816,2.526000738,5.628601074,0.000000000,0.000000000,0.000000000,0.000000000,0.000000000,0.000000000,0.000000000,0.000000000,0.000000000,0.000000000,0.000000000,0.000000000
1751979360.966580,21.563000000,58.505802155,0.030000001,0.000000000,0.699698389,0.335258245,-81.467826843,2.417560816,2.544001102,8.344947815,0.000000000,0.000000000,0.000000000,0.000000000,0.000000000,0.000000000,0.000000000,0.000000000,0.000000000,0.000000000,0.000000000,0.000000000
1751979360.969166,21.566000000,58.505802155,0.030000001,0.000000000,0.699698389,0.335258245,-81.467979431,2.417560816,2.552999973,10.108655930,0.000000000,0.000000000,0.000000000,0.000000000,0.000000000,0.000000000,0.000000000,0.000000000,0.000000000,0.000000000,0.000000000,0.000000000
1751979360.971755,21.568000000,58.515933990,0.030000001,0.000000000,0.710011601,0.348757803,-82.846504211,2.525956869,2.561998606,-2.561534882,0.000000000,0.000000000,0.000000000,0.000000000,0.000000000,0.000000000,0.000000000,0.000000000,0.000000000,0.000000000,0.000000000,0.000000000
1751979360.974350,21.571000000,58.515933990,0.030000001,0.000000000,0.710011601,0.348757803,-80.941352844,2.525956869,2.579998970,0.008963852,0.000000000,0.000000000,0.000000000,0.000000000,0.000000000,0.000000000,0.000000000,0.000000000,0.000000000,0.000000000,0.000000000,0.000000000
1751979360.977010,21.573000000,58.515933990,0.030000001,0.000000000,0.710011601,0.348757803,-80.941497803,2.525956869,2.597999334,2.563668966,0.000000000,0.000000000,0.000000000,0.000000000,0.000000000,0.000000000,0.000000000,0.000000000,0.000000000,0.000000000,0.000000000,0.000000000
1751979360.979706,21.576000000,58.560134888,0.030000001,0.000000000,0.734595239,0.362260044,-84.610664368,2.667552471,2.597999334,-15.515229225,0.000000000,0.000000000,0.000000000,0.000000000,0.000000000,0.000000000,0.000000000,0.000000000,0.000000000,0.000000000,0.000000000,0.000000000
1751979360.982292,21.579000000,58.560134888,0.030000001,0.000000000,0.734595239,0.389259160,-82.091003418,2.667552471,2.615999699,-13.040759087,0.000000000,0.000000000,0.000000000,0.000000000,0.000000000,0.000000000,0.000000000,0.000000000,0.000000000,0.000000000,0.000000000,0.000000000
1751979360.984886,21.581000000,58.560134888,0.030000001,0.000000000,0.734595239,0.416260958,-77.662643433,2.667552471,2.642998695,-9.662017822,0.000000000,0.000000000,0.000000000,0.000000000,0.000000000,0.000000000,0.000000000,0.000000000,0.000000000,0.000000000,0.000000000,0.000000000
1751979360.987488,21.584000000,58.560134888,0.030000001,0.000000000,0.734595239,0.402761400,-74.164955139,2.667552471,2.642998695,-9.023675919,0.000000000,0.000000000,0.000000000,0.000000000,0.000000000,0.000000000,0.000000000,0.000000000,0.000000000,0.000000000,0.000000000,0.000000000
1751979360.990091,21.586000000,58.560134888,0.030000001,0.000000000,0.734595239,0.416260958,-75.742584229,2.667552471,2.652000189,-7.525029182,0.000000000,0.000000000,0.000000000,0.000000000,0.000000000,0.000000000,0.000000000,0.000000000,0.000000000,0.000000000,0.000000000,0.000000000
1751979360.992720,21.589000000,58.560134888,0.030000001,0.000000000,0.734595239,0.416260958,-73.844711304,2.667552471,2.660999060,-6.059391975,0.000000000,0.000000000,0.000000000,0.000000000,0.000000000,0.000000000,0.000000000,0.000000000,0.000000000,0.000000000,0.000000000,0.000000000
1751979360.995425,21.592000000,58.504207611,0.030000001,0.000000000,0.796232522,0.416260958,-84.037826538,2.797968864,2.678999424,-20.990898132,0.000000000,0.000000000,0.000000000,0.000000000,0.000000000,0.000000000,0.000000000,0.000000000,0.000000000,0.000000000,0.000000000,0.000000000
1751979360.998056,21.594000000,58.504207611,0.030000001,0.000000000,0.796232522,0.443260074,-83.290817261,2.797968864,2.688000679,-19.540359497,0.000000000,0.000000000,0.000000000,0.000000000,0.000000000,0.000000000,0.000000000,0.000000000,0.000000000,0.000000000,0.000000000,0.000000000
1751979361.000651,21.597000000,58.504207611,0.030000001,0.000000000,0.796232522,0.443260074,-79.573272705,2.797968864,2.706001043,-17.201583862,0.000000000,0.000000000,0.000000000,0.000000000,0.000000000,0.000000000,0.000000000,0.000000000,0.000000000,0.000000000,0.000000000,0.000000000
1751979361.003237,21.600000000,58.478302002,0.030000001,0.000000000,0.828160524,0.443260074,-84.853363037,2.977248669,2.706001043,-40.480789185,0.000000000,0.000000000,0.000000000,0.000000000,0.000000000,0.000000000,0.000000000,0.000000000,0.000000000,0.000000000,0.000000000,0.000000000
1751979361.005863,21.602000000,58.478302002,0.030000001,0.000000000,0.828160524,0.443260074,-84.853515625,2.977248669,2.741999149,-36.351222992,0.000000000,0.000000000,0.000000000,0.000000000,0.000000000,0.000000000,0.000000000,0.000000000,0.000000000,0.000000000,0.000000000,0.000000000
1751979361.008462,21.605000000,58.478302002,0.030000001,0.000000000,0.828160524,0.456762314,-84.530151367,2.977248669,2.769000769,-33.080738068,0.000000000,0.000000000,0.000000000,0.000000000,0.000000000,0.000000000,0.000000000,0.000000000,0.000000000,0.000000000,0.000000000,0.000000000
1751979361.011116,21.607000000,58.616950989,0.030000001,0.000000000,0.838592649,0.456762314,-84.346115112,3.115636826,2.787001133,-49.052654266,0.000000000,0.000000000,0.000000000,0.000000000,0.000000000,0.000000000,0.000000000,0.000000000,0.000000000,0.000000000,0.000000000,0.000000000
1751979361.013761,21.610000000,58.616950989,0.030000001,0.000000000,0.838592649,0.456762314,-84.346275330,3.115636826,2.814000130,-45.742015839,0.000000000,0.000000000,0.000000000,0.000000000,0.000000000,0.000000000,0.000000000,0.000000000,0.000000000,0.000000000,0.000000000,0.000000000
1751979361.016384,21.613000000,58.616950989,0.030000001,0.000000000,0.838592649,0.456762314,-84.346427917,3.115636826,2.822999001,-44.249271393,0.000000000,0.000000000,0.000000000,0.000000000,0.000000000,0.000000000,0.000000000,0.000000000,0.000000000,0.000000000,0.000000000,0.000000000
1751979361.019030,21.615000000,58.616950989,0.030000001,0.000000000,0.838592649,0.456762314,-84.346588135,3.115636826,2.850000858,-40.940029144,0.000000000,0.000000000,0.000000000,0.000000000,0.000000000,0.000000000,0.000000000,0.000000000,0.000000000,0.000000000,0.000000000,0.000000000
1751979361.021650,21.618000000,58.616950989,0.030000001,0.000000000,0.838592649,0.456762314,-84.346748352,3.115636826,2.876999855,-37.601158142,0.000000000,0.000000000,0.000000000,0.000000000,0.000000000,0.000000000,0.000000000,0.000000000,0.000000000,0.000000000,0.000000000,0.000000000
1751979361.024301,21.621000000,58.616950989,0.030000001,0.000000000,0.838592649,0.456762314,-84.346900940,3.115636826,2.913000584,-33.329479218,0.000000000,0.000000000,0.000000000,0.000000000,0.000000000,0.000000000,0.000000000,0.000000000,0.000000000,0.000000000,0.000000000,0.000000000
1751979361.026918,21.623000000,58.556549072,0.030000001,0.000000000,0.910767078,0.456762314,-96.282577515,3.288199663,2.939999580,-52.807853699,0.000000000,0.000000000,0.000000000,0.000000000,0.000000000,0.000000000,0.000000000,0.000000000,0.000000000,0.000000000,0.000000000,0.000000000
1751979361.029583,21.626000000,58.556549072,0.030000001,0.000000000,0.910767078,0.470261872,-95.929618835,3.288199663,2.984999180,-47.539127350,0.000000000,0.000000000,0.000000000,0.000000000,0.000000000,0.000000000,0.000000000,0.000000000,0.000000000,0.000000000,0.000000000,0.000000000
1751979361.032182,21.629000000,58.556549072,0.030000001,0.000000000,0.910767078,0.497263670,-93.361351013,3.288199663,3.047998905,-40.366027832,0.000000000,0.000000000,0.000000000,0.000000000,0.000000000,0.000000000,0.000000000,0.000000000,0.000000000,0.000000000,0.000000000,0.000000000
1751979361.034780,21.631000000,58.511455536,0.030000001,0.000000000,0.958754718,0.497263670,-97.521118164,3.438096762,3.065999031,-57.569473267,0.000000000,0.000000000,0.000000000,0.000000000,0.000000000,0.000000000,0.000000000,0.000000000,0.000000000,0.000000000,0.000000000,0.000000000
1751979361.037372,21.634000000,58.511455536,0.030000001,0.000000000,0.958754718,0.510763228,-97.196380615,3.438096762,3.120000124,-51.249427795,0.000000000,0.000000000,0.000000000,0.000000000,0.000000000,0.000000000,0.000000000,0.000000000,0.000000000,0.000000000,0.000000000,0.000000000
1751979361.039976,21.636000000,58.511455536,0.030000001,0.000000000,0.958754718,0.524262786,-94.969284058,3.438096762,3.192001343,-43.019523621,0.000000000,0.000000000,0.000000000,0.000000000,0.000000000,0.000000000,0.000000000,0.000000000,0.000000000,0.000000000,0.000000000,0.000000000
1751979361.042566,21.639000000,58.511455536,0.030000001,0.000000000,0.958754718,0.524262786,-93.056808472,3.438096762,3.192001343,-41.983520508,0.000000000,0.000000000,0.000000000,0.000000000,0.000000000,0.000000000,0.000000000,0.000000000,0.000000000,0.000000000,0.000000000,0.000000000
1751979361.045298,21.642000000,58.511455536,0.030000001,0.000000000,0.958754718,0.537762344,-92.717483521,3.438096762,3.237000704,-36.457355499,0.000000000,0.000000000,0.000000000,0.000000000,0.000000000,0.000000000,0.000000000,0.000000000,0.000000000,0.000000000,0.000000000,0.000000000
1751979361.047892,21.644000000,58.511455536,0.030000001,0.000000000,0.958754718,0.551264584,-90.428352356,3.438096762,3.300000429,-28.993150711,0.000000000,0.000000000,0.000000000,0.000000000,0.000000000,0.000000000,0.000000000,0.000000000,0.000000000,0.000000000,0.000000000,0.000000000
1751979361.050465,21.647000000,58.511455536,0.030000001,0.000000000,0.958754718,0.564764142,-88.275947571,3.438096762,3.336000919,-24.264287949,0.000000000,0.000000000,0.000000000,0.000000000,0.000000000,0.000000000,0.000000000,0.000000000,0.000000000,0.000000000,0.000000000,0.000000000
1751979361.053048,21.649000000,58.586372375,0.030000001,0.000000000,0.993019044,0.564764142,-92.026062012,3.569233179,3.371999025,-36.944568634,0.000000000,0.000000000,0.000000000,0.000000000,0.000000000,0.000000000,0.000000000,0.000000000,0.000000000,0.000000000,0.000000000,0.000000000
1751979361.055645,21.652000000,58.586372375,0.030000001,0.000000000,0.993019044,0.578263700,-91.710159302,3.569233179,3.425999880,-30.379030228,0.000000000,0.000000000,0.000000000,0.000000000,0.000000000,0.000000000,0.000000000,0.000000000,0.000000000,0.000000000,0.000000000,0.000000000
1751979361.058241,21.655000000,58.586372375,0.030000001,0.000000000,0.993019044,0.591765940,-89.473403931,3.569233179,3.498001099,-21.922149658,0.000000000,0.000000000,0.000000000,0.000000000,0.000000000,0.000000000,0.000000000,0.000000000,0.000000000,0.000000000,0.000000000,0.000000000
1751979361.060936,21.657000000,58.645156860,0.030000001,0.000000000,1.026500940,0.591765940,-93.098182678,3.737677097,3.525000095,-40.293266296,0.000000000,0.000000000,0.000000000,0.000000000,0.000000000,0.000000000,0.000000000,0.000000000,0.000000000,0.000000000,0.000000000,0.000000000
1751979361.063621,21.660000000,58.645156860,0.030000001,0.000000000,1.026500940,0.605265498,-92.684539795,3.737677097,3.569999695,-34.443782806,0.000000000,0.000000000,0.000000000,0.000000000,0.000000000,0.000000000,0.000000000,0.000000000,0.000000000,0.000000000,0.000000000,0.000000000
1751979361.066283,21.663000000,58.645156860,0.030000001,0.000000000,1.026500940,0.618765056,-90.510833740,3.737677097,3.650999546,-24.948909760,0.000000000,0.000000000,0.000000000,0.000000000,0.000000000,0.000000000,0.000000000,0.000000000,0.000000000,0.000000000,0.000000000,0.000000000
1751979361.069076,21.665000000,58.683174133,0.030000001,0.000000000,1.038672209,0.632264614,-90.232124329,3.815173149,3.668999910,-32.034149170,0.000000000,0.000000000,0.000000000,0.000000000,0.000000000,0.000000000,0.000000000,0.000000000,0.000000000,0.000000000,0.000000000,0.000000000
1751979361.071708,21.668000000,58.683174133,0.030000001,0.000000000,1.038672209,0.645766854,-87.991821289,3.815173149,3.687000275,-28.908739090,0.000000000,0.000000000,0.000000000,0.000000000,0.000000000,0.000000000,0.000000000,0.000000000,0.000000000,0.000000000,0.000000000,0.000000000
1751979361.074308,21.671000000,58.683174133,0.030000001,0.000000000,1.038672209,0.659266412,-85.816490173,3.815173149,3.768000364,-19.431571960,0.000000000,0.000000000,0.000000000,0.000000000,0.000000000,0.000000000,0.000000000,0.000000000,0.000000000,0.000000000,0.000000000,0.000000000
1751979361.076841,21.673000000,58.683174133,0.030000001,0.000000000,1.038672209,0.672765970,-83.642242432,3.815173149,3.804000854,-14.462315559,0.000000000,0.000000000,0.000000000,0.000000000,0.000000000,0.000000000,0.000000000,0.000000000,0.000000000,0.000000000,0.000000000,0.000000000
1751979361.079423,21.676000000,58.683174133,0.030000001,0.000000000,1.038672209,0.672765970,-81.717102051,3.815173149,3.812999725,-12.254889488,0.000000000,0.000000000,0.000000000,0.000000000,0.000000000,0.000000000,0.000000000,0.000000000,0.000000000,0.000000000,0.000000000,0.000000000
1751979361.081966,21.678000000,58.683174133,0.030000001,0.000000000,1.038672209,0.672765970,-81.717247009,3.815173149,3.839998722,-8.330492973,0.000000000,0.000000000,0.000000000,0.000000000,0.000000000,0.000000000,0.000000000,0.000000000,0.000000000,0.000000000,0.000000000,0.000000000
1751979361.084559,21.681000000,58.655967712,0.030000001,0.000000000,1.060046315,0.672765970,-85.252037048,3.895533800,3.885000944,-13.285026550,0.000000000,0.000000000,0.000000000,0.000000000,0.000000000,0.000000000,0.000000000,0.000000000,0.000000000,0.000000000,0.000000000,0.000000000
1751979361.087210,21.684000000,58.655967712,0.030000001,0.000000000,1.060046315,0.672765970,-85.252197266,3.895533800,3.920998812,-8.435368538,0.000000000,0.000000000,0.000000000,0.000000000,0.000000000,0.000000000,0.000000000,0.000000000,0.000000000,0.000000000,0.000000000,0.000000000
1751979361.089750,21.686000000,58.697086334,0.030000001,0.000000000,1.061830997,0.672765970,-85.547492981,3.956802845,3.938999176,-13.560034752,0.000000000,0.000000000,0.000000000,0.000000000,0.000000000,0.000000000,0.000000000,0.000000000,0.000000000,0.000000000,0.000000000,0.000000000
1751979361.092339,21.689000000,58.697086334,0.030000001,0.000000000,1.061830997,0.672765970,-85.547645569,3.956802845,3.974999905,-8.792978287,0.000000000,0.000000000,0.000000000,0.000000000,0.000000000,0.000000000,0.000000000,0.000000000,0.000000000,0.000000000,0.000000000,0.000000000
1751979361.094992,21.691000000,58.697086334,0.030000001,0.000000000,1.061830997,0.672765970,-85.547805786,3.956802845,4.011000633,-4.018256664,0.000000000,0.000000000,0.000000000,0.000000000,0.000000000,0.000000000,0.000000000,0.000000000,0.000000000,0.000000000,0.000000000,0.000000000
1751979361.097546,21.694000000,58.697086334,0.030000001,0.000000000,1.061830997,0.672765970,-85.547966003,3.956802845,4.029000759,-1.065629363,0.000000000,0.000000000,0.000000000,0.000000000,0.000000000,0.000000000,0.000000000,0.000000000,0.000000000,0.000000000,0.000000000,0.000000000
1751979361.100143,21.697000000,58.697086334,0.030000001,0.000000000,1.061830997,0.672765970,-85.548118591,3.956802845,4.047000885,1.827076912,0.000000000,0.000000000,0.000000000,0.000000000,0.000000000,0.000000000,0.000000000,0.000000000,0.000000000,0.000000000,0.000000000,0.000000000
1751979361.102729,21.699000000,58.697086334,0.030000001,0.000000000,1.061830997,0.672765970,-85.548278809,3.956802845,4.082998753,6.494240284,0.000000000,0.000000000,0.000000000,0.000000000,0.000000000,0.000000000,0.000000000,0.000000000,0.000000000,0.000000000,0.000000000,0.000000000
1751979361.105328,21.702000000,58.697086334,0.030000001,0.000000000,1.061830997,0.672765970,-85.548431396,3.956802845,4.110000610,10.264399529,0.000000000,0.000000000,0.000000000,0.000000000,0.000000000,0.000000000,0.000000000,0.000000000,0.000000000,0.000000000,0.000000000,0.000000000
1751979361.107944,21.704000000,58.751464844,0.030000001,0.000000000,1.085225105,0.672765970,-89.417282104,4.041948795,4.118999481,0.876096845,0.000000000,0.000000000,0.000000000,0.000000000,0.000000000,0.000000000,0.000000000,0.000000000,0.000000000,0.000000000,0.000000000,0.000000000
1751979361.110575,21.707000000,58.751464844,0.030000001,0.000000000,1.085225105,0.672765970,-89.417449951,4.041948795,4.146001339,4.557314873,0.000000000,0.000000000,0.000000000,0.000000000,0.000000000,0.000000000,0.000000000,0.000000000,0.000000000,0.000000000,0.000000000,0.000000000
1751979361.113378,21.710000000,58.751464844,0.030000001,0.000000000,1.085225105,0.672765970,-89.417625427,4.041948795,4.181999207,9.188743591,0.000000000,0.000000000,0.000000000,0.000000000,0.000000000,0.000000000,0.000000000,0.000000000,0.000000000,0.000000000,0.000000000,0.000000000
1751979361.116012,21.712000000,58.811401367,0.030000001,0.000000000,1.079454780,0.672765970,-88.463554382,4.109367371,4.199999809,3.023782253,0.000000000,0.000000000,0.000000000,0.000000000,0.000000000,0.000000000,0.000000000,0.000000000,0.000000000,0.000000000,0.000000000,0.000000000
1751979361.118637,21.715000000,58.811401367,0.030000001,0.000000000,1.079454780,0.672765970,-88.463722229,4.109367371,4.217999935,5.764711380,0.000000000,0.000000000,0.000000000,0.000000000,0.000000000,0.000000000,0.000000000,0.000000000,0.000000000,0.000000000,0.000000000,0.000000000
1751979361.121240,21.718000000,58.811401367,0.030000001,0.000000000,1.079454780,0.686268210,-88.120712280,4.109367371,4.244998932,9.383822441,0.000000000,0.000000000,0.000000000,0.000000000,0.000000000,0.000000000,0.000000000,0.000000000,0.000000000,0.000000000,0.000000000,0.000000000
1751979361.123857,21.720000000,58.888813019,0.030000001,0.000000000,1.095614314,0.686268210,-88.903488159,4.165729046,4.262999535,4.592854500,0.000000000,0.000000000,0.000000000,0.000000000,0.000000000,0.000000000,0.000000000,0.000000000,0.000000000,0.000000000,0.000000000,0.000000000
1751979361.126456,21.723000000,58.888813019,0.030000001,0.000000000,1.095614314,0.699767768,-88.578727722,4.165729046,4.280999660,7.256617069,0.000000000,0.000000000,0.000000000,0.000000000,0.000000000,0.000000000,0.000000000,0.000000000,0.000000000,0.000000000,0.000000000,0.000000000
1751979361.129108,21.725000000,58.888813019,0.030000001,0.000000000,1.095614314,0.699767768,-86.671386719,4.165729046,4.307998657,10.809936523,0.000000000,0.000000000,0.000000000,0.000000000,0.000000000,0.000000000,0.000000000,0.000000000,0.000000000,0.000000000,0.000000000,0.000000000
1751979361.131727,21.728000000,58.888813019,0.030000001,0.000000000,1.095614314,0.699767768,-86.671546936,4.165729046,4.317000389,12.537898064,0.000000000,0.000000000,0.000000000,0.000000000,0.000000000,0.000000000,0.000000000,0.000000000,0.000000000,0.000000000,0.000000000,0.000000000
1751979361.134312,21.731000000,58.888813019,0.030000001,0.000000000,1.095614314,0.699767768,-86.671707153,4.165729046,4.325999260,14.208859444,0.000000000,0.000000000,0.000000000,0.000000000,0.000000000,0.000000000,0.000000000,0.000000000,0.000000000,0.000000000,0.000000000,0.000000000
1751979361.136902,21.733000000,58.888813019,0.030000001,0.000000000,1.095614314,0.713267326,-86.360252380,4.165729046,4.343999386,16.743806839,0.000000000,0.000000000,0.000000000,0.000000000,0.000000000,0.000000000,0.000000000,0.000000000,0.000000000,0.000000000,0.000000000,0.000000000
1751979361.139478,21.736000000,58.954090118,0.030000001,0.000000000,1.094869971,0.713267326,-84.316505432,4.214530468,4.353000641,11.866848946,0.000000000,0.000000000,0.000000000,0.000000000,0.000000000,0.000000000,0.000000000,0.000000000,0.000000000,0.000000000,0.000000000,0.000000000
1751979361.142056,21.738000000,58.954090118,0.030000001,0.000000000,1.094869971,0.713267326,-84.316658020,4.214530468,4.361999512,13.431593895,0.000000000,0.000000000,0.000000000,0.000000000,0.000000000,0.000000000,0.000000000,0.000000000,0.000000000,0.000000000,0.000000000,0.000000000
1751979361.144738,21.741000000,58.954090118,0.030000001,0.000000000,1.094869971,0.713267326,-84.316810608,4.214530468,4.380000114,15.876427650,0.000000000,0.000000000,0.000000000,0.000000000,0.000000000,0.000000000,0.000000000,0.000000000,0.000000000,0.000000000,0.000000000,0.000000000
1751979361.147372,21.744000000,59.066284180,0.030000001,0.000000000,1.092171788,0.713267326,-83.870765686,4.275105000,4.380000114,8.438167572,0.000000000,0.000000000,0.000000000,0.000000000,0.000000000,0.000000000,0.000000000,0.000000000,0.000000000,0.000000000,0.000000000,0.000000000
1751979361.149996,21.746000000,59.066284180,0.030000001,0.000000000,1.092171788,0.726766884,-83.506446838,4.275105000,4.388998985,9.909751892,0.000000000,0.000000000,0.000000000,0.000000000,0.000000000,0.000000000,0.000000000,0.000000000,0.000000000,0.000000000,0.000000000,0.000000000
1751979361.152611,21.749000000,59.066284180,0.030000001,0.000000000,1.092171788,0.753768682,-80.950920105,4.275105000,4.398000240,11.352764130,0.000000000,0.000000000,0.000000000,0.000000000,0.000000000,0.000000000,0.000000000,0.000000000,0.000000000,0.000000000,0.000000000,0.000000000
1751979361.155232,21.752000000,59.066284180,0.030000001,0.000000000,1.092171788,0.753768682,-77.173484802,4.275105000,4.398000240,11.850539207,0.000000000,0.000000000,0.000000000,0.000000000,0.000000000,0.000000000,0.000000000,0.000000000,0.000000000,0.000000000,0.000000000,0.000000000
1751979361.157852,21.754000000,59.066284180,0.030000001,0.000000000,1.092171788,0.753768682,-77.173622131,4.275105000,4.398000240,12.298538208,0.000000000,0.000000000,0.000000000,0.000000000,0.000000000,0.000000000,0.000000000,0.000000000,0.000000000,0.000000000,0.000000000,0.000000000
1751979361.160520,21.757000000,59.066284180,0.030000001,0.000000000,1.092171788,0.767268240,-76.827064514,4.275105000,4.398000240,12.702908516,0.000000000,0.000000000,0.000000000,0.000000000,0.000000000,0.000000000,0.000000000,0.000000000,0.000000000,0.000000000,0.000000000,0.000000000
1751979361.163205,21.760000000,59.164951324,0.030000001,0.000000000,1.085706949,0.767268240,-73.872375488,4.333933830,4.398000240,5.248503685,0.000000000,0.000000000,0.000000000,0.000000000,0.000000000,0.000000000,0.000000000,0.000000000,0.000000000,0.000000000,0.000000000,0.000000000
1751979361.165819,21.762000000,59.164951324,0.030000001,0.000000000,1.085706949,0.753768682,-74.229202271,4.333933830,4.398000240,5.573934555,0.000000000,0.000000000,0.000000000,0.000000000,0.000000000,0.000000000,0.000000000,0.000000000,0.000000000,0.000000000,0.000000000,0.000000000
1751979361.168433,21.765000000,59.164951324,0.030000001,0.000000000,1.085706949,0.753768682,-76.105064392,4.333933830,4.398000240,5.867866039,0.000000000,0.000000000,0.000000000,0.000000000,0.000000000,0.000000000,0.000000000,0.000000000,0.000000000,0.000000000,0.000000000,0.000000000
1751979361.171055,21.767000000,59.141452789,0.030000001,0.000000000,1.083866000,0.767268240,-75.459823608,4.375659466,4.398000240,0.588734806,0.000000000,0.000000000,0.000000000,0.000000000,0.000000000,0.000000000,0.000000000,0.000000000,0.000000000,0.000000000,0.000000000,0.000000000
1751979361.173655,21.770000000,59.141452789,0.030000001,0.000000000,1.083866000,0.753768682,-73.901435852,4.375659466,4.388998985,-0.090178423,0.000000000,0.000000000,0.000000000,0.000000000,0.000000000,0.000000000,0.000000000,0.000000000,0.000000000,0.000000000,0.000000000,0.000000000
1751979361.176240,21.773000000,59.141452789,0.030000001,0.000000000,1.083866000,0.753768682,-75.801025391,4.375659466,4.388998985,0.096095204,0.000000000,0.000000000,0.000000000,0.000000000,0.000000000,0.000000000,0.000000000,0.000000000,0.000000000,0.000000000,0.000000000,0.000000000
1751979361.178861,21.775000000,59.210357666,0.030000001,0.000000000,1.104686856,0.767268240,-78.920120239,4.441051483,4.388998985,-8.424834251,0.000000000,0.000000000,0.000000000,0.000000000,0.000000000,0.000000000,0.000000000,0.000000000,0.000000000,0.000000000,0.000000000,0.000000000
1751979361.181423,21.778000000,59.210357666,0.030000001,0.000000000,1.104686856,0.767268240,-77.012023926,4.441051483,4.388998985,-8.274013519,0.000000000,0.000000000,0.000000000,0.000000000,0.000000000,0.000000000,0.000000000,0.000000000,0.000000000,0.000000000,0.000000000,0.000000000
1751979361.184025,21.780000000,59.210357666,0.030000001,0.000000000,1.104686856,0.767268240,-77.012161255,4.441051483,4.388998985,-8.138274193,0.000000000,0.000000000,0.000000000,0.000000000,0.000000000,0.000000000,0.000000000,0.000000000,0.000000000,0.000000000,0.000000000,0.000000000
1751979361.186603,21.783000000,59.210357666,0.030000001,0.000000000,1.104686856,0.767268240,-77.012290955,4.441051483,4.380000114,-8.929661751,0.000000000,0.000000000,0.000000000,0.000000000,0.000000000,0.000000000,0.000000000,0.000000000,0.000000000,0.000000000,0.000000000,0.000000000
1751979361.189188,21.786000000,59.210357666,0.030000001,0.000000000,1.104686856,0.767268240,-77.012428284,4.441051483,4.380000114,-8.847923279,0.000000000,0.000000000,0.000000000,0.000000000,0.000000000,0.000000000,0.000000000,0.000000000,0.000000000,0.000000000,0.000000000,0.000000000
1751979361.191784,21.788000000,59.210357666,0.030000001,0.000000000,1.104686856,0.780770481,-76.697166443,4.441051483,4.380000114,-8.773955345,0.000000000,0.000000000,0.000000000,0.000000000,0.000000000,0.000000000,0.000000000,0.000000000,0.000000000,0.000000000,0.000000000,0.000000000
1751979361.194409,21.791000000,59.238681793,0.030000001,0.000000000,1.125002027,0.780770481,-78.139350891,4.485589504,4.380000114,-14.625720024,0.000000000,0.000000000,0.000000000,0.000000000,0.000000000,0.000000000,0.000000000,0.000000000,0.000000000,0.000000000,0.000000000,0.000000000
1751979361.197037,21.793000000,59.238681793,0.030000001,0.000000000,1.125002027,0.780770481,-78.139495850,4.485589504,4.380000114,-14.566156387,0.000000000,0.000000000,0.000000000,0.000000000,0.000000000,0.000000000,0.000000000,0.000000000,0.000000000,0.000000000,0.000000000,0.000000000
1751979361.199609,21.796000000,59.238681793,0.030000001,0.000000000,1.125002027,0.780770481,-78.139633179,4.485589504,4.380000114,-14.512549400,0.000000000,0.000000000,0.000000000,0.000000000,0.000000000,0.000000000,0.000000000,0.000000000,0.000000000,0.000000000,0.000000000,0.000000000
1751979361.202220,21.799000000,59.238681793,0.030000001,0.000000000,1.125002027,0.780770481,-78.139778137,4.485589504,4.388998985,-13.549684525,0.000000000,0.000000000,0.000000000,0.000000000,0.000000000,0.000000000,0.000000000,0.000000000,0.000000000,0.000000000,0.000000000,0.000000000
1751979361.204798,21.801000000,59.260208130,0.030000001,0.000000000,1.132333398,0.794270039,-79.031059265,4.564077377,4.388998985,-23.906631470,0.000000000,0.000000000,0.000000000,0.000000000,0.000000000,0.000000000,0.000000000,0.000000000,0.000000000,0.000000000,0.000000000,0.000000000
1751979361.207401,21.804000000,59.260208130,0.030000001,0.000000000,1.132333398,0.794270039,-77.120018005,4.564077377,4.398000240,-22.928375244,0.000000000,0.000000000,0.000000000,0.000000000,0.000000000,0.000000000,0.000000000,0.000000000,0.000000000,0.000000000,0.000000000,0.000000000
1751979361.210069,21.806000000,59.303119659,0.030000001,0.000000000,1.168191791,0.794270039,-83.050064087,4.693980694,4.416000366,-38.274406433,0.000000000,0.000000000,0.000000000,0.000000000,0.000000000,0.000000000,0.000000000,0.000000000,0.000000000,0.000000000,0.000000000,0.000000000
1751979361.212830,21.809000000,59.303119659,0.030000001,0.000000000,1.168191791,0.807769597,-82.617248535,4.693980694,4.434000969,-36.278392792,0.000000000,0.000000000,0.000000000,0.000000000,0.000000000,0.000000000,0.000000000,0.000000000,0.000000000,0.000000000,0.000000000,0.000000000
1751979361.215454,21.812000000,59.303119659,0.030000001,0.000000000,1.168191791,0.834771395,-80.034812927,4.693980694,4.460999966,-33.329513550,0.000000000,0.000000000,0.000000000,0.000000000,0.000000000,0.000000000,0.000000000,0.000000000,0.000000000,0.000000000,0.000000000,0.000000000
1751979361.218100,21.814000000,59.303119659,0.030000001,0.000000000,1.168191791,0.848270953,-75.999656677,4.693980694,4.460999966,-33.090995789,0.000000000,0.000000000,0.000000000,0.000000000,0.000000000,0.000000000,0.000000000,0.000000000,0.000000000,0.000000000,0.000000000,0.000000000
1751979361.220782,21.817000000,59.303119659,0.030000001,0.000000000,1.168191791,0.848270953,-74.120491028,4.693980694,4.479000092,-31.040075302,0.000000000,0.000000000,0.000000000,0.000000000,0.000000000,0.000000000,0.000000000,0.000000000,0.000000000,0.000000000,0.000000000,0.000000000
1751979361.223387,21.820000000,59.303119659,0.030000001,0.000000000,1.168191791,0.848270953,-74.120628357,4.693980694,4.505999565,-28.026514053,0.000000000,0.000000000,0.000000000,0.000000000,0.000000000,0.000000000,0.000000000,0.000000000,0.000000000,0.000000000,0.000000000,0.000000000
1751979361.225991,21.822000000,59.321708679,0.030000001,0.000000000,1.184013247,0.848270953,-76.737152100,4.779044151,4.515000820,-38.111648560,0.000000000,0.000000000,0.000000000,0.000000000,0.000000000,0.000000000,0.000000000,0.000000000,0.000000000,0.000000000,0.000000000,0.000000000
1751979361.228760,21.825000000,59.321708679,0.030000001,0.000000000,1.184013247,0.848270953,-76.737297058,4.779044151,4.533000946,-35.960685730,0.000000000,0.000000000,0.000000000,0.000000000,0.000000000,0.000000000,0.000000000,0.000000000,0.000000000,0.000000000,0.000000000,0.000000000
1751979361.231376,21.828000000,59.321708679,0.030000001,0.000000000,1.184013247,0.861770511,-76.341812134,4.779044151,4.560000420,-32.858283997,0.000000000,0.000000000,0.000000000,0.000000000,0.000000000,0.000000000,0.000000000,0.000000000,0.000000000,0.000000000,0.000000000,0.000000000
1751979361.233971,21.830000000,59.445663452,0.030000001,0.000000000,1.197643518,0.875272751,-76.432723999,4.845586300,4.578000546,-39.495693207,0.000000000,0.000000000,0.000000000,0.000000000,0.000000000,0.000000000,0.000000000,0.000000000,0.000000000,0.000000000,0.000000000,0.000000000
1751979361.236552,21.833000000,59.445663452,0.030000001,0.000000000,1.197643518,0.875272751,-74.526443481,4.845586300,4.604999542,-36.361389160,0.000000000,0.000000000,0.000000000,0.000000000,0.000000000,0.000000000,0.000000000,0.000000000,0.000000000,0.000000000,0.000000000,0.000000000
1751979361.239154,21.836000000,59.445663452,0.030000001,0.000000000,1.197643518,0.875272751,-74.526573181,4.845586300,4.641000271,-32.273464203,0.000000000,0.000000000,0.000000000,0.000000000,0.000000000,0.000000000,0.000000000,0.000000000,0.000000000,0.000000000,0.000000000,0.000000000
1751979361.241738,21.838000000,59.461292267,0.030000001,0.000000000,1.223779440,0.888772309,-78.525352478,4.924520016,4.667999268,-39.513061523,0.000000000,0.000000000,0.000000000,0.000000000,0.000000000,0.000000000,0.000000000,0.000000000,0.000000000,0.000000000,0.000000000,0.000000000
1751979361.244476,21.841000000,59.461292267,0.030000001,0.000000000,1.223779440,0.902271867,-76.234611511,4.924520016,4.712998867,-34.357784271,0.000000000,0.000000000,0.000000000,0.000000000,0.000000000,0.000000000,0.000000000,0.000000000,0.000000000,0.000000000,0.000000000,0.000000000
1751979361.247082,21.843000000,59.461292267,0.030000001,0.000000000,1.223779440,0.915774107,-74.018280029,4.924520016,4.730998993,-31.891456604,0.000000000,0.000000000,0.000000000,0.000000000,0.000000000,0.000000000,0.000000000,0.000000000,0.000000000,0.000000000,0.000000000,0.000000000
1751979361.249666,21.846000000,59.461292267,0.030000001,0.000000000,1.223779440,0.915774107,-72.151481628,4.924520016,4.758000851,-28.535181046,0.000000000,0.000000000,0.000000000,0.000000000,0.000000000,0.000000000,0.000000000,0.000000000,0.000000000,0.000000000,0.000000000,0.000000000
1751979361.252233,21.849000000,59.461292267,0.030000001,0.000000000,1.223779440,0.915774107,-72.151603699,4.924520016,4.784999847,-25.160223007,0.000000000,0.000000000,0.000000000,0.000000000,0.000000000,0.000000000,0.000000000,0.000000000,0.000000000,0.000000000,0.000000000,0.000000000
1751979361.254862,21.851000000,59.461292267,0.030000001,0.000000000,1.223779440,0.929273665,-71.829010010,4.924520016,4.811999321,-21.756557465,0.000000000,0.000000000,0.000000000,0.000000000,0.000000000,0.000000000,0.000000000,0.000000000,0.000000000,0.000000000,0.000000000,0.000000000
1751979361.257483,21.854000000,59.461292267,0.030000001,0.000000000,1.223779440,0.929273665,-69.919425964,4.924520016,4.839001179,-18.329721451,0.000000000,0.000000000,0.000000000,0.000000000,0.000000000,0.000000000,0.000000000,0.000000000,0.000000000,0.000000000,0.000000000,0.000000000
1751979361.260078,21.856000000,59.481681824,0.030000001,0.000000000,1.242344022,0.929273665,-72.989578247,4.969368935,4.866000175,-20.849725723,0.000000000,0.000000000,0.000000000,0.000000000,0.000000000,0.000000000,0.000000000,0.000000000,0.000000000,0.000000000,0.000000000,0.000000000
1751979361.262768,21.859000000,59.481681824,0.030000001,0.000000000,1.242344022,0.929273665,-72.989700317,4.969368935,4.892999172,-17.392017365,0.000000000,0.000000000,0.000000000,0.000000000,0.000000000,0.000000000,0.000000000,0.000000000,0.000000000,0.000000000,0.000000000,0.000000000
1751979361.265441,21.862000000,59.481681824,0.030000001,0.000000000,1.242344022,0.942773223,-72.596252441,4.969368935,4.928999901,-12.971876144,0.000000000,0.000000000,0.000000000,0.000000000,0.000000000,0.000000000,0.000000000,0.000000000,0.000000000,0.000000000,0.000000000,0.000000000
1751979361.268027,21.864000000,59.494281769,0.030000001,0.000000000,1.236861825,0.942773223,-69.850936890,5.030210495,4.947000027,-18.465940475,0.000000000,0.000000000,0.000000000,0.000000000,0.000000000,0.000000000,0.000000000,0.000000000,0.000000000,0.000000000,0.000000000,0.000000000
1751979361.270600,21.867000000,59.494281769,0.030000001,0.000000000,1.236861825,0.942773223,-69.851058960,5.030210495,4.973999023,-14.991702080,0.000000000,0.000000000,0.000000000,0.000000000,0.000000000,0.000000000,0.000000000,0.000000000,0.000000000,0.000000000,0.000000000,0.000000000
1751979361.273328,21.870000000,59.494281769,0.030000001,0.000000000,1.236861825,0.942773223,-69.851173401,5.030210495,5.001000881,-11.495475769,0.000000000,0.000000000,0.000000000,0.000000000,0.000000000,0.000000000,0.000000000,0.000000000,0.000000000,0.000000000,0.000000000,0.000000000
1751979361.276015,21.872000000,59.528724670,0.030000001,0.000000000,1.245774269,0.942773223,-71.325157166,5.076842308,5.018998623,-15.087026596,0.000000000,0.000000000,0.000000000,0.000000000,0.000000000,0.000000000,0.000000000,0.000000000,0.000000000,0.000000000,0.000000000,0.000000000
1751979361.278638,21.875000000,59.528724670,0.030000001,0.000000000,1.245774269,0.956272781,-70.932380676,5.076842308,5.036998749,-12.498618126,0.000000000,0.000000000,0.000000000,0.000000000,0.000000000,0.000000000,0.000000000,0.000000000,0.000000000,0.000000000,0.000000000,0.000000000
1751979361.281309,21.878000000,59.528724670,0.030000001,0.000000000,1.245774269,0.956272781,-69.092971802,5.076842308,5.064000607,-9.024420738,0.000000000,0.000000000,0.000000000,0.000000000,0.000000000,0.000000000,0.000000000,0.000000000,0.000000000,0.000000000,0.000000000,0.000000000
1751979361.283917,21.880000000,59.528724670,0.030000001,0.000000000,1.245774269,0.956272781,-69.093093872,5.076842308,5.072999477,-7.376781940,0.000000000,0.000000000,0.000000000,0.000000000,0.000000000,0.000000000,0.000000000,0.000000000,0.000000000,0.000000000,0.000000000,0.000000000
1751979361.286537,21.883000000,59.528724670,0.030000001,0.000000000,1.245774269,0.956272781,-69.093208313,5.076842308,5.082001209,-5.774236679,0.000000000,0.000000000,0.000000000,0.000000000,0.000000000,0.000000000,0.000000000,0.000000000,0.000000000,0.000000000,0.000000000,0.000000000
1751979361.289114,21.886000000,59.528724670,0.030000001,0.000000000,1.245774269,0.956272781,-69.093330383,5.076842308,5.099998474,-3.301853180,0.000000000,0.000000000,0.000000000,0.000000000,0.000000000,0.000000000,0.000000000,0.000000000,0.000000000,0.000000000,0.000000000,0.000000000
1751979361.291714,21.888000000,59.585857391,0.030000001,0.000000000,1.229889512,0.956272781,-66.466575623,5.096720695,5.109000206,-4.394564152,0.000000000,0.000000000,0.000000000,0.000000000,0.000000000,0.000000000,0.000000000,0.000000000,0.000000000,0.000000000,0.000000000,0.000000000
1751979361.294435,21.891000000,59.585857391,0.030000001,0.000000000,1.229889512,0.956272781,-66.466682434,5.096720695,5.117999077,-2.873808622,0.000000000,0.000000000,0.000000000,0.000000000,0.000000000,0.000000000,0.000000000,0.000000000,0.000000000,0.000000000,0.000000000,0.000000000
1751979361.297296,21.894000000,59.585857391,0.030000001,0.000000000,1.229889512,0.956272781,-66.466804504,5.096720695,5.127000332,-1.372188687,0.000000000,0.000000000,0.000000000,0.000000000,0.000000000,0.000000000,0.000000000,0.000000000,0.000000000,0.000000000,0.000000000,0.000000000
1751979361.300068,21.896000000,59.677688599,0.030000001,0.000000000,1.216683745,0.956272781,-64.283081055,5.132735252,5.135999203,-4.690054417,0.000000000,0.000000000,0.000000000,0.000000000,0.000000000,0.000000000,0.000000000,0.000000000,0.000000000,0.000000000,0.000000000,0.000000000
1751979361.302758,21.899000000,59.677688599,0.030000001,0.000000000,1.216683745,0.956272781,-64.283195496,5.132735252,5.145000935,-3.244782448,0.000000000,0.000000000,0.000000000,0.000000000,0.000000000,0.000000000,0.000000000,0.000000000,0.000000000,0.000000000,0.000000000,0.000000000
1751979361.305701,21.902000000,59.677688599,0.030000001,0.000000000,1.216683745,0.956272781,-64.283302307,5.132735252,5.145000935,-2.757200718,0.000000000,0.000000000,0.000000000,0.000000000,0.000000000,0.000000000,0.000000000,0.000000000,0.000000000,0.000000000,0.000000000,0.000000000
1751979361.308278,21.905000000,59.697296143,0.030000001,0.000000000,1.221895576,0.956272781,-65.145301819,5.151583195,5.153999805,-3.884990692,0.000000000,0.000000000,0.000000000,0.000000000,0.000000000,0.000000000,0.000000000,0.000000000,0.000000000,0.000000000,0.000000000,0.000000000
1751979361.310889,21.907000000,59.697296143,0.030000001,0.000000000,1.221895576,0.956272781,-65.145408630,5.151583195,5.153999805,-3.464356184,0.000000000,0.000000000,0.000000000,0.000000000,0.000000000,0.000000000,0.000000000,0.000000000,0.000000000,0.000000000,0.000000000,0.000000000
1751979361.313468,21.910000000,59.697296143,0.030000001,0.000000000,1.221895576,0.942773223,-65.472640991,5.151583195,5.153999805,-3.087184906,0.000000000,0.000000000,0.000000000,0.000000000,0.000000000,0.000000000,0.000000000,0.000000000,0.000000000,0.000000000,0.000000000,0.000000000
1751979361.316096,21.912000000,59.697296143,0.030000001,0.000000000,1.221895576,0.942773223,-67.378059387,5.151583195,5.153999805,-2.746330500,0.000000000,0.000000000,0.000000000,0.000000000,0.000000000,0.000000000,0.000000000,0.000000000,0.000000000,0.000000000,0.000000000,0.000000000
1751979361.318680,21.915000000,59.697296143,0.030000001,0.000000000,1.221895576,0.942773223,-67.378173828,5.151583195,5.153999805,-2.439561367,0.000000000,0.000000000,0.000000000,0.000000000,0.000000000,0.000000000,0.000000000,0.000000000,0.000000000,0.000000000,0.000000000,0.000000000
1751979361.321288,21.918000000,59.697296143,0.030000001,0.000000000,1.221895576,0.942773223,-67.378280640,5.151583195,5.153999805,-2.163469076,0.000000000,0.000000000,0.000000000,0.000000000,0.000000000,0.000000000,0.000000000,0.000000000,0.000000000,0.000000000,0.000000000,0.000000000
1751979361.323884,21.920000000,59.742095947,0.030000001,0.000000000,1.214849949,0.942773223,-66.213256836,5.165822029,5.153999805,-3.808454752,0.000000000,0.000000000,0.000000000,0.000000000,0.000000000,0.000000000,0.000000000,0.000000000,0.000000000,0.000000000,0.000000000,0.000000000
1751979361.326483,21.923000000,59.742095947,0.030000001,0.000000000,1.214849949,0.942773223,-66.213371277,5.165822029,5.145000935,-4.499014854,0.000000000,0.000000000,0.000000000,0.000000000,0.000000000,0.000000000,0.000000000,0.000000000,0.000000000,0.000000000,0.000000000,0.000000000
1751979361.329179,21.925000000,59.742095947,0.030000001,0.000000000,1.214849949,0.942773223,-66.213485718,5.165822029,5.145000935,-4.325987339,0.000000000,0.000000000,0.000000000,0.000000000,0.000000000,0.000000000,0.000000000,0.000000000,0.000000000,0.000000000,0.000000000,0.000000000
1751979361.331781,21.928000000,59.857780457,0.030000001,0.000000000,1.218477726,0.942773223,-66.813522339,5.208398342,5.135999203,-10.749389648,0.000000000,0.000000000,0.000000000,0.000000000,0.000000000,0.000000000,0.000000000,0.000000000,0.000000000,0.000000000,0.000000000,0.000000000
1751979361.334403,21.931000000,59.857780457,0.030000001,0.000000000,1.218477726,0.942773223,-66.813636780,5.208398342,5.135999203,-10.637186050,0.000000000,0.000000000,0.000000000,0.000000000,0.000000000,0.000000000,0.000000000,0.000000000,0.000000000,0.000000000,0.000000000,0.000000000
1751979361.337026,21.933000000,59.857780457,0.030000001,0.000000000,1.218477726,0.942773223,-66.813751221,5.208398342,5.135999203,-10.536202431,0.000000000,0.000000000,0.000000000,0.000000000,0.000000000,0.000000000,0.000000000,0.000000000,0.000000000,0.000000000,0.000000000,0.000000000
1751979361.339634,21.936000000,59.858093262,0.030000001,0.000000000,1.239794135,0.942773223,-70.338958740,5.273517609,5.127000332,-20.020498276,0.000000000,0.000000000,0.000000000,0.000000000,0.000000000,0.000000000,0.000000000,0.000000000,0.000000000,0.000000000,0.000000000,0.000000000
1751979361.342226,21.939000000,59.858093262,0.030000001,0.000000000,1.239794135,0.942773223,-70.339080811,5.273517609,5.117999077,-20.878822327,0.000000000,0.000000000,0.000000000,0.000000000,0.000000000,0.000000000,0.000000000,0.000000000,0.000000000,0.000000000,0.000000000,0.000000000
1751979361.345074,21.941000000,59.858093262,0.030000001,0.000000000,1.239794135,0.942773223,-70.339202881,5.273517609,5.117999077,-20.858917236,0.000000000,0.000000000,0.000000000,0.000000000,0.000000000,0.000000000,0.000000000,0.000000000,0.000000000,0.000000000,0.000000000,0.000000000
1751979361.347777,21.944000000,59.858093262,0.030000001,0.000000000,1.239794135,0.942773223,-70.339332581,5.273517609,5.109000206,-21.777614594,0.000000000,0.000000000,0.000000000,0.000000000,0.000000000,0.000000000,0.000000000,0.000000000,0.000000000,0.000000000,0.000000000,0.000000000
1751979361.350399,21.947000000,59.858093262,0.030000001,0.000000000,1.239794135,0.942773223,-70.339454651,5.273517609,5.099998474,-22.704896927,0.000000000,0.000000000,0.000000000,0.000000000,0.000000000,0.000000000,0.000000000,0.000000000,0.000000000,0.000000000,0.000000000,0.000000000
1751979361.353018,21.949000000,59.858093262,0.030000001,0.000000000,1.239794135,0.942773223,-70.339576721,5.273517609,5.091000080,-23.659893036,0.000000000,0.000000000,0.000000000,0.000000000,0.000000000,0.000000000,0.000000000,0.000000000,0.000000000,0.000000000,0.000000000,0.000000000
1751979361.355649,21.952000000,59.989295959,0.030000001,0.000000000,1.227028251,0.942773223,-68.228599548,5.321307182,5.091000080,-30.075313568,0.000000000,0.000000000,0.000000000,0.000000000,0.000000000,0.000000000,0.000000000,0.000000000,0.000000000,0.000000000,0.000000000,0.000000000
1751979361.358207,21.955000000,59.989295959,0.030000001,0.000000000,1.227028251,0.942773223,-68.228713989,5.321307182,5.091000080,-30.130140305,0.000000000,0.000000000,0.000000000,0.000000000,0.000000000,0.000000000,0.000000000,0.000000000,0.000000000,0.000000000,0.000000000,0.000000000
1751979361.360920,21.957000000,59.989295959,0.030000001,0.000000000,1.227028251,0.929273665,-68.566879272,5.321307182,5.091000080,-30.179838181,0.000000000,0.000000000,0.000000000,0.000000000,0.000000000,0.000000000,0.000000000,0.000000000,0.000000000,0.000000000,0.000000000,0.000000000
1751979361.363594,21.960000000,60.072113037,0.030000001,0.000000000,1.253142476,0.929273665,-74.779907227,5.384256840,5.082001209,-39.521808624,0.000000000,0.000000000,0.000000000,0.000000000,0.000000000,0.000000000,0.000000000,0.000000000,0.000000000,0.000000000,0.000000000,0.000000000
1751979361.366190,21.963000000,60.072113037,0.030000001,0.000000000,1.253142476,0.929273665,-74.780036926,5.384256840,5.091000080,-38.669017792,0.000000000,0.000000000,0.000000000,0.000000000,0.000000000,0.000000000,0.000000000,0.000000000,0.000000000,0.000000000,0.000000000,0.000000000
1751979361.368790,21.965000000,60.072113037,0.030000001,0.000000000,1.253142476,0.929273665,-74.780166626,5.384256840,5.091000080,-38.701572418,0.000000000,0.000000000,0.000000000,0.000000000,0.000000000,0.000000000,0.000000000,0.000000000,0.000000000,0.000000000,0.000000000,0.000000000
1751979361.371377,21.968000000,60.106544495,0.030000001,0.000000000,1.269832015,0.929273665,-77.540252686,5.455531120,5.091000080,-48.208267212,0.000000000,0.000000000,0.000000000,0.000000000,0.000000000,0.000000000,0.000000000,0.000000000,0.000000000,0.000000000,0.000000000,0.000000000
1751979361.373952,21.970000000,60.106544495,0.030000001,0.000000000,1.269832015,0.929273665,-77.540390015,5.455531120,5.099998474,-47.323104858,0.000000000,0.000000000,0.000000000,0.000000000,0.000000000,0.000000000,0.000000000,0.000000000,0.000000000,0.000000000,0.000000000,0.000000000
1751979361.376571,21.973000000,60.106544495,0.030000001,0.000000000,1.269832015,0.929273665,-77.540527344,5.455531120,5.109000206,-46.406810760,0.000000000,0.000000000,0.000000000,0.000000000,0.000000000,0.000000000,0.000000000,0.000000000,0.000000000,0.000000000,0.000000000,0.000000000
1751979361.379266,21.976000000,60.106544495,0.030000001,0.000000000,1.269832015,0.929273665,-77.540672302,5.455531120,5.109000206,-46.374084473,0.000000000,0.000000000,0.000000000,0.000000000,0.000000000,0.000000000,0.000000000,0.000000000,0.000000000,0.000000000,0.000000000,0.000000000
1751979361.381864,21.978000000,60.106544495,0.030000001,0.000000000,1.269832015,0.929273665,-77.540809631,5.455531120,5.117999077,-45.424015045,0.000000000,0.000000000,0.000000000,0.000000000,0.000000000,0.000000000,0.000000000,0.000000000,0.000000000,0.000000000,0.000000000,0.000000000
1751979361.384451,21.981000000,60.106544495,0.030000001,0.000000000,1.269832015,0.929273665,-77.540954590,5.455531120,5.127000332,-44.457107544,0.000000000,0.000000000,0.000000000,0.000000000,0.000000000,0.000000000,0.000000000,0.000000000,0.000000000,0.000000000,0.000000000,0.000000000
1751979361.387178,21.983000000,60.272068024,0.030000001,0.000000000,1.259832263,0.929273665,-75.887420654,5.538318157,5.135999203,-54.479637146,0.000000000,0.000000000,0.000000000,0.000000000,0.000000000,0.000000000,0.000000000,0.000000000,0.000000000,0.000000000,0.000000000,0.000000000
1751979361.389832,21.986000000,60.272068024,0.030000001,0.000000000,1.259832263,0.929273665,-75.887565613,5.538318157,5.163001060,-51.610488892,0.000000000,0.000000000,0.000000000,0.000000000,0.000000000,0.000000000,0.000000000,0.000000000,0.000000000,0.000000000,0.000000000,0.000000000
1751979361.392597,21.989000000,60.272068024,0.030000001,0.000000000,1.259832263,0.929273665,-75.887702942,5.538318157,5.180998802,-49.583019257,0.000000000,0.000000000,0.000000000,0.000000000,0.000000000,0.000000000,0.000000000,0.000000000,0.000000000,0.000000000,0.000000000,0.000000000
1751979361.395348,21.992000000,60.338985443,0.030000001,0.000000000,1.300172925,0.929273665,-82.559005737,5.649517536,5.190000057,-63.233562469,0.000000000,0.000000000,0.000000000,0.000000000,0.000000000,0.000000000,0.000000000,0.000000000,0.000000000,0.000000000,0.000000000,0.000000000
1751979361.397961,21.994000000,60.338985443,0.030000001,0.000000000,1.300172925,0.929273665,-82.559158325,5.649517536,5.226000786,-59.330833435,0.000000000,0.000000000,0.000000000,0.000000000,0.000000000,0.000000000,0.000000000,0.000000000,0.000000000,0.000000000,0.000000000,0.000000000
1751979361.400572,21.997000000,60.338985443,0.030000001,0.000000000,1.300172925,0.942773223,-82.216926575,5.649517536,5.261998653,-55.369750977,0.000000000,0.000000000,0.000000000,0.000000000,0.000000000,0.000000000,0.000000000,0.000000000,0.000000000,0.000000000,0.000000000,0.000000000
1751979361.403286,22.000000000,60.338985443,0.030000001,0.000000000,1.300172925,0.942773223,-80.327026367,5.649517536,5.279999256,-53.155220032,0.000000000,0.000000000,0.000000000,0.000000000,0.000000000,0.000000000,0.000000000,0.000000000,0.000000000,0.000000000,0.000000000,0.000000000
1751979361.405945,22.002000000,60.338985443,0.030000001,0.000000000,1.300172925,0.942773223,-80.327178955,5.649517536,5.307001114,-49.984928131,0.000000000,0.000000000,0.000000000,0.000000000,0.000000000,0.000000000,0.000000000,0.000000000,0.000000000,0.000000000,0.000000000,0.000000000
1751979361.408543,22.005000000,60.338985443,0.030000001,0.000000000,1.300172925,0.942773223,-80.327323914,5.649517536,5.342998981,-45.883022308,0.000000000,0.000000000,0.000000000,0.000000000,0.000000000,0.000000000,0.000000000,0.000000000,0.000000000,0.000000000,0.000000000,0.000000000
1751979361.411149,22.008000000,60.413074493,0.030000001,0.000000000,1.320253849,0.942773223,-83.648262024,5.775578499,5.370000839,-59.399227142,0.000000000,0.000000000,0.000000000,0.000000000,0.000000000,0.000000000,0.000000000,0.000000000,0.000000000,0.000000000,0.000000000,0.000000000
1751979361.413726,22.010000000,60.413074493,0.030000001,0.000000000,1.320253849,0.942773223,-83.648414612,5.775578499,5.423998833,-53.381580353,0.000000000,0.000000000,0.000000000,0.000000000,0.000000000,0.000000000,0.000000000,0.000000000,0.000000000,0.000000000,0.000000000,0.000000000
1751979361.416291,22.013000000,60.413074493,0.030000001,0.000000000,1.320253849,0.956272781,-83.358787537,5.775578499,5.477999687,-47.282630920,0.000000000,0.000000000,0.000000000,0.000000000,0.000000000,0.000000000,0.000000000,0.000000000,0.000000000,0.000000000,0.000000000,0.000000000
1751979361.418850,22.015000000,60.589054108,0.030000001,0.000000000,1.340517402,0.956272781,-84.767272949,5.903323650,5.487001419,-62.599731445,0.000000000,0.000000000,0.000000000,0.000000000,0.000000000,0.000000000,0.000000000,0.000000000,0.000000000,0.000000000,0.000000000,0.000000000
1751979361.421433,22.018000000,60.589054108,0.030000001,0.000000000,1.340517402,0.969775021,-84.453521729,5.903323650,5.532000542,-57.329505920,0.000000000,0.000000000,0.000000000,0.000000000,0.000000000,0.000000000,0.000000000,0.000000000,0.000000000,0.000000000,0.000000000,0.000000000
1751979361.424054,22.020000000,60.589054108,0.030000001,0.000000000,1.340517402,0.969775021,-82.534713745,5.903323650,5.613000870,-48.360267639,0.000000000,0.000000000,0.000000000,0.000000000,0.000000000,0.000000000,0.000000000,0.000000000,0.000000000,0.000000000,0.000000000,0.000000000
1751979361.426649,22.023000000,60.589054108,0.030000001,0.000000000,1.340517402,0.969775021,-82.534858704,5.903323650,5.639999866,-44.650573730,0.000000000,0.000000000,0.000000000,0.000000000,0.000000000,0.000000000,0.000000000,0.000000000,0.000000000,0.000000000,0.000000000,0.000000000
1751979361.429296,22.026000000,60.589054108,0.030000001,0.000000000,1.340517402,0.983274579,-82.189743042,5.903323650,5.649001122,-42.771457672,0.000000000,0.000000000,0.000000000,0.000000000,0.000000000,0.000000000,0.000000000,0.000000000,0.000000000,0.000000000,0.000000000,0.000000000
1751979361.431925,22.028000000,60.589054108,0.030000001,0.000000000,1.340517402,0.983274579,-80.302734375,5.903323650,5.684999466,-38.224422455,0.000000000,0.000000000,0.000000000,0.000000000,0.000000000,0.000000000,0.000000000,0.000000000,0.000000000,0.000000000,0.000000000,0.000000000
1751979361.434514,22.031000000,60.770431519,0.030000001,0.000000000,1.350236654,0.996774137,-81.573554993,6.000829220,5.757000446,-42.983512878,0.000000000,0.000000000,0.000000000,0.000000000,0.000000000,0.000000000,0.000000000,0.000000000,0.000000000,0.000000000,0.000000000,0.000000000
1751979361.437097,22.033000000,60.770431519,0.030000001,0.000000000,1.350236654,0.996774137,-79.677871704,6.000829220,5.820000172,-35.568595886,0.000000000,0.000000000,0.000000000,0.000000000,0.000000000,0.000000000,0.000000000,0.000000000,0.000000000,0.000000000,0.000000000,0.000000000
1751979361.439684,22.036000000,60.770431519,0.030000001,0.000000000,1.350236654,0.996774137,-79.678016663,6.000829220,5.856000900,-30.786081314,0.000000000,0.000000000,0.000000000,0.000000000,0.000000000,0.000000000,0.000000000,0.000000000,0.000000000,0.000000000,0.000000000,0.000000000
1751979361.442284,22.039000000,60.844444275,0.030000001,0.000000000,1.363300323,0.996774137,-81.838500977,6.079065800,5.856000900,-40.047473907,0.000000000,0.000000000,0.000000000,0.000000000,0.000000000,0.000000000,0.000000000,0.000000000,0.000000000,0.000000000,0.000000000,0.000000000
1751979361.445014,22.041000000,60.844444275,0.030000001,0.000000000,1.363300323,1.010276318,-81.477630615,6.079065800,5.919000626,-32.603027344,0.000000000,0.000000000,0.000000000,0.000000000,0.000000000,0.000000000,0.000000000,0.000000000,0.000000000,0.000000000,0.000000000,0.000000000
1751979361.447667,22.044000000,60.844444275,0.030000001,0.000000000,1.363300323,1.010276318,-79.605934143,6.079065800,5.963999748,-26.871292114,0.000000000,0.000000000,0.000000000,0.000000000,0.000000000,0.000000000,0.000000000,0.000000000,0.000000000,0.000000000,0.000000000,0.000000000
1751979361.450250,22.047000000,60.844444275,0.030000001,0.000000000,1.363300323,1.023775935,-79.278221130,6.079065800,5.972998619,-24.801395416,0.000000000,0.000000000,0.000000000,0.000000000,0.000000000,0.000000000,0.000000000,0.000000000,0.000000000,0.000000000,0.000000000,0.000000000
1751979361.452865,22.049000000,60.844444275,0.030000001,0.000000000,1.363300323,1.023775935,-77.373786926,6.079065800,5.990999222,-21.916584015,0.000000000,0.000000000,0.000000000,0.000000000,0.000000000,0.000000000,0.000000000,0.000000000,0.000000000,0.000000000,0.000000000,0.000000000
1751979361.455455,22.052000000,60.844444275,0.030000001,0.000000000,1.363300323,1.023775935,-77.373924255,6.079065800,6.036001205,-16.330511093,0.000000000,0.000000000,0.000000000,0.000000000,0.000000000,0.000000000,0.000000000,0.000000000,0.000000000,0.000000000,0.000000000,0.000000000
1751979361.458027,22.054000000,60.933254242,0.030000001,0.000000000,1.382949233,1.023775935,-80.623405457,6.118863583,6.063000202,-17.846536636,0.000000000,0.000000000,0.000000000,0.000000000,0.000000000,0.000000000,0.000000000,0.000000000,0.000000000,0.000000000,0.000000000,0.000000000
1751979361.460704,22.057000000,60.933254242,0.030000001,0.000000000,1.382949233,1.023775935,-80.623550415,6.118863583,6.081000328,-14.987736702,0.000000000,0.000000000,0.000000000,0.000000000,0.000000000,0.000000000,0.000000000,0.000000000,0.000000000,0.000000000,0.000000000,0.000000000
1751979361.463458,22.060000000,60.933254242,0.030000001,0.000000000,1.382949233,1.023775935,-80.623710632,6.118863583,6.089999199,-13.066581726,0.000000000,0.000000000,0.000000000,0.000000000,0.000000000,0.000000000,0.000000000,0.000000000,0.000000000,0.000000000,0.000000000,0.000000000
1751979361.466052,22.062000000,60.955249786,0.030000001,0.000000000,1.354240060,1.037275553,-75.522354126,6.162782669,6.117001057,-15.245574951,0.000000000,0.000000000,0.000000000,0.000000000,0.000000000,0.000000000,0.000000000,0.000000000,0.000000000,0.000000000,0.000000000,0.000000000
1751979361.468621,22.065000000,60.955249786,0.030000001,0.000000000,1.354240060,1.023775935,-73.965881348,6.162782669,6.134998798,-12.516988754,0.000000000,0.000000000,0.000000000,0.000000000,0.000000000,0.000000000,0.000000000,0.000000000,0.000000000,0.000000000,0.000000000,0.000000000
1751979361.471224,22.068000000,60.955249786,0.030000001,0.000000000,1.354240060,1.023775935,-75.876464844,6.162782669,6.144000053,-10.725448608,0.000000000,0.000000000,0.000000000,0.000000000,0.000000000,0.000000000,0.000000000,0.000000000,0.000000000,0.000000000,0.000000000,0.000000000
1751979361.473828,22.070000000,61.053363800,0.030000001,0.000000000,1.323131680,1.023775935,-70.732200623,6.196443081,6.152998924,-13.475023270,0.000000000,0.000000000,0.000000000,0.000000000,0.000000000,0.000000000,0.000000000,0.000000000,0.000000000,0.000000000,0.000000000,0.000000000
1751979361.476416,22.073000000,61.053363800,0.030000001,0.000000000,1.323131680,1.023775935,-70.732315063,6.196443081,6.162000656,-11.797170639,0.000000000,0.000000000,0.000000000,0.000000000,0.000000000,0.000000000,0.000000000,0.000000000,0.000000000,0.000000000,0.000000000,0.000000000
1751979361.479080,22.075000000,61.053363800,0.030000001,0.000000000,1.323131680,1.023775935,-70.732444763,6.196443081,6.162000656,-11.076009750,0.000000000,0.000000000,0.000000000,0.000000000,0.000000000,0.000000000,0.000000000,0.000000000,0.000000000,0.000000000,0.000000000,0.000000000
1751979361.481674,22.078000000,61.053363800,0.030000001,0.000000000,1.323131680,1.023775935,-70.732559204,6.196443081,6.170999527,-9.518131256,0.000000000,0.000000000,0.000000000,0.000000000,0.000000000,0.000000000,0.000000000,0.000000000,0.000000000,0.000000000,0.000000000,0.000000000
1751979361.484238,22.081000000,61.053363800,0.030000001,0.000000000,1.323131680,1.023775935,-70.732681274,6.196443081,6.180000782,-7.995849609,0.000000000,0.000000000,0.000000000,0.000000000,0.000000000,0.000000000,0.000000000,0.000000000,0.000000000,0.000000000,0.000000000,0.000000000
1751979361.486828,22.083000000,61.053363800,0.030000001,0.000000000,1.323131680,1.023775935,-70.732803345,6.196443081,6.180000782,-7.415177345,0.000000000,0.000000000,0.000000000,0.000000000,0.000000000,0.000000000,0.000000000,0.000000000,0.000000000,0.000000000,0.000000000,0.000000000
1751979361.489411,22.086000000,61.053363800,0.030000001,0.000000000,1.323131680,1.023775935,-70.732925415,6.196443081,6.188999653,-5.985496044,0.000000000,0.000000000,0.000000000,0.000000000,0.000000000,0.000000000,0.000000000,0.000000000,0.000000000,0.000000000,0.000000000,0.000000000
1751979361.491985,22.088000000,61.079589844,0.030000001,0.000000000,1.320560336,1.023775935,-70.307823181,6.226817131,6.198001385,-8.621758461,0.000000000,0.000000000,0.000000000,0.000000000,0.000000000,0.000000000,0.000000000,0.000000000,0.000000000,0.000000000,0.000000000,0.000000000
1751979361.494736,22.091000000,61.079589844,0.030000001,0.000000000,1.320560336,1.023775935,-70.307937622,6.226817131,6.215998650,-6.325660706,0.000000000,0.000000000,0.000000000,0.000000000,0.000000000,0.000000000,0.000000000,0.000000000,0.000000000,0.000000000,0.000000000,0.000000000
1751979361.497437,22.094000000,61.079589844,0.030000001,0.000000000,1.320560336,1.023775935,-70.308067322,6.226817131,6.225000381,-4.911164761,0.000000000,0.000000000,0.000000000,0.000000000,0.000000000,0.000000000,0.000000000,0.000000000,0.000000000,0.000000000,0.000000000,0.000000000
1751979361.500063,22.096000000,61.137886047,0.030000001,0.000000000,1.307096124,1.023775935,-68.081604004,6.240899086,6.233999252,-5.404325485,0.000000000,0.000000000,0.000000000,0.000000000,0.000000000,0.000000000,0.000000000,0.000000000,0.000000000,0.000000000,0.000000000,0.000000000
1751979361.502605,22.099000000,61.137886047,0.030000001,0.000000000,1.307096124,1.010276318,-68.426269531,6.240899086,6.251999378,-3.132457495,0.000000000,0.000000000,0.000000000,0.000000000,0.000000000,0.000000000,0.000000000,0.000000000,0.000000000,0.000000000,0.000000000,0.000000000
1751979361.505231,22.102000000,61.137886047,0.030000001,0.000000000,1.307096124,0.996774137,-70.625953674,6.240899086,6.269999504,-0.858815372,0.000000000,0.000000000,0.000000000,0.000000000,0.000000000,0.000000000,0.000000000,0.000000000,0.000000000,0.000000000,0.000000000,0.000000000
1751979361.507885,22.104000000,61.224601746,0.030000001,0.000000000,1.285868406,1.010276318,-68.664573669,6.285582066,6.279001236,-5.416849136,0.000000000,0.000000000,0.000000000,0.000000000,0.000000000,0.000000000,0.000000000,0.000000000,0.000000000,0.000000000,0.000000000,0.000000000
1751979361.510575,22.107000000,61.224601746,0.030000001,0.000000000,1.285868406,0.996774137,-67.149414063,6.285582066,6.296998978,-3.140283346,0.000000000,0.000000000,0.000000000,0.000000000,0.000000000,0.000000000,0.000000000,0.000000000,0.000000000,0.000000000,0.000000000,0.000000000
1751979361.513353,22.110000000,61.224601746,0.030000001,0.000000000,1.285868406,1.010276318,-68.611885071,6.285582066,6.306000233,-1.747915387,0.000000000,0.000000000,0.000000000,0.000000000,0.000000000,0.000000000,0.000000000,0.000000000,0.000000000,0.000000000,0.000000000,0.000000000
1751979361.515964,22.112000000,61.224601746,0.030000001,0.000000000,1.285868406,1.010276318,-66.804321289,6.285582066,6.324000835,0.538698196,0.000000000,0.000000000,0.000000000,0.000000000,0.000000000,0.000000000,0.000000000,0.000000000,0.000000000,0.000000000,0.000000000,0.000000000
1751979361.518547,22.115000000,61.224601746,0.030000001,0.000000000,1.285868406,0.996774137,-67.138923645,6.285582066,6.332999229,1.905154586,0.000000000,0.000000000,0.000000000,0.000000000,0.000000000,0.000000000,0.000000000,0.000000000,0.000000000,0.000000000,0.000000000,0.000000000
1751979361.521209,22.118000000,61.224601746,0.030000001,0.000000000,1.285868406,1.010276318,-68.699295044,6.285582066,6.350999832,4.170090675,0.000000000,0.000000000,0.000000000,0.000000000,0.000000000,0.000000000,0.000000000,0.000000000,0.000000000,0.000000000,0.000000000,0.000000000
1751979361.523845,22.120000000,61.292041779,0.030000001,0.000000000,1.293101907,1.010276318,-68.000877380,6.322090626,6.360001087,0.680737495,0.000000000,0.000000000,0.000000000,0.000000000,0.000000000,0.000000000,0.000000000,0.000000000,0.000000000,0.000000000,0.000000000,0.000000000
1751979361.526469,22.123000000,61.292041779,0.030000001,0.000000000,1.293101907,1.010276318,-68.000991821,6.322090626,6.368999958,2.028078079,0.000000000,0.000000000,0.000000000,0.000000000,0.000000000,0.000000000,0.000000000,0.000000000,0.000000000,0.000000000,0.000000000,0.000000000
1751979361.529111,22.125000000,61.292041779,0.030000001,0.000000000,1.293101907,1.010276318,-68.001106262,6.322090626,6.377998829,3.362502098,0.000000000,0.000000000,0.000000000,0.000000000,0.000000000,0.000000000,0.000000000,0.000000000,0.000000000,0.000000000,0.000000000,0.000000000
1751979361.531668,22.128000000,61.435955048,0.030000001,0.000000000,1.307286859,1.010276318,-70.346992493,6.382648468,6.377998829,-4.294058323,0.000000000,0.000000000,0.000000000,0.000000000,0.000000000,0.000000000,0.000000000,0.000000000,0.000000000,0.000000000,0.000000000,0.000000000
1751979361.534246,22.131000000,61.435955048,0.030000001,0.000000000,1.307286859,1.023775935,-70.040718079,6.382648468,6.387000561,-3.018590689,0.000000000,0.000000000,0.000000000,0.000000000,0.000000000,0.000000000,0.000000000,0.000000000,0.000000000,0.000000000,0.000000000,0.000000000
1751979361.536829,22.133000000,61.435955048,0.030000001,0.000000000,1.307286859,1.023775935,-68.114791870,6.382648468,6.387000561,-2.658772469,0.000000000,0.000000000,0.000000000,0.000000000,0.000000000,0.000000000,0.000000000,0.000000000,0.000000000,0.000000000,0.000000000,0.000000000
1751979361.539412,22.136000000,61.519985199,0.030000001,0.000000000,1.309970975,1.023775935,-68.558776855,6.443462372,6.395998955,-9.527125359,0.000000000,0.000000000,0.000000000,0.000000000,0.000000000,0.000000000,0.000000000,0.000000000,0.000000000,0.000000000,0.000000000,0.000000000
1751979361.542008,22.138000000,61.519985199,0.030000001,0.000000000,1.309970975,1.023775935,-68.558891296,6.443462372,6.405000687,-8.297553062,0.000000000,0.000000000,0.000000000,0.000000000,0.000000000,0.000000000,0.000000000,0.000000000,0.000000000,0.000000000,0.000000000,0.000000000
1751979361.544636,22.141000000,61.519985199,0.030000001,0.000000000,1.309970975,1.023775935,-68.559005737,6.443462372,6.405000687,-7.980024338,0.000000000,0.000000000,0.000000000,0.000000000,0.000000000,0.000000000,0.000000000,0.000000000,0.000000000,0.000000000,0.000000000,0.000000000
1751979361.547280,22.144000000,61.519985199,0.030000001,0.000000000,1.309970975,1.023775935,-68.559120178,6.443462372,6.405000687,-7.694249630,0.000000000,0.000000000,0.000000000,0.000000000,0.000000000,0.000000000,0.000000000,0.000000000,0.000000000,0.000000000,0.000000000,0.000000000
1751979361.549951,22.146000000,61.519985199,0.030000001,0.000000000,1.309970975,1.023775935,-68.559242249,6.443462372,6.405000687,-7.437051773,0.000000000,0.000000000,0.000000000,0.000000000,0.000000000,0.000000000,0.000000000,0.000000000,0.000000000,0.000000000,0.000000000,0.000000000
1751979361.552539,22.149000000,61.519985199,0.030000001,0.000000000,1.309970975,1.023775935,-68.559356689,6.443462372,6.405000687,-7.205573559,0.000000000,0.000000000,0.000000000,0.000000000,0.000000000,0.000000000,0.000000000,0.000000000,0.000000000,0.000000000,0.000000000,0.000000000
1751979361.555259,22.152000000,61.684101105,0.030000001,0.000000000,1.288949132,1.023775935,-65.083084106,6.506494045,6.405000687,-15.391713142,0.000000000,0.000000000,0.000000000,0.000000000,0.000000000,0.000000000,0.000000000,0.000000000,0.000000000,0.000000000,0.000000000,0.000000000
1751979361.558017,22.154000000,61.684101105,0.030000001,0.000000000,1.288949132,1.010276318,-65.506317139,6.506494045,6.413999557,-14.281323433,0.000000000,0.000000000,0.000000000,0.000000000,0.000000000,0.000000000,0.000000000,0.000000000,0.000000000,0.000000000,0.000000000,0.000000000
1751979361.560773,22.157000000,61.684101105,0.030000001,0.000000000,1.288949132,0.996774137,-67.739616394,6.506494045,6.413999557,-14.086041451,0.000000000,0.000000000,0.000000000,0.000000000,0.000000000,0.000000000,0.000000000,0.000000000,0.000000000,0.000000000,0.000000000,0.000000000
1751979361.563514,22.160000000,61.799068451,0.030000001,0.000000000,1.287224412,0.996774137,-69.263519287,6.565419197,6.413999557,-21.757270813,0.000000000,0.000000000,0.000000000,0.000000000,0.000000000,0.000000000,0.000000000,0.000000000,0.000000000,0.000000000,0.000000000,0.000000000
1751979361.566144,22.163000000,61.799068451,0.030000001,0.000000000,1.287224412,0.996774137,-69.263641357,6.565419197,6.413999557,-21.598226547,0.000000000,0.000000000,0.000000000,0.000000000,0.000000000,0.000000000,0.000000000,0.000000000,0.000000000,0.000000000,0.000000000,0.000000000
1751979361.568740,22.165000000,61.799068451,0.030000001,0.000000000,1.287224412,0.996774137,-69.263763428,6.565419197,6.413999557,-21.455085754,0.000000000,0.000000000,0.000000000,0.000000000,0.000000000,0.000000000,0.000000000,0.000000000,0.000000000,0.000000000,0.000000000,0.000000000
1751979361.571358,22.168000000,61.895263672,0.030000001,0.000000000,1.302778602,0.996774137,-71.836082458,6.626131535,6.413999557,-29.412231445,0.000000000,0.000000000,0.000000000,0.000000000,0.000000000,0.000000000,0.000000000,0.000000000,0.000000000,0.000000000,0.000000000,0.000000000
1751979361.574008,22.170000000,61.895263672,0.030000001,0.000000000,1.302778602,0.983274579,-72.191482544,6.626131535,6.423000813,-28.383731842,0.000000000,0.000000000,0.000000000,0.000000000,0.000000000,0.000000000,0.000000000,0.000000000,0.000000000,0.000000000,0.000000000,0.000000000
1751979361.576608,22.173000000,61.895263672,0.030000001,0.000000000,1.302778602,0.983274579,-74.068763733,6.626131535,6.431999683,-27.342313766,0.000000000,0.000000000,0.000000000,0.000000000,0.000000000,0.000000000,0.000000000,0.000000000,0.000000000,0.000000000,0.000000000,0.000000000
1751979361.579260,22.176000000,61.895263672,0.030000001,0.000000000,1.302778602,0.983274579,-74.068893433,6.626131535,6.441001415,-26.281219482,0.000000000,0.000000000,0.000000000,0.000000000,0.000000000,0.000000000,0.000000000,0.000000000,0.000000000,0.000000000,0.000000000,0.000000000
1751979361.581870,22.178000000,61.895263672,0.030000001,0.000000000,1.302778602,0.983274579,-74.069023132,6.626131535,6.450000286,-25.206804276,0.000000000,0.000000000,0.000000000,0.000000000,0.000000000,0.000000000,0.000000000,0.000000000,0.000000000,0.000000000,0.000000000,0.000000000
1751979361.584473,22.181000000,61.895263672,0.030000001,0.000000000,1.302778602,0.983274579,-74.069160461,6.626131535,6.450000286,-25.032079697,0.000000000,0.000000000,0.000000000,0.000000000,0.000000000,0.000000000,0.000000000,0.000000000,0.000000000,0.000000000,0.000000000,0.000000000
1751979361.587080,22.183000000,61.983181000,0.030000001,0.000000000,1.317248583,0.983274579,-76.462188721,6.685256481,6.468000412,-30.932361603,0.000000000,0.000000000,0.000000000,0.000000000,0.000000000,0.000000000,0.000000000,0.000000000,0.000000000,0.000000000,0.000000000,0.000000000
1751979361.589680,22.186000000,61.983181000,0.030000001,0.000000000,1.317248583,0.983274579,-76.462326050,6.685256481,6.486000538,-28.914678574,0.000000000,0.000000000,0.000000000,0.000000000,0.000000000,0.000000000,0.000000000,0.000000000,0.000000000,0.000000000,0.000000000,0.000000000
1751979361.592321,22.189000000,61.983181000,0.030000001,0.000000000,1.317248583,0.983274579,-76.462463379,6.685256481,6.504001141,-26.853485107,0.000000000,0.000000000,0.000000000,0.000000000,0.000000000,0.000000000,0.000000000,0.000000000,0.000000000,0.000000000,0.000000000,0.000000000
1751979361.594928,22.191000000,62.050895691,0.030000001,0.000000000,1.353788733,0.996774137,-82.170837402,6.747413635,6.522001266,-33.040931702,0.000000000,0.000000000,0.000000000,0.000000000,0.000000000,0.000000000,0.000000000,0.000000000,0.000000000,0.000000000,0.000000000,0.000000000
1751979361.597605,22.194000000,62.050895691,0.030000001,0.000000000,1.353788733,0.996774137,-80.272979736,6.747413635,6.539999008,-30.912523270,0.000000000,0.000000000,0.000000000,0.000000000,0.000000000,0.000000000,0.000000000,0.000000000,0.000000000,0.000000000,0.000000000,0.000000000
1751979361.600240,22.197000000,62.050895691,0.030000001,0.000000000,1.353788733,1.010276318,-79.929229736,6.747413635,6.567000866,-27.849020004,0.000000000,0.000000000,0.000000000,0.000000000,0.000000000,0.000000000,0.000000000,0.000000000,0.000000000,0.000000000,0.000000000,0.000000000
1751979361.602827,22.199000000,62.223613739,0.030000001,0.000000000,1.318485379,1.010276318,-72.202278137,6.795929909,6.575999737,-33.018486023,0.000000000,0.000000000,0.000000000,0.000000000,0.000000000,0.000000000,0.000000000,0.000000000,0.000000000,0.000000000,0.000000000,0.000000000
1751979361.605392,22.202000000,62.223613739,0.030000001,0.000000000,1.318485379,1.010276318,-72.202400208,6.795929909,6.602998734,-29.926876068,0.000000000,0.000000000,0.000000000,0.000000000,0.000000000,0.000000000,0.000000000,0.000000000,0.000000000,0.000000000,0.000000000,0.000000000
1751979361.608011,22.204000000,62.223613739,0.030000001,0.000000000,1.318485379,1.010276318,-72.202522278,6.795929909,6.638999462,-25.876558304,0.000000000,0.000000000,0.000000000,0.000000000,0.000000000,0.000000000,0.000000000,0.000000000,0.000000000,0.000000000,0.000000000,0.000000000
1751979361.610611,22.207000000,62.223613739,0.030000001,0.000000000,1.318485379,1.010276318,-72.202651978,6.795929909,6.656999588,-23.563453674,0.000000000,0.000000000,0.000000000,0.000000000,0.000000000,0.000000000,0.000000000,0.000000000,0.000000000,0.000000000,0.000000000,0.000000000
1751979361.613316,22.210000000,62.223613739,0.030000001,0.000000000,1.318485379,1.010276318,-72.202774048,6.795929909,6.674999714,-21.228065491,0.000000000,0.000000000,0.000000000,0.000000000,0.000000000,0.000000000,0.000000000,0.000000000,0.000000000,0.000000000,0.000000000,0.000000000
1751979361.615930,22.212000000,62.223613739,0.030000001,0.000000000,1.318485379,1.023775935,-71.842666626,6.795929909,6.711000443,-17.061897278,0.000000000,0.000000000,0.000000000,0.000000000,0.000000000,0.000000000,0.000000000,0.000000000,0.000000000,0.000000000,0.000000000,0.000000000
1751979361.618515,22.215000000,62.194236755,0.030000001,0.000000000,1.326621771,1.023775935,-71.316108704,6.858203888,6.737999439,-22.060192108,0.000000000,0.000000000,0.000000000,0.000000000,0.000000000,0.000000000,0.000000000,0.000000000,0.000000000,0.000000000,0.000000000,0.000000000
1751979361.621107,22.217000000,62.194236755,0.030000001,0.000000000,1.326621771,1.023775935,-71.316230774,6.858203888,6.764998913,-18.734462738,0.000000000,0.000000000,0.000000000,0.000000000,0.000000000,0.000000000,0.000000000,0.000000000,0.000000000,0.000000000,0.000000000,0.000000000
1751979361.623721,22.220000000,62.194236755,0.030000001,0.000000000,1.326621771,1.023775935,-71.316352844,6.858203888,6.792000771,-15.386396408,0.000000000,0.000000000,0.000000000,0.000000000,0.000000000,0.000000000,0.000000000,0.000000000,0.000000000,0.000000000,0.000000000,0.000000000
1751979361.626309,22.223000000,62.249595642,0.030000001,0.000000000,1.329303026,1.023775935,-71.759872437,6.918910503,6.818999767,-20.088010788,0.000000000,0.000000000,0.000000000,0.000000000,0.000000000,0.000000000,0.000000000,0.000000000,0.000000000,0.000000000,0.000000000,0.000000000
1751979361.628977,22.225000000,62.249595642,0.030000001,0.000000000,1.329303026,1.023775935,-71.759994507,6.918910503,6.845998764,-16.692070007,0.000000000,0.000000000,0.000000000,0.000000000,0.000000000,0.000000000,0.000000000,0.000000000,0.000000000,0.000000000,0.000000000,0.000000000
1751979361.631564,22.228000000,62.249595642,0.030000001,0.000000000,1.329303026,1.037275553,-71.427154541,6.918910503,6.873000622,-13.266682625,0.000000000,0.000000000,0.000000000,0.000000000,0.000000000,0.000000000,0.000000000,0.000000000,0.000000000,0.000000000,0.000000000,0.000000000
1751979361.634117,22.231000000,62.375381470,0.030000001,0.000000000,1.309655666,1.037275553,-66.278709412,6.963776588,6.899999619,-15.808020592,0.000000000,0.000000000,0.000000000,0.000000000,0.000000000,0.000000000,0.000000000,0.000000000,0.000000000,0.000000000,0.000000000,0.000000000
1751979361.636779,22.233000000,62.375381470,0.030000001,0.000000000,1.309655666,1.023775935,-66.608871460,6.963776588,6.918000221,-13.265127182,0.000000000,0.000000000,0.000000000,0.000000000,0.000000000,0.000000000,0.000000000,0.000000000,0.000000000,0.000000000,0.000000000,0.000000000
1751979361.639371,22.236000000,62.375381470,0.030000001,0.000000000,1.309655666,1.023775935,-68.511375427,6.963776588,6.954000473,-8.901878357,0.000000000,0.000000000,0.000000000,0.000000000,0.000000000,0.000000000,0.000000000,0.000000000,0.000000000,0.000000000,0.000000000,0.000000000
1751979361.641988,22.238000000,62.375381470,0.030000001,0.000000000,1.309655666,1.023775935,-68.511489868,6.963776588,6.972001076,-6.329731464,0.000000000,0.000000000,0.000000000,0.000000000,0.000000000,0.000000000,0.000000000,0.000000000,0.000000000,0.000000000,0.000000000,0.000000000
1751979361.644613,22.241000000,62.375381470,0.030000001,0.000000000,1.309655666,1.023775935,-68.511611938,6.963776588,6.990001202,-3.770941496,0.000000000,0.000000000,0.000000000,0.000000000,0.000000000,0.000000000,0.000000000,0.000000000,0.000000000,0.000000000,0.000000000,0.000000000
1751979361.647273,22.244000000,62.375381470,0.030000001,0.000000000,1.309655666,1.023775935,-68.511726379,6.963776588,7.007998943,-1.228390574,0.000000000,0.000000000,0.000000000,0.000000000,0.000000000,0.000000000,0.000000000,0.000000000,0.000000000,0.000000000,0.000000000,0.000000000
1751979361.649862,22.246000000,62.398307800,0.030000001,0.000000000,1.328319669,1.023775935,-71.598320007,7.016558170,7.025999069,-5.722984791,0.000000000,0.000000000,0.000000000,0.000000000,0.000000000,0.000000000,0.000000000,0.000000000,0.000000000,0.000000000,0.000000000,0.000000000
1751979361.652488,22.249000000,62.398307800,0.030000001,0.000000000,1.328319669,1.023775935,-71.598442078,7.016558170,7.035000801,-4.115346909,0.000000000,0.000000000,0.000000000,0.000000000,0.000000000,0.000000000,0.000000000,0.000000000,0.000000000,0.000000000,0.000000000,0.000000000
1751979361.655149,22.252000000,62.398307800,0.030000001,0.000000000,1.328319669,1.023775935,-71.598564148,7.016558170,7.053000927,-1.634709120,0.000000000,0.000000000,0.000000000,0.000000000,0.000000000,0.000000000,0.000000000,0.000000000,0.000000000,0.000000000,0.000000000,0.000000000
1751979361.657763,22.254000000,62.554821014,0.030000001,0.000000000,1.308354497,1.023775935,-68.297042847,7.037662506,7.061999798,-2.890158176,0.000000000,0.000000000,0.000000000,0.000000000,0.000000000,0.000000000,0.000000000,0.000000000,0.000000000,0.000000000,0.000000000,0.000000000
1751979361.660418,22.257000000,62.554821014,0.030000001,0.000000000,1.308354497,1.023775935,-68.297157288,7.037662506,7.071001053,-1.366612792,0.000000000,0.000000000,0.000000000,0.000000000,0.000000000,0.000000000,0.000000000,0.000000000,0.000000000,0.000000000,0.000000000,0.000000000
1751979361.663240,22.260000000,62.554821014,0.030000001,0.000000000,1.308354497,1.010276318,-68.712440491,7.037662506,7.079999924,0.132314131,0.000000000,0.000000000,0.000000000,0.000000000,0.000000000,0.000000000,0.000000000,0.000000000,0.000000000,0.000000000,0.000000000,0.000000000
1751979361.665873,22.262000000,62.554821014,0.030000001,0.000000000,1.308354497,1.023775935,-70.129463196,7.037662506,7.088998795,1.603446722,0.000000000,0.000000000,0.000000000,0.000000000,0.000000000,0.000000000,0.000000000,0.000000000,0.000000000,0.000000000,0.000000000,0.000000000
1751979361.668480,22.265000000,62.554821014,0.030000001,0.000000000,1.308354497,1.023775935,-68.297523499,7.037662506,7.088998795,2.127390385,0.000000000,0.000000000,0.000000000,0.000000000,0.000000000,0.000000000,0.000000000,0.000000000,0.000000000,0.000000000,0.000000000,0.000000000
1751979361.671059,22.267000000,62.554821014,0.030000001,0.000000000,1.308354497,1.010276318,-68.615196228,7.037662506,7.088998795,2.597208977,0.000000000,0.000000000,0.000000000,0.000000000,0.000000000,0.000000000,0.000000000,0.000000000,0.000000000,0.000000000,0.000000000,0.000000000
1751979361.673662,22.270000000,62.554821014,0.030000001,0.000000000,1.308354497,1.023775935,-70.205268860,7.037662506,7.098000526,3.930172920,0.000000000,0.000000000,0.000000000,0.000000000,0.000000000,0.000000000,0.000000000,0.000000000,0.000000000,0.000000000,0.000000000,0.000000000
1751979361.676292,22.273000000,62.642387390,0.030000001,0.000000000,1.323036909,1.010276318,-71.043464661,7.079319477,7.098000526,-1.212873578,0.000000000,0.000000000,0.000000000,0.000000000,0.000000000,0.000000000,0.000000000,0.000000000,0.000000000,0.000000000,0.000000000,0.000000000
1751979361.679012,22.275000000,62.642387390,0.030000001,0.000000000,1.323036909,1.010276318,-72.958480835,7.079319477,7.098000526,-0.842569172,0.000000000,0.000000000,0.000000000,0.000000000,0.000000000,0.000000000,0.000000000,0.000000000,0.000000000,0.000000000,0.000000000,0.000000000
1751979361.681705,22.278000000,62.713653564,0.030000001,0.000000000,1.329383016,1.023775935,-73.642189026,7.113197327,7.098000526,-5.023836613,0.000000000,0.000000000,0.000000000,0.000000000,0.000000000,0.000000000,0.000000000,0.000000000,0.000000000,0.000000000,0.000000000,0.000000000
1751979361.684251,22.281000000,62.713653564,0.030000001,0.000000000,1.329383016,1.023775935,-71.775756836,7.113197327,7.098000526,-4.724021435,0.000000000,0.000000000,0.000000000,0.000000000,0.000000000,0.000000000,0.000000000,0.000000000,0.000000000,0.000000000,0.000000000,0.000000000
1751979361.686899,22.283000000,62.713653564,0.030000001,0.000000000,1.329383016,1.023775935,-71.775878906,7.113197327,7.098000526,-4.454187870,0.000000000,0.000000000,0.000000000,0.000000000,0.000000000,0.000000000,0.000000000,0.000000000,0.000000000,0.000000000,0.000000000,0.000000000
1751979361.689528,22.286000000,62.713653564,0.030000001,0.000000000,1.329383016,1.023775935,-71.776000977,7.113197327,7.088998795,-5.123451233,0.000000000,0.000000000,0.000000000,0.000000000,0.000000000,0.000000000,0.000000000,0.000000000,0.000000000,0.000000000,0.000000000,0.000000000
1751979361.692137,22.288000000,62.713653564,0.030000001,0.000000000,1.329383016,1.023775935,-71.776123047,7.113197327,7.088998795,-4.933660984,0.000000000,0.000000000,0.000000000,0.000000000,0.000000000,0.000000000,0.000000000,0.000000000,0.000000000,0.000000000,0.000000000,0.000000000
1751979361.694767,22.291000000,62.713653564,0.030000001,0.000000000,1.329383016,1.023775935,-71.776252747,7.113197327,7.079999924,-5.673483849,0.000000000,0.000000000,0.000000000,0.000000000,0.000000000,0.000000000,0.000000000,0.000000000,0.000000000,0.000000000,0.000000000,0.000000000
1751979361.697445,22.294000000,62.713653564,0.030000001,0.000000000,1.329383016,1.023775935,-71.776374817,7.113197327,7.071001053,-6.460661411,0.000000000,0.000000000,0.000000000,0.000000000,0.000000000,0.000000000,0.000000000,0.000000000,0.000000000,0.000000000,0.000000000,0.000000000
1751979361.700033,22.296000000,62.726783752,0.030000001,0.000000000,1.331875563,1.023775935,-72.188697815,7.142382622,7.061999798,-11.177098274,0.000000000,0.000000000,0.000000000,0.000000000,0.000000000,0.000000000,0.000000000,0.000000000,0.000000000,0.000000000,0.000000000,0.000000000
1751979361.702631,22.299000000,62.726783752,0.030000001,0.000000000,1.331875563,1.023775935,-72.188819885,7.142382622,7.053000927,-12.038084030,0.000000000,0.000000000,0.000000000,0.000000000,0.000000000,0.000000000,0.000000000,0.000000000,0.000000000,0.000000000,0.000000000,0.000000000
1751979361.705222,22.302000000,62.726783752,0.030000001,0.000000000,1.331875563,1.010276318,-72.511665344,7.142382622,7.043999672,-12.932814598,0.000000000,0.000000000,0.000000000,0.000000000,0.000000000,0.000000000,0.000000000,0.000000000,0.000000000,0.000000000,0.000000000,0.000000000
1751979361.707825,22.304000000,62.732437134,0.030000001,0.000000000,1.346130133,1.010276318,-76.778793335,7.149268150,7.035000801,-14.775029182,0.000000000,0.000000000,0.000000000,0.000000000,0.000000000,0.000000000,0.000000000,0.000000000,0.000000000,0.000000000,0.000000000,0.000000000
1751979361.710420,22.307000000,62.732437134,0.030000001,0.000000000,1.346130133,1.023775935,-76.433662415,7.149268150,7.025999069,-15.731203079,0.000000000,0.000000000,0.000000000,0.000000000,0.000000000,0.000000000,0.000000000,0.000000000,0.000000000,0.000000000,0.000000000,0.000000000
1751979361.713088,22.309000000,62.732437134,0.030000001,0.000000000,1.346130133,1.010276318,-74.890457153,7.149268150,7.017000198,-16.711050034,0.000000000,0.000000000,0.000000000,0.000000000,0.000000000,0.000000000,0.000000000,0.000000000,0.000000000,0.000000000,0.000000000,0.000000000
1751979361.715652,22.312000000,62.768993378,0.030000001,0.000000000,1.345850945,1.010276318,-76.733024597,7.171253681,6.999000072,-21.550586700,0.000000000,0.000000000,0.000000000,0.000000000,0.000000000,0.000000000,0.000000000,0.000000000,0.000000000,0.000000000,0.000000000,0.000000000
1751979361.718269,22.315000000,62.768993378,0.030000001,0.000000000,1.345850945,1.023775935,-76.408973694,7.171253681,6.999000072,-21.691488266,0.000000000,0.000000000,0.000000000,0.000000000,0.000000000,0.000000000,0.000000000,0.000000000,0.000000000,0.000000000,0.000000000,0.000000000
1751979361.720860,22.317000000,62.768993378,0.030000001,0.000000000,1.345850945,1.023775935,-74.500862122,7.171253681,6.990001202,-22.724601746,0.000000000,0.000000000,0.000000000,0.000000000,0.000000000,0.000000000,0.000000000,0.000000000,0.000000000,0.000000000,0.000000000,0.000000000
1751979361.723447,22.320000000,62.768993378,0.030000001,0.000000000,1.345850945,1.023775935,-74.500991821,7.171253681,6.980999947,-23.774145126,0.000000000,0.000000000,0.000000000,0.000000000,0.000000000,0.000000000,0.000000000,0.000000000,0.000000000,0.000000000,0.000000000,0.000000000
1751979361.726070,22.322000000,62.768993378,0.030000001,0.000000000,1.345850945,1.010276318,-74.828979492,7.171253681,6.972001076,-24.840019226,0.000000000,0.000000000,0.000000000,0.000000000,0.000000000,0.000000000,0.000000000,0.000000000,0.000000000,0.000000000,0.000000000,0.000000000
1751979361.728819,22.325000000,62.768993378,0.030000001,0.000000000,1.345850945,1.010276318,-76.733695984,7.171253681,6.954000473,-26.837757111,0.000000000,0.000000000,0.000000000,0.000000000,0.000000000,0.000000000,0.000000000,0.000000000,0.000000000,0.000000000,0.000000000,0.000000000
1751979361.731550,22.328000000,62.782405853,0.030000001,0.000000000,1.361299753,1.023775935,-78.869461060,7.204919815,6.954000473,-31.536470413,0.000000000,0.000000000,0.000000000,0.000000000,0.000000000,0.000000000,0.000000000,0.000000000,0.000000000,0.000000000,0.000000000,0.000000000
1751979361.734172,22.331000000,62.782405853,0.030000001,0.000000000,1.361299753,1.023775935,-77.056312561,7.204919815,6.944999218,-32.648723602,0.000000000,0.000000000,0.000000000,0.000000000,0.000000000,0.000000000,0.000000000,0.000000000,0.000000000,0.000000000,0.000000000,0.000000000
1751979361.736866,22.333000000,62.782405853,0.030000001,0.000000000,1.361299753,1.010276318,-77.416694641,7.204919815,6.936000347,-33.760417938,0.000000000,0.000000000,0.000000000,0.000000000,0.000000000,0.000000000,0.000000000,0.000000000,0.000000000,0.000000000,0.000000000,0.000000000
1751979361.739502,22.336000000,62.792510986,0.030000001,0.000000000,1.387721896,1.023775935,-83.298942566,7.216939449,6.936000347,-35.570304871,0.000000000,0.000000000,0.000000000,0.000000000,0.000000000,0.000000000,0.000000000,0.000000000,0.000000000,0.000000000,0.000000000,0.000000000
1751979361.742103,22.338000000,62.792510986,0.030000001,0.000000000,1.387721896,1.023775935,-81.426193237,7.216939449,6.926998615,-36.673625946,0.000000000,0.000000000,0.000000000,0.000000000,0.000000000,0.000000000,0.000000000,0.000000000,0.000000000,0.000000000,0.000000000,0.000000000
1751979361.744830,22.341000000,62.792510986,0.030000001,0.000000000,1.387721896,1.023775935,-81.426345825,7.216939449,6.926998615,-36.870235443,0.000000000,0.000000000,0.000000000,0.000000000,0.000000000,0.000000000,0.000000000,0.000000000,0.000000000,0.000000000,0.000000000,0.000000000
1751979361.747418,22.344000000,62.842742920,0.030000001,0.000000000,1.436464071,1.023775935,-89.487007141,7.245522499,6.926998615,-40.856380463,0.000000000,0.000000000,0.000000000,0.000000000,0.000000000,0.000000000,0.000000000,0.000000000,0.000000000,0.000000000,0.000000000,0.000000000
1751979361.750011,22.346000000,62.842742920,0.030000001,0.000000000,1.436464071,1.050775051,-88.863937378,7.245522499,6.926998615,-41.015304565,0.000000000,0.000000000,0.000000000,0.000000000,0.000000000,0.000000000,0.000000000,0.000000000,0.000000000,0.000000000,0.000000000,0.000000000
1751979361.752570,22.349000000,62.842742920,0.030000001,0.000000000,1.436464071,1.050775051,-85.022468567,7.245522499,6.936000347,-40.252223969,0.000000000,0.000000000,0.000000000,0.000000000,0.000000000,0.000000000,0.000000000,0.000000000,0.000000000,0.000000000,0.000000000,0.000000000
1751979361.755153,22.352000000,62.842742920,0.030000001,0.000000000,1.436464071,1.050775051,-85.022628784,7.245522499,6.936000347,-40.351825714,0.000000000,0.000000000,0.000000000,0.000000000,0.000000000,0.000000000,0.000000000,0.000000000,0.000000000,0.000000000,0.000000000,0.000000000
1751979361.757747,22.354000000,62.842742920,0.030000001,0.000000000,1.436464071,1.050775051,-85.022781372,7.245522499,6.936000347,-40.441463470,0.000000000,0.000000000,0.000000000,0.000000000,0.000000000,0.000000000,0.000000000,0.000000000,0.000000000,0.000000000,0.000000000,0.000000000
1751979361.760329,22.357000000,62.842742920,0.030000001,0.000000000,1.436464071,1.050775051,-85.022933960,7.245522499,6.944999218,-39.615009308,0.000000000,0.000000000,0.000000000,0.000000000,0.000000000,0.000000000,0.000000000,0.000000000,0.000000000,0.000000000,0.000000000,0.000000000
1751979361.763147,22.359000000,62.769100189,0.030000001,0.000000000,1.495480061,1.064277291,-94.362037659,7.264126778,6.944999218,-42.137145996,0.000000000,0.000000000,0.000000000,0.000000000,0.000000000,0.000000000,0.000000000,0.000000000,0.000000000,0.000000000,0.000000000,0.000000000
1751979361.765777,22.362000000,62.769100189,0.030000001,0.000000000,1.495480061,1.077776909,-92.162490845,7.264126778,6.962999344,-40.341396332,0.000000000,0.000000000,0.000000000,0.000000000,0.000000000,0.000000000,0.000000000,0.000000000,0.000000000,0.000000000,0.000000000,0.000000000
1751979361.768450,22.365000000,62.769100189,0.030000001,0.000000000,1.495480061,1.104778647,-89.533134460,7.264126778,6.972001076,-39.400310516,0.000000000,0.000000000,0.000000000,0.000000000,0.000000000,0.000000000,0.000000000,0.000000000,0.000000000,0.000000000,0.000000000,0.000000000
1751979361.771046,22.367000000,62.761447906,0.030000001,0.000000000,1.554789186,1.118278265,-95.333358765,7.266674519,6.980999947,-38.783596039,0.000000000,0.000000000,0.000000000,0.000000000,0.000000000,0.000000000,0.000000000,0.000000000,0.000000000,0.000000000,0.000000000,0.000000000
1751979361.773628,22.370000000,62.761447906,0.030000001,0.000000000,1.554789186,1.131777763,-93.109939575,7.266674519,6.999000072,-36.897682190,0.000000000,0.000000000,0.000000000,0.000000000,0.000000000,0.000000000,0.000000000,0.000000000,0.000000000,0.000000000,0.000000000,0.000000000
1751979361.776241,22.373000000,62.761447906,0.030000001,0.000000000,1.554789186,1.131777763,-91.195983887,7.266674519,7.007998943,-35.866283417,0.000000000,0.000000000,0.000000000,0.000000000,0.000000000,0.000000000,0.000000000,0.000000000,0.000000000,0.000000000,0.000000000,0.000000000
1751979361.779025,22.375000000,62.761447906,0.030000001,0.000000000,1.554789186,1.131777763,-91.196159363,7.266674519,7.025999069,-33.904983521,0.000000000,0.000000000,0.000000000,0.000000000,0.000000000,0.000000000,0.000000000,0.000000000,0.000000000,0.000000000,0.000000000,0.000000000
1751979361.781629,22.378000000,62.761447906,0.030000001,0.000000000,1.554789186,1.158779621,-90.352645874,7.266674519,7.035000801,-32.796298981,0.000000000,0.000000000,0.000000000,0.000000000,0.000000000,0.000000000,0.000000000,0.000000000,0.000000000,0.000000000,0.000000000,0.000000000
1751979361.784208,22.381000000,62.761447906,0.030000001,0.000000000,1.554789186,1.158779621,-86.731185913,7.266674519,7.043999672,-31.695169449,0.000000000,0.000000000,0.000000000,0.000000000,0.000000000,0.000000000,0.000000000,0.000000000,0.000000000,0.000000000,0.000000000,0.000000000
1751979361.786812,22.383000000,62.676410675,0.030000001,0.000000000,1.589424491,1.172279119,-92.126762390,7.231338024,7.061999798,-24.964944839,0.000000000,0.000000000,0.000000000,0.000000000,0.000000000,0.000000000,0.000000000,0.000000000,0.000000000,0.000000000,0.000000000,0.000000000
1751979361.789414,22.386000000,62.676410675,0.030000001,0.000000000,1.589424491,1.172279119,-90.226753235,7.231338024,7.071001053,-23.818256378,0.000000000,0.000000000,0.000000000,0.000000000,0.000000000,0.000000000,0.000000000,0.000000000,0.000000000,0.000000000,0.000000000,0.000000000
1751979361.792030,22.388000000,62.676410675,0.030000001,0.000000000,1.589424491,1.185778618,-89.899070740,7.231338024,7.079999924,-22.663524628,0.000000000,0.000000000,0.000000000,0.000000000,0.000000000,0.000000000,0.000000000,0.000000000,0.000000000,0.000000000,0.000000000,0.000000000
1751979361.794631,22.391000000,62.533538818,0.030000001,0.000000000,1.630913734,1.199280977,-94.511863708,7.202740669,7.088998795,-17.690853119,0.000000000,0.000000000,0.000000000,0.000000000,0.000000000,0.000000000,0.000000000,0.000000000,0.000000000,0.000000000,0.000000000,0.000000000
1751979361.797278,22.394000000,62.533538818,0.030000001,0.000000000,1.630913734,1.226279974,-91.968795776,7.202740669,7.088998795,-17.434946060,0.000000000,0.000000000,0.000000000,0.000000000,0.000000000,0.000000000,0.000000000,0.000000000,0.000000000,0.000000000,0.000000000,0.000000000
1751979361.799868,22.396000000,62.533538818,0.030000001,0.000000000,1.630913734,1.239782333,-87.813034058,7.202740669,7.106999397,-15.382781029,0.000000000,0.000000000,0.000000000,0.000000000,0.000000000,0.000000000,0.000000000,0.000000000,0.000000000,0.000000000,0.000000000,0.000000000
1751979361.802464,22.399000000,62.533538818,0.030000001,0.000000000,1.630913734,1.239782333,-85.925643921,7.202740669,7.116000652,-14.212131500,0.000000000,0.000000000,0.000000000,0.000000000,0.000000000,0.000000000,0.000000000,0.000000000,0.000000000,0.000000000,0.000000000,0.000000000
1751979361.805067,22.401000000,62.533538818,0.030000001,0.000000000,1.630913734,1.239782333,-85.925804138,7.202740669,7.116000652,-13.946814537,0.000000000,0.000000000,0.000000000,0.000000000,0.000000000,0.000000000,0.000000000,0.000000000,0.000000000,0.000000000,0.000000000,0.000000000
1751979361.807639,22.404000000,62.533538818,0.030000001,0.000000000,1.630913734,1.239782333,-85.925964355,7.202740669,7.124999523,-12.798379898,0.000000000,0.000000000,0.000000000,0.000000000,0.000000000,0.000000000,0.000000000,0.000000000,0.000000000,0.000000000,0.000000000,0.000000000
1751979361.810298,22.407000000,62.362922668,0.030000001,0.000000000,1.690960884,1.253281832,-95.543785095,7.172136784,7.124999523,-8.475128174,0.000000000,0.000000000,0.000000000,0.000000000,0.000000000,0.000000000,0.000000000,0.000000000,0.000000000,0.000000000,0.000000000,0.000000000
1751979361.812892,22.409000000,62.362922668,0.030000001,0.000000000,1.690960884,1.280280948,-92.902015686,7.172136784,7.124999523,-8.253780365,0.000000000,0.000000000,0.000000000,0.000000000,0.000000000,0.000000000,0.000000000,0.000000000,0.000000000,0.000000000,0.000000000,0.000000000
1751979361.815495,22.412000000,62.362922668,0.030000001,0.000000000,1.690960884,1.307282686,-88.494667053,7.172136784,7.124999523,-8.054718971,0.000000000,0.000000000,0.000000000,0.000000000,0.000000000,0.000000000,0.000000000,0.000000000,0.000000000,0.000000000,0.000000000,0.000000000
1751979361.818087,22.414000000,62.305156708,0.030000001,0.000000000,1.704743385,1.307282686,-86.973297119,7.134824753,7.124999523,-2.905560017,0.000000000,0.000000000,0.000000000,0.000000000,0.000000000,0.000000000,0.000000000,0.000000000,0.000000000,0.000000000,0.000000000,0.000000000
1751979361.820690,22.417000000,62.305156708,0.030000001,0.000000000,1.704743385,1.307282686,-86.973457336,7.134824753,7.124999523,-2.745923996,0.000000000,0.000000000,0.000000000,0.000000000,0.000000000,0.000000000,0.000000000,0.000000000,0.000000000,0.000000000,0.000000000,0.000000000
1751979361.823303,22.420000000,62.305156708,0.030000001,0.000000000,1.704743385,1.307282686,-86.973617554,7.134824753,7.124999523,-2.602251768,0.000000000,0.000000000,0.000000000,0.000000000,0.000000000,0.000000000,0.000000000,0.000000000,0.000000000,0.000000000,0.000000000,0.000000000
1751979361.825929,22.422000000,62.237564087,0.030000001,0.000000000,1.751026392,1.320782304,-94.291015625,7.059561729,7.116000652,6.645200729,0.000000000,0.000000000,0.000000000,0.000000000,0.000000000,0.000000000,0.000000000,0.000000000,0.000000000,0.000000000,0.000000000,0.000000000
1751979361.828614,22.425000000,62.237564087,0.030000001,0.000000000,1.751026392,1.347784042,-91.690444946,7.059561729,7.106999397,5.819160938,0.000000000,0.000000000,0.000000000,0.000000000,0.000000000,0.000000000,0.000000000,0.000000000,0.000000000,0.000000000,0.000000000,0.000000000
1751979361.831310,22.428000000,62.237564087,0.030000001,0.000000000,1.751026392,1.334284544,-88.296119690,7.059561729,7.106999397,5.869215012,0.000000000,0.000000000,0.000000000,0.000000000,0.000000000,0.000000000,0.000000000,0.000000000,0.000000000,0.000000000,0.000000000,0.000000000
1751979361.833882,22.430000000,62.237564087,0.030000001,0.000000000,1.751026392,1.347784042,-89.792755127,7.059561729,7.098000526,4.997844219,0.000000000,0.000000000,0.000000000,0.000000000,0.000000000,0.000000000,0.000000000,0.000000000,0.000000000,0.000000000,0.000000000,0.000000000
1751979361.836492,22.433000000,62.237564087,0.030000001,0.000000000,1.751026392,1.347784042,-87.930580139,7.059561729,7.098000526,5.010206223,0.000000000,0.000000000,0.000000000,0.000000000,0.000000000,0.000000000,0.000000000,0.000000000,0.000000000,0.000000000,0.000000000,0.000000000
1751979361.839073,22.435000000,62.237564087,0.030000001,0.000000000,1.751026392,1.347784042,-87.930740356,7.059561729,7.088998795,4.112256050,0.000000000,0.000000000,0.000000000,0.000000000,0.000000000,0.000000000,0.000000000,0.000000000,0.000000000,0.000000000,0.000000000,0.000000000
1751979361.841659,22.438000000,62.124370575,0.030000001,0.000000000,1.835104346,1.347784042,-101.834907532,7.015943050,7.088998795,9.904783249,0.000000000,0.000000000,0.000000000,0.000000000,0.000000000,0.000000000,0.000000000,0.000000000,0.000000000,0.000000000,0.000000000,0.000000000
1751979361.844350,22.441000000,62.124370575,0.030000001,0.000000000,1.835104346,1.374783278,-101.140266418,7.015943050,7.079999924,8.973741531,0.000000000,0.000000000,0.000000000,0.000000000,0.000000000,0.000000000,0.000000000,0.000000000,0.000000000,0.000000000,0.000000000,0.000000000
1751979361.847011,22.443000000,62.124370575,0.030000001,0.000000000,1.835104346,1.415284634,-96.274826050,7.015943050,7.071001053,8.012202263,0.000000000,0.000000000,0.000000000,0.000000000,0.000000000,0.000000000,0.000000000,0.000000000,0.000000000,0.000000000,0.000000000,0.000000000
1751979361.849613,22.446000000,62.048854828,0.030000001,0.000000000,1.910136938,1.415284634,-103.081039429,6.982136726,7.071001053,12.448134422,0.000000000,0.000000000,0.000000000,0.000000000,0.000000000,0.000000000,0.000000000,0.000000000,0.000000000,0.000000000,0.000000000,0.000000000
1751979361.852210,22.449000000,62.048854828,0.030000001,0.000000000,1.910136938,1.442286372,-102.407974243,6.982136726,7.071001053,12.386240005,0.000000000,0.000000000,0.000000000,0.000000000,0.000000000,0.000000000,0.000000000,0.000000000,0.000000000,0.000000000,0.000000000,0.000000000
1751979361.854803,22.451000000,62.048854828,0.030000001,0.000000000,1.910136938,1.469285488,-97.964828491,6.982136726,7.071001053,12.330536842,0.000000000,0.000000000,0.000000000,0.000000000,0.000000000,0.000000000,0.000000000,0.000000000,0.000000000,0.000000000,0.000000000,0.000000000
1751979361.857395,22.454000000,62.048854828,0.030000001,0.000000000,1.910136938,1.482787728,-93.833106995,6.982136726,7.071001053,12.280825615,0.000000000,0.000000000,0.000000000,0.000000000,0.000000000,0.000000000,0.000000000,0.000000000,0.000000000,0.000000000,0.000000000,0.000000000
1751979361.860063,22.456000000,62.048854828,0.030000001,0.000000000,1.910136938,1.482787728,-91.918769836,6.982136726,7.071001053,12.236480713,0.000000000,0.000000000,0.000000000,0.000000000,0.000000000,0.000000000,0.000000000,0.000000000,0.000000000,0.000000000,0.000000000,0.000000000
1751979361.862844,22.459000000,62.048854828,0.030000001,0.000000000,1.910136938,1.482787728,-91.918952942,6.982136726,7.071001053,12.196570396,0.000000000,0.000000000,0.000000000,0.000000000,0.000000000,0.000000000,0.000000000,0.000000000,0.000000000,0.000000000,0.000000000,0.000000000
1751979361.865443,22.462000000,62.048854828,0.030000001,0.000000000,1.910136938,1.496287346,-91.506645203,6.982136726,7.071001053,12.160284042,0.000000000,0.000000000,0.000000000,0.000000000,0.000000000,0.000000000,0.000000000,0.000000000,0.000000000,0.000000000,0.000000000,0.000000000
1751979361.868043,22.464000000,62.033061981,0.030000001,0.000000000,1.960233450,1.509786844,-97.634025574,6.929762363,7.071001053,19.104003906,0.000000000,0.000000000,0.000000000,0.000000000,0.000000000,0.000000000,0.000000000,0.000000000,0.000000000,0.000000000,0.000000000,0.000000000
1751979361.870664,22.467000000,62.033061981,0.030000001,0.000000000,1.960233450,1.509786844,-95.739112854,6.929762363,7.061999798,18.162450790,0.000000000,0.000000000,0.000000000,0.000000000,0.000000000,0.000000000,0.000000000,0.000000000,0.000000000,0.000000000,0.000000000,0.000000000
1751979361.873285,22.470000000,62.033061981,0.030000001,0.000000000,1.960233450,1.536788702,-95.057334900,6.929762363,7.053000927,17.192594528,0.000000000,0.000000000,0.000000000,0.000000000,0.000000000,0.000000000,0.000000000,0.000000000,0.000000000,0.000000000,0.000000000,0.000000000
1751979361.875939,22.472000000,61.917137146,0.030000001,0.000000000,2.022424459,1.550288200,-101.206291199,6.886502743,7.043999672,21.959896088,0.000000000,0.000000000,0.000000000,0.000000000,0.000000000,0.000000000,0.000000000,0.000000000,0.000000000,0.000000000,0.000000000,0.000000000
1751979361.878742,22.475000000,61.917137146,0.030000001,0.000000000,2.022424459,1.604289055,-97.612846375,6.886502743,7.043999672,21.858465195,0.000000000,0.000000000,0.000000000,0.000000000,0.000000000,0.000000000,0.000000000,0.000000000,0.000000000,0.000000000,0.000000000,0.000000000
1751979361.881508,22.478000000,61.917137146,0.030000001,0.000000000,2.022424459,1.631290913,-89.504539490,6.886502743,7.025999069,19.907197952,0.000000000,0.000000000,0.000000000,0.000000000,0.000000000,0.000000000,0.000000000,0.000000000,0.000000000,0.000000000,0.000000000,0.000000000
1751979361.884048,22.480000000,61.840290070,0.030000001,0.000000000,2.080048084,1.631290913,-95.460617065,6.841434002,7.025999069,25.776090622,0.000000000,0.000000000,0.000000000,0.000000000,0.000000000,0.000000000,0.000000000,0.000000000,0.000000000,0.000000000,0.000000000,0.000000000
1751979361.886659,22.483000000,61.840290070,0.030000001,0.000000000,2.080048084,1.658292770,-94.809417725,6.841434002,7.007998943,23.828481674,0.000000000,0.000000000,0.000000000,0.000000000,0.000000000,0.000000000,0.000000000,0.000000000,0.000000000,0.000000000,0.000000000,0.000000000
1751979361.889283,22.486000000,61.840290070,0.030000001,0.000000000,2.080048084,1.671792269,-90.671470642,6.841434002,6.990001202,21.836874008,0.000000000,0.000000000,0.000000000,0.000000000,0.000000000,0.000000000,0.000000000,0.000000000,0.000000000,0.000000000,0.000000000,0.000000000
1751979361.891855,22.488000000,61.840290070,0.030000001,0.000000000,2.080048084,1.685291767,-88.416000366,6.841434002,6.972001076,19.796981812,0.000000000,0.000000000,0.000000000,0.000000000,0.000000000,0.000000000,0.000000000,0.000000000,0.000000000,0.000000000,0.000000000,0.000000000
1751979361.894470,22.491000000,61.840290070,0.030000001,0.000000000,2.080048084,1.698791385,-86.210647583,6.841434002,6.954000473,17.728857040,0.000000000,0.000000000,0.000000000,0.000000000,0.000000000,0.000000000,0.000000000,0.000000000,0.000000000,0.000000000,0.000000000,0.000000000
1751979361.897076,22.493000000,61.840290070,0.030000001,0.000000000,2.080048084,1.698791385,-84.298873901,6.841434002,6.936000347,15.623736382,0.000000000,0.000000000,0.000000000,0.000000000,0.000000000,0.000000000,0.000000000,0.000000000,0.000000000,0.000000000,0.000000000,0.000000000
1751979361.899676,22.496000000,61.838882446,0.030000001,0.000000000,2.132202864,1.712293625,-92.600364685,6.809140205,6.909001350,16.878370285,0.000000000,0.000000000,0.000000000,0.000000000,0.000000000,0.000000000,0.000000000,0.000000000,0.000000000,0.000000000,0.000000000,0.000000000
1751979361.902246,22.499000000,61.838882446,0.030000001,0.000000000,2.132202864,1.725793123,-90.381057739,6.809140205,6.881999493,13.782728195,0.000000000,0.000000000,0.000000000,0.000000000,0.000000000,0.000000000,0.000000000,0.000000000,0.000000000,0.000000000,0.000000000,0.000000000
1751979361.904841,22.501000000,61.838882446,0.030000001,0.000000000,2.132202864,1.752794981,-87.809013367,6.809140205,6.863998890,11.542089462,0.000000000,0.000000000,0.000000000,0.000000000,0.000000000,0.000000000,0.000000000,0.000000000,0.000000000,0.000000000,0.000000000,0.000000000
1751979361.907445,22.504000000,61.737609863,0.030000001,0.000000000,2.232271671,1.739292741,-100.862770081,6.768196106,6.836999893,13.829692841,0.000000000,0.000000000,0.000000000,0.000000000,0.000000000,0.000000000,0.000000000,0.000000000,0.000000000,0.000000000,0.000000000,0.000000000
1751979361.910018,22.506000000,61.737609863,0.030000001,0.000000000,2.232271671,1.766294479,-102.148986816,6.768196106,6.810000896,10.619901657,0.000000000,0.000000000,0.000000000,0.000000000,0.000000000,0.000000000,0.000000000,0.000000000,0.000000000,0.000000000,0.000000000,0.000000000
1751979361.912632,22.509000000,61.737609863,0.030000001,0.000000000,2.232271671,1.820295453,-96.998657227,6.768196106,6.792000771,8.274648666,0.000000000,0.000000000,0.000000000,0.000000000,0.000000000,0.000000000,0.000000000,0.000000000,0.000000000,0.000000000,0.000000000,0.000000000
1751979361.915226,22.512000000,61.737609863,0.030000001,0.000000000,2.232271671,1.833795071,-89.066314697,6.768196106,6.764998913,5.020642757,0.000000000,0.000000000,0.000000000,0.000000000,0.000000000,0.000000000,0.000000000,0.000000000,0.000000000,0.000000000,0.000000000,0.000000000
1751979361.917852,22.514000000,61.737609863,0.030000001,0.000000000,2.232271671,1.833795071,-87.147888184,6.768196106,6.737999439,1.722329259,0.000000000,0.000000000,0.000000000,0.000000000,0.000000000,0.000000000,0.000000000,0.000000000,0.000000000,0.000000000,0.000000000,0.000000000
1751979361.920446,22.517000000,61.737609863,0.030000001,0.000000000,2.232271671,1.833795071,-87.148048401,6.768196106,6.711000443,-1.605050683,0.000000000,0.000000000,0.000000000,0.000000000,0.000000000,0.000000000,0.000000000,0.000000000,0.000000000,0.000000000,0.000000000,0.000000000
1751979361.923057,22.519000000,61.760021210,0.030000001,0.000000000,2.322482109,1.833795071,-102.066352844,6.742470741,6.683998585,-1.532816410,0.000000000,0.000000000,0.000000000,0.000000000,0.000000000,0.000000000,0.000000000,0.000000000,0.000000000,0.000000000,0.000000000,0.000000000
1751979361.925661,22.522000000,61.760021210,0.030000001,0.000000000,2.322482109,1.860796809,-101.413696289,6.742470741,6.656999588,-4.910396576,0.000000000,0.000000000,0.000000000,0.000000000,0.000000000,0.000000000,0.000000000,0.000000000,0.000000000,0.000000000,0.000000000,0.000000000
1751979361.928301,22.525000000,61.760021210,0.030000001,0.000000000,2.322482109,1.914797783,-96.260780334,6.742470741,6.630000591,-8.319894791,0.000000000,0.000000000,0.000000000,0.000000000,0.000000000,0.000000000,0.000000000,0.000000000,0.000000000,0.000000000,0.000000000,0.000000000
1751979361.930954,22.527000000,61.755126953,0.030000001,0.000000000,2.389280796,1.928297281,-99.369850159,6.735584736,6.611999989,-9.910621643,0.000000000,0.000000000,0.000000000,0.000000000,0.000000000,0.000000000,0.000000000,0.000000000,0.000000000,0.000000000,0.000000000,0.000000000
1751979361.933560,22.530000000,61.755126953,0.030000001,0.000000000,2.389280796,1.941799521,-97.134689331,6.735584736,6.593999863,-12.407244682,0.000000000,0.000000000,0.000000000,0.000000000,0.000000000,0.000000000,0.000000000,0.000000000,0.000000000,0.000000000,0.000000000,0.000000000
1751979361.936157,22.533000000,61.755126953,0.030000001,0.000000000,2.389280796,1.955299139,-94.917190552,6.735584736,6.575999737,-14.889312744,0.000000000,0.000000000,0.000000000,0.000000000,0.000000000,0.000000000,0.000000000,0.000000000,0.000000000,0.000000000,0.000000000,0.000000000
1751979361.938746,22.535000000,61.770721436,0.030000001,0.000000000,2.454066753,1.968798637,-103.408088684,6.700410366,6.557999134,-12.680849075,0.000000000,0.000000000,0.000000000,0.000000000,0.000000000,0.000000000,0.000000000,0.000000000,0.000000000,0.000000000,0.000000000,0.000000000
1751979361.941320,22.538000000,61.770721436,0.030000001,0.000000000,2.454066753,1.995800495,-100.881927490,6.700410366,6.549000263,-14.226400375,0.000000000,0.000000000,0.000000000,0.000000000,0.000000000,0.000000000,0.000000000,0.000000000,0.000000000,0.000000000,0.000000000,0.000000000
1751979361.943931,22.540000000,61.770721436,0.030000001,0.000000000,2.454066753,2.049801350,-95.787628174,6.700410366,6.531000137,-16.657407761,0.000000000,0.000000000,0.000000000,0.000000000,0.000000000,0.000000000,0.000000000,0.000000000,0.000000000,0.000000000,0.000000000,0.000000000
1751979361.946564,22.543000000,61.770721436,0.030000001,0.000000000,2.454066753,2.063300848,-87.762603760,6.700410366,6.522001266,-18.167451859,0.000000000,0.000000000,0.000000000,0.000000000,0.000000000,0.000000000,0.000000000,0.000000000,0.000000000,0.000000000,0.000000000,0.000000000
1751979361.949144,22.546000000,61.770721436,0.030000001,0.000000000,2.454066753,2.063300848,-85.874893188,6.700410366,6.513000011,-19.643011093,0.000000000,0.000000000,0.000000000,0.000000000,0.000000000,0.000000000,0.000000000,0.000000000,0.000000000,0.000000000,0.000000000,0.000000000
1751979361.951727,22.548000000,61.770721436,0.030000001,0.000000000,2.454066753,2.063300848,-85.875053406,6.700410366,6.504001141,-21.087432861,0.000000000,0.000000000,0.000000000,0.000000000,0.000000000,0.000000000,0.000000000,0.000000000,0.000000000,0.000000000,0.000000000,0.000000000
1751979361.954332,22.551000000,61.770721436,0.030000001,0.000000000,2.454066753,2.076803207,-85.559806824,6.700410366,6.494999409,-22.509099960,0.000000000,0.000000000,0.000000000,0.000000000,0.000000000,0.000000000,0.000000000,0.000000000,0.000000000,0.000000000,0.000000000,0.000000000
1751979361.956972,22.553000000,61.731132507,0.030000001,0.000000000,2.540229559,2.090302706,-97.547431946,6.675082207,6.494999409,-19.622985840,0.000000000,0.000000000,0.000000000,0.000000000,0.000000000,0.000000000,0.000000000,0.000000000,0.000000000,0.000000000,0.000000000,0.000000000
1751979361.959559,22.556000000,61.731132507,0.030000001,0.000000000,2.540229559,2.103802204,-95.331161499,6.675082207,6.486000538,-20.975185394,0.000000000,0.000000000,0.000000000,0.000000000,0.000000000,0.000000000,0.000000000,0.000000000,0.000000000,0.000000000,0.000000000,0.000000000
1751979361.962403,22.559000000,61.674633026,0.030000001,0.000000000,2.605970144,2.171305418,-102.532485962,6.627722263,6.468000412,-16.945549011,0.000000000,0.000000000,0.000000000,0.000000000,0.000000000,0.000000000,0.000000000,0.000000000,0.000000000,0.000000000,0.000000000,0.000000000
1751979361.964964,22.561000000,61.674633026,0.030000001,0.000000000,2.605970144,2.211804152,-91.807304382,6.627722263,6.468000412,-17.379003525,0.000000000,0.000000000,0.000000000,0.000000000,0.000000000,0.000000000,0.000000000,0.000000000,0.000000000,0.000000000,0.000000000,0.000000000
1751979361.967552,22.564000000,61.674633026,0.030000001,0.000000000,2.605970144,2.238805771,-85.767982483,6.627722263,6.468000412,-17.767314911,0.000000000,0.000000000,0.000000000,0.000000000,0.000000000,0.000000000,0.000000000,0.000000000,0.000000000,0.000000000,0.000000000,0.000000000
1751979361.970180,22.567000000,61.674633026,0.030000001,0.000000000,2.605970144,2.252305508,-81.644630432,6.627722263,6.468000412,-18.115398407,0.000000000,0.000000000,0.000000000,0.000000000,0.000000000,0.000000000,0.000000000,0.000000000,0.000000000,0.000000000,0.000000000,0.000000000
1751979361.972835,22.569000000,61.674633026,0.030000001,0.000000000,2.605970144,2.252305508,-79.740913391,6.627722263,6.458998680,-19.350879669,0.000000000,0.000000000,0.000000000,0.000000000,0.000000000,0.000000000,0.000000000,0.000000000,0.000000000,0.000000000,0.000000000,0.000000000
1751979361.975450,22.572000000,61.674633026,0.030000001,0.000000000,2.605970144,2.265807629,-79.379341125,6.627722263,6.458998680,-19.660058975,0.000000000,0.000000000,0.000000000,0.000000000,0.000000000,0.000000000,0.000000000,0.000000000,0.000000000,0.000000000,0.000000000,0.000000000
1751979361.978267,22.574000000,61.593441010,0.030000001,0.000000000,2.660247326,2.265807629,-86.484184265,6.578892708,6.458998680,-13.444935799,0.000000000,0.000000000,0.000000000,0.000000000,0.000000000,0.000000000,0.000000000,0.000000000,0.000000000,0.000000000,0.000000000,0.000000000
1751979361.981026,22.577000000,61.593441010,0.030000001,0.000000000,2.660247326,2.306306362,-85.160057068,6.578892708,6.441001415,-15.569122314,0.000000000,0.000000000,0.000000000,0.000000000,0.000000000,0.000000000,0.000000000,0.000000000,0.000000000,0.000000000,0.000000000,0.000000000
1751979361.983704,22.580000000,61.593441010,0.030000001,0.000000000,2.660247326,2.346807718,-78.443481445,6.578892708,6.431999683,-16.785621643,0.000000000,0.000000000,0.000000000,0.000000000,0.000000000,0.000000000,0.000000000,0.000000000,0.000000000,0.000000000,0.000000000,0.000000000
1751979361.986393,22.583000000,61.552944183,0.030000001,0.000000000,2.713430166,2.346807718,-81.884490967,6.527960300,6.441001415,-9.352929115,0.000000000,0.000000000,0.000000000,0.000000000,0.000000000,0.000000000,0.000000000,0.000000000,0.000000000,0.000000000,0.000000000,0.000000000
1751979361.989053,22.585000000,61.552944183,0.030000001,0.000000000,2.713430166,2.360310078,-81.518684387,6.527960300,6.423000813,-11.426090240,0.000000000,0.000000000,0.000000000,0.000000000,0.000000000,0.000000000,0.000000000,0.000000000,0.000000000,0.000000000,0.000000000,0.000000000
1751979361.991754,22.588000000,61.552944183,0.030000001,0.000000000,2.713430166,2.373809576,-79.277618408,6.527960300,6.413999557,-12.606983185,0.000000000,0.000000000,0.000000000,0.000000000,0.000000000,0.000000000,0.000000000,0.000000000,0.000000000,0.000000000,0.000000000,0.000000000
1751979361.994327,22.591000000,61.552944183,0.030000001,0.000000000,2.713430166,2.387309074,-77.049537659,6.527960300,6.413999557,-12.861981392,0.000000000,0.000000000,0.000000000,0.000000000,0.000000000,0.000000000,0.000000000,0.000000000,0.000000000,0.000000000,0.000000000,0.000000000
1751979361.997019,22.593000000,61.552944183,0.030000001,0.000000000,2.713430166,2.400811195,-74.871940613,6.527960300,6.405000687,-14.010056496,0.000000000,0.000000000,0.000000000,0.000000000,0.000000000,0.000000000,0.000000000,0.000000000,0.000000000,0.000000000,0.000000000,0.000000000
1751979361.999613,22.596000000,61.552944183,0.030000001,0.000000000,2.713430166,2.427810431,-72.182518005,6.527960300,6.387000561,-16.103651047,0.000000000,0.000000000,0.000000000,0.000000000,0.000000000,0.000000000,0.000000000,0.000000000,0.000000000,0.000000000,0.000000000,0.000000000
1751979362.002255,22.599000000,61.457443237,0.030000001,0.000000000,2.774207115,2.427810431,-78.540565491,6.484826088,6.377998829,-11.556634903,0.000000000,0.000000000,0.000000000,0.000000000,0.000000000,0.000000000,0.000000000,0.000000000,0.000000000,0.000000000,0.000000000,0.000000000
1751979362.004843,22.601000000,61.457443237,0.030000001,0.000000000,2.774207115,2.427810431,-78.540702820,6.484826088,6.360001087,-13.664652824,0.000000000,0.000000000,0.000000000,0.000000000,0.000000000,0.000000000,0.000000000,0.000000000,0.000000000,0.000000000,0.000000000,0.000000000
1751979362.007435,22.604000000,61.457443237,0.030000001,0.000000000,2.774207115,2.441309929,-78.211524963,6.484826088,6.350999832,-14.879717827,0.000000000,0.000000000,0.000000000,0.000000000,0.000000000,0.000000000,0.000000000,0.000000000,0.000000000,0.000000000,0.000000000,0.000000000
1751979362.010077,22.606000000,61.457443237,0.030000001,0.000000000,2.774207115,2.468311787,-75.657180786,6.484826088,6.332999229,-17.014640808,0.000000000,0.000000000,0.000000000,0.000000000,0.000000000,0.000000000,0.000000000,0.000000000,0.000000000,0.000000000,0.000000000,0.000000000
1751979362.012692,22.609000000,61.459388733,0.030000001,0.000000000,2.822141171,2.468311787,-79.770256042,6.448964596,6.314999104,-14.417049408,0.000000000,0.000000000,0.000000000,0.000000000,0.000000000,0.000000000,0.000000000,0.000000000,0.000000000,0.000000000,0.000000000,0.000000000
1751979362.015288,22.612000000,61.459388733,0.030000001,0.000000000,2.822141171,2.495313644,-79.132263184,6.448964596,6.296998978,-16.598911285,0.000000000,0.000000000,0.000000000,0.000000000,0.000000000,0.000000000,0.000000000,0.000000000,0.000000000,0.000000000,0.000000000,0.000000000
1751979362.017873,22.614000000,61.459388733,0.030000001,0.000000000,2.822141171,2.522312641,-74.665672302,6.448964596,6.269999504,-19.723402023,0.000000000,0.000000000,0.000000000,0.000000000,0.000000000,0.000000000,0.000000000,0.000000000,0.000000000,0.000000000,0.000000000,0.000000000
1751979362.020477,22.617000000,61.459388733,0.030000001,0.000000000,2.822141171,2.522312641,-70.840507507,6.448964596,6.261001110,-21.050260544,0.000000000,0.000000000,0.000000000,0.000000000,0.000000000,0.000000000,0.000000000,0.000000000,0.000000000,0.000000000,0.000000000,0.000000000
1751979362.023065,22.619000000,61.459388733,0.030000001,0.000000000,2.822141171,2.522312641,-70.840621948,6.448964596,6.243000507,-23.287534714,0.000000000,0.000000000,0.000000000,0.000000000,0.000000000,0.000000000,0.000000000,0.000000000,0.000000000,0.000000000,0.000000000,0.000000000
1751979362.025663,22.622000000,61.428474426,0.030000001,0.000000000,2.873535395,2.535812378,-79.031936646,6.397716522,6.225000381,-18.726230621,0.000000000,0.000000000,0.000000000,0.000000000,0.000000000,0.000000000,0.000000000,0.000000000,0.000000000,0.000000000,0.000000000,0.000000000
1751979362.028324,22.625000000,61.428474426,0.030000001,0.000000000,2.873535395,2.562813997,-76.425559998,6.397716522,6.206999779,-21.000005722,0.000000000,0.000000000,0.000000000,0.000000000,0.000000000,0.000000000,0.000000000,0.000000000,0.000000000,0.000000000,0.000000000,0.000000000
1751979362.030912,22.627000000,61.428474426,0.030000001,0.000000000,2.873535395,2.589815855,-71.947456360,6.397716522,6.188999653,-23.288154602,0.000000000,0.000000000,0.000000000,0.000000000,0.000000000,0.000000000,0.000000000,0.000000000,0.000000000,0.000000000,0.000000000,0.000000000
1751979362.033493,22.630000000,61.428474426,0.030000001,0.000000000,2.873535395,2.589815855,-68.177169800,6.397716522,6.170999527,-25.575860977,0.000000000,0.000000000,0.000000000,0.000000000,0.000000000,0.000000000,0.000000000,0.000000000,0.000000000,0.000000000,0.000000000,0.000000000
1751979362.036128,22.632000000,61.360584259,0.030000001,0.000000000,2.912721872,2.603315353,-74.329711914,6.356582165,6.152998924,-22.413219452,0.000000000,0.000000000,0.000000000,0.000000000,0.000000000,0.000000000,0.000000000,0.000000000,0.000000000,0.000000000,0.000000000,0.000000000
1751979362.038681,22.635000000,61.360584259,0.030000001,0.000000000,2.912721872,2.616815090,-72.112167358,6.356582165,6.152998924,-22.877931595,0.000000000,0.000000000,0.000000000,0.000000000,0.000000000,0.000000000,0.000000000,0.000000000,0.000000000,0.000000000,0.000000000,0.000000000
1751979362.041292,22.638000000,61.360584259,0.030000001,0.000000000,2.912721872,2.630314589,-69.859245300,6.356582165,6.117001057,-26.991964340,0.000000000,0.000000000,0.000000000,0.000000000,0.000000000,0.000000000,0.000000000,0.000000000,0.000000000,0.000000000,0.000000000,0.000000000
1751979362.043925,22.640000000,61.323135376,0.030000001,0.000000000,2.953928947,2.630314589,-74.775070190,6.317219257,6.099000931,-24.095207214,0.000000000,0.000000000,0.000000000,0.000000000,0.000000000,0.000000000,0.000000000,0.000000000,0.000000000,0.000000000,0.000000000,0.000000000
1751979362.046535,22.643000000,61.323135376,0.030000001,0.000000000,2.953928947,2.657316208,-74.081733704,6.317219257,6.107999802,-23.661266327,0.000000000,0.000000000,0.000000000,0.000000000,0.000000000,0.000000000,0.000000000,0.000000000,0.000000000,0.000000000,0.000000000,0.000000000
1751979362.049140,22.646000000,61.323135376,0.030000001,0.000000000,2.953928947,2.684318066,-69.644050598,6.317219257,6.089999199,-25.925971985,0.000000000,0.000000000,0.000000000,0.000000000,0.000000000,0.000000000,0.000000000,0.000000000,0.000000000,0.000000000,0.000000000,0.000000000
1751979362.051730,22.648000000,61.323135376,0.030000001,0.000000000,2.953928947,2.684318066,-65.844848633,6.317219257,6.053998947,-30.042480469,0.000000000,0.000000000,0.000000000,0.000000000,0.000000000,0.000000000,0.000000000,0.000000000,0.000000000,0.000000000,0.000000000,0.000000000
1751979362.054314,22.651000000,61.323135376,0.030000001,0.000000000,2.953928947,2.684318066,-65.844963074,6.317219257,6.053998947,-30.534379959,0.000000000,0.000000000,0.000000000,0.000000000,0.000000000,0.000000000,0.000000000,0.000000000,0.000000000,0.000000000,0.000000000,0.000000000
1751979362.056920,22.653000000,61.323135376,0.030000001,0.000000000,2.953928947,2.684318066,-65.845069885,6.317219257,6.053998947,-30.977090836,0.000000000,0.000000000,0.000000000,0.000000000,0.000000000,0.000000000,0.000000000,0.000000000,0.000000000,0.000000000,0.000000000,0.000000000
1751979362.059492,22.656000000,61.304069519,0.030000001,0.000000000,3.021457911,2.684318066,-77.012474060,6.262205601,6.036001205,-25.916145325,0.000000000,0.000000000,0.000000000,0.000000000,0.000000000,0.000000000,0.000000000,0.000000000,0.000000000,0.000000000,0.000000000,0.000000000
1751979362.062577,22.659000000,61.304069519,0.030000001,0.000000000,3.021457911,2.711317301,-76.224082947,6.262205601,6.045000076,-25.397745132,0.000000000,0.000000000,0.000000000,0.000000000,0.000000000,0.000000000,0.000000000,0.000000000,0.000000000,0.000000000,0.000000000,0.000000000
1751979362.065478,22.662000000,61.304069519,0.030000001,0.000000000,3.021457911,2.751818657,-70.758728027,6.262205601,6.018000603,-28.633411407,0.000000000,0.000000000,0.000000000,0.000000000,0.000000000,0.000000000,0.000000000,0.000000000,0.000000000,0.000000000,0.000000000,0.000000000
1751979362.068154,22.665000000,61.298294067,0.030000001,0.000000000,3.085499048,2.751818657,-76.440795898,6.225944042,6.000000477,-26.104583740,0.000000000,0.000000000,0.000000000,0.000000000,0.000000000,0.000000000,0.000000000,0.000000000,0.000000000,0.000000000,0.000000000,0.000000000
1751979362.070753,22.667000000,61.298294067,0.030000001,0.000000000,3.085499048,2.765318155,-76.105781555,6.225944042,5.982000351,-28.346914291,0.000000000,0.000000000,0.000000000,0.000000000,0.000000000,0.000000000,0.000000000,0.000000000,0.000000000,0.000000000,0.000000000,0.000000000
1751979362.073437,22.670000000,61.298294067,0.030000001,0.000000000,3.085499048,2.778820515,-73.853302002,6.225944042,5.955000877,-31.539167404,0.000000000,0.000000000,0.000000000,0.000000000,0.000000000,0.000000000,0.000000000,0.000000000,0.000000000,0.000000000,0.000000000,0.000000000
1751979362.076051,22.672000000,61.298294067,0.030000001,0.000000000,3.085499048,2.765318155,-72.341835022,6.225944042,5.955000877,-31.981950760,0.000000000,0.000000000,0.000000000,0.000000000,0.000000000,0.000000000,0.000000000,0.000000000,0.000000000,0.000000000,0.000000000,0.000000000
1751979362.078808,22.675000000,61.298294067,0.030000001,0.000000000,3.085499048,2.778820515,-73.832466125,6.225944042,5.937000751,-34.246276855,0.000000000,0.000000000,0.000000000,0.000000000,0.000000000,0.000000000,0.000000000,0.000000000,0.000000000,0.000000000,0.000000000,0.000000000
1751979362.081463,22.678000000,61.298294067,0.030000001,0.000000000,3.085499048,2.778820515,-71.976150513,6.225944042,5.909998894,-37.466796875,0.000000000,0.000000000,0.000000000,0.000000000,0.000000000,0.000000000,0.000000000,0.000000000,0.000000000,0.000000000,0.000000000,0.000000000
1751979362.084136,22.680000000,61.258613586,0.030000001,0.000000000,3.128862381,2.792320013,-78.790596008,6.181206703,5.909998894,-31.976139069,0.000000000,0.000000000,0.000000000,0.000000000,0.000000000,0.000000000,0.000000000,0.000000000,0.000000000,0.000000000,0.000000000,0.000000000
1751979362.086891,22.683000000,61.258613586,0.030000001,0.000000000,3.128862381,2.792320013,-76.915008545,6.181206703,5.901000023,-33.310932159,0.000000000,0.000000000,0.000000000,0.000000000,0.000000000,0.000000000,0.000000000,0.000000000,0.000000000,0.000000000,0.000000000,0.000000000
1751979362.089437,22.686000000,61.258613586,0.030000001,0.000000000,3.128862381,2.819321632,-76.114311218,6.181206703,5.874001026,-36.508754730,0.000000000,0.000000000,0.000000000,0.000000000,0.000000000,0.000000000,0.000000000,0.000000000,0.000000000,0.000000000,0.000000000,0.000000000
1751979362.092036,22.688000000,61.299011230,0.030000001,0.000000000,3.204585075,2.819321632,-84.972297668,6.165584564,5.882999897,-33.938972473,0.000000000,0.000000000,0.000000000,0.000000000,0.000000000,0.000000000,0.000000000,0.000000000,0.000000000,0.000000000,0.000000000,0.000000000
1751979362.094670,22.691000000,61.299011230,0.030000001,0.000000000,3.204585075,2.832821369,-84.649726868,6.165584564,5.874001026,-35.222137451,0.000000000,0.000000000,0.000000000,0.000000000,0.000000000,0.000000000,0.000000000,0.000000000,0.000000000,0.000000000,0.000000000,0.000000000
1751979362.097216,22.694000000,61.299011230,0.030000001,0.000000000,3.204585075,2.846320868,-82.392013550,6.165584564,5.838000298,-39.285533905,0.000000000,0.000000000,0.000000000,0.000000000,0.000000000,0.000000000,0.000000000,0.000000000,0.000000000,0.000000000,0.000000000,0.000000000
1751979362.099804,22.696000000,61.299011230,0.030000001,0.000000000,3.204585075,2.859820366,-80.212776184,6.165584564,5.828999043,-40.628047943,0.000000000,0.000000000,0.000000000,0.000000000,0.000000000,0.000000000,0.000000000,0.000000000,0.000000000,0.000000000,0.000000000,0.000000000
1751979362.102419,22.699000000,61.299011230,0.030000001,0.000000000,3.204585075,2.859820366,-78.275596619,6.165584564,5.838000298,-40.108135223,0.000000000,0.000000000,0.000000000,0.000000000,0.000000000,0.000000000,0.000000000,0.000000000,0.000000000,0.000000000,0.000000000,0.000000000
1751979362.105021,22.701000000,61.299011230,0.030000001,0.000000000,3.204585075,2.859820366,-78.275733948,6.165584564,5.820000172,-42.297855377,0.000000000,0.000000000,0.000000000,0.000000000,0.000000000,0.000000000,0.000000000,0.000000000,0.000000000,0.000000000,0.000000000,0.000000000
1751979362.107612,22.704000000,61.357368469,0.030000001,0.000000000,3.268132925,2.873322725,-88.459083557,6.147196293,5.828999043,-39.290199280,0.000000000,0.000000000,0.000000000,0.000000000,0.000000000,0.000000000,0.000000000,0.000000000,0.000000000,0.000000000,0.000000000,0.000000000
1751979362.110205,22.707000000,61.357368469,0.030000001,0.000000000,3.268132925,2.886822224,-86.227890015,6.147196293,5.820000172,-40.510894775,0.000000000,0.000000000,0.000000000,0.000000000,0.000000000,0.000000000,0.000000000,0.000000000,0.000000000,0.000000000,0.000000000,0.000000000
1751979362.113001,22.709000000,61.357368469,0.030000001,0.000000000,3.268132925,2.913824081,-83.599273682,6.147196293,5.793001175,-43.595741272,0.000000000,0.000000000,0.000000000,0.000000000,0.000000000,0.000000000,0.000000000,0.000000000,0.000000000,0.000000000,0.000000000,0.000000000
1751979362.115695,22.712000000,61.359710693,0.030000001,0.000000000,3.330788612,2.913824081,-90.216056824,6.102506161,5.793001175,-38.005584717,0.000000000,0.000000000,0.000000000,0.000000000,0.000000000,0.000000000,0.000000000,0.000000000,0.000000000,0.000000000,0.000000000,0.000000000
1751979362.118422,22.715000000,61.359710693,0.030000001,0.000000000,3.330788612,2.940823078,-89.377944946,6.102506161,5.810998917,-36.436470032,0.000000000,0.000000000,0.000000000,0.000000000,0.000000000,0.000000000,0.000000000,0.000000000,0.000000000,0.000000000,0.000000000,0.000000000
1751979362.121080,22.717000000,61.359710693,0.030000001,0.000000000,3.330788612,2.967824936,-84.942611694,6.102506161,5.793001175,-38.536743164,0.000000000,0.000000000,0.000000000,0.000000000,0.000000000,0.000000000,0.000000000,0.000000000,0.000000000,0.000000000,0.000000000,0.000000000
1751979362.123715,22.720000000,61.361843109,0.030000001,0.000000000,3.404250860,2.981324434,-93.075347900,6.074562550,5.810998917,-33.220684052,0.000000000,0.000000000,0.000000000,0.000000000,0.000000000,0.000000000,0.000000000,0.000000000,0.000000000,0.000000000,0.000000000,0.000000000
1751979362.126333,22.723000000,61.361843109,0.030000001,0.000000000,3.404250860,2.994823933,-90.874053955,6.074562550,5.810998917,-33.396995544,0.000000000,0.000000000,0.000000000,0.000000000,0.000000000,0.000000000,0.000000000,0.000000000,0.000000000,0.000000000,0.000000000,0.000000000
1751979362.129011,22.725000000,61.361843109,0.030000001,0.000000000,3.404250860,3.008326292,-88.606552124,6.074562550,5.793001175,-35.418666840,0.000000000,0.000000000,0.000000000,0.000000000,0.000000000,0.000000000,0.000000000,0.000000000,0.000000000,0.000000000,0.000000000,0.000000000
1751979362.132051,22.728000000,61.361843109,0.030000001,0.000000000,3.404250860,3.008326292,-86.737663269,6.074562550,5.810998917,-33.749114990,0.000000000,0.000000000,0.000000000,0.000000000,0.000000000,0.000000000,0.000000000,0.000000000,0.000000000,0.000000000,0.000000000,0.000000000
1751979362.134338,22.731000000,61.361843109,0.030000001,0.000000000,3.404250860,3.008326292,-86.737831116,6.074562550,5.810998917,-33.872375488,0.000000000,0.000000000,0.000000000,0.000000000,0.000000000,0.000000000,0.000000000,0.000000000,0.000000000,0.000000000,0.000000000,0.000000000
1751979362.136967,22.733000000,61.361843109,0.030000001,0.000000000,3.404250860,3.008326292,-86.737991333,6.074562550,5.802000046,-34.909427643,0.000000000,0.000000000,0.000000000,0.000000000,0.000000000,0.000000000,0.000000000,0.000000000,0.000000000,0.000000000,0.000000000,0.000000000
1751979362.139527,22.736000000,61.333164215,0.030000001,0.000000000,3.446710110,3.008326292,-93.759651184,6.033529282,5.820000172,-27.741790771,0.000000000,0.000000000,0.000000000,0.000000000,0.000000000,0.000000000,0.000000000,0.000000000,0.000000000,0.000000000,0.000000000,0.000000000
1751979362.142069,22.738000000,61.333164215,0.030000001,0.000000000,3.446710110,3.021825790,-93.451934814,6.033529282,5.820000172,-27.801456451,0.000000000,0.000000000,0.000000000,0.000000000,0.000000000,0.000000000,0.000000000,0.000000000,0.000000000,0.000000000,0.000000000,0.000000000
1751979362.144703,22.741000000,61.333164215,0.030000001,0.000000000,3.446710110,3.035325527,-91.215965271,6.033529282,5.810998917,-28.779748917,0.000000000,0.000000000,0.000000000,0.000000000,0.000000000,0.000000000,0.000000000,0.000000000,0.000000000,0.000000000,0.000000000,0.000000000
1751979362.147341,22.744000000,61.396102905,0.030000001,0.000000000,3.483419657,3.035325527,-95.365966797,5.991112709,5.820000172,-22.293708801,0.000000000,0.000000000,0.000000000,0.000000000,0.000000000,0.000000000,0.000000000,0.000000000,0.000000000,0.000000000,0.000000000,0.000000000
1751979362.149915,22.746000000,61.396102905,0.030000001,0.000000000,3.483419657,3.035325527,-95.366149902,5.991112709,5.820000172,-22.335386276,0.000000000,0.000000000,0.000000000,0.000000000,0.000000000,0.000000000,0.000000000,0.000000000,0.000000000,0.000000000,0.000000000,0.000000000
1751979362.152483,22.749000000,61.396102905,0.030000001,0.000000000,3.483419657,3.048825026,-95.049514771,5.991112709,5.810998917,-23.298070908,0.000000000,0.000000000,0.000000000,0.000000000,0.000000000,0.000000000,0.000000000,0.000000000,0.000000000,0.000000000,0.000000000,0.000000000
1751979362.155058,22.751000000,61.396102905,0.030000001,0.000000000,3.483419657,3.062327147,-92.827629089,5.991112709,5.820000172,-22.434463501,0.000000000,0.000000000,0.000000000,0.000000000,0.000000000,0.000000000,0.000000000,0.000000000,0.000000000,0.000000000,0.000000000,0.000000000
1751979362.157629,22.754000000,61.396102905,0.030000001,0.000000000,3.483419657,3.062327147,-90.901397705,5.991112709,5.820000172,-22.461982727,0.000000000,0.000000000,0.000000000,0.000000000,0.000000000,0.000000000,0.000000000,0.000000000,0.000000000,0.000000000,0.000000000,0.000000000
1751979362.160219,22.757000000,61.396102905,0.030000001,0.000000000,3.483419657,3.062327147,-90.901565552,5.991112709,5.820000172,-22.486749649,0.000000000,0.000000000,0.000000000,0.000000000,0.000000000,0.000000000,0.000000000,0.000000000,0.000000000,0.000000000,0.000000000,0.000000000
1751979362.163014,22.759000000,61.321155548,0.030000001,0.000000000,3.540964603,3.062327147,-100.417976379,5.945654869,5.828999043,-15.545001030,0.000000000,0.000000000,0.000000000,0.000000000,0.000000000,0.000000000,0.000000000,0.000000000,0.000000000,0.000000000,0.000000000,0.000000000
1751979362.165570,22.762000000,61.321155548,0.030000001,0.000000000,3.540964603,3.075826645,-100.036270142,5.945654869,5.820000172,-16.472959518,0.000000000,0.000000000,0.000000000,0.000000000,0.000000000,0.000000000,0.000000000,0.000000000,0.000000000,0.000000000,0.000000000,0.000000000
1751979362.168184,22.765000000,61.321155548,0.030000001,0.000000000,3.540964603,3.089326382,-97.861015320,5.945654869,5.810998917,-17.419988632,0.000000000,0.000000000,0.000000000,0.000000000,0.000000000,0.000000000,0.000000000,0.000000000,0.000000000,0.000000000,0.000000000,0.000000000
1751979362.170766,22.767000000,61.344898224,0.030000001,0.000000000,3.569660902,3.089326382,-100.699188232,5.897120476,5.820000172,-10.094330788,0.000000000,0.000000000,0.000000000,0.000000000,0.000000000,0.000000000,0.000000000,0.000000000,0.000000000,0.000000000,0.000000000,0.000000000
1751979362.173400,22.770000000,61.344898224,0.030000001,0.000000000,3.569660902,3.089326382,-100.699386597,5.897120476,5.810998917,-11.038109779,0.000000000,0.000000000,0.000000000,0.000000000,0.000000000,0.000000000,0.000000000,0.000000000,0.000000000,0.000000000,0.000000000,0.000000000
1751979362.176036,22.772000000,61.344898224,0.030000001,0.000000000,3.569660902,3.102828503,-100.364372253,5.897120476,5.810998917,-11.077182770,0.000000000,0.000000000,0.000000000,0.000000000,0.000000000,0.000000000,0.000000000,0.000000000,0.000000000,0.000000000,0.000000000,0.000000000
1751979362.178861,22.775000000,61.376682281,0.030000001,0.000000000,3.616193295,3.102828503,-106.162010193,5.836489677,5.810998917,-3.066118002,0.000000000,0.000000000,0.000000000,0.000000000,0.000000000,0.000000000,0.000000000,0.000000000,0.000000000,0.000000000,0.000000000,0.000000000
1751979362.181464,22.778000000,61.376682281,0.030000001,0.000000000,3.616193295,3.116328239,-105.731208801,5.836489677,5.810998917,-3.097859383,0.000000000,0.000000000,0.000000000,0.000000000,0.000000000,0.000000000,0.000000000,0.000000000,0.000000000,0.000000000,0.000000000,0.000000000
1751979362.184060,22.780000000,61.376682281,0.030000001,0.000000000,3.616193295,3.156829357,-102.913589478,5.836489677,5.810998917,-3.126517534,0.000000000,0.000000000,0.000000000,0.000000000,0.000000000,0.000000000,0.000000000,0.000000000,0.000000000,0.000000000,0.000000000,0.000000000
1751979362.186653,22.783000000,61.376682281,0.030000001,0.000000000,3.616193295,3.156829357,-97.232475281,5.836489677,5.802000046,-4.079771996,0.000000000,0.000000000,0.000000000,0.000000000,0.000000000,0.000000000,0.000000000,0.000000000,0.000000000,0.000000000,0.000000000,0.000000000
1751979362.189212,22.786000000,61.376682281,0.030000001,0.000000000,3.616193295,3.156829357,-97.232658386,5.836489677,5.810998917,-3.201214314,0.000000000,0.000000000,0.000000000,0.000000000,0.000000000,0.000000000,0.000000000,0.000000000,0.000000000,0.000000000,0.000000000,0.000000000
1751979362.191825,22.788000000,61.376682281,0.030000001,0.000000000,3.616193295,3.170329094,-96.927200317,5.836489677,5.802000046,-4.144097805,0.000000000,0.000000000,0.000000000,0.000000000,0.000000000,0.000000000,0.000000000,0.000000000,0.000000000,0.000000000,0.000000000,0.000000000
1751979362.194496,22.791000000,61.434673309,0.030000001,0.000000000,3.662941217,3.170329094,-102.731292725,5.773762703,5.802000046,4.136250496,0.000000000,0.000000000,0.000000000,0.000000000,0.000000000,0.000000000,0.000000000,0.000000000,0.000000000,0.000000000,0.000000000,0.000000000
1751979362.197022,22.793000000,61.434673309,0.030000001,0.000000000,3.662941217,3.183828592,-102.394897461,5.773762703,5.802000046,4.097096920,0.000000000,0.000000000,0.000000000,0.000000000,0.000000000,0.000000000,0.000000000,0.000000000,0.000000000,0.000000000,0.000000000,0.000000000
1751979362.199604,22.796000000,61.434673309,0.030000001,0.000000000,3.662941217,3.224329948,-99.652793884,5.773762703,5.802000046,4.061447620,0.000000000,0.000000000,0.000000000,0.000000000,0.000000000,0.000000000,0.000000000,0.000000000,0.000000000,0.000000000,0.000000000,0.000000000
1751979362.202229,22.799000000,61.434673309,0.030000001,0.000000000,3.662941217,3.237832069,-93.485588074,5.773762703,5.802000046,4.029778004,0.000000000,0.000000000,0.000000000,0.000000000,0.000000000,0.000000000,0.000000000,0.000000000,0.000000000,0.000000000,0.000000000,0.000000000
1751979362.204799,22.801000000,61.410911560,0.030000001,0.000000000,3.667278051,3.237832069,-92.286224365,5.713473320,5.802000046,12.000886917,0.000000000,0.000000000,0.000000000,0.000000000,0.000000000,0.000000000,0.000000000,0.000000000,0.000000000,0.000000000,0.000000000,0.000000000
1751979362.207373,22.804000000,61.410911560,0.030000001,0.000000000,3.667278051,3.237832069,-92.286392212,5.713473320,5.793001175,11.050185204,0.000000000,0.000000000,0.000000000,0.000000000,0.000000000,0.000000000,0.000000000,0.000000000,0.000000000,0.000000000,0.000000000,0.000000000
1751979362.209933,22.806000000,61.365318298,0.030000001,0.000000000,3.679537773,3.251331806,-94.012817383,5.640915394,5.783999443,19.701614380,0.000000000,0.000000000,0.000000000,0.000000000,0.000000000,0.000000000,0.000000000,0.000000000,0.000000000,0.000000000,0.000000000,0.000000000
1751979362.212563,22.809000000,61.365318298,0.030000001,0.000000000,3.679537773,3.251331806,-92.081672668,5.640915394,5.775000572,18.702188492,0.000000000,0.000000000,0.000000000,0.000000000,0.000000000,0.000000000,0.000000000,0.000000000,0.000000000,0.000000000,0.000000000,0.000000000
1751979362.215148,22.812000000,61.365318298,0.030000001,0.000000000,3.679537773,3.278330803,-91.454162598,5.640915394,5.765999317,17.682254791,0.000000000,0.000000000,0.000000000,0.000000000,0.000000000,0.000000000,0.000000000,0.000000000,0.000000000,0.000000000,0.000000000,0.000000000
1751979362.217674,22.814000000,61.365318298,0.030000001,0.000000000,3.679537773,3.278330803,-87.617179871,5.640915394,5.757000446,16.646923065,0.000000000,0.000000000,0.000000000,0.000000000,0.000000000,0.000000000,0.000000000,0.000000000,0.000000000,0.000000000,0.000000000,0.000000000
1751979362.220226,22.817000000,61.365318298,0.030000001,0.000000000,3.679537773,3.291833162,-87.338989258,5.640915394,5.757000446,16.521539688,0.000000000,0.000000000,0.000000000,0.000000000,0.000000000,0.000000000,0.000000000,0.000000000,0.000000000,0.000000000,0.000000000,0.000000000
1751979362.222851,22.819000000,61.365318298,0.030000001,0.000000000,3.679537773,3.291833162,-85.384597778,5.640915394,5.747999191,15.482070923,0.000000000,0.000000000,0.000000000,0.000000000,0.000000000,0.000000000,0.000000000,0.000000000,0.000000000,0.000000000,0.000000000,0.000000000
1751979362.225444,22.822000000,61.365318298,0.030000001,0.000000000,3.679537773,3.305332661,-85.065727234,5.640915394,5.739000320,14.425528526,0.000000000,0.000000000,0.000000000,0.000000000,0.000000000,0.000000000,0.000000000,0.000000000,0.000000000,0.000000000,0.000000000,0.000000000
1751979362.228089,22.824000000,61.297557831,0.030000001,0.000000000,3.708414555,3.305332661,-87.927864075,5.568582058,5.730001450,22.948804855,0.000000000,0.000000000,0.000000000,0.000000000,0.000000000,0.000000000,0.000000000,0.000000000,0.000000000,0.000000000,0.000000000,0.000000000
1751979362.230804,22.827000000,61.297557831,0.030000001,0.000000000,3.708414555,3.318832159,-87.538551331,5.568582058,5.712000847,20.917697906,0.000000000,0.000000000,0.000000000,0.000000000,0.000000000,0.000000000,0.000000000,0.000000000,0.000000000,0.000000000,0.000000000,0.000000000
1751979362.233456,22.830000000,61.297557831,0.030000001,0.000000000,3.708414555,3.332334518,-85.327011108,5.568582058,5.694000721,18.856229782,0.000000000,0.000000000,0.000000000,0.000000000,0.000000000,0.000000000,0.000000000,0.000000000,0.000000000,0.000000000,0.000000000,0.000000000
1751979362.236159,22.832000000,61.324047089,0.030000001,0.000000000,3.730199575,3.332334518,-87.065635681,5.509389400,5.694000721,26.486202240,0.000000000,0.000000000,0.000000000,0.000000000,0.000000000,0.000000000,0.000000000,0.000000000,0.000000000,0.000000000,0.000000000,0.000000000
1751979362.238659,22.835000000,61.324047089,0.030000001,0.000000000,3.730199575,3.345834017,-86.696411133,5.509389400,5.666998863,23.477359772,0.000000000,0.000000000,0.000000000,0.000000000,0.000000000,0.000000000,0.000000000,0.000000000,0.000000000,0.000000000,0.000000000,0.000000000
1751979362.241259,22.838000000,61.324047089,0.030000001,0.000000000,3.730199575,3.345834017,-84.833534241,5.509389400,5.639999866,20.451530457,0.000000000,0.000000000,0.000000000,0.000000000,0.000000000,0.000000000,0.000000000,0.000000000,0.000000000,0.000000000,0.000000000,0.000000000
1751979362.243842,22.840000000,61.324047089,0.030000001,0.000000000,3.730199575,3.345834017,-84.833686829,5.509389400,5.639999866,20.138786316,0.000000000,0.000000000,0.000000000,0.000000000,0.000000000,0.000000000,0.000000000,0.000000000,0.000000000,0.000000000,0.000000000,0.000000000
1751979362.246436,22.843000000,61.324047089,0.030000001,0.000000000,3.730199575,3.359333515,-84.506721497,5.509389400,5.621999741,17.995517731,0.000000000,0.000000000,0.000000000,0.000000000,0.000000000,0.000000000,0.000000000,0.000000000,0.000000000,0.000000000,0.000000000,0.000000000
1751979362.249009,22.845000000,61.324047089,0.030000001,0.000000000,3.730199575,3.359333515,-82.601577759,5.509389400,5.595000267,14.912837982,0.000000000,0.000000000,0.000000000,0.000000000,0.000000000,0.000000000,0.000000000,0.000000000,0.000000000,0.000000000,0.000000000,0.000000000
1751979362.251616,22.848000000,61.327415466,0.030000001,0.000000000,3.757288933,3.359333515,-87.081497192,5.440698147,5.595000267,23.667530060,0.000000000,0.000000000,0.000000000,0.000000000,0.000000000,0.000000000,0.000000000,0.000000000,0.000000000,0.000000000,0.000000000,0.000000000
1751979362.254199,22.851000000,61.327415466,0.030000001,0.000000000,3.757288933,3.372833252,-86.761146545,5.440698147,5.577000141,21.486303329,0.000000000,0.000000000,0.000000000,0.000000000,0.000000000,0.000000000,0.000000000,0.000000000,0.000000000,0.000000000,0.000000000,0.000000000
1751979362.256803,22.853000000,61.327415466,0.030000001,0.000000000,3.757288933,3.386335373,-84.532485962,5.440698147,5.540999413,17.426252365,0.000000000,0.000000000,0.000000000,0.000000000,0.000000000,0.000000000,0.000000000,0.000000000,0.000000000,0.000000000,0.000000000,0.000000000
1751979362.259371,22.856000000,61.267166138,0.030000001,0.000000000,3.765344620,3.386335373,-83.948829651,5.383020878,5.532000542,23.732282639,0.000000000,0.000000000,0.000000000,0.000000000,0.000000000,0.000000000,0.000000000,0.000000000,0.000000000,0.000000000,0.000000000,0.000000000
1751979362.262130,22.858000000,61.267166138,0.030000001,0.000000000,3.765344620,3.386335373,-83.948989868,5.383020878,5.522999287,22.402420044,0.000000000,0.000000000,0.000000000,0.000000000,0.000000000,0.000000000,0.000000000,0.000000000,0.000000000,0.000000000,0.000000000,0.000000000
1751979362.264764,22.861000000,61.267166138,0.030000001,0.000000000,3.765344620,3.399834871,-83.528015137,5.383020878,5.487001419,18.240655899,0.000000000,0.000000000,0.000000000,0.000000000,0.000000000,0.000000000,0.000000000,0.000000000,0.000000000,0.000000000,0.000000000,0.000000000
1751979362.267329,22.864000000,61.311607361,0.030000001,0.000000000,3.778356552,3.399834871,-83.868667603,5.347981930,5.477999687,21.510574341,0.000000000,0.000000000,0.000000000,0.000000000,0.000000000,0.000000000,0.000000000,0.000000000,0.000000000,0.000000000,0.000000000,0.000000000
1751979362.269939,22.866000000,61.311607361,0.030000001,0.000000000,3.778356552,3.399834871,-83.868820190,5.347981930,5.469000816,20.154415131,0.000000000,0.000000000,0.000000000,0.000000000,0.000000000,0.000000000,0.000000000,0.000000000,0.000000000,0.000000000,0.000000000,0.000000000
1751979362.272508,22.869000000,61.311607361,0.030000001,0.000000000,3.778356552,3.399834871,-83.868972778,5.347981930,5.433000565,16.020469666,0.000000000,0.000000000,0.000000000,0.000000000,0.000000000,0.000000000,0.000000000,0.000000000,0.000000000,0.000000000,0.000000000,0.000000000
1751979362.275128,22.871000000,61.311607361,0.030000001,0.000000000,3.778356552,3.413334370,-83.539802551,5.347981930,5.423998833,14.611783028,0.000000000,0.000000000,0.000000000,0.000000000,0.000000000,0.000000000,0.000000000,0.000000000,0.000000000,0.000000000,0.000000000,0.000000000
1751979362.277964,22.874000000,61.311607361,0.030000001,0.000000000,3.778356552,3.426836729,-81.258331299,5.347981930,5.414999962,13.218034744,0.000000000,0.000000000,0.000000000,0.000000000,0.000000000,0.000000000,0.000000000,0.000000000,0.000000000,0.000000000,0.000000000,0.000000000
1751979362.280632,22.877000000,61.311607361,0.030000001,0.000000000,3.778356552,3.453835964,-78.546020508,5.347981930,5.388000965,9.944020271,0.000000000,0.000000000,0.000000000,0.000000000,0.000000000,0.000000000,0.000000000,0.000000000,0.000000000,0.000000000,0.000000000,0.000000000
1751979362.283197,22.880000000,61.288387299,0.030000001,0.000000000,3.810418367,3.453835964,-80.241447449,5.303334713,5.370000839,13.525341988,0.000000000,0.000000000,0.000000000,0.000000000,0.000000000,0.000000000,0.000000000,0.000000000,0.000000000,0.000000000,0.000000000,0.000000000
1751979362.285813,22.882000000,61.288387299,0.030000001,0.000000000,3.810418367,3.467335463,-79.902824402,5.303334713,5.352000237,11.187528610,0.000000000,0.000000000,0.000000000,0.000000000,0.000000000,0.000000000,0.000000000,0.000000000,0.000000000,0.000000000,0.000000000,0.000000000
1751979362.288392,22.885000000,61.288387299,0.030000001,0.000000000,3.810418367,3.467335463,-78.009315491,5.303334713,5.342998981,9.782617569,0.000000000,0.000000000,0.000000000,0.000000000,0.000000000,0.000000000,0.000000000,0.000000000,0.000000000,0.000000000,0.000000000,0.000000000
1751979362.290998,22.887000000,61.234344482,0.030000001,0.000000000,3.874141693,3.467335463,-88.547409058,5.260627747,5.325001240,13.129221916,0.000000000,0.000000000,0.000000000,0.000000000,0.000000000,0.000000000,0.000000000,0.000000000,0.000000000,0.000000000,0.000000000,0.000000000
1751979362.293594,22.890000000,61.234344482,0.030000001,0.000000000,3.874141693,3.507836819,-87.544235229,5.260627747,5.315999508,11.730311394,0.000000000,0.000000000,0.000000000,0.000000000,0.000000000,0.000000000,0.000000000,0.000000000,0.000000000,0.000000000,0.000000000,0.000000000
1751979362.296274,22.893000000,61.234344482,0.030000001,0.000000000,3.874141693,3.534838676,-81.181083679,5.260627747,5.289000511,8.487091064,0.000000000,0.000000000,0.000000000,0.000000000,0.000000000,0.000000000,0.000000000,0.000000000,0.000000000,0.000000000,0.000000000,0.000000000
1751979362.298811,22.895000000,61.234344482,0.030000001,0.000000000,3.874141693,3.534838676,-77.384826660,5.260627747,5.279999256,7.080117702,0.000000000,0.000000000,0.000000000,0.000000000,0.000000000,0.000000000,0.000000000,0.000000000,0.000000000,0.000000000,0.000000000,0.000000000
1751979362.301357,22.898000000,61.234344482,0.030000001,0.000000000,3.874141693,3.534838676,-77.384963989,5.260627747,5.271000385,5.700146675,0.000000000,0.000000000,0.000000000,0.000000000,0.000000000,0.000000000,0.000000000,0.000000000,0.000000000,0.000000000,0.000000000,0.000000000
1751979362.303892,22.900000000,61.234344482,0.030000001,0.000000000,3.874141693,3.534838676,-77.385093689,5.260627747,5.261998653,4.341634274,0.000000000,0.000000000,0.000000000,0.000000000,0.000000000,0.000000000,0.000000000,0.000000000,0.000000000,0.000000000,0.000000000,0.000000000
1751979362.306416,22.903000000,61.279571533,0.030000001,0.000000000,3.885445118,3.548338175,-78.972343445,5.219816208,5.244001389,7.480812073,0.000000000,0.000000000,0.000000000,0.000000000,0.000000000,0.000000000,0.000000000,0.000000000,0.000000000,0.000000000,0.000000000,0.000000000
1751979362.309011,22.905000000,61.279571533,0.030000001,0.000000000,3.885445118,3.548338175,-77.022193909,5.219816208,5.226000786,5.200980186,0.000000000,0.000000000,0.000000000,0.000000000,0.000000000,0.000000000,0.000000000,0.000000000,0.000000000,0.000000000,0.000000000,0.000000000
1751979362.311646,22.908000000,61.279571533,0.030000001,0.000000000,3.885445118,3.561840296,-76.656387329,5.219816208,5.216999531,3.822829723,0.000000000,0.000000000,0.000000000,0.000000000,0.000000000,0.000000000,0.000000000,0.000000000,0.000000000,0.000000000,0.000000000,0.000000000
1751979362.314327,22.911000000,61.279571533,0.030000001,0.000000000,3.885445118,3.575339794,-74.453735352,5.219816208,5.208000660,2.467458010,0.000000000,0.000000000,0.000000000,0.000000000,0.000000000,0.000000000,0.000000000,0.000000000,0.000000000,0.000000000,0.000000000,0.000000000
1751979362.316875,22.913000000,61.226013184,0.030000001,0.000000000,3.923896313,3.575339794,-78.916015625,5.174654007,5.198998928,7.114157677,0.000000000,0.000000000,0.000000000,0.000000000,0.000000000,0.000000000,0.000000000,0.000000000,0.000000000,0.000000000,0.000000000,0.000000000
1751979362.319472,22.916000000,61.226013184,0.030000001,0.000000000,3.923896313,3.588839531,-78.608261108,5.174654007,5.180998802,4.862889767,0.000000000,0.000000000,0.000000000,0.000000000,0.000000000,0.000000000,0.000000000,0.000000000,0.000000000,0.000000000,0.000000000,0.000000000
1751979362.322080,22.918000000,61.226013184,0.030000001,0.000000000,3.923896313,3.588839531,-76.683830261,5.174654007,5.171999931,3.527432919,0.000000000,0.000000000,0.000000000,0.000000000,0.000000000,0.000000000,0.000000000,0.000000000,0.000000000,0.000000000,0.000000000,0.000000000
1751979362.324689,22.921000000,61.226013184,0.030000001,0.000000000,3.923896313,3.588839531,-76.683967590,5.174654007,5.163001060,2.207271576,0.000000000,0.000000000,0.000000000,0.000000000,0.000000000,0.000000000,0.000000000,0.000000000,0.000000000,0.000000000,0.000000000,0.000000000
1751979362.327280,22.924000000,61.226013184,0.030000001,0.000000000,3.923896313,3.602339029,-76.351860046,5.174654007,5.153999805,0.896746576,0.000000000,0.000000000,0.000000000,0.000000000,0.000000000,0.000000000,0.000000000,0.000000000,0.000000000,0.000000000,0.000000000,0.000000000
1751979362.330032,22.926000000,61.281375885,0.030000001,0.000000000,3.926861525,3.588839531,-75.288879395,5.143323898,5.135999203,2.815047503,0.000000000,0.000000000,0.000000000,0.000000000,0.000000000,0.000000000,0.000000000,0.000000000,0.000000000,0.000000000,0.000000000,0.000000000
1751979362.332699,22.929000000,61.281375885,0.030000001,0.000000000,3.926861525,3.602339029,-76.800460815,5.143323898,5.127000332,1.495419860,0.000000000,0.000000000,0.000000000,0.000000000,0.000000000,0.000000000,0.000000000,0.000000000,0.000000000,0.000000000,0.000000000,0.000000000
1751979362.335306,22.932000000,61.281375885,0.030000001,0.000000000,3.926861525,3.615841389,-74.539283752,5.143323898,5.117999077,0.184318587,0.000000000,0.000000000,0.000000000,0.000000000,0.000000000,0.000000000,0.000000000,0.000000000,0.000000000,0.000000000,0.000000000,0.000000000
1751979362.337862,22.934000000,61.214340210,0.030000001,0.000000000,3.960483313,3.615841389,-78.269737244,5.069700241,5.099998474,7.717922211,0.000000000,0.000000000,0.000000000,0.000000000,0.000000000,0.000000000,0.000000000,0.000000000,0.000000000,0.000000000,0.000000000,0.000000000
1751979362.340425,22.937000000,61.214340210,0.030000001,0.000000000,3.960483313,3.615841389,-78.269874573,5.069700241,5.082001209,5.490674496,0.000000000,0.000000000,0.000000000,0.000000000,0.000000000,0.000000000,0.000000000,0.000000000,0.000000000,0.000000000,0.000000000,0.000000000
1751979362.343021,22.939000000,61.214340210,0.030000001,0.000000000,3.960483313,3.615841389,-78.270011902,5.069700241,5.072999477,4.172321796,0.000000000,0.000000000,0.000000000,0.000000000,0.000000000,0.000000000,0.000000000,0.000000000,0.000000000,0.000000000,0.000000000,0.000000000
1751979362.345682,22.942000000,61.174770355,0.030000001,0.000000000,3.972081661,3.615841389,-80.188179016,5.028520584,5.064000607,8.320262909,0.000000000,0.000000000,0.000000000,0.000000000,0.000000000,0.000000000,0.000000000,0.000000000,0.000000000,0.000000000,0.000000000,0.000000000
1751979362.348283,22.945000000,61.174770355,0.030000001,0.000000000,3.972081661,3.615841389,-80.188323975,5.028520584,5.046000481,6.086248875,0.000000000,0.000000000,0.000000000,0.000000000,0.000000000,0.000000000,0.000000000,0.000000000,0.000000000,0.000000000,0.000000000,0.000000000
1751979362.350861,22.947000000,61.174770355,0.030000001,0.000000000,3.972081661,3.629340887,-79.872390747,5.028520584,5.028000355,3.843043804,0.000000000,0.000000000,0.000000000,0.000000000,0.000000000,0.000000000,0.000000000,0.000000000,0.000000000,0.000000000,0.000000000,0.000000000
1751979362.353456,22.950000000,61.174770355,0.030000001,0.000000000,3.972081661,3.629340887,-77.956184387,5.028520584,5.018998623,2.519241095,0.000000000,0.000000000,0.000000000,0.000000000,0.000000000,0.000000000,0.000000000,0.000000000,0.000000000,0.000000000,0.000000000,0.000000000
1751979362.356037,22.952000000,61.174770355,0.030000001,0.000000000,3.972081661,3.629340887,-77.956321716,5.028520584,5.009999752,1.209964633,0.000000000,0.000000000,0.000000000,0.000000000,0.000000000,0.000000000,0.000000000,0.000000000,0.000000000,0.000000000,0.000000000,0.000000000
1751979362.358613,22.955000000,61.174770355,0.030000001,0.000000000,3.972081661,3.629340887,-77.956459045,5.028520584,4.991999626,-1.021916032,0.000000000,0.000000000,0.000000000,0.000000000,0.000000000,0.000000000,0.000000000,0.000000000,0.000000000,0.000000000,0.000000000,0.000000000
1751979362.361280,22.958000000,61.174770355,0.030000001,0.000000000,3.972081661,3.629340887,-77.956596375,5.028520584,4.973999023,-3.276148558,0.000000000,0.000000000,0.000000000,0.000000000,0.000000000,0.000000000,0.000000000,0.000000000,0.000000000,0.000000000,0.000000000,0.000000000
1751979362.363984,22.960000000,61.221366882,0.030000001,0.000000000,4.010082722,3.629340887,-84.240997314,5.000803471,4.965000629,-0.940023780,0.000000000,0.000000000,0.000000000,0.000000000,0.000000000,0.000000000,0.000000000,0.000000000,0.000000000,0.000000000,0.000000000,0.000000000
1751979362.366593,22.963000000,61.221366882,0.030000001,0.000000000,4.010082722,3.642840385,-83.898040771,5.000803471,4.947000027,-3.194095850,0.000000000,0.000000000,0.000000000,0.000000000,0.000000000,0.000000000,0.000000000,0.000000000,0.000000000,0.000000000,0.000000000,0.000000000
1751979362.369227,22.966000000,61.221366882,0.030000001,0.000000000,4.010082722,3.656342506,-81.645042419,5.000803471,4.920001030,-6.406332016,0.000000000,0.000000000,0.000000000,0.000000000,0.000000000,0.000000000,0.000000000,0.000000000,0.000000000,0.000000000,0.000000000,0.000000000
1751979362.371865,22.968000000,61.242954254,0.030000001,0.000000000,3.996922970,3.656342506,-77.599945068,4.940429211,4.910999298,0.225128472,0.000000000,0.000000000,0.000000000,0.000000000,0.000000000,0.000000000,0.000000000,0.000000000,0.000000000,0.000000000,0.000000000,0.000000000
1751979362.374480,22.971000000,61.242954254,0.030000001,0.000000000,3.996922970,3.656342506,-77.600082397,4.940429211,4.892999172,-2.058877707,0.000000000,0.000000000,0.000000000,0.000000000,0.000000000,0.000000000,0.000000000,0.000000000,0.000000000,0.000000000,0.000000000,0.000000000
1751979362.377102,22.973000000,61.242954254,0.030000001,0.000000000,3.996922970,3.656342506,-77.600219727,4.940429211,4.874999046,-4.355332851,0.000000000,0.000000000,0.000000000,0.000000000,0.000000000,0.000000000,0.000000000,0.000000000,0.000000000,0.000000000,0.000000000,0.000000000
1751979362.379991,22.976000000,61.242954254,0.030000001,0.000000000,3.996922970,3.656342506,-77.600364685,4.940429211,4.847999573,-7.634595871,0.000000000,0.000000000,0.000000000,0.000000000,0.000000000,0.000000000,0.000000000,0.000000000,0.000000000,0.000000000,0.000000000,0.000000000
1751979362.382746,22.979000000,61.242954254,0.030000001,0.000000000,3.996922970,3.656342506,-77.600509644,4.940429211,4.839001179,-9.042665482,0.000000000,0.000000000,0.000000000,0.000000000,0.000000000,0.000000000,0.000000000,0.000000000,0.000000000,0.000000000,0.000000000,0.000000000
1751979362.385298,22.982000000,61.242954254,0.030000001,0.000000000,3.996922970,3.656342506,-77.600654602,4.940429211,4.821000576,-11.365716934,0.000000000,0.000000000,0.000000000,0.000000000,0.000000000,0.000000000,0.000000000,0.000000000,0.000000000,0.000000000,0.000000000,0.000000000
1751979362.387930,22.984000000,61.251274109,0.030000001,0.000000000,4.010270596,3.656342506,-79.808097839,4.879512787,4.793998718,-6.550848484,0.000000000,0.000000000,0.000000000,0.000000000,0.000000000,0.000000000,0.000000000,0.000000000,0.000000000,0.000000000,0.000000000,0.000000000
1751979362.390584,22.987000000,61.251274109,0.030000001,0.000000000,4.010270596,3.656342506,-79.808242798,4.879512787,4.766999722,-9.853965759,0.000000000,0.000000000,0.000000000,0.000000000,0.000000000,0.000000000,0.000000000,0.000000000,0.000000000,0.000000000,0.000000000,0.000000000
1751979362.393171,22.990000000,61.251274109,0.030000001,0.000000000,4.010270596,3.656342506,-79.808387756,4.879512787,4.748999596,-12.231167793,0.000000000,0.000000000,0.000000000,0.000000000,0.000000000,0.000000000,0.000000000,0.000000000,0.000000000,0.000000000,0.000000000,0.000000000
1751979362.395798,22.992000000,61.316696167,0.030000001,0.000000000,4.029515266,3.656342506,-82.991035461,4.853034973,4.730998993,-11.101490021,0.000000000,0.000000000,0.000000000,0.000000000,0.000000000,0.000000000,0.000000000,0.000000000,0.000000000,0.000000000,0.000000000,0.000000000
1751979362.398348,22.995000000,61.316696167,0.030000001,0.000000000,4.029515266,3.656342506,-82.991180420,4.853034973,4.703999996,-14.409857750,0.000000000,0.000000000,0.000000000,0.000000000,0.000000000,0.000000000,0.000000000,0.000000000,0.000000000,0.000000000,0.000000000,0.000000000
1751979362.400934,22.997000000,61.316696167,0.030000001,0.000000000,4.029515266,3.656342506,-82.991333008,4.853034973,4.677000999,-17.737573624,0.000000000,0.000000000,0.000000000,0.000000000,0.000000000,0.000000000,0.000000000,0.000000000,0.000000000,0.000000000,0.000000000,0.000000000
1751979362.403543,23.000000000,61.352550507,0.030000001,0.000000000,4.007915497,3.656342506,-79.419525146,4.800509453,4.659000397,-13.206690788,0.000000000,0.000000000,0.000000000,0.000000000,0.000000000,0.000000000,0.000000000,0.000000000,0.000000000,0.000000000,0.000000000,0.000000000
1751979362.406121,23.003000000,61.352550507,0.030000001,0.000000000,4.007915497,3.656342506,-79.419662476,4.800509453,4.641000271,-15.629284859,0.000000000,0.000000000,0.000000000,0.000000000,0.000000000,0.000000000,0.000000000,0.000000000,0.000000000,0.000000000,0.000000000,0.000000000
1751979362.408722,23.005000000,61.352550507,0.030000001,0.000000000,4.007915497,3.656342506,-79.419807434,4.800509453,4.604999542,-19.914287567,0.000000000,0.000000000,0.000000000,0.000000000,0.000000000,0.000000000,0.000000000,0.000000000,0.000000000,0.000000000,0.000000000,0.000000000
1751979362.411370,23.008000000,61.352550507,0.030000001,0.000000000,4.007915497,3.656342506,-79.419952393,4.800509453,4.578000546,-23.315130234,0.000000000,0.000000000,0.000000000,0.000000000,0.000000000,0.000000000,0.000000000,0.000000000,0.000000000,0.000000000,0.000000000,0.000000000
1751979362.413984,23.010000000,61.352550507,0.030000001,0.000000000,4.007915497,3.656342506,-79.420097351,4.800509453,4.560000420,-25.813545227,0.000000000,0.000000000,0.000000000,0.000000000,0.000000000,0.000000000,0.000000000,0.000000000,0.000000000,0.000000000,0.000000000,0.000000000
1751979362.416598,23.013000000,61.352550507,0.030000001,0.000000000,4.007915497,3.656342506,-79.420242310,4.800509453,4.533000946,-29.227807999,0.000000000,0.000000000,0.000000000,0.000000000,0.000000000,0.000000000,0.000000000,0.000000000,0.000000000,0.000000000,0.000000000,0.000000000
1751979362.419271,23.016000000,61.370998383,0.030000001,0.000000000,4.034074306,3.656342506,-83.746276855,4.729809761,4.497000694,-24.237247467,0.000000000,0.000000000,0.000000000,0.000000000,0.000000000,0.000000000,0.000000000,0.000000000,0.000000000,0.000000000,0.000000000,0.000000000
1751979362.421942,23.018000000,61.370998383,0.030000001,0.000000000,4.034074306,3.656342506,-83.746437073,4.729809761,4.487998962,-25.838417053,0.000000000,0.000000000,0.000000000,0.000000000,0.000000000,0.000000000,0.000000000,0.000000000,0.000000000,0.000000000,0.000000000,0.000000000
1751979362.424550,23.021000000,61.370998383,0.030000001,0.000000000,4.034074306,3.656342506,-83.746589661,4.729809761,4.452001095,-30.208337784,0.000000000,0.000000000,0.000000000,0.000000000,0.000000000,0.000000000,0.000000000,0.000000000,0.000000000,0.000000000,0.000000000,0.000000000
1751979362.427202,23.024000000,61.357162476,0.030000001,0.000000000,4.041183949,3.656342506,-84.922462463,4.680976391,4.424999237,-27.213438034,0.000000000,0.000000000,0.000000000,0.000000000,0.000000000,0.000000000,0.000000000,0.000000000,0.000000000,0.000000000,0.000000000,0.000000000
1751979362.429831,23.026000000,61.357162476,0.030000001,0.000000000,4.041183949,3.656342506,-84.922622681,4.680976391,4.406999111,-29.764467239,0.000000000,0.000000000,0.000000000,0.000000000,0.000000000,0.000000000,0.000000000,0.000000000,0.000000000,0.000000000,0.000000000,0.000000000
1751979362.432420,23.029000000,61.357162476,0.030000001,0.000000000,4.041183949,3.656342506,-84.922782898,4.680976391,4.371001244,-34.159198761,0.000000000,0.000000000,0.000000000,0.000000000,0.000000000,0.000000000,0.000000000,0.000000000,0.000000000,0.000000000,0.000000000,0.000000000
1751979362.435004,23.031000000,61.375019073,0.030000001,0.000000000,4.051571369,3.656342506,-86.640708923,4.655261517,4.371001244,-31.442646027,0.000000000,0.000000000,0.000000000,0.000000000,0.000000000,0.000000000,0.000000000,0.000000000,0.000000000,0.000000000,0.000000000,0.000000000
1751979362.437591,23.034000000,61.375019073,0.030000001,0.000000000,4.051571369,3.669842243,-86.329994202,4.655261517,4.353000641,-33.930385590,0.000000000,0.000000000,0.000000000,0.000000000,0.000000000,0.000000000,0.000000000,0.000000000,0.000000000,0.000000000,0.000000000,0.000000000
1751979362.440249,23.037000000,61.375019073,0.030000001,0.000000000,4.051571369,3.669842243,-84.408561707,4.655261517,4.317000389,-38.272354126,0.000000000,0.000000000,0.000000000,0.000000000,0.000000000,0.000000000,0.000000000,0.000000000,0.000000000,0.000000000,0.000000000,0.000000000
1751979362.442821,23.039000000,61.375019073,0.030000001,0.000000000,4.051571369,3.669842243,-84.408714294,4.655261517,4.317000389,-38.922973633,0.000000000,0.000000000,0.000000000,0.000000000,0.000000000,0.000000000,0.000000000,0.000000000,0.000000000,0.000000000,0.000000000,0.000000000
1751979362.445423,23.042000000,61.375019073,0.030000001,0.000000000,4.051571369,3.669842243,-84.408874512,4.655261517,4.307998657,-40.445789337,0.000000000,0.000000000,0.000000000,0.000000000,0.000000000,0.000000000,0.000000000,0.000000000,0.000000000,0.000000000,0.000000000,0.000000000
1751979362.448052,23.044000000,61.375019073,0.030000001,0.000000000,4.051571369,3.669842243,-84.409027100,4.655261517,4.280999660,-43.813423157,0.000000000,0.000000000,0.000000000,0.000000000,0.000000000,0.000000000,0.000000000,0.000000000,0.000000000,0.000000000,0.000000000,0.000000000
1751979362.450665,23.047000000,61.378192902,0.030000001,0.000000000,4.044449329,3.669842243,-83.231407166,4.636520386,4.272000790,-42.844135284,0.000000000,0.000000000,0.000000000,0.000000000,0.000000000,0.000000000,0.000000000,0.000000000,0.000000000,0.000000000,0.000000000,0.000000000
1751979362.453249,23.050000000,61.378192902,0.030000001,0.000000000,4.044449329,3.669842243,-83.231559753,4.636520386,4.272000790,-43.384929657,0.000000000,0.000000000,0.000000000,0.000000000,0.000000000,0.000000000,0.000000000,0.000000000,0.000000000,0.000000000,0.000000000,0.000000000
1751979362.455841,23.052000000,61.378192902,0.030000001,0.000000000,4.044449329,3.669842243,-83.231712341,4.636520386,4.272000790,-43.871643066,0.000000000,0.000000000,0.000000000,0.000000000,0.000000000,0.000000000,0.000000000,0.000000000,0.000000000,0.000000000,0.000000000,0.000000000
1751979362.458478,23.055000000,61.356884003,0.030000001,0.000000000,4.061927319,3.669842243,-86.122207642,4.641601563,4.272000790,-44.982288361,0.000000000,0.000000000,0.000000000,0.000000000,0.000000000,0.000000000,0.000000000,0.000000000,0.000000000,0.000000000,0.000000000,0.000000000
1751979362.461120,23.058000000,61.356884003,0.030000001,0.000000000,4.061927319,3.669842243,-86.122367859,4.641601563,4.262999535,-46.316928864,0.000000000,0.000000000,0.000000000,0.000000000,0.000000000,0.000000000,0.000000000,0.000000000,0.000000000,0.000000000,0.000000000,0.000000000
1751979362.463890,23.060000000,61.356884003,0.030000001,0.000000000,4.061927319,3.669842243,-86.122535706,4.641601563,4.272000790,-45.750713348,0.000000000,0.000000000,0.000000000,0.000000000,0.000000000,0.000000000,0.000000000,0.000000000,0.000000000,0.000000000,0.000000000,0.000000000
1751979362.466569,23.063000000,61.356884003,0.030000001,0.000000000,4.061927319,3.669842243,-86.122695923,4.641601563,4.272000790,-46.068111420,0.000000000,0.000000000,0.000000000,0.000000000,0.000000000,0.000000000,0.000000000,0.000000000,0.000000000,0.000000000,0.000000000,0.000000000
1751979362.469231,23.066000000,61.356884003,0.030000001,0.000000000,4.061927319,3.669842243,-86.122863770,4.641601563,4.272000790,-46.353767395,0.000000000,0.000000000,0.000000000,0.000000000,0.000000000,0.000000000,0.000000000,0.000000000,0.000000000,0.000000000,0.000000000,0.000000000
1751979362.471875,23.068000000,61.356884003,0.030000001,0.000000000,4.061927319,3.669842243,-86.123023987,4.641601563,4.280999660,-45.669044495,0.000000000,0.000000000,0.000000000,0.000000000,0.000000000,0.000000000,0.000000000,0.000000000,0.000000000,0.000000000,0.000000000,0.000000000
1751979362.474526,23.071000000,61.430564880,0.030000001,0.000000000,4.068253040,3.669842243,-87.169281006,4.612202644,4.290000916,-41.043380737,0.000000000,0.000000000,0.000000000,0.000000000,0.000000000,0.000000000,0.000000000,0.000000000,0.000000000,0.000000000,0.000000000,0.000000000
1751979362.477158,23.074000000,61.430564880,0.030000001,0.000000000,4.068253040,3.669842243,-87.169441223,4.612202644,4.298999786,-40.268959045,0.000000000,0.000000000,0.000000000,0.000000000,0.000000000,0.000000000,0.000000000,0.000000000,0.000000000,0.000000000,0.000000000,0.000000000
1751979362.479807,23.076000000,61.430564880,0.030000001,0.000000000,4.068253040,3.669842243,-87.169601440,4.612202644,4.298999786,-40.388114929,0.000000000,0.000000000,0.000000000,0.000000000,0.000000000,0.000000000,0.000000000,0.000000000,0.000000000,0.000000000,0.000000000,0.000000000
1751979362.482451,23.079000000,61.406993866,0.030000001,0.000000000,4.041430950,3.669842243,-82.734184265,4.591975212,4.307998657,-36.878986359,0.000000000,0.000000000,0.000000000,0.000000000,0.000000000,0.000000000,0.000000000,0.000000000,0.000000000,0.000000000,0.000000000,0.000000000
1751979362.485069,23.081000000,61.406993866,0.030000001,0.000000000,4.041430950,3.669842243,-82.734336853,4.591975212,4.307998657,-36.950290680,0.000000000,0.000000000,0.000000000,0.000000000,0.000000000,0.000000000,0.000000000,0.000000000,0.000000000,0.000000000,0.000000000,0.000000000
1751979362.487687,23.084000000,61.406993866,0.030000001,0.000000000,4.041430950,3.669842243,-82.734489441,4.591975212,4.317000389,-36.077220917,0.000000000,0.000000000,0.000000000,0.000000000,0.000000000,0.000000000,0.000000000,0.000000000,0.000000000,0.000000000,0.000000000,0.000000000
1751979362.490312,23.087000000,61.406993866,0.030000001,0.000000000,4.041430950,3.669842243,-82.734642029,4.591975212,4.325999260,-35.172386169,0.000000000,0.000000000,0.000000000,0.000000000,0.000000000,0.000000000,0.000000000,0.000000000,0.000000000,0.000000000,0.000000000,0.000000000
1751979362.492959,23.089000000,61.406993866,0.030000001,0.000000000,4.041430950,3.669842243,-82.734794617,4.591975212,4.325999260,-35.176136017,0.000000000,0.000000000,0.000000000,0.000000000,0.000000000,0.000000000,0.000000000,0.000000000,0.000000000,0.000000000,0.000000000,0.000000000
1751979362.495667,23.092000000,61.406993866,0.030000001,0.000000000,4.041430950,3.669842243,-82.734947205,4.591975212,4.335000515,-34.239543915,0.000000000,0.000000000,0.000000000,0.000000000,0.000000000,0.000000000,0.000000000,0.000000000,0.000000000,0.000000000,0.000000000,0.000000000
1751979362.498309,23.095000000,61.406993866,0.030000001,0.000000000,4.041430950,3.669842243,-82.735107422,4.591975212,4.353000641,-32.328948975,0.000000000,0.000000000,0.000000000,0.000000000,0.000000000,0.000000000,0.000000000,0.000000000,0.000000000,0.000000000,0.000000000,0.000000000
1751979362.500927,23.097000000,61.411933899,0.030000001,0.000000000,4.073127270,3.669842243,-87.976890564,4.579500675,4.343999386,-31.545017242,0.000000000,0.000000000,0.000000000,0.000000000,0.000000000,0.000000000,0.000000000,0.000000000,0.000000000,0.000000000,0.000000000,0.000000000
1751979362.503541,23.100000000,61.411933899,0.030000001,0.000000000,4.073127270,3.669842243,-87.977058411,4.579500675,4.343999386,-31.508146286,0.000000000,0.000000000,0.000000000,0.000000000,0.000000000,0.000000000,0.000000000,0.000000000,0.000000000,0.000000000,0.000000000,0.000000000
1751979362.506168,23.103000000,61.349052429,0.030000001,0.000000000,4.101722240,3.683341742,-92.357131958,4.561471462,4.353000641,-28.149642944,0.000000000,0.000000000,0.000000000,0.000000000,0.000000000,0.000000000,0.000000000,0.000000000,0.000000000,0.000000000,0.000000000,0.000000000
1751979362.508787,23.105000000,61.349052429,0.030000001,0.000000000,4.101722240,3.683341742,-90.473731995,4.561471462,4.353000641,-28.094455719,0.000000000,0.000000000,0.000000000,0.000000000,0.000000000,0.000000000,0.000000000,0.000000000,0.000000000,0.000000000,0.000000000,0.000000000
1751979362.511511,23.108000000,61.349052429,0.030000001,0.000000000,4.101722240,3.696841240,-90.132957458,4.561471462,4.343999386,-28.981100082,0.000000000,0.000000000,0.000000000,0.000000000,0.000000000,0.000000000,0.000000000,0.000000000,0.000000000,0.000000000,0.000000000,0.000000000
1751979362.514123,23.110000000,61.349052429,0.030000001,0.000000000,4.101722240,3.696841240,-88.241661072,4.561471462,4.343999386,-28.961847305,0.000000000,0.000000000,0.000000000,0.000000000,0.000000000,0.000000000,0.000000000,0.000000000,0.000000000,0.000000000,0.000000000,0.000000000
1751979362.516747,23.113000000,61.349052429,0.030000001,0.000000000,4.101722240,3.696841240,-88.241821289,4.561471462,4.343999386,-28.944519043,0.000000000,0.000000000,0.000000000,0.000000000,0.000000000,0.000000000,0.000000000,0.000000000,0.000000000,0.000000000,0.000000000,0.000000000
1751979362.519347,23.116000000,61.349052429,0.030000001,0.000000000,4.101722240,3.710343599,-87.911132813,4.561471462,4.343999386,-28.928367615,0.000000000,0.000000000,0.000000000,0.000000000,0.000000000,0.000000000,0.000000000,0.000000000,0.000000000,0.000000000,0.000000000,0.000000000
1751979362.521993,23.118000000,61.306289673,0.030000001,0.000000000,4.098412037,3.696841240,-85.797798157,4.527441025,4.335000515,-25.346248627,0.000000000,0.000000000,0.000000000,0.000000000,0.000000000,0.000000000,0.000000000,0.000000000,0.000000000,0.000000000,0.000000000,0.000000000
1751979362.524568,23.121000000,61.306289673,0.030000001,0.000000000,4.098412037,3.696841240,-87.694900513,4.527441025,4.325999260,-26.296117783,0.000000000,0.000000000,0.000000000,0.000000000,0.000000000,0.000000000,0.000000000,0.000000000,0.000000000,0.000000000,0.000000000,0.000000000
1751979362.527181,23.124000000,61.306289673,0.030000001,0.000000000,4.098412037,3.710343599,-87.349723816,4.527441025,4.325999260,-26.332790375,0.000000000,0.000000000,0.000000000,0.000000000,0.000000000,0.000000000,0.000000000,0.000000000,0.000000000,0.000000000,0.000000000,0.000000000
1751979362.529940,23.126000000,61.306289673,0.030000001,0.000000000,4.098412037,3.710343599,-85.462333679,4.527441025,4.325999260,-26.366062164,0.000000000,0.000000000,0.000000000,0.000000000,0.000000000,0.000000000,0.000000000,0.000000000,0.000000000,0.000000000,0.000000000,0.000000000
1751979362.532540,23.129000000,61.335113525,0.030000001,0.000000000,4.094603539,3.710343599,-84.832687378,4.520856380,4.325999260,-25.524374008,0.000000000,0.000000000,0.000000000,0.000000000,0.000000000,0.000000000,0.000000000,0.000000000,0.000000000,0.000000000,0.000000000,0.000000000
1751979362.535135,23.132000000,61.335113525,0.030000001,0.000000000,4.094603539,3.710343599,-84.832839966,4.520856380,4.325999260,-25.551322937,0.000000000,0.000000000,0.000000000,0.000000000,0.000000000,0.000000000,0.000000000,0.000000000,0.000000000,0.000000000,0.000000000,0.000000000
1751979362.537739,23.134000000,61.344764709,0.030000001,0.000000000,4.108700275,3.710343599,-87.164184570,4.517624855,4.335000515,-24.211277008,0.000000000,0.000000000,0.000000000,0.000000000,0.000000000,0.000000000,0.000000000,0.000000000,0.000000000,0.000000000,0.000000000,0.000000000
1751979362.540339,23.137000000,61.344764709,0.030000001,0.000000000,4.108700275,3.710343599,-87.164344788,4.517624855,4.335000515,-24.207632065,0.000000000,0.000000000,0.000000000,0.000000000,0.000000000,0.000000000,0.000000000,0.000000000,0.000000000,0.000000000,0.000000000,0.000000000
1751979362.542991,23.139000000,61.344764709,0.030000001,0.000000000,4.108700275,3.710343599,-87.164505005,4.517624855,4.335000515,-24.204351425,0.000000000,0.000000000,0.000000000,0.000000000,0.000000000,0.000000000,0.000000000,0.000000000,0.000000000,0.000000000,0.000000000,0.000000000
1751979362.545702,23.142000000,61.344764709,0.030000001,0.000000000,4.108700275,3.710343599,-87.164672852,4.517624855,4.335000515,-24.201396942,0.000000000,0.000000000,0.000000000,0.000000000,0.000000000,0.000000000,0.000000000,0.000000000,0.000000000,0.000000000,0.000000000,0.000000000
1751979362.548266,23.145000000,61.344764709,0.030000001,0.000000000,4.108700275,3.710343599,-87.164840698,4.517624855,4.343999386,-23.259517670,0.000000000,0.000000000,0.000000000,0.000000000,0.000000000,0.000000000,0.000000000,0.000000000,0.000000000,0.000000000,0.000000000,0.000000000
1751979362.550884,23.147000000,61.344764709,0.030000001,0.000000000,4.108700275,3.710343599,-87.165000916,4.517624855,4.343999386,-23.231950760,0.000000000,0.000000000,0.000000000,0.000000000,0.000000000,0.000000000,0.000000000,0.000000000,0.000000000,0.000000000,0.000000000,0.000000000
1751979362.553471,23.150000000,61.344764709,0.030000001,0.000000000,4.108700275,3.710343599,-87.165161133,4.517624855,4.353000641,-22.271181107,0.000000000,0.000000000,0.000000000,0.000000000,0.000000000,0.000000000,0.000000000,0.000000000,0.000000000,0.000000000,0.000000000,0.000000000
1751979362.556086,23.152000000,61.389797211,0.030000001,0.000000000,4.094954014,3.723843098,-84.558403015,4.510821342,4.361999512,-20.385974884,0.000000000,0.000000000,0.000000000,0.000000000,0.000000000,0.000000000,0.000000000,0.000000000,0.000000000,0.000000000,0.000000000,0.000000000
1751979362.558684,23.155000000,61.389797211,0.030000001,0.000000000,4.094954014,3.710343599,-82.987686157,4.510821342,4.361999512,-20.318035126,0.000000000,0.000000000,0.000000000,0.000000000,0.000000000,0.000000000,0.000000000,0.000000000,0.000000000,0.000000000,0.000000000,0.000000000
1751979362.561384,23.158000000,61.389797211,0.030000001,0.000000000,4.094954014,3.723843098,-84.557258606,4.510821342,4.371001244,-19.319204330,0.000000000,0.000000000,0.000000000,0.000000000,0.000000000,0.000000000,0.000000000,0.000000000,0.000000000,0.000000000,0.000000000,0.000000000
1751979362.564096,23.160000000,61.424957275,0.030000001,0.000000000,4.113348007,3.723843098,-85.701965332,4.506740093,4.380000114,-17.751157761,0.000000000,0.000000000,0.000000000,0.000000000,0.000000000,0.000000000,0.000000000,0.000000000,0.000000000,0.000000000,0.000000000,0.000000000
1751979362.566660,23.163000000,61.424957275,0.030000001,0.000000000,4.113348007,3.723843098,-85.702125549,4.506740093,4.380000114,-17.653816223,0.000000000,0.000000000,0.000000000,0.000000000,0.000000000,0.000000000,0.000000000,0.000000000,0.000000000,0.000000000,0.000000000,0.000000000
1751979362.569255,23.166000000,61.424957275,0.030000001,0.000000000,4.113348007,3.723843098,-85.702278137,4.506740093,4.388998985,-16.631397247,0.000000000,0.000000000,0.000000000,0.000000000,0.000000000,0.000000000,0.000000000,0.000000000,0.000000000,0.000000000,0.000000000,0.000000000
1751979362.571857,23.168000000,61.388149261,0.030000001,0.000000000,4.156104565,3.723843098,-92.773109436,4.495936394,4.398000240,-14.160888672,0.000000000,0.000000000,0.000000000,0.000000000,0.000000000,0.000000000,0.000000000,0.000000000,0.000000000,0.000000000,0.000000000,0.000000000
1751979362.574411,23.171000000,61.388149261,0.030000001,0.000000000,4.156104565,3.737342596,-92.460174561,4.495936394,4.398000240,-14.040603638,0.000000000,0.000000000,0.000000000,0.000000000,0.000000000,0.000000000,0.000000000,0.000000000,0.000000000,0.000000000,0.000000000,0.000000000
1751979362.577002,23.173000000,61.388149261,0.030000001,0.000000000,4.156104565,3.737342596,-90.541030884,4.495936394,4.398000240,-13.933018684,0.000000000,0.000000000,0.000000000,0.000000000,0.000000000,0.000000000,0.000000000,0.000000000,0.000000000,0.000000000,0.000000000,0.000000000
1751979362.579669,23.176000000,61.388149261,0.030000001,0.000000000,4.156104565,3.750844955,-90.187278748,4.495936394,4.398000240,-13.835589409,0.000000000,0.000000000,0.000000000,0.000000000,0.000000000,0.000000000,0.000000000,0.000000000,0.000000000,0.000000000,0.000000000,0.000000000
1751979362.582248,23.179000000,61.388149261,0.030000001,0.000000000,4.156104565,3.750844955,-88.308479309,4.495936394,4.398000240,-13.748484612,0.000000000,0.000000000,0.000000000,0.000000000,0.000000000,0.000000000,0.000000000,0.000000000,0.000000000,0.000000000,0.000000000,0.000000000
1751979362.584837,23.181000000,61.388149261,0.030000001,0.000000000,4.156104565,3.750844955,-88.308639526,4.495936394,4.406999111,-12.737174034,0.000000000,0.000000000,0.000000000,0.000000000,0.000000000,0.000000000,0.000000000,0.000000000,0.000000000,0.000000000,0.000000000,0.000000000
1751979362.587405,23.184000000,61.431678772,0.030000001,0.000000000,4.137834549,3.750844955,-85.287490845,4.451952457,4.406999111,-6.818255424,0.000000000,0.000000000,0.000000000,0.000000000,0.000000000,0.000000000,0.000000000,0.000000000,0.000000000,0.000000000,0.000000000,0.000000000
1751979362.590007,23.186000000,61.431678772,0.030000001,0.000000000,4.137834549,3.750844955,-85.287643433,4.451952457,4.398000240,-7.664419174,0.000000000,0.000000000,0.000000000,0.000000000,0.000000000,0.000000000,0.000000000,0.000000000,0.000000000,0.000000000,0.000000000,0.000000000
1751979362.592627,23.189000000,61.431678772,0.030000001,0.000000000,4.137834549,3.750844955,-85.287796021,4.451952457,4.398000240,-7.612183094,0.000000000,0.000000000,0.000000000,0.000000000,0.000000000,0.000000000,0.000000000,0.000000000,0.000000000,0.000000000,0.000000000,0.000000000
1751979362.595328,23.192000000,61.435348511,0.030000001,0.000000000,4.100826263,3.750844955,-79.167884827,4.440472126,4.398000240,-6.045433044,0.000000000,0.000000000,0.000000000,0.000000000,0.000000000,0.000000000,0.000000000,0.000000000,0.000000000,0.000000000,0.000000000,0.000000000
1751979362.597934,23.194000000,61.435348511,0.030000001,0.000000000,4.100826263,3.737342596,-79.547241211,4.440472126,4.388998985,-6.945990086,0.000000000,0.000000000,0.000000000,0.000000000,0.000000000,0.000000000,0.000000000,0.000000000,0.000000000,0.000000000,0.000000000,0.000000000
1751979362.600507,23.197000000,61.435348511,0.030000001,0.000000000,4.100826263,3.737342596,-81.401062012,4.440472126,4.380000114,-7.868398666,0.000000000,0.000000000,0.000000000,0.000000000,0.000000000,0.000000000,0.000000000,0.000000000,0.000000000,0.000000000,0.000000000,0.000000000
1751979362.603113,23.199000000,61.372867584,0.030000001,0.000000000,4.106491566,3.737342596,-82.338081360,4.444936752,4.380000114,-8.473082542,0.000000000,0.000000000,0.000000000,0.000000000,0.000000000,0.000000000,0.000000000,0.000000000,0.000000000,0.000000000,0.000000000,0.000000000
1751979362.605765,23.202000000,61.372867584,0.030000001,0.000000000,4.106491566,3.737342596,-82.338233948,4.444936752,4.380000114,-8.485385895,0.000000000,0.000000000,0.000000000,0.000000000,0.000000000,0.000000000,0.000000000,0.000000000,0.000000000,0.000000000,0.000000000,0.000000000
1751979362.608380,23.205000000,61.372867584,0.030000001,0.000000000,4.106491566,3.737342596,-82.338386536,4.444936752,4.371001244,-9.432600021,0.000000000,0.000000000,0.000000000,0.000000000,0.000000000,0.000000000,0.000000000,0.000000000,0.000000000,0.000000000,0.000000000,0.000000000
1751979362.611059,23.207000000,61.372867584,0.030000001,0.000000000,4.106491566,3.737342596,-82.338539124,4.444936752,4.361999512,-10.403757095,0.000000000,0.000000000,0.000000000,0.000000000,0.000000000,0.000000000,0.000000000,0.000000000,0.000000000,0.000000000,0.000000000,0.000000000
1751979362.613676,23.210000000,61.372867584,0.030000001,0.000000000,4.106491566,3.737342596,-82.338691711,4.444936752,4.361999512,-10.461256981,0.000000000,0.000000000,0.000000000,0.000000000,0.000000000,0.000000000,0.000000000,0.000000000,0.000000000,0.000000000,0.000000000,0.000000000
1751979362.616307,23.213000000,61.372867584,0.030000001,0.000000000,4.106491566,3.737342596,-82.338844299,4.444936752,4.361999512,-10.513006210,0.000000000,0.000000000,0.000000000,0.000000000,0.000000000,0.000000000,0.000000000,0.000000000,0.000000000,0.000000000,0.000000000,0.000000000
1751979362.618920,23.215000000,61.382938385,0.030000001,0.000000000,4.085836887,3.737342596,-78.923324585,4.438939095,4.361999512,-9.765645981,0.000000000,0.000000000,0.000000000,0.000000000,0.000000000,0.000000000,0.000000000,0.000000000,0.000000000,0.000000000,0.000000000,0.000000000
1751979362.621492,23.218000000,61.382938385,0.030000001,0.000000000,4.085836887,3.737342596,-78.923461914,4.438939095,4.361999512,-9.807562828,0.000000000,0.000000000,0.000000000,0.000000000,0.000000000,0.000000000,0.000000000,0.000000000,0.000000000,0.000000000,0.000000000,0.000000000
1751979362.624075,23.220000000,61.382938385,0.030000001,0.000000000,4.085836887,3.737342596,-78.923606873,4.438939095,4.361999512,-9.845288277,0.000000000,0.000000000,0.000000000,0.000000000,0.000000000,0.000000000,0.000000000,0.000000000,0.000000000,0.000000000,0.000000000,0.000000000
1751979362.626685,23.223000000,61.350833893,0.030000001,0.000000000,4.082690239,3.723843098,-78.725364685,4.445543289,4.361999512,-10.753520966,0.000000000,0.000000000,0.000000000,0.000000000,0.000000000,0.000000000,0.000000000,0.000000000,0.000000000,0.000000000,0.000000000,0.000000000
1751979362.629343,23.226000000,61.350833893,0.030000001,0.000000000,4.082690239,3.723843098,-80.635940552,4.445543289,4.361999512,-10.784091949,0.000000000,0.000000000,0.000000000,0.000000000,0.000000000,0.000000000,0.000000000,0.000000000,0.000000000,0.000000000,0.000000000,0.000000000
1751979362.632028,23.228000000,61.350833893,0.030000001,0.000000000,4.082690239,3.723843098,-80.636093140,4.445543289,4.361999512,-10.811606407,0.000000000,0.000000000,0.000000000,0.000000000,0.000000000,0.000000000,0.000000000,0.000000000,0.000000000,0.000000000,0.000000000,0.000000000
1751979362.634608,23.231000000,61.350833893,0.030000001,0.000000000,4.082690239,3.723843098,-80.636238098,4.445543289,4.361999512,-10.836368561,0.000000000,0.000000000,0.000000000,0.000000000,0.000000000,0.000000000,0.000000000,0.000000000,0.000000000,0.000000000,0.000000000,0.000000000
1751979362.637200,23.234000000,61.350833893,0.030000001,0.000000000,4.082690239,3.723843098,-80.636383057,4.445543289,4.371001244,-9.922614098,0.000000000,0.000000000,0.000000000,0.000000000,0.000000000,0.000000000,0.000000000,0.000000000,0.000000000,0.000000000,0.000000000,0.000000000
1751979362.639787,23.236000000,61.350833893,0.030000001,0.000000000,4.082690239,3.723843098,-80.636528015,4.445543289,4.371001244,-9.917123795,0.000000000,0.000000000,0.000000000,0.000000000,0.000000000,0.000000000,0.000000000,0.000000000,0.000000000,0.000000000,0.000000000,0.000000000
1751979362.642383,23.239000000,61.350833893,0.030000001,0.000000000,4.082690239,3.723843098,-80.636672974,4.445543289,4.380000114,-8.977666855,0.000000000,0.000000000,0.000000000,0.000000000,0.000000000,0.000000000,0.000000000,0.000000000,0.000000000,0.000000000,0.000000000,0.000000000
1751979362.645077,23.241000000,61.335994720,0.030000001,0.000000000,4.075408459,3.737342596,-79.113594055,4.447752476,4.380000114,-9.239733696,0.000000000,0.000000000,0.000000000,0.000000000,0.000000000,0.000000000,0.000000000,0.000000000,0.000000000,0.000000000,0.000000000,0.000000000
1751979362.647711,23.244000000,61.335994720,0.030000001,0.000000000,4.075408459,3.737342596,-77.200355530,4.447752476,4.388998985,-8.266188622,0.000000000,0.000000000,0.000000000,0.000000000,0.000000000,0.000000000,0.000000000,0.000000000,0.000000000,0.000000000,0.000000000,0.000000000
1751979362.650335,23.247000000,61.335994720,0.030000001,0.000000000,4.075408459,3.737342596,-77.200492859,4.447752476,4.398000240,-7.280889511,0.000000000,0.000000000,0.000000000,0.000000000,0.000000000,0.000000000,0.000000000,0.000000000,0.000000000,0.000000000,0.000000000,0.000000000
1751979362.652965,23.249000000,61.350933075,0.030000001,0.000000000,4.067140579,3.737342596,-75.833366394,4.449594021,4.398000240,-7.455202103,0.000000000,0.000000000,0.000000000,0.000000000,0.000000000,0.000000000,0.000000000,0.000000000,0.000000000,0.000000000,0.000000000,0.000000000
1751979362.655625,23.252000000,61.350933075,0.030000001,0.000000000,4.067140579,3.737342596,-75.833503723,4.449594021,4.406999111,-6.454473019,0.000000000,0.000000000,0.000000000,0.000000000,0.000000000,0.000000000,0.000000000,0.000000000,0.000000000,0.000000000,0.000000000,0.000000000
1751979362.658247,23.255000000,61.350933075,0.030000001,0.000000000,4.067140579,3.737342596,-75.833641052,4.449594021,4.416000366,-5.432193279,0.000000000,0.000000000,0.000000000,0.000000000,0.000000000,0.000000000,0.000000000,0.000000000,0.000000000,0.000000000,0.000000000,0.000000000
1751979362.661083,23.257000000,61.359737396,0.030000001,0.000000000,4.053471565,3.737342596,-73.573326111,4.458503246,4.424999237,-5.573176861,0.000000000,0.000000000,0.000000000,0.000000000,0.000000000,0.000000000,0.000000000,0.000000000,0.000000000,0.000000000,0.000000000,0.000000000
1751979362.663783,23.260000000,61.359737396,0.030000001,0.000000000,4.053471565,3.737342596,-73.573463440,4.458503246,4.424999237,-5.459398270,0.000000000,0.000000000,0.000000000,0.000000000,0.000000000,0.000000000,0.000000000,0.000000000,0.000000000,0.000000000,0.000000000,0.000000000
1751979362.666306,23.263000000,61.359737396,0.030000001,0.000000000,4.053471565,3.737342596,-73.573593140,4.458503246,4.434000969,-4.416959286,0.000000000,0.000000000,0.000000000,0.000000000,0.000000000,0.000000000,0.000000000,0.000000000,0.000000000,0.000000000,0.000000000,0.000000000
1751979362.668942,23.265000000,61.359737396,0.030000001,0.000000000,4.053471565,3.737342596,-73.573722839,4.458503246,4.442999840,-3.364076614,0.000000000,0.000000000,0.000000000,0.000000000,0.000000000,0.000000000,0.000000000,0.000000000,0.000000000,0.000000000,0.000000000,0.000000000
1751979362.671582,23.268000000,61.359737396,0.030000001,0.000000000,4.053471565,3.737342596,-73.573852539,4.458503246,4.452001095,-2.292695522,0.000000000,0.000000000,0.000000000,0.000000000,0.000000000,0.000000000,0.000000000,0.000000000,0.000000000,0.000000000,0.000000000,0.000000000
1751979362.674191,23.271000000,61.287914276,0.030000001,0.000000000,3.995742559,3.737342596,-64.027313232,4.455053329,4.452001095,-1.692778945,0.000000000,0.000000000,0.000000000,0.000000000,0.000000000,0.000000000,0.000000000,0.000000000,0.000000000,0.000000000,0.000000000,0.000000000
1751979362.676801,23.273000000,61.287914276,0.030000001,0.000000000,3.995742559,3.723843098,-64.371955872,4.455053329,4.460999966,-0.627038598,0.000000000,0.000000000,0.000000000,0.000000000,0.000000000,0.000000000,0.000000000,0.000000000,0.000000000,0.000000000,0.000000000,0.000000000
1751979362.679448,23.276000000,61.287914276,0.030000001,0.000000000,3.995742559,3.696841240,-66.970565796,4.455053329,4.460999966,-0.486698091,0.000000000,0.000000000,0.000000000,0.000000000,0.000000000,0.000000000,0.000000000,0.000000000,0.000000000,0.000000000,0.000000000,0.000000000
1751979362.682062,23.278000000,61.299762726,0.030000001,0.000000000,3.968856096,3.710343599,-65.946113586,4.452033520,4.469998837,0.976732075,0.000000000,0.000000000,0.000000000,0.000000000,0.000000000,0.000000000,0.000000000,0.000000000,0.000000000,0.000000000,0.000000000,0.000000000
1751979362.684636,23.281000000,61.299762726,0.030000001,0.000000000,3.968856096,3.696841240,-64.369888306,4.452033520,4.479000092,2.050981045,0.000000000,0.000000000,0.000000000,0.000000000,0.000000000,0.000000000,0.000000000,0.000000000,0.000000000,0.000000000,0.000000000,0.000000000
1751979362.687222,23.284000000,61.299762726,0.030000001,0.000000000,3.968856096,3.696841240,-66.279365540,4.452033520,4.479000092,2.202917814,0.000000000,0.000000000,0.000000000,0.000000000,0.000000000,0.000000000,0.000000000,0.000000000,0.000000000,0.000000000,0.000000000,0.000000000
1751979362.689806,23.286000000,61.299762726,0.030000001,0.000000000,3.968856096,3.696841240,-66.279472351,4.452033520,4.479000092,2.339660645,0.000000000,0.000000000,0.000000000,0.000000000,0.000000000,0.000000000,0.000000000,0.000000000,0.000000000,0.000000000,0.000000000,0.000000000
1751979362.692425,23.289000000,61.299762726,0.030000001,0.000000000,3.968856096,3.696841240,-66.279579163,4.452033520,4.487998962,3.397766352,0.000000000,0.000000000,0.000000000,0.000000000,0.000000000,0.000000000,0.000000000,0.000000000,0.000000000,0.000000000,0.000000000,0.000000000
1751979362.695039,23.291000000,61.299762726,0.030000001,0.000000000,3.968856096,3.683341742,-66.608283997,4.452033520,4.487998962,3.533716440,0.000000000,0.000000000,0.000000000,0.000000000,0.000000000,0.000000000,0.000000000,0.000000000,0.000000000,0.000000000,0.000000000,0.000000000
1751979362.697675,23.294000000,61.208534241,0.030000001,0.000000000,3.930641413,3.669842243,-62.537189484,4.460754871,4.497000694,3.438661814,0.000000000,0.000000000,0.000000000,0.000000000,0.000000000,0.000000000,0.000000000,0.000000000,0.000000000,0.000000000,0.000000000,0.000000000
1751979362.700260,23.297000000,61.208534241,0.030000001,0.000000000,3.930641413,3.669842243,-64.425170898,4.460754871,4.497000694,3.574713230,0.000000000,0.000000000,0.000000000,0.000000000,0.000000000,0.000000000,0.000000000,0.000000000,0.000000000,0.000000000,0.000000000,0.000000000
1751979362.702842,23.299000000,61.208534241,0.030000001,0.000000000,3.930641413,3.656342506,-64.742095947,4.460754871,4.497000694,3.696757793,0.000000000,0.000000000,0.000000000,0.000000000,0.000000000,0.000000000,0.000000000,0.000000000,0.000000000,0.000000000,0.000000000,0.000000000
1751979362.705443,23.302000000,61.208534241,0.030000001,0.000000000,3.930641413,3.629340887,-67.294494629,4.460754871,4.505999565,4.739471436,0.000000000,0.000000000,0.000000000,0.000000000,0.000000000,0.000000000,0.000000000,0.000000000,0.000000000,0.000000000,0.000000000,0.000000000
1751979362.708117,23.304000000,61.088924408,0.030000001,0.000000000,3.870389223,3.642840385,-60.827796936,4.459885597,4.505999565,4.980123997,0.000000000,0.000000000,0.000000000,0.000000000,0.000000000,0.000000000,0.000000000,0.000000000,0.000000000,0.000000000,0.000000000,0.000000000
1751979362.710695,23.307000000,61.088924408,0.030000001,0.000000000,3.870389223,3.615841389,-59.600185394,4.459885597,4.505999565,5.092036724,0.000000000,0.000000000,0.000000000,0.000000000,0.000000000,0.000000000,0.000000000,0.000000000,0.000000000,0.000000000,0.000000000,0.000000000
1751979362.713426,23.310000000,61.088924408,0.030000001,0.000000000,3.870389223,3.602339029,-63.790351868,4.459885597,4.505999565,5.193164825,0.000000000,0.000000000,0.000000000,0.000000000,0.000000000,0.000000000,0.000000000,0.000000000,0.000000000,0.000000000,0.000000000,0.000000000
1751979362.716028,23.312000000,61.088924408,0.030000001,0.000000000,3.870389223,3.588839531,-65.966590881,4.459885597,4.505999565,5.284229279,0.000000000,0.000000000,0.000000000,0.000000000,0.000000000,0.000000000,0.000000000,0.000000000,0.000000000,0.000000000,0.000000000,0.000000000
1751979362.718624,23.315000000,61.088924408,0.030000001,0.000000000,3.870389223,3.588839531,-67.857452393,4.459885597,4.505999565,5.366454124,0.000000000,0.000000000,0.000000000,0.000000000,0.000000000,0.000000000,0.000000000,0.000000000,0.000000000,0.000000000,0.000000000,0.000000000
1751979362.721229,23.318000000,61.088924408,0.030000001,0.000000000,3.870389223,3.588839531,-67.857566833,4.459885597,4.505999565,5.440456390,0.000000000,0.000000000,0.000000000,0.000000000,0.000000000,0.000000000,0.000000000,0.000000000,0.000000000,0.000000000,0.000000000,0.000000000
1751979362.723807,23.320000000,61.023620605,0.030000001,0.000000000,3.835897923,3.575339794,-62.490451813,4.458745956,4.505999565,5.657816410,0.000000000,0.000000000,0.000000000,0.000000000,0.000000000,0.000000000,0.000000000,0.000000000,0.000000000,0.000000000,0.000000000,0.000000000
1751979362.726415,23.323000000,61.023620605,0.030000001,0.000000000,3.835897923,3.561840296,-64.713531494,4.458745956,4.505999565,5.717655659,0.000000000,0.000000000,0.000000000,0.000000000,0.000000000,0.000000000,0.000000000,0.000000000,0.000000000,0.000000000,0.000000000,0.000000000
1751979362.729078,23.325000000,61.023620605,0.030000001,0.000000000,3.835897923,3.561840296,-66.618934631,4.458745956,4.505999565,5.771650791,0.000000000,0.000000000,0.000000000,0.000000000,0.000000000,0.000000000,0.000000000,0.000000000,0.000000000,0.000000000,0.000000000,0.000000000
1751979362.731693,23.328000000,60.970546722,0.030000001,0.000000000,3.779200315,3.561840296,-57.242942810,4.446966171,4.505999565,7.380195141,0.000000000,0.000000000,0.000000000,0.000000000,0.000000000,0.000000000,0.000000000,0.000000000,0.000000000,0.000000000,0.000000000,0.000000000
1751979362.734296,23.331000000,60.970546722,0.030000001,0.000000000,3.779200315,3.534838676,-57.914848328,4.446966171,4.497000694,6.488916874,0.000000000,0.000000000,0.000000000,0.000000000,0.000000000,0.000000000,0.000000000,0.000000000,0.000000000,0.000000000,0.000000000,0.000000000
1751979362.736913,23.333000000,60.970546722,0.030000001,0.000000000,3.779200315,3.507836819,-62.375862122,4.446966171,4.487998962,5.567843914,0.000000000,0.000000000,0.000000000,0.000000000,0.000000000,0.000000000,0.000000000,0.000000000,0.000000000,0.000000000,0.000000000,0.000000000
1751979362.739506,23.336000000,60.892448425,0.030000001,0.000000000,3.690214634,3.521338940,-51.117935181,4.455317497,4.487998962,4.448353767,0.000000000,0.000000000,0.000000000,0.000000000,0.000000000,0.000000000,0.000000000,0.000000000,0.000000000,0.000000000,0.000000000,0.000000000
1751979362.742100,23.338000000,60.892448425,0.030000001,0.000000000,3.690214634,3.507836819,-49.543792725,4.455317497,4.479000092,3.503887653,0.000000000,0.000000000,0.000000000,0.000000000,0.000000000,0.000000000,0.000000000,0.000000000,0.000000000,0.000000000,0.000000000,0.000000000
1751979362.744722,23.341000000,60.892448425,0.030000001,0.000000000,3.690214634,3.453835964,-52.734561920,4.455317497,4.469998837,2.535351038,0.000000000,0.000000000,0.000000000,0.000000000,0.000000000,0.000000000,0.000000000,0.000000000,0.000000000,0.000000000,0.000000000,0.000000000
1751979362.747395,23.344000000,60.892448425,0.030000001,0.000000000,3.690214634,3.453835964,-60.388603210,4.455317497,4.460999966,1.537630558,0.000000000,0.000000000,0.000000000,0.000000000,0.000000000,0.000000000,0.000000000,0.000000000,0.000000000,0.000000000,0.000000000,0.000000000
1751979362.749990,23.346000000,60.892448425,0.030000001,0.000000000,3.690214634,3.453835964,-60.388698578,4.455317497,4.452001095,0.525328636,0.000000000,0.000000000,0.000000000,0.000000000,0.000000000,0.000000000,0.000000000,0.000000000,0.000000000,0.000000000,0.000000000,0.000000000
1751979362.752605,23.349000000,60.892448425,0.030000001,0.000000000,3.690214634,3.453835964,-60.388790131,4.455317497,4.442999840,-0.504407048,0.000000000,0.000000000,0.000000000,0.000000000,0.000000000,0.000000000,0.000000000,0.000000000,0.000000000,0.000000000,0.000000000,0.000000000
1751979362.755230,23.352000000,60.846500397,0.030000001,0.000000000,3.581918001,3.440336227,-42.815711975,4.452835083,4.434000969,-1.222580791,0.000000000,0.000000000,0.000000000,0.000000000,0.000000000,0.000000000,0.000000000,0.000000000,0.000000000,0.000000000,0.000000000,0.000000000
1751979362.757820,23.354000000,60.846500397,0.030000001,0.000000000,3.581918001,3.386335373,-46.099220276,4.452835083,4.424999237,-2.284125090,0.000000000,0.000000000,0.000000000,0.000000000,0.000000000,0.000000000,0.000000000,0.000000000,0.000000000,0.000000000,0.000000000,0.000000000
1751979362.760440,23.357000000,60.846500397,0.030000001,0.000000000,3.581918001,3.345834017,-54.593074799,4.452835083,4.406999111,-4.286197662,0.000000000,0.000000000,0.000000000,0.000000000,0.000000000,0.000000000,0.000000000,0.000000000,0.000000000,0.000000000,0.000000000,0.000000000
1751979362.763233,23.359000000,60.736209869,0.030000001,0.000000000,3.498657227,3.359333515,-46.171146393,4.451852322,4.398000240,-5.278011322,0.000000000,0.000000000,0.000000000,0.000000000,0.000000000,0.000000000,0.000000000,0.000000000,0.000000000,0.000000000,0.000000000,0.000000000
1751979362.765818,23.362000000,60.736209869,0.030000001,0.000000000,3.498657227,3.332334518,-45.108501434,4.451852322,4.380000114,-7.343977928,0.000000000,0.000000000,0.000000000,0.000000000,0.000000000,0.000000000,0.000000000,0.000000000,0.000000000,0.000000000,0.000000000,0.000000000
1751979362.768389,23.365000000,60.736209869,0.030000001,0.000000000,3.498657227,3.291833162,-49.761234283,4.451852322,4.361999512,-9.422886848,0.000000000,0.000000000,0.000000000,0.000000000,0.000000000,0.000000000,0.000000000,0.000000000,0.000000000,0.000000000,0.000000000,0.000000000
1751979362.771046,23.367000000,60.736209869,0.030000001,0.000000000,3.498657227,3.278330803,-55.818756104,4.451852322,4.353000641,-10.601181030,0.000000000,0.000000000,0.000000000,0.000000000,0.000000000,0.000000000,0.000000000,0.000000000,0.000000000,0.000000000,0.000000000,0.000000000
1751979362.773665,23.370000000,60.736209869,0.030000001,0.000000000,3.498657227,3.278330803,-57.734855652,4.451852322,4.335000515,-12.730899811,0.000000000,0.000000000,0.000000000,0.000000000,0.000000000,0.000000000,0.000000000,0.000000000,0.000000000,0.000000000,0.000000000,0.000000000
1751979362.776277,23.373000000,60.736209869,0.030000001,0.000000000,3.498657227,3.264831305,-58.072273254,4.451852322,4.317000389,-14.873015404,0.000000000,0.000000000,0.000000000,0.000000000,0.000000000,0.000000000,0.000000000,0.000000000,0.000000000,0.000000000,0.000000000,0.000000000
1751979362.779078,23.375000000,60.513442993,0.030000001,0.000000000,3.378937483,3.251331806,-40.560890198,4.458488941,4.298999786,-17.933004379,0.000000000,0.000000000,0.000000000,0.000000000,0.000000000,0.000000000,0.000000000,0.000000000,0.000000000,0.000000000,0.000000000,0.000000000
1751979362.781672,23.378000000,60.513442993,0.030000001,0.000000000,3.378937483,3.197330952,-44.038478851,4.458488941,4.290000916,-19.192031860,0.000000000,0.000000000,0.000000000,0.000000000,0.000000000,0.000000000,0.000000000,0.000000000,0.000000000,0.000000000,0.000000000,0.000000000
1751979362.784278,23.381000000,60.513442993,0.030000001,0.000000000,3.378937483,3.156829357,-52.357116699,4.458488941,4.272000790,-21.370504379,0.000000000,0.000000000,0.000000000,0.000000000,0.000000000,0.000000000,0.000000000,0.000000000,0.000000000,0.000000000,0.000000000,0.000000000
1751979362.786892,23.383000000,60.345726013,0.030000001,0.000000000,3.258618832,3.170329094,-37.790367126,4.444624901,4.254000664,-21.736919403,0.000000000,0.000000000,0.000000000,0.000000000,0.000000000,0.000000000,0.000000000,0.000000000,0.000000000,0.000000000,0.000000000,0.000000000
1751979362.789498,23.386000000,60.345726013,0.030000001,0.000000000,3.258618832,3.129827738,-36.899311066,4.444624901,4.236000061,-23.950944901,0.000000000,0.000000000,0.000000000,0.000000000,0.000000000,0.000000000,0.000000000,0.000000000,0.000000000,0.000000000,0.000000000,0.000000000
1751979362.792213,23.389000000,60.345726013,0.030000001,0.000000000,3.258618832,3.021825790,-45.302661896,4.444624901,4.226998806,-25.244657516,0.000000000,0.000000000,0.000000000,0.000000000,0.000000000,0.000000000,0.000000000,0.000000000,0.000000000,0.000000000,0.000000000,0.000000000
1751979362.794826,23.391000000,60.112869263,0.030000001,0.000000000,3.142954350,2.994823933,-42.081081390,4.448759079,4.217999935,-27.086704254,0.000000000,0.000000000,0.000000000,0.000000000,0.000000000,0.000000000,0.000000000,0.000000000,0.000000000,0.000000000,0.000000000,0.000000000
1751979362.797449,23.394000000,60.112869263,0.030000001,0.000000000,3.142954350,3.008326292,-45.437530518,4.448759079,4.209001064,-28.371364594,0.000000000,0.000000000,0.000000000,0.000000000,0.000000000,0.000000000,0.000000000,0.000000000,0.000000000,0.000000000,0.000000000,0.000000000
1751979362.800044,23.396000000,60.112869263,0.030000001,0.000000000,3.142954350,2.981324434,-44.226680756,4.448759079,4.191000938,-30.572513580,0.000000000,0.000000000,0.000000000,0.000000000,0.000000000,0.000000000,0.000000000,0.000000000,0.000000000,0.000000000,0.000000000,0.000000000
1751979362.802684,23.399000000,60.112869263,0.030000001,0.000000000,3.142954350,2.954322815,-48.712356567,4.448759079,4.163999081,-33.727558136,0.000000000,0.000000000,0.000000000,0.000000000,0.000000000,0.000000000,0.000000000,0.000000000,0.000000000,0.000000000,0.000000000,0.000000000
1751979362.805315,23.402000000,60.112869263,0.030000001,0.000000000,3.142954350,2.927323580,-53.220436096,4.448759079,4.163999081,-34.125370026,0.000000000,0.000000000,0.000000000,0.000000000,0.000000000,0.000000000,0.000000000,0.000000000,0.000000000,0.000000000,0.000000000,0.000000000
1751979362.807989,23.404000000,60.112869263,0.030000001,0.000000000,3.142954350,2.927323580,-56.959270477,4.448759079,4.163999081,-34.485301971,0.000000000,0.000000000,0.000000000,0.000000000,0.000000000,0.000000000,0.000000000,0.000000000,0.000000000,0.000000000,0.000000000,0.000000000
1751979362.810578,23.407000000,59.920490265,0.030000001,0.000000000,3.066907644,2.927323580,-44.383483887,4.465357780,4.146001339,-38.878448486,0.000000000,0.000000000,0.000000000,0.000000000,0.000000000,0.000000000,0.000000000,0.000000000,0.000000000,0.000000000,0.000000000,0.000000000
1751979362.813553,23.410000000,59.920490265,0.030000001,0.000000000,3.066907644,2.886822224,-45.998184204,4.465357780,4.137000084,-40.179134369,0.000000000,0.000000000,0.000000000,0.000000000,0.000000000,0.000000000,0.000000000,0.000000000,0.000000000,0.000000000,0.000000000,0.000000000
1751979362.816246,23.413000000,59.920490265,0.030000001,0.000000000,3.066907644,2.819321632,-53.049350739,4.465357780,4.137000084,-40.508716583,0.000000000,0.000000000,0.000000000,0.000000000,0.000000000,0.000000000,0.000000000,0.000000000,0.000000000,0.000000000,0.000000000,0.000000000
1751979362.818897,23.415000000,59.789180756,0.030000001,0.000000000,3.046608686,2.805819511,-59.293746948,4.498836040,4.128001213,-46.184444427,0.000000000,0.000000000,0.000000000,0.000000000,0.000000000,0.000000000,0.000000000,0.000000000,0.000000000,0.000000000,0.000000000,0.000000000
1751979362.821500,23.418000000,59.789180756,0.030000001,0.000000000,3.046608686,2.792320013,-61.451671600,4.498836040,4.128001213,-46.479026794,0.000000000,0.000000000,0.000000000,0.000000000,0.000000000,0.000000000,0.000000000,0.000000000,0.000000000,0.000000000,0.000000000,0.000000000
1751979362.824106,23.420000000,59.789180756,0.030000001,0.000000000,3.046608686,2.792320013,-63.352684021,4.498836040,4.137000084,-45.813907623,0.000000000,0.000000000,0.000000000,0.000000000,0.000000000,0.000000000,0.000000000,0.000000000,0.000000000,0.000000000,0.000000000,0.000000000
1751979362.826683,23.423000000,59.789180756,0.030000001,0.000000000,3.046608686,2.792320013,-63.352783203,4.498836040,4.128001213,-46.954898834,0.000000000,0.000000000,0.000000000,0.000000000,0.000000000,0.000000000,0.000000000,0.000000000,0.000000000,0.000000000,0.000000000,0.000000000
1751979362.829325,23.426000000,59.789180756,0.030000001,0.000000000,3.046608686,2.765318155,-64.005744934,4.498836040,4.128001213,-47.172824860,0.000000000,0.000000000,0.000000000,0.000000000,0.000000000,0.000000000,0.000000000,0.000000000,0.000000000,0.000000000,0.000000000,0.000000000
1751979362.831917,23.428000000,59.789180756,0.030000001,0.000000000,3.046608686,2.711317301,-69.153160095,4.498836040,4.137000084,-46.439479828,0.000000000,0.000000000,0.000000000,0.000000000,0.000000000,0.000000000,0.000000000,0.000000000,0.000000000,0.000000000,0.000000000,0.000000000
1751979362.834530,23.431000000,59.861442566,0.030000001,0.000000000,3.033319712,2.684318066,-75.228538513,4.523922443,4.137000084,-49.915054321,0.000000000,0.000000000,0.000000000,0.000000000,0.000000000,0.000000000,0.000000000,0.000000000,0.000000000,0.000000000,0.000000000,0.000000000
1751979362.837157,23.434000000,59.861442566,0.030000001,0.000000000,3.033319712,2.684318066,-79.016006470,4.523922443,4.137000084,-50.050849915,0.000000000,0.000000000,0.000000000,0.000000000,0.000000000,0.000000000,0.000000000,0.000000000,0.000000000,0.000000000,0.000000000,0.000000000
1751979362.839755,23.436000000,59.861442566,0.030000001,0.000000000,3.033319712,2.684318066,-79.016143799,4.523922443,4.146001339,-49.243675232,0.000000000,0.000000000,0.000000000,0.000000000,0.000000000,0.000000000,0.000000000,0.000000000,0.000000000,0.000000000,0.000000000,0.000000000
1751979362.842388,23.439000000,59.792461395,0.030000001,0.000000000,3.043634892,2.684318066,-80.722114563,4.542513847,4.155000210,-50.863307953,0.000000000,0.000000000,0.000000000,0.000000000,0.000000000,0.000000000,0.000000000,0.000000000,0.000000000,0.000000000,0.000000000,0.000000000
1751979362.845115,23.441000000,59.792461395,0.030000001,0.000000000,3.043634892,2.670815945,-81.061096191,4.542513847,4.163999081,-49.982898712,0.000000000,0.000000000,0.000000000,0.000000000,0.000000000,0.000000000,0.000000000,0.000000000,0.000000000,0.000000000,0.000000000,0.000000000
1751979362.847704,23.444000000,59.792461395,0.030000001,0.000000000,3.043634892,2.616815090,-84.631950378,4.542513847,4.173000336,-49.062896729,0.000000000,0.000000000,0.000000000,0.000000000,0.000000000,0.000000000,0.000000000,0.000000000,0.000000000,0.000000000,0.000000000,0.000000000
1751979362.850296,23.447000000,59.792461395,0.030000001,0.000000000,3.043634892,2.589815855,-92.520698547,4.542513847,4.181999207,-48.129051208,0.000000000,0.000000000,0.000000000,0.000000000,0.000000000,0.000000000,0.000000000,0.000000000,0.000000000,0.000000000,0.000000000,0.000000000
1751979362.852935,23.449000000,59.894687653,0.030000001,0.000000000,3.016814709,2.589815855,-91.915382385,4.555603027,4.199999809,-47.971511841,0.000000000,0.000000000,0.000000000,0.000000000,0.000000000,0.000000000,0.000000000,0.000000000,0.000000000,0.000000000,0.000000000,0.000000000
1751979362.855601,23.452000000,59.894687653,0.030000001,0.000000000,3.016814709,2.589815855,-91.915557861,4.555603027,4.217999935,-46.022983551,0.000000000,0.000000000,0.000000000,0.000000000,0.000000000,0.000000000,0.000000000,0.000000000,0.000000000,0.000000000,0.000000000,0.000000000
1751979362.858184,23.455000000,59.894687653,0.030000001,0.000000000,3.016814709,2.589815855,-91.915733337,4.555603027,4.226998806,-44.965282440,0.000000000,0.000000000,0.000000000,0.000000000,0.000000000,0.000000000,0.000000000,0.000000000,0.000000000,0.000000000,0.000000000,0.000000000
1751979362.860829,23.457000000,59.894687653,0.030000001,0.000000000,3.016814709,2.562813997,-92.599304199,4.555603027,4.244998932,-42.967983246,0.000000000,0.000000000,0.000000000,0.000000000,0.000000000,0.000000000,0.000000000,0.000000000,0.000000000,0.000000000,0.000000000,0.000000000
1751979362.863514,23.460000000,59.894687653,0.030000001,0.000000000,3.016814709,2.535812378,-97.116027832,4.555603027,4.262999535,-40.925800323,0.000000000,0.000000000,0.000000000,0.000000000,0.000000000,0.000000000,0.000000000,0.000000000,0.000000000,0.000000000,0.000000000,0.000000000
1751979362.866116,23.463000000,59.843414307,0.030000001,0.000000000,3.022462845,2.522312641,-102.146080017,4.559694767,4.280999660,-39.391349792,0.000000000,0.000000000,0.000000000,0.000000000,0.000000000,0.000000000,0.000000000,0.000000000,0.000000000,0.000000000,0.000000000,0.000000000
1751979362.868715,23.465000000,59.843414307,0.030000001,0.000000000,3.022462845,2.522312641,-104.013565063,4.559694767,4.307998657,-36.363853455,0.000000000,0.000000000,0.000000000,0.000000000,0.000000000,0.000000000,0.000000000,0.000000000,0.000000000,0.000000000,0.000000000,0.000000000
1751979362.871348,23.468000000,59.843414307,0.030000001,0.000000000,3.022462845,2.535812378,-103.680068970,4.559694767,4.307998657,-36.062492371,0.000000000,0.000000000,0.000000000,0.000000000,0.000000000,0.000000000,0.000000000,0.000000000,0.000000000,0.000000000,0.000000000,0.000000000
1751979362.873991,23.470000000,59.883197784,0.030000001,0.000000000,3.019305944,2.522312641,-101.600395203,4.550232887,4.325999260,-32.682601929,0.000000000,0.000000000,0.000000000,0.000000000,0.000000000,0.000000000,0.000000000,0.000000000,0.000000000,0.000000000,0.000000000,0.000000000
1751979362.876637,23.473000000,59.883197784,0.030000001,0.000000000,3.019305944,2.495313644,-104.204078674,4.550232887,4.343999386,-30.529109955,0.000000000,0.000000000,0.000000000,0.000000000,0.000000000,0.000000000,0.000000000,0.000000000,0.000000000,0.000000000,0.000000000,0.000000000
1751979362.879274,23.476000000,59.883197784,0.030000001,0.000000000,3.019305944,2.468311787,-108.662078857,4.550232887,4.361999512,-28.354057312,0.000000000,0.000000000,0.000000000,0.000000000,0.000000000,0.000000000,0.000000000,0.000000000,0.000000000,0.000000000,0.000000000,0.000000000
1751979362.881862,23.478000000,59.883197784,0.030000001,0.000000000,3.019305944,2.468311787,-112.422698975,4.550232887,4.371001244,-27.085382462,0.000000000,0.000000000,0.000000000,0.000000000,0.000000000,0.000000000,0.000000000,0.000000000,0.000000000,0.000000000,0.000000000,0.000000000
1751979362.884435,23.481000000,59.883197784,0.030000001,0.000000000,3.019305944,2.468311787,-112.422920227,4.550232887,4.380000114,-25.828105927,0.000000000,0.000000000,0.000000000,0.000000000,0.000000000,0.000000000,0.000000000,0.000000000,0.000000000,0.000000000,0.000000000,0.000000000
1751979362.887025,23.483000000,59.883197784,0.030000001,0.000000000,3.019305944,2.468311787,-112.423141479,4.550232887,4.388998985,-24.578413010,0.000000000,0.000000000,0.000000000,0.000000000,0.000000000,0.000000000,0.000000000,0.000000000,0.000000000,0.000000000,0.000000000,0.000000000
1751979362.889602,23.486000000,59.906757355,0.030000001,0.000000000,2.984621525,2.468311787,-106.687583923,4.544039726,4.398000240,-22.512157440,0.000000000,0.000000000,0.000000000,0.000000000,0.000000000,0.000000000,0.000000000,0.000000000,0.000000000,0.000000000,0.000000000,0.000000000
1751979362.892236,23.489000000,59.906757355,0.030000001,0.000000000,2.984621525,2.441309929,-107.318519592,4.544039726,4.406999111,-21.275945663,0.000000000,0.000000000,0.000000000,0.000000000,0.000000000,0.000000000,0.000000000,0.000000000,0.000000000,0.000000000,0.000000000,0.000000000
1751979362.894877,23.491000000,59.906757355,0.030000001,0.000000000,2.984621525,2.414310932,-111.859603882,4.544039726,4.416000366,-20.038793564,0.000000000,0.000000000,0.000000000,0.000000000,0.000000000,0.000000000,0.000000000,0.000000000,0.000000000,0.000000000,0.000000000,0.000000000
1751979362.897490,23.494000000,59.906757355,0.030000001,0.000000000,2.984621525,2.414310932,-115.618400574,4.544039726,4.424999237,-18.802362442,0.000000000,0.000000000,0.000000000,0.000000000,0.000000000,0.000000000,0.000000000,0.000000000,0.000000000,0.000000000,0.000000000,0.000000000
1751979362.900098,23.496000000,59.888118744,0.030000001,0.000000000,2.988315344,2.414310932,-116.229469299,4.534294605,4.424999237,-17.208415985,0.000000000,0.000000000,0.000000000,0.000000000,0.000000000,0.000000000,0.000000000,0.000000000,0.000000000,0.000000000,0.000000000,0.000000000
1751979362.902702,23.499000000,59.888118744,0.030000001,0.000000000,2.988315344,2.414310932,-116.229705811,4.534294605,4.434000969,-16.010988235,0.000000000,0.000000000,0.000000000,0.000000000,0.000000000,0.000000000,0.000000000,0.000000000,0.000000000,0.000000000,0.000000000,0.000000000
1751979362.905287,23.502000000,59.888118744,0.030000001,0.000000000,2.988315344,2.414310932,-116.229934692,4.534294605,4.434000969,-15.739863396,0.000000000,0.000000000,0.000000000,0.000000000,0.000000000,0.000000000,0.000000000,0.000000000,0.000000000,0.000000000,0.000000000,0.000000000
1751979362.907860,23.504000000,59.836135864,0.030000001,0.000000000,2.967662573,2.414310932,-112.814811707,4.515246391,4.424999237,-13.893225670,0.000000000,0.000000000,0.000000000,0.000000000,0.000000000,0.000000000,0.000000000,0.000000000,0.000000000,0.000000000,0.000000000,0.000000000
1751979362.910456,23.507000000,59.836135864,0.030000001,0.000000000,2.967662573,2.414310932,-112.815032959,4.515246391,4.424999237,-13.700640678,0.000000000,0.000000000,0.000000000,0.000000000,0.000000000,0.000000000,0.000000000,0.000000000,0.000000000,0.000000000,0.000000000,0.000000000
1751979362.913121,23.509000000,59.836135864,0.030000001,0.000000000,2.967662573,2.400811195,-113.169120789,4.515246391,4.424999237,-13.528175354,0.000000000,0.000000000,0.000000000,0.000000000,0.000000000,0.000000000,0.000000000,0.000000000,0.000000000,0.000000000,0.000000000,0.000000000
1751979362.915724,23.512000000,59.836135864,0.030000001,0.000000000,2.967662573,2.387309074,-115.386787415,4.515246391,4.424999237,-13.372912407,0.000000000,0.000000000,0.000000000,0.000000000,0.000000000,0.000000000,0.000000000,0.000000000,0.000000000,0.000000000,0.000000000,0.000000000
1751979362.918359,23.515000000,59.836135864,0.030000001,0.000000000,2.967662573,2.387309074,-117.281036377,4.515246391,4.424999237,-13.232398987,0.000000000,0.000000000,0.000000000,0.000000000,0.000000000,0.000000000,0.000000000,0.000000000,0.000000000,0.000000000,0.000000000,0.000000000
1751979362.920971,23.517000000,59.836135864,0.030000001,0.000000000,2.967662573,2.400811195,-116.929496765,4.515246391,4.416000366,-14.034615517,0.000000000,0.000000000,0.000000000,0.000000000,0.000000000,0.000000000,0.000000000,0.000000000,0.000000000,0.000000000,0.000000000,0.000000000
1751979362.923557,23.520000000,59.806804657,0.030000001,0.000000000,2.968566179,2.400811195,-115.198089600,4.505105495,4.416000366,-12.602471352,0.000000000,0.000000000,0.000000000,0.000000000,0.000000000,0.000000000,0.000000000,0.000000000,0.000000000,0.000000000,0.000000000,0.000000000
1751979362.926129,23.523000000,59.806804657,0.030000001,0.000000000,2.968566179,2.400811195,-115.198310852,4.505105495,4.416000366,-12.523824692,0.000000000,0.000000000,0.000000000,0.000000000,0.000000000,0.000000000,0.000000000,0.000000000,0.000000000,0.000000000,0.000000000,0.000000000
1751979362.928789,23.525000000,59.806804657,0.030000001,0.000000000,2.968566179,2.400811195,-115.198547363,4.505105495,4.416000366,-12.453042984,0.000000000,0.000000000,0.000000000,0.000000000,0.000000000,0.000000000,0.000000000,0.000000000,0.000000000,0.000000000,0.000000000,0.000000000
1751979362.931426,23.528000000,59.779262543,0.030000001,0.000000000,2.974716425,2.400811195,-116.215843201,4.485892773,4.406999111,-10.771337509,0.000000000,0.000000000,0.000000000,0.000000000,0.000000000,0.000000000,0.000000000,0.000000000,0.000000000,0.000000000,0.000000000,0.000000000
1751979362.934006,23.530000000,59.779262543,0.030000001,0.000000000,2.974716425,2.400811195,-116.216079712,4.485892773,4.406999111,-10.740381241,0.000000000,0.000000000,0.000000000,0.000000000,0.000000000,0.000000000,0.000000000,0.000000000,0.000000000,0.000000000,0.000000000,0.000000000
1751979362.936606,23.533000000,59.779262543,0.030000001,0.000000000,2.974716425,2.400811195,-116.216308594,4.485892773,4.406999111,-10.712520599,0.000000000,0.000000000,0.000000000,0.000000000,0.000000000,0.000000000,0.000000000,0.000000000,0.000000000,0.000000000,0.000000000,0.000000000
1751979362.939276,23.536000000,59.871978760,0.030000001,0.000000000,2.968856573,2.400811195,-115.247497559,4.501864910,4.406999111,-12.805447578,0.000000000,0.000000000,0.000000000,0.000000000,0.000000000,0.000000000,0.000000000,0.000000000,0.000000000,0.000000000,0.000000000,0.000000000
1751979362.941862,23.538000000,59.871978760,0.030000001,0.000000000,2.968856573,2.400811195,-115.247726440,4.501864910,4.406999111,-12.782880783,0.000000000,0.000000000,0.000000000,0.000000000,0.000000000,0.000000000,0.000000000,0.000000000,0.000000000,0.000000000,0.000000000,0.000000000
1751979362.944535,23.541000000,59.871978760,0.030000001,0.000000000,2.968856573,2.414310932,-114.885597229,4.501864910,4.406999111,-12.762277603,0.000000000,0.000000000,0.000000000,0.000000000,0.000000000,0.000000000,0.000000000,0.000000000,0.000000000,0.000000000,0.000000000,0.000000000
1751979362.947386,23.544000000,59.871978760,0.030000001,0.000000000,2.968856573,2.427810431,-112.600593567,4.501864910,4.406999111,-12.743721008,0.000000000,0.000000000,0.000000000,0.000000000,0.000000000,0.000000000,0.000000000,0.000000000,0.000000000,0.000000000,0.000000000,0.000000000
1751979362.949982,23.546000000,59.871978760,0.030000001,0.000000000,2.968856573,2.427810431,-110.783554077,4.501864910,4.406999111,-12.727283478,0.000000000,0.000000000,0.000000000,0.000000000,0.000000000,0.000000000,0.000000000,0.000000000,0.000000000,0.000000000,0.000000000,0.000000000
1751979362.952603,23.549000000,59.871978760,0.030000001,0.000000000,2.968856573,2.427810431,-110.783782959,4.501864910,4.406999111,-12.712489128,0.000000000,0.000000000,0.000000000,0.000000000,0.000000000,0.000000000,0.000000000,0.000000000,0.000000000,0.000000000,0.000000000,0.000000000
1751979362.955261,23.552000000,59.776222229,0.030000001,0.000000000,2.987246752,2.427810431,-113.825187683,4.498269558,4.406999111,-12.222425461,0.000000000,0.000000000,0.000000000,0.000000000,0.000000000,0.000000000,0.000000000,0.000000000,0.000000000,0.000000000,0.000000000,0.000000000
1751979362.957819,23.554000000,59.776222229,0.030000001,0.000000000,2.987246752,2.441309929,-113.472282410,4.498269558,4.406999111,-12.210190773,0.000000000,0.000000000,0.000000000,0.000000000,0.000000000,0.000000000,0.000000000,0.000000000,0.000000000,0.000000000,0.000000000,0.000000000
1751979362.960433,23.557000000,59.776222229,0.030000001,0.000000000,2.987246752,2.454812288,-111.275596619,4.498269558,4.406999111,-12.199162483,0.000000000,0.000000000,0.000000000,0.000000000,0.000000000,0.000000000,0.000000000,0.000000000,0.000000000,0.000000000,0.000000000,0.000000000
1751979362.963164,23.559000000,59.760875702,0.030000001,0.000000000,2.986033440,2.468311787,-108.794723511,4.499262333,4.406999111,-12.320857048,0.000000000,0.000000000,0.000000000,0.000000000,0.000000000,0.000000000,0.000000000,0.000000000,0.000000000,0.000000000,0.000000000,0.000000000
1751979362.965767,23.562000000,59.760875702,0.030000001,0.000000000,2.986033440,2.468311787,-106.927696228,4.499262333,4.406999111,-12.312132835,0.000000000,0.000000000,0.000000000,0.000000000,0.000000000,0.000000000,0.000000000,0.000000000,0.000000000,0.000000000,0.000000000,0.000000000
1751979362.968372,23.565000000,59.760875702,0.030000001,0.000000000,2.986033440,2.481811285,-106.585525513,4.499262333,4.406999111,-12.304040909,0.000000000,0.000000000,0.000000000,0.000000000,0.000000000,0.000000000,0.000000000,0.000000000,0.000000000,0.000000000,0.000000000,0.000000000
1751979362.970984,23.567000000,59.760875702,0.030000001,0.000000000,2.986033440,2.495313644,-104.378814697,4.499262333,4.406999111,-12.296740532,0.000000000,0.000000000,0.000000000,0.000000000,0.000000000,0.000000000,0.000000000,0.000000000,0.000000000,0.000000000,0.000000000,0.000000000
1751979362.973624,23.570000000,59.760875702,0.030000001,0.000000000,2.986033440,2.495313644,-102.463005066,4.499262333,4.398000240,-13.222672462,0.000000000,0.000000000,0.000000000,0.000000000,0.000000000,0.000000000,0.000000000,0.000000000,0.000000000,0.000000000,0.000000000,0.000000000
1751979362.976501,23.573000000,59.760875702,0.030000001,0.000000000,2.986033440,2.508813143,-102.042739868,4.499262333,4.398000240,-13.242873192,0.000000000,0.000000000,0.000000000,0.000000000,0.000000000,0.000000000,0.000000000,0.000000000,0.000000000,0.000000000,0.000000000,0.000000000
1751979362.979214,23.576000000,59.765392303,0.030000001,0.000000000,2.992642164,2.522312641,-100.880523682,4.515764713,4.388998985,-16.392618179,0.000000000,0.000000000,0.000000000,0.000000000,0.000000000,0.000000000,0.000000000,0.000000000,0.000000000,0.000000000,0.000000000,0.000000000
1751979362.981810,23.578000000,59.765392303,0.030000001,0.000000000,2.992642164,2.535812378,-98.704238892,4.515764713,4.388998985,-16.433919907,0.000000000,0.000000000,0.000000000,0.000000000,0.000000000,0.000000000,0.000000000,0.000000000,0.000000000,0.000000000,0.000000000,0.000000000
1751979362.984420,23.581000000,59.765392303,0.030000001,0.000000000,2.992642164,2.535812378,-96.859397888,4.515764713,4.388998985,-16.471191406,0.000000000,0.000000000,0.000000000,0.000000000,0.000000000,0.000000000,0.000000000,0.000000000,0.000000000,0.000000000,0.000000000,0.000000000
1751979362.987067,23.583000000,59.708713531,0.030000001,0.000000000,2.989726067,2.549314499,-96.038505554,4.501852989,4.380000114,-15.589230537,0.000000000,0.000000000,0.000000000,0.000000000,0.000000000,0.000000000,0.000000000,0.000000000,0.000000000,0.000000000,0.000000000,0.000000000
1751979362.989683,23.586000000,59.708713531,0.030000001,0.000000000,2.989726067,2.562813997,-93.781616211,4.501852989,4.380000114,-15.645732880,0.000000000,0.000000000,0.000000000,0.000000000,0.000000000,0.000000000,0.000000000,0.000000000,0.000000000,0.000000000,0.000000000,0.000000000
1751979362.992285,23.589000000,59.708713531,0.030000001,0.000000000,2.989726067,2.576313496,-91.579475403,4.501852989,4.371001244,-16.624887466,0.000000000,0.000000000,0.000000000,0.000000000,0.000000000,0.000000000,0.000000000,0.000000000,0.000000000,0.000000000,0.000000000,0.000000000
1751979362.994946,23.591000000,59.714588165,0.030000001,0.000000000,3.005372047,2.576313496,-92.267562866,4.506995678,4.371001244,-17.378879547,0.000000000,0.000000000,0.000000000,0.000000000,0.000000000,0.000000000,0.000000000,0.000000000,0.000000000,0.000000000,0.000000000,0.000000000
1751979362.997563,23.594000000,59.714588165,0.030000001,0.000000000,3.005372047,2.603315353,-91.521903992,4.506995678,4.371001244,-17.443756104,0.000000000,0.000000000,0.000000000,0.000000000,0.000000000,0.000000000,0.000000000,0.000000000,0.000000000,0.000000000,0.000000000,0.000000000
1751979363.000231,23.597000000,59.714588165,0.030000001,0.000000000,3.005372047,2.616815090,-87.458053589,4.506995678,4.371001244,-17.502119064,0.000000000,0.000000000,0.000000000,0.000000000,0.000000000,0.000000000,0.000000000,0.000000000,0.000000000,0.000000000,0.000000000,0.000000000
1751979363.002812,23.599000000,59.714588165,0.030000001,0.000000000,3.005372047,2.630314589,-85.200920105,4.506995678,4.361999512,-18.488681793,0.000000000,0.000000000,0.000000000,0.000000000,0.000000000,0.000000000,0.000000000,0.000000000,0.000000000,0.000000000,0.000000000,0.000000000
1751979363.005410,23.602000000,59.714588165,0.030000001,0.000000000,3.005372047,2.630314589,-83.338035583,4.506995678,4.361999512,-18.561885834,0.000000000,0.000000000,0.000000000,0.000000000,0.000000000,0.000000000,0.000000000,0.000000000,0.000000000,0.000000000,0.000000000,0.000000000
1751979363.008016,23.604000000,59.714588165,0.030000001,0.000000000,3.005372047,2.643816710,-83.002975464,4.506995678,4.361999512,-18.627689362,0.000000000,0.000000000,0.000000000,0.000000000,0.000000000,0.000000000,0.000000000,0.000000000,0.000000000,0.000000000,0.000000000,0.000000000
1751979363.010640,23.607000000,59.820957184,0.030000001,0.000000000,2.990090847,2.657316208,-78.244003296,4.536974430,4.361999512,-22.660707474,0.000000000,0.000000000,0.000000000,0.000000000,0.000000000,0.000000000,0.000000000,0.000000000,0.000000000,0.000000000,0.000000000,0.000000000
1751979363.013249,23.610000000,59.820957184,0.030000001,0.000000000,2.990090847,2.670815945,-76.013900757,4.536974430,4.361999512,-22.713836670,0.000000000,0.000000000,0.000000000,0.000000000,0.000000000,0.000000000,0.000000000,0.000000000,0.000000000,0.000000000,0.000000000,0.000000000
1751979363.015841,23.612000000,59.820957184,0.030000001,0.000000000,2.990090847,2.684318066,-73.774978638,4.536974430,4.361999512,-22.761590958,0.000000000,0.000000000,0.000000000,0.000000000,0.000000000,0.000000000,0.000000000,0.000000000,0.000000000,0.000000000,0.000000000,0.000000000
1751979363.018424,23.615000000,59.820957184,0.030000001,0.000000000,2.990090847,2.684318066,-71.881088257,4.536974430,4.361999512,-22.804742813,0.000000000,0.000000000,0.000000000,0.000000000,0.000000000,0.000000000,0.000000000,0.000000000,0.000000000,0.000000000,0.000000000,0.000000000
1751979363.021005,23.617000000,59.842319489,0.030000001,0.000000000,2.984837770,2.697817802,-70.700889587,4.538940430,4.371001244,-22.177509308,0.000000000,0.000000000,0.000000000,0.000000000,0.000000000,0.000000000,0.000000000,0.000000000,0.000000000,0.000000000,0.000000000,0.000000000
1751979363.023600,23.620000000,59.842319489,0.030000001,0.000000000,2.984837770,2.697817802,-68.780166626,4.538940430,4.371001244,-22.185796738,0.000000000,0.000000000,0.000000000,0.000000000,0.000000000,0.000000000,0.000000000,0.000000000,0.000000000,0.000000000,0.000000000,0.000000000
1751979363.026189,23.623000000,59.842319489,0.030000001,0.000000000,2.984837770,2.711317301,-68.456832886,4.538940430,4.371001244,-22.192903519,0.000000000,0.000000000,0.000000000,0.000000000,0.000000000,0.000000000,0.000000000,0.000000000,0.000000000,0.000000000,0.000000000,0.000000000
1751979363.028805,23.625000000,59.842319489,0.030000001,0.000000000,2.984837770,2.738318920,-65.889274597,4.538940430,4.380000114,-21.270008087,0.000000000,0.000000000,0.000000000,0.000000000,0.000000000,0.000000000,0.000000000,0.000000000,0.000000000,0.000000000,0.000000000,0.000000000
1751979363.031419,23.628000000,59.842319489,0.030000001,0.000000000,2.984837770,2.738318920,-62.082813263,4.538940430,4.388998985,-20.320329666,0.000000000,0.000000000,0.000000000,0.000000000,0.000000000,0.000000000,0.000000000,0.000000000,0.000000000,0.000000000,0.000000000,0.000000000
1751979363.033995,23.630000000,59.822422028,0.030000001,0.000000000,2.986801386,2.751818657,-62.090076447,4.542278767,4.388998985,-20.717683792,0.000000000,0.000000000,0.000000000,0.000000000,0.000000000,0.000000000,0.000000000,0.000000000,0.000000000,0.000000000,0.000000000,0.000000000
1751979363.036647,23.633000000,59.822422028,0.030000001,0.000000000,2.986801386,2.765318155,-59.842308044,4.542278767,4.398000240,-19.747310638,0.000000000,0.000000000,0.000000000,0.000000000,0.000000000,0.000000000,0.000000000,0.000000000,0.000000000,0.000000000,0.000000000,0.000000000
1751979363.039254,23.636000000,59.822422028,0.030000001,0.000000000,2.986801386,2.778820515,-57.586887360,4.542278767,4.406999111,-18.751800537,0.000000000,0.000000000,0.000000000,0.000000000,0.000000000,0.000000000,0.000000000,0.000000000,0.000000000,0.000000000,0.000000000,0.000000000
1751979363.041849,23.638000000,59.822422028,0.030000001,0.000000000,2.986801386,2.778820515,-55.710140228,4.542278767,4.416000366,-17.740512848,0.000000000,0.000000000,0.000000000,0.000000000,0.000000000,0.000000000,0.000000000,0.000000000,0.000000000,0.000000000,0.000000000,0.000000000
1751979363.044551,23.641000000,59.859260559,0.030000001,0.000000000,2.988286972,2.778820515,-55.955894470,4.522294998,4.424999237,-14.063508034,0.000000000,0.000000000,0.000000000,0.000000000,0.000000000,0.000000000,0.000000000,0.000000000,0.000000000,0.000000000,0.000000000,0.000000000
1751979363.047206,23.644000000,59.859260559,0.030000001,0.000000000,2.988286972,2.792320013,-55.546173096,4.522294998,4.434000969,-13.005712509,0.000000000,0.000000000,0.000000000,0.000000000,0.000000000,0.000000000,0.000000000,0.000000000,0.000000000,0.000000000,0.000000000,0.000000000
1751979363.049852,23.646000000,59.859260559,0.030000001,0.000000000,2.988286972,2.805819511,-53.374080658,4.522294998,4.442999840,-11.942825317,0.000000000,0.000000000,0.000000000,0.000000000,0.000000000,0.000000000,0.000000000,0.000000000,0.000000000,0.000000000,0.000000000,0.000000000
1751979363.052426,23.649000000,59.845569611,0.030000001,0.000000000,2.993476629,2.819321632,-52.018676758,4.509358406,4.452001095,-9.154654503,0.000000000,0.000000000,0.000000000,0.000000000,0.000000000,0.000000000,0.000000000,0.000000000,0.000000000,0.000000000,0.000000000,0.000000000
1751979363.055043,23.651000000,59.845569611,0.030000001,0.000000000,2.993476629,2.832821369,-49.772911072,4.509358406,4.452001095,-8.998691559,0.000000000,0.000000000,0.000000000,0.000000000,0.000000000,0.000000000,0.000000000,0.000000000,0.000000000,0.000000000,0.000000000,0.000000000
1751979363.057677,23.654000000,59.845569611,0.030000001,0.000000000,2.993476629,2.832821369,-47.884349823,4.509358406,4.460999966,-7.928164005,0.000000000,0.000000000,0.000000000,0.000000000,0.000000000,0.000000000,0.000000000,0.000000000,0.000000000,0.000000000,0.000000000,0.000000000
1751979363.060348,23.657000000,59.845569611,0.030000001,0.000000000,2.993476629,2.832821369,-47.884418488,4.509358406,4.469998837,-6.845453739,0.000000000,0.000000000,0.000000000,0.000000000,0.000000000,0.000000000,0.000000000,0.000000000,0.000000000,0.000000000,0.000000000,0.000000000
1751979363.063074,23.659000000,59.845569611,0.030000001,0.000000000,2.993476629,2.832821369,-47.884483337,4.509358406,4.479000092,-5.745099068,0.000000000,0.000000000,0.000000000,0.000000000,0.000000000,0.000000000,0.000000000,0.000000000,0.000000000,0.000000000,0.000000000,0.000000000
1751979363.065641,23.662000000,59.785713196,0.030000001,0.000000000,2.990692854,2.832821369,-47.424198151,4.508901596,4.487998962,-4.577213764,0.000000000,0.000000000,0.000000000,0.000000000,0.000000000,0.000000000,0.000000000,0.000000000,0.000000000,0.000000000,0.000000000,0.000000000
1751979363.068243,23.665000000,59.785713196,0.030000001,0.000000000,2.990692854,2.846320868,-47.092750549,4.508901596,4.487998962,-4.395806313,0.000000000,0.000000000,0.000000000,0.000000000,0.000000000,0.000000000,0.000000000,0.000000000,0.000000000,0.000000000,0.000000000,0.000000000
1751979363.070842,23.667000000,59.785713196,0.030000001,0.000000000,2.990692854,2.859820366,-44.863311768,4.508901596,4.497000694,-3.303139210,0.000000000,0.000000000,0.000000000,0.000000000,0.000000000,0.000000000,0.000000000,0.000000000,0.000000000,0.000000000,0.000000000,0.000000000
1751979363.073443,23.670000000,59.785713196,0.030000001,0.000000000,2.990692854,2.859820366,-42.959537506,4.508901596,4.497000694,-3.130563498,0.000000000,0.000000000,0.000000000,0.000000000,0.000000000,0.000000000,0.000000000,0.000000000,0.000000000,0.000000000,0.000000000,0.000000000
1751979363.076056,23.672000000,59.804756165,0.030000001,0.000000000,2.985252619,2.859820366,-42.059936523,4.490582466,4.505999565,0.382425129,0.000000000,0.000000000,0.000000000,0.000000000,0.000000000,0.000000000,0.000000000,0.000000000,0.000000000,0.000000000,0.000000000,0.000000000
1751979363.078847,23.675000000,59.804756165,0.030000001,0.000000000,2.985252619,2.859820366,-42.059986115,4.490582466,4.505999565,0.548527837,0.000000000,0.000000000,0.000000000,0.000000000,0.000000000,0.000000000,0.000000000,0.000000000,0.000000000,0.000000000,0.000000000,0.000000000
1751979363.081628,23.678000000,59.804756165,0.030000001,0.000000000,2.985252619,2.873322725,-41.608860016,4.490582466,4.515000820,1.645032167,0.000000000,0.000000000,0.000000000,0.000000000,0.000000000,0.000000000,0.000000000,0.000000000,0.000000000,0.000000000,0.000000000,0.000000000
1751979363.084417,23.681000000,59.791263580,0.030000001,0.000000000,2.968372583,2.859820366,-37.486282349,4.503039360,4.515000820,0.152509838,0.000000000,0.000000000,0.000000000,0.000000000,0.000000000,0.000000000,0.000000000,0.000000000,0.000000000,0.000000000,0.000000000,0.000000000
1751979363.087199,23.683000000,59.791263580,0.030000001,0.000000000,2.968372583,2.859820366,-39.268680573,4.503039360,4.515000820,0.295803219,0.000000000,0.000000000,0.000000000,0.000000000,0.000000000,0.000000000,0.000000000,0.000000000,0.000000000,0.000000000,0.000000000,0.000000000
1751979363.089891,23.686000000,59.791263580,0.030000001,0.000000000,2.968372583,2.859820366,-39.268726349,4.503039360,4.515000820,0.424767286,0.000000000,0.000000000,0.000000000,0.000000000,0.000000000,0.000000000,0.000000000,0.000000000,0.000000000,0.000000000,0.000000000,0.000000000
1751979363.092589,23.689000000,59.791263580,0.030000001,0.000000000,2.968372583,2.859820366,-39.268772125,4.503039360,4.515000820,0.540834904,0.000000000,0.000000000,0.000000000,0.000000000,0.000000000,0.000000000,0.000000000,0.000000000,0.000000000,0.000000000,0.000000000,0.000000000
1751979363.095223,23.692000000,59.791263580,0.030000001,0.000000000,2.968372583,2.859820366,-39.268817902,4.503039360,4.515000820,0.645295799,0.000000000,0.000000000,0.000000000,0.000000000,0.000000000,0.000000000,0.000000000,0.000000000,0.000000000,0.000000000,0.000000000,0.000000000
1751979363.097872,23.694000000,59.799034119,0.030000001,0.000000000,2.958436728,2.846320868,-38.002822876,4.506757259,4.515000820,0.246174335,0.000000000,0.000000000,0.000000000,0.000000000,0.000000000,0.000000000,0.000000000,0.000000000,0.000000000,0.000000000,0.000000000,0.000000000
1751979363.100470,23.697000000,59.799034119,0.030000001,0.000000000,2.958436728,2.846320868,-39.858230591,4.506757259,4.515000820,0.330823839,0.000000000,0.000000000,0.000000000,0.000000000,0.000000000,0.000000000,0.000000000,0.000000000,0.000000000,0.000000000,0.000000000,0.000000000
1751979363.103049,23.699000000,59.799034119,0.030000001,0.000000000,2.958436728,2.832821369,-40.176567078,4.506757259,4.515000820,0.406733841,0.000000000,0.000000000,0.000000000,0.000000000,0.000000000,0.000000000,0.000000000,0.000000000,0.000000000,0.000000000,0.000000000,0.000000000
1751979363.105630,23.702000000,59.786159515,0.030000001,0.000000000,2.965476751,2.832821369,-43.254951477,4.506627560,4.515000820,0.492521077,0.000000000,0.000000000,0.000000000,0.000000000,0.000000000,0.000000000,0.000000000,0.000000000,0.000000000,0.000000000,0.000000000,0.000000000
1751979363.108220,23.705000000,59.786159515,0.030000001,0.000000000,2.965476751,2.819321632,-43.573307037,4.506627560,4.515000820,0.554038167,0.000000000,0.000000000,0.000000000,0.000000000,0.000000000,0.000000000,0.000000000,0.000000000,0.000000000,0.000000000,0.000000000,0.000000000
1751979363.110861,23.707000000,59.786159515,0.030000001,0.000000000,2.965476751,2.819321632,-45.487522125,4.506627560,4.515000820,0.609624267,0.000000000,0.000000000,0.000000000,0.000000000,0.000000000,0.000000000,0.000000000,0.000000000,0.000000000,0.000000000,0.000000000,0.000000000
1751979363.113457,23.710000000,59.786159515,0.030000001,0.000000000,2.965476751,2.805819511,-45.832912445,4.506627560,4.505999565,-0.272043824,0.000000000,0.000000000,0.000000000,0.000000000,0.000000000,0.000000000,0.000000000,0.000000000,0.000000000,0.000000000,0.000000000,0.000000000
1751979363.116038,23.712000000,59.774826050,0.030000001,0.000000000,2.966920853,2.792320013,-48.274639130,4.511746883,4.505999565,-0.931834459,0.000000000,0.000000000,0.000000000,0.000000000,0.000000000,0.000000000,0.000000000,0.000000000,0.000000000,0.000000000,0.000000000,0.000000000
1751979363.118681,23.715000000,59.774826050,0.030000001,0.000000000,2.966920853,2.792320013,-50.191795349,4.511746883,4.497000694,-1.844060898,0.000000000,0.000000000,0.000000000,0.000000000,0.000000000,0.000000000,0.000000000,0.000000000,0.000000000,0.000000000,0.000000000,0.000000000
1751979363.121307,23.718000000,59.774826050,0.030000001,0.000000000,2.966920853,2.778820515,-50.548561096,4.511746883,4.487998962,-2.788186550,0.000000000,0.000000000,0.000000000,0.000000000,0.000000000,0.000000000,0.000000000,0.000000000,0.000000000,0.000000000,0.000000000,0.000000000
1751979363.124002,23.720000000,59.774826050,0.030000001,0.000000000,2.966920853,2.778820515,-52.424362183,4.511746883,4.479000092,-3.755496979,0.000000000,0.000000000,0.000000000,0.000000000,0.000000000,0.000000000,0.000000000,0.000000000,0.000000000,0.000000000,0.000000000,0.000000000
1751979363.126649,23.723000000,59.774826050,0.030000001,0.000000000,2.966920853,2.751818657,-53.208953857,4.511746883,4.469998837,-4.751483917,0.000000000,0.000000000,0.000000000,0.000000000,0.000000000,0.000000000,0.000000000,0.000000000,0.000000000,0.000000000,0.000000000,0.000000000
1751979363.129401,23.726000000,59.774826050,0.030000001,0.000000000,2.966920853,2.751818657,-56.889839172,4.511746883,4.460999966,-5.764023781,0.000000000,0.000000000,0.000000000,0.000000000,0.000000000,0.000000000,0.000000000,0.000000000,0.000000000,0.000000000,0.000000000,0.000000000
1751979363.131988,23.728000000,59.834785461,0.030000001,0.000000000,2.986178398,2.751818657,-60.074554443,4.522535801,4.452001095,-8.228857994,0.000000000,0.000000000,0.000000000,0.000000000,0.000000000,0.000000000,0.000000000,0.000000000,0.000000000,0.000000000,0.000000000,0.000000000
1751979363.134611,23.731000000,59.834785461,0.030000001,0.000000000,2.986178398,2.751818657,-60.074653625,4.522535801,4.452001095,-8.340939522,0.000000000,0.000000000,0.000000000,0.000000000,0.000000000,0.000000000,0.000000000,0.000000000,0.000000000,0.000000000,0.000000000,0.000000000
1751979363.137200,23.734000000,59.834785461,0.030000001,0.000000000,2.986178398,2.751818657,-60.074748993,4.522535801,4.442999840,-9.369598389,0.000000000,0.000000000,0.000000000,0.000000000,0.000000000,0.000000000,0.000000000,0.000000000,0.000000000,0.000000000,0.000000000,0.000000000
1751979363.139788,23.736000000,59.839523315,0.030000001,0.000000000,2.979191542,2.738318920,-59.242145538,4.524191856,4.424999237,-11.562287331,0.000000000,0.000000000,0.000000000,0.000000000,0.000000000,0.000000000,0.000000000,0.000000000,0.000000000,0.000000000,0.000000000,0.000000000
1751979363.142395,23.739000000,59.839523315,0.030000001,0.000000000,2.979191542,2.724816799,-61.477699280,4.524191856,4.416000366,-12.648887634,0.000000000,0.000000000,0.000000000,0.000000000,0.000000000,0.000000000,0.000000000,0.000000000,0.000000000,0.000000000,0.000000000,0.000000000
1751979363.145080,23.741000000,59.839523315,0.030000001,0.000000000,2.979191542,2.724816799,-63.384929657,4.524191856,4.406999111,-13.747786522,0.000000000,0.000000000,0.000000000,0.000000000,0.000000000,0.000000000,0.000000000,0.000000000,0.000000000,0.000000000,0.000000000,0.000000000
1751979363.147676,23.744000000,59.939754486,0.030000001,0.000000000,2.977902412,2.724816799,-63.171852112,4.519732475,4.398000240,-14.268465996,0.000000000,0.000000000,0.000000000,0.000000000,0.000000000,0.000000000,0.000000000,0.000000000,0.000000000,0.000000000,0.000000000,0.000000000
1751979363.150273,23.747000000,59.939754486,0.030000001,0.000000000,2.977902412,2.697817802,-63.849498749,4.519732475,4.380000114,-16.314823151,0.000000000,0.000000000,0.000000000,0.000000000,0.000000000,0.000000000,0.000000000,0.000000000,0.000000000,0.000000000,0.000000000,0.000000000
1751979363.152846,23.749000000,59.939754486,0.030000001,0.000000000,2.977902412,2.670815945,-68.280937195,4.519732475,4.380000114,-16.534469604,0.000000000,0.000000000,0.000000000,0.000000000,0.000000000,0.000000000,0.000000000,0.000000000,0.000000000,0.000000000,0.000000000,0.000000000
1751979363.155429,23.752000000,59.939754486,0.030000001,0.000000000,2.977902412,2.684318066,-71.795135498,4.519732475,4.371001244,-17.659273148,0.000000000,0.000000000,0.000000000,0.000000000,0.000000000,0.000000000,0.000000000,0.000000000,0.000000000,0.000000000,0.000000000,0.000000000
1751979363.158052,23.754000000,59.939754486,0.030000001,0.000000000,2.977902412,2.670815945,-70.204086304,4.519732475,4.353000641,-19.723495483,0.000000000,0.000000000,0.000000000,0.000000000,0.000000000,0.000000000,0.000000000,0.000000000,0.000000000,0.000000000,0.000000000,0.000000000
1751979363.160664,23.757000000,59.939754486,0.030000001,0.000000000,2.977902412,2.657316208,-72.428245544,4.519732475,4.343999386,-20.889078140,0.000000000,0.000000000,0.000000000,0.000000000,0.000000000,0.000000000,0.000000000,0.000000000,0.000000000,0.000000000,0.000000000,0.000000000
1751979363.163365,23.760000000,59.930004120,0.030000001,0.000000000,2.981907845,2.643816710,-75.366935730,4.536349773,4.343999386,-23.331750870,0.000000000,0.000000000,0.000000000,0.000000000,0.000000000,0.000000000,0.000000000,0.000000000,0.000000000,0.000000000,0.000000000,0.000000000
1751979363.165956,23.762000000,59.930004120,0.030000001,0.000000000,2.981907845,2.630314589,-77.576873779,4.536349773,4.335000515,-24.478645325,0.000000000,0.000000000,0.000000000,0.000000000,0.000000000,0.000000000,0.000000000,0.000000000,0.000000000,0.000000000,0.000000000,0.000000000
1751979363.168510,23.765000000,59.930004120,0.030000001,0.000000000,2.981907845,2.630314589,-79.463104248,4.536349773,4.325999260,-25.627056122,0.000000000,0.000000000,0.000000000,0.000000000,0.000000000,0.000000000,0.000000000,0.000000000,0.000000000,0.000000000,0.000000000,0.000000000
1751979363.171101,23.767000000,59.953880310,0.030000001,0.000000000,2.968391418,2.616815090,-77.547798157,4.538424969,4.325999260,-26.127338409,0.000000000,0.000000000,0.000000000,0.000000000,0.000000000,0.000000000,0.000000000,0.000000000,0.000000000,0.000000000,0.000000000,0.000000000
1751979363.173723,23.770000000,59.953880310,0.030000001,0.000000000,2.968391418,2.603315353,-79.792831421,4.538424969,4.317000389,-27.258827209,0.000000000,0.000000000,0.000000000,0.000000000,0.000000000,0.000000000,0.000000000,0.000000000,0.000000000,0.000000000,0.000000000,0.000000000
1751979363.176304,23.773000000,59.953880310,0.030000001,0.000000000,2.968391418,2.589815855,-82.015167236,4.538424969,4.307998657,-28.395374298,0.000000000,0.000000000,0.000000000,0.000000000,0.000000000,0.000000000,0.000000000,0.000000000,0.000000000,0.000000000,0.000000000,0.000000000
1751979363.178993,23.775000000,59.953880310,0.030000001,0.000000000,2.968391418,2.576313496,-84.282531738,4.538424969,4.307998657,-28.610031128,0.000000000,0.000000000,0.000000000,0.000000000,0.000000000,0.000000000,0.000000000,0.000000000,0.000000000,0.000000000,0.000000000,0.000000000
1751979363.181796,23.778000000,59.953880310,0.030000001,0.000000000,2.968391418,2.576313496,-86.158813477,4.538424969,4.307998657,-28.803571701,0.000000000,0.000000000,0.000000000,0.000000000,0.000000000,0.000000000,0.000000000,0.000000000,0.000000000,0.000000000,0.000000000,0.000000000
1751979363.184405,23.781000000,59.953880310,0.030000001,0.000000000,2.968391418,2.576313496,-86.158981323,4.538424969,4.307998657,-28.977758408,0.000000000,0.000000000,0.000000000,0.000000000,0.000000000,0.000000000,0.000000000,0.000000000,0.000000000,0.000000000,0.000000000,0.000000000
1751979363.187040,23.783000000,59.885707855,0.030000001,0.000000000,2.987277508,2.562813997,-89.640457153,4.545079708,4.307998657,-30.016624451,0.000000000,0.000000000,0.000000000,0.000000000,0.000000000,0.000000000,0.000000000,0.000000000,0.000000000,0.000000000,0.000000000,0.000000000
1751979363.189656,23.786000000,59.885707855,0.030000001,0.000000000,2.987277508,2.562813997,-91.514938354,4.545079708,4.307998657,-30.157775879,0.000000000,0.000000000,0.000000000,0.000000000,0.000000000,0.000000000,0.000000000,0.000000000,0.000000000,0.000000000,0.000000000,0.000000000
1751979363.192262,23.789000000,59.885707855,0.030000001,0.000000000,2.987277508,2.562813997,-91.515106201,4.545079708,4.307998657,-30.284811020,0.000000000,0.000000000,0.000000000,0.000000000,0.000000000,0.000000000,0.000000000,0.000000000,0.000000000,0.000000000,0.000000000,0.000000000
1751979363.194913,23.791000000,59.866619110,0.030000001,0.000000000,2.996987581,2.562813997,-93.121040344,4.536922932,4.307998657,-29.317857742,0.000000000,0.000000000,0.000000000,0.000000000,0.000000000,0.000000000,0.000000000,0.000000000,0.000000000,0.000000000,0.000000000,0.000000000
1751979363.197498,23.794000000,59.866619110,0.030000001,0.000000000,2.996987581,2.562813997,-93.121215820,4.536922932,4.307998657,-29.420757294,0.000000000,0.000000000,0.000000000,0.000000000,0.000000000,0.000000000,0.000000000,0.000000000,0.000000000,0.000000000,0.000000000,0.000000000
1751979363.200099,23.796000000,59.866619110,0.030000001,0.000000000,2.996987581,2.549314499,-93.451438904,4.536922932,4.307998657,-29.513536453,0.000000000,0.000000000,0.000000000,0.000000000,0.000000000,0.000000000,0.000000000,0.000000000,0.000000000,0.000000000,0.000000000,0.000000000
1751979363.202681,23.799000000,59.866619110,0.030000001,0.000000000,2.996987581,2.535812378,-95.673080444,4.536922932,4.307998657,-29.597120285,0.000000000,0.000000000,0.000000000,0.000000000,0.000000000,0.000000000,0.000000000,0.000000000,0.000000000,0.000000000,0.000000000,0.000000000
1751979363.205280,23.802000000,59.866619110,0.030000001,0.000000000,2.996987581,2.508813143,-98.214729309,4.536922932,4.307998657,-29.672666550,0.000000000,0.000000000,0.000000000,0.000000000,0.000000000,0.000000000,0.000000000,0.000000000,0.000000000,0.000000000,0.000000000,0.000000000
1751979363.207854,23.804000000,59.866619110,0.030000001,0.000000000,2.996987581,2.495313644,-102.378486633,4.536922932,4.317000389,-28.813339233,0.000000000,0.000000000,0.000000000,0.000000000,0.000000000,0.000000000,0.000000000,0.000000000,0.000000000,0.000000000,0.000000000,0.000000000
1751979363.211193,23.808000000,59.866619110,0.030000001,0.000000000,2.996987581,2.508813143,-103.551353455,4.536922932,4.317000389,-28.847274780,0.000000000,0.000000000,0.000000000,0.000000000,0.000000000,0.000000000,0.000000000,0.000000000,0.000000000,0.000000000,0.000000000,0.000000000
1751979363.213827,23.810000000,59.868675232,0.030000001,0.000000000,2.991157770,2.508813143,-101.088470459,4.538103580,4.317000389,-29.034656525,0.000000000,0.000000000,0.000000000,0.000000000,0.000000000,0.000000000,0.000000000,0.000000000,0.000000000,0.000000000,0.000000000,0.000000000
1751979363.216462,23.813000000,59.868675232,0.030000001,0.000000000,2.991157770,2.508813143,-101.088668823,4.538103580,4.317000389,-29.062429428,0.000000000,0.000000000,0.000000000,0.000000000,0.000000000,0.000000000,0.000000000,0.000000000,0.000000000,0.000000000,0.000000000,0.000000000
1751979363.219741,23.815000000,59.872093201,0.030000001,0.000000000,3.001444101,2.508813143,-102.789924622,4.538009644,4.325999260,-28.145004272,0.000000000,0.000000000,0.000000000,0.000000000,0.000000000,0.000000000,0.000000000,0.000000000,0.000000000,0.000000000,0.000000000,0.000000000
1751979363.222371,23.819000000,59.872093201,0.030000001,0.000000000,3.001444101,2.495313644,-103.506172180,4.538009644,4.335000515,-27.160243988,0.000000000,0.000000000,0.000000000,0.000000000,0.000000000,0.000000000,0.000000000,0.000000000,0.000000000,0.000000000,0.000000000,0.000000000
1751979363.224976,23.821000000,59.872093201,0.030000001,0.000000000,3.001444101,2.508813143,-104.686203003,4.538009644,4.343999386,-26.206865311,0.000000000,0.000000000,0.000000000,0.000000000,0.000000000,0.000000000,0.000000000,0.000000000,0.000000000,0.000000000,0.000000000,0.000000000
1751979363.227601,23.824000000,59.943470001,0.030000001,0.000000000,2.963487625,2.508813143,-96.513702393,4.528612137,4.353000641,-23.981735229,0.000000000,0.000000000,0.000000000,0.000000000,0.000000000,0.000000000,0.000000000,0.000000000,0.000000000,0.000000000,0.000000000,0.000000000
1751979363.230231,23.827000000,59.943470001,0.030000001,0.000000000,2.963487625,2.495313644,-96.851211548,4.528612137,4.353000641,-23.912469864,0.000000000,0.000000000,0.000000000,0.000000000,0.000000000,0.000000000,0.000000000,0.000000000,0.000000000,0.000000000,0.000000000,0.000000000
1751979363.232866,23.829000000,59.943470001,0.030000001,0.000000000,2.963487625,2.481811285,-99.075889587,4.528612137,4.353000641,-23.850141525,0.000000000,0.000000000,0.000000000,0.000000000,0.000000000,0.000000000,0.000000000,0.000000000,0.000000000,0.000000000,0.000000000,0.000000000
1751979363.235483,23.832000000,59.943470001,0.030000001,0.000000000,2.963487625,2.481811285,-100.979591370,4.528612137,4.361999512,-22.862024307,0.000000000,0.000000000,0.000000000,0.000000000,0.000000000,0.000000000,0.000000000,0.000000000,0.000000000,0.000000000,0.000000000,0.000000000
1751979363.238124,23.834000000,59.943470001,0.030000001,0.000000000,2.963487625,2.481811285,-100.979789734,4.528612137,4.361999512,-22.784858704,0.000000000,0.000000000,0.000000000,0.000000000,0.000000000,0.000000000,0.000000000,0.000000000,0.000000000,0.000000000,0.000000000,0.000000000
1751979363.240808,23.837000000,59.943470001,0.030000001,0.000000000,2.963487625,2.481811285,-100.979980469,4.528612137,4.361999512,-22.715408325,0.000000000,0.000000000,0.000000000,0.000000000,0.000000000,0.000000000,0.000000000,0.000000000,0.000000000,0.000000000,0.000000000,0.000000000
1751979363.243351,23.840000000,59.888092041,0.030000001,0.000000000,2.956987143,2.481811285,-99.905189514,4.523855686,4.380000114,-20.165599823,0.000000000,0.000000000,0.000000000,0.000000000,0.000000000,0.000000000,0.000000000,0.000000000,0.000000000,0.000000000,0.000000000,0.000000000
1751979363.246048,23.842000000,59.888092041,0.030000001,0.000000000,2.956987143,2.481811285,-99.905380249,4.523855686,4.380000114,-20.056392670,0.000000000,0.000000000,0.000000000,0.000000000,0.000000000,0.000000000,0.000000000,0.000000000,0.000000000,0.000000000,0.000000000,0.000000000
1751979363.248666,23.845000000,59.888092041,0.030000001,0.000000000,2.956987143,2.481811285,-99.905578613,4.523855686,4.380000114,-19.958106995,0.000000000,0.000000000,0.000000000,0.000000000,0.000000000,0.000000000,0.000000000,0.000000000,0.000000000,0.000000000,0.000000000,0.000000000
1751979363.251261,23.848000000,59.899082184,0.030000001,0.000000000,2.955025673,2.481811285,-99.581413269,4.508839130,4.388998985,-16.949956894,0.000000000,0.000000000,0.000000000,0.000000000,0.000000000,0.000000000,0.000000000,0.000000000,0.000000000,0.000000000,0.000000000,0.000000000
1751979363.253857,23.850000000,59.899082184,0.030000001,0.000000000,2.955025673,2.481811285,-99.581596375,4.508839130,4.388998985,-16.843915939,0.000000000,0.000000000,0.000000000,0.000000000,0.000000000,0.000000000,0.000000000,0.000000000,0.000000000,0.000000000,0.000000000,0.000000000
1751979363.256469,23.853000000,59.899082184,0.030000001,0.000000000,2.955025673,2.481811285,-99.581794739,4.508839130,4.398000240,-15.821305275,0.000000000,0.000000000,0.000000000,0.000000000,0.000000000,0.000000000,0.000000000,0.000000000,0.000000000,0.000000000,0.000000000,0.000000000
1751979363.259074,23.855000000,59.846527100,0.030000001,0.000000000,2.969604731,2.495313644,-101.656982422,4.517768860,4.398000240,-16.892099380,0.000000000,0.000000000,0.000000000,0.000000000,0.000000000,0.000000000,0.000000000,0.000000000,0.000000000,0.000000000,0.000000000,0.000000000
1751979363.261767,23.858000000,59.846527100,0.030000001,0.000000000,2.969604731,2.495313644,-99.760231018,4.517768860,4.398000240,-16.790885925,0.000000000,0.000000000,0.000000000,0.000000000,0.000000000,0.000000000,0.000000000,0.000000000,0.000000000,0.000000000,0.000000000,0.000000000
1751979363.264448,23.861000000,59.846527100,0.030000001,0.000000000,2.969604731,2.495313644,-99.760429382,4.517768860,4.398000240,-16.699794769,0.000000000,0.000000000,0.000000000,0.000000000,0.000000000,0.000000000,0.000000000,0.000000000,0.000000000,0.000000000,0.000000000,0.000000000
1751979363.267068,23.863000000,59.846527100,0.030000001,0.000000000,2.969604731,2.495313644,-99.760627747,4.517768860,4.398000240,-16.617811203,0.000000000,0.000000000,0.000000000,0.000000000,0.000000000,0.000000000,0.000000000,0.000000000,0.000000000,0.000000000,0.000000000,0.000000000
1751979363.269654,23.866000000,59.846527100,0.030000001,0.000000000,2.969604731,2.495313644,-99.760818481,4.517768860,4.398000240,-16.544025421,0.000000000,0.000000000,0.000000000,0.000000000,0.000000000,0.000000000,0.000000000,0.000000000,0.000000000,0.000000000,0.000000000,0.000000000
1751979363.272263,23.869000000,59.846527100,0.030000001,0.000000000,2.969604731,2.508813143,-99.435356140,4.517768860,4.398000240,-16.477094650,0.000000000,0.000000000,0.000000000,0.000000000,0.000000000,0.000000000,0.000000000,0.000000000,0.000000000,0.000000000,0.000000000,0.000000000
1751979363.274856,23.871000000,59.855834961,0.030000001,0.000000000,2.946362734,2.508813143,-93.685241699,4.505748272,4.398000240,-14.823587418,0.000000000,0.000000000,0.000000000,0.000000000,0.000000000,0.000000000,0.000000000,0.000000000,0.000000000,0.000000000,0.000000000,0.000000000
1751979363.277591,23.874000000,59.855834961,0.030000001,0.000000000,2.946362734,2.508813143,-93.685417175,4.505748272,4.388998985,-15.697075844,0.000000000,0.000000000,0.000000000,0.000000000,0.000000000,0.000000000,0.000000000,0.000000000,0.000000000,0.000000000,0.000000000,0.000000000
1751979363.280305,23.877000000,59.855834961,0.030000001,0.000000000,2.946362734,2.508813143,-93.685607910,4.505748272,4.388998985,-15.675288200,0.000000000,0.000000000,0.000000000,0.000000000,0.000000000,0.000000000,0.000000000,0.000000000,0.000000000,0.000000000,0.000000000,0.000000000
1751979363.282987,23.879000000,59.919403076,0.030000001,0.000000000,2.950829744,2.508813143,-94.424499512,4.505651474,4.388998985,-15.642845154,0.000000000,0.000000000,0.000000000,0.000000000,0.000000000,0.000000000,0.000000000,0.000000000,0.000000000,0.000000000,0.000000000,0.000000000
1751979363.285548,23.882000000,59.919403076,0.030000001,0.000000000,2.950829744,2.522312641,-94.075828552,4.505651474,4.380000114,-16.554857254,0.000000000,0.000000000,0.000000000,0.000000000,0.000000000,0.000000000,0.000000000,0.000000000,0.000000000,0.000000000,0.000000000,0.000000000
1751979363.288147,23.885000000,59.919403076,0.030000001,0.000000000,2.950829744,2.535812378,-91.877838135,4.505651474,4.371001244,-17.490484238,0.000000000,0.000000000,0.000000000,0.000000000,0.000000000,0.000000000,0.000000000,0.000000000,0.000000000,0.000000000,0.000000000,0.000000000
1751979363.290724,23.887000000,59.935989380,0.030000001,0.000000000,2.952429295,2.535812378,-90.224662781,4.518728733,4.361999512,-20.186746597,0.000000000,0.000000000,0.000000000,0.000000000,0.000000000,0.000000000,0.000000000,0.000000000,0.000000000,0.000000000,0.000000000,0.000000000
1751979363.293385,23.890000000,59.935989380,0.030000001,0.000000000,2.952429295,2.535812378,-90.224830627,4.518728733,4.361999512,-20.245925903,0.000000000,0.000000000,0.000000000,0.000000000,0.000000000,0.000000000,0.000000000,0.000000000,0.000000000,0.000000000,0.000000000,0.000000000
1751979363.295999,23.892000000,59.935989380,0.030000001,0.000000000,2.952429295,2.549314499,-89.850662231,4.518728733,4.353000641,-21.232967377,0.000000000,0.000000000,0.000000000,0.000000000,0.000000000,0.000000000,0.000000000,0.000000000,0.000000000,0.000000000,0.000000000,0.000000000
1751979363.298578,23.895000000,59.935989380,0.030000001,0.000000000,2.952429295,2.562813997,-87.675498962,4.518728733,4.343999386,-22.232975006,0.000000000,0.000000000,0.000000000,0.000000000,0.000000000,0.000000000,0.000000000,0.000000000,0.000000000,0.000000000,0.000000000,0.000000000
1751979363.301148,23.898000000,59.935989380,0.030000001,0.000000000,2.952429295,2.562813997,-85.760055542,4.518728733,4.343999386,-22.326040268,0.000000000,0.000000000,0.000000000,0.000000000,0.000000000,0.000000000,0.000000000,0.000000000,0.000000000,0.000000000,0.000000000,0.000000000
1751979363.303723,23.900000000,59.935989380,0.030000001,0.000000000,2.952429295,2.562813997,-85.760215759,4.518728733,4.335000515,-23.336091995,0.000000000,0.000000000,0.000000000,0.000000000,0.000000000,0.000000000,0.000000000,0.000000000,0.000000000,0.000000000,0.000000000,0.000000000
1751979363.306320,23.903000000,59.935989380,0.030000001,0.000000000,2.952429295,2.562813997,-85.760368347,4.518728733,4.325999260,-24.363246918,0.000000000,0.000000000,0.000000000,0.000000000,0.000000000,0.000000000,0.000000000,0.000000000,0.000000000,0.000000000,0.000000000,0.000000000
1751979363.308927,23.905000000,59.854999542,0.030000001,0.000000000,2.972709179,2.576313496,-88.793708801,4.520849228,4.325999260,-24.762968063,0.000000000,0.000000000,0.000000000,0.000000000,0.000000000,0.000000000,0.000000000,0.000000000,0.000000000,0.000000000,0.000000000,0.000000000
1751979363.311519,23.908000000,59.854999542,0.030000001,0.000000000,2.972709179,2.589815855,-86.548927307,4.520849228,4.317000389,-25.798204422,0.000000000,0.000000000,0.000000000,0.000000000,0.000000000,0.000000000,0.000000000,0.000000000,0.000000000,0.000000000,0.000000000,0.000000000
1751979363.314090,23.910000000,59.926612854,0.030000001,0.000000000,2.954572916,2.589815855,-81.650024414,4.517261028,4.317000389,-25.444948196,0.000000000,0.000000000,0.000000000,0.000000000,0.000000000,0.000000000,0.000000000,0.000000000,0.000000000,0.000000000,0.000000000,0.000000000
1751979363.316667,23.913000000,59.926612854,0.030000001,0.000000000,2.954572916,2.603315353,-81.342277527,4.517261028,4.317000389,-25.555068970,0.000000000,0.000000000,0.000000000,0.000000000,0.000000000,0.000000000,0.000000000,0.000000000,0.000000000,0.000000000,0.000000000,0.000000000
1751979363.319263,23.916000000,59.926612854,0.030000001,0.000000000,2.954572916,2.603315353,-79.417892456,4.517261028,4.298999786,-27.507579803,0.000000000,0.000000000,0.000000000,0.000000000,0.000000000,0.000000000,0.000000000,0.000000000,0.000000000,0.000000000,0.000000000,0.000000000
1751979363.321850,23.918000000,59.926612854,0.030000001,0.000000000,2.954572916,2.603315353,-79.418037415,4.517261028,4.298999786,-27.649974823,0.000000000,0.000000000,0.000000000,0.000000000,0.000000000,0.000000000,0.000000000,0.000000000,0.000000000,0.000000000,0.000000000,0.000000000
1751979363.324452,23.921000000,59.926612854,0.030000001,0.000000000,2.954572916,2.603315353,-79.418174744,4.517261028,4.298999786,-27.778129578,0.000000000,0.000000000,0.000000000,0.000000000,0.000000000,0.000000000,0.000000000,0.000000000,0.000000000,0.000000000,0.000000000,0.000000000
1751979363.327100,23.923000000,59.926612854,0.030000001,0.000000000,2.954572916,2.616815090,-79.092658997,4.517261028,4.290000916,-28.821313858,0.000000000,0.000000000,0.000000000,0.000000000,0.000000000,0.000000000,0.000000000,0.000000000,0.000000000,0.000000000,0.000000000,0.000000000
1751979363.329743,23.926000000,59.876960754,0.030000001,0.000000000,2.968402147,2.630314589,-79.103569031,4.519947052,4.298999786,-28.373703003,0.000000000,0.000000000,0.000000000,0.000000000,0.000000000,0.000000000,0.000000000,0.000000000,0.000000000,0.000000000,0.000000000,0.000000000
1751979363.332337,23.929000000,59.876960754,0.030000001,0.000000000,2.968402147,2.630314589,-77.240669250,4.519947052,4.298999786,-28.464988708,0.000000000,0.000000000,0.000000000,0.000000000,0.000000000,0.000000000,0.000000000,0.000000000,0.000000000,0.000000000,0.000000000,0.000000000
1751979363.334939,23.931000000,59.876960754,0.030000001,0.000000000,2.968402147,2.630314589,-77.240806580,4.519947052,4.280999660,-30.405967712,0.000000000,0.000000000,0.000000000,0.000000000,0.000000000,0.000000000,0.000000000,0.000000000,0.000000000,0.000000000,0.000000000,0.000000000
1751979363.337530,23.934000000,59.888282776,0.030000001,0.000000000,2.973206997,2.643816710,-77.709068298,4.527415276,4.290000916,-30.594062805,0.000000000,0.000000000,0.000000000,0.000000000,0.000000000,0.000000000,0.000000000,0.000000000,0.000000000,0.000000000,0.000000000,0.000000000
1751979363.340132,23.937000000,59.888282776,0.030000001,0.000000000,2.973206997,2.643816710,-75.802810669,4.527415276,4.298999786,-29.752292633,0.000000000,0.000000000,0.000000000,0.000000000,0.000000000,0.000000000,0.000000000,0.000000000,0.000000000,0.000000000,0.000000000,0.000000000
1751979363.342731,23.939000000,59.888282776,0.030000001,0.000000000,2.973206997,2.657316208,-75.475814819,4.527415276,4.298999786,-29.804338455,0.000000000,0.000000000,0.000000000,0.000000000,0.000000000,0.000000000,0.000000000,0.000000000,0.000000000,0.000000000,0.000000000,0.000000000
1751979363.345432,23.942000000,59.888282776,0.030000001,0.000000000,2.973206997,2.657316208,-73.570648193,4.527415276,4.298999786,-29.851449966,0.000000000,0.000000000,0.000000000,0.000000000,0.000000000,0.000000000,0.000000000,0.000000000,0.000000000,0.000000000,0.000000000,0.000000000
1751979363.348055,23.944000000,59.836875916,0.030000001,0.000000000,2.973700285,2.670815945,-73.278076172,4.529123783,4.298999786,-30.119947433,0.000000000,0.000000000,0.000000000,0.000000000,0.000000000,0.000000000,0.000000000,0.000000000,0.000000000,0.000000000,0.000000000,0.000000000
1751979363.350616,23.947000000,59.836875916,0.030000001,0.000000000,2.973700285,2.670815945,-71.420028687,4.529123783,4.307998657,-29.229494095,0.000000000,0.000000000,0.000000000,0.000000000,0.000000000,0.000000000,0.000000000,0.000000000,0.000000000,0.000000000,0.000000000,0.000000000
1751979363.353217,23.950000000,59.836875916,0.030000001,0.000000000,2.973700285,2.670815945,-71.420143127,4.529123783,4.317000389,-28.309820175,0.000000000,0.000000000,0.000000000,0.000000000,0.000000000,0.000000000,0.000000000,0.000000000,0.000000000,0.000000000,0.000000000,0.000000000
1751979363.355797,23.952000000,59.836875916,0.030000001,0.000000000,2.973700285,2.684318066,-71.099700928,4.529123783,4.317000389,-28.289899826,0.000000000,0.000000000,0.000000000,0.000000000,0.000000000,0.000000000,0.000000000,0.000000000,0.000000000,0.000000000,0.000000000,0.000000000
1751979363.358373,23.955000000,59.836875916,0.030000001,0.000000000,2.973700285,2.684318066,-69.187530518,4.529123783,4.325999260,-27.346544266,0.000000000,0.000000000,0.000000000,0.000000000,0.000000000,0.000000000,0.000000000,0.000000000,0.000000000,0.000000000,0.000000000,0.000000000
1751979363.361092,23.957000000,59.836875916,0.030000001,0.000000000,2.973700285,2.697817802,-68.864189148,4.529123783,4.325999260,-27.303590775,0.000000000,0.000000000,0.000000000,0.000000000,0.000000000,0.000000000,0.000000000,0.000000000,0.000000000,0.000000000,0.000000000,0.000000000
1751979363.363741,23.960000000,59.861450195,0.030000001,0.000000000,2.976733923,2.697817802,-67.456985474,4.536586761,4.335000515,-27.314548492,0.000000000,0.000000000,0.000000000,0.000000000,0.000000000,0.000000000,0.000000000,0.000000000,0.000000000,0.000000000,0.000000000,0.000000000
1751979363.366283,23.963000000,59.861450195,0.030000001,0.000000000,2.976733923,2.697817802,-67.457099915,4.536586761,4.343999386,-26.328771591,0.000000000,0.000000000,0.000000000,0.000000000,0.000000000,0.000000000,0.000000000,0.000000000,0.000000000,0.000000000,0.000000000,0.000000000
1751979363.368855,23.965000000,59.861450195,0.030000001,0.000000000,2.976733923,2.697817802,-67.457206726,4.536586761,4.353000641,-25.322431564,0.000000000,0.000000000,0.000000000,0.000000000,0.000000000,0.000000000,0.000000000,0.000000000,0.000000000,0.000000000,0.000000000,0.000000000
1751979363.371431,23.968000000,59.873077393,0.030000001,0.000000000,2.965106249,2.697817802,-65.534446716,4.533840179,4.353000641,-24.859521866,0.000000000,0.000000000,0.000000000,0.000000000,0.000000000,0.000000000,0.000000000,0.000000000,0.000000000,0.000000000,0.000000000,0.000000000
1751979363.374047,23.970000000,59.873077393,0.030000001,0.000000000,2.965106249,2.697817802,-65.534553528,4.533840179,4.353000641,-24.770551682,0.000000000,0.000000000,0.000000000,0.000000000,0.000000000,0.000000000,0.000000000,0.000000000,0.000000000,0.000000000,0.000000000,0.000000000
1751979363.376632,23.973000000,59.873077393,0.030000001,0.000000000,2.965106249,2.697817802,-65.534660339,4.533840179,4.371001244,-22.836011887,0.000000000,0.000000000,0.000000000,0.000000000,0.000000000,0.000000000,0.000000000,0.000000000,0.000000000,0.000000000,0.000000000,0.000000000
1751979363.379568,23.976000000,59.867225647,0.030000001,0.000000000,2.965728045,2.697817802,-65.637603760,4.543567181,4.371001244,-24.000162125,0.000000000,0.000000000,0.000000000,0.000000000,0.000000000,0.000000000,0.000000000,0.000000000,0.000000000,0.000000000,0.000000000,0.000000000
1751979363.382219,23.979000000,59.867225647,0.030000001,0.000000000,2.965728045,2.711317301,-65.286720276,4.543567181,4.380000114,-22.955341339,0.000000000,0.000000000,0.000000000,0.000000000,0.000000000,0.000000000,0.000000000,0.000000000,0.000000000,0.000000000,0.000000000,0.000000000
1751979363.384791,23.981000000,59.867225647,0.030000001,0.000000000,2.965728045,2.711317301,-63.405403137,4.543567181,4.380000114,-22.827878952,0.000000000,0.000000000,0.000000000,0.000000000,0.000000000,0.000000000,0.000000000,0.000000000,0.000000000,0.000000000,0.000000000,0.000000000
1751979363.387386,23.984000000,59.867225647,0.030000001,0.000000000,2.965728045,2.711317301,-63.405506134,4.543567181,4.388998985,-21.785448074,0.000000000,0.000000000,0.000000000,0.000000000,0.000000000,0.000000000,0.000000000,0.000000000,0.000000000,0.000000000,0.000000000,0.000000000
1751979363.389992,23.986000000,59.867225647,0.030000001,0.000000000,2.965728045,2.724816799,-63.074100494,4.543567181,4.398000240,-20.725835800,0.000000000,0.000000000,0.000000000,0.000000000,0.000000000,0.000000000,0.000000000,0.000000000,0.000000000,0.000000000,0.000000000,0.000000000
1751979363.392600,23.989000000,59.867225647,0.030000001,0.000000000,2.965728045,2.724816799,-61.173290253,4.543567181,4.398000240,-20.582742691,0.000000000,0.000000000,0.000000000,0.000000000,0.000000000,0.000000000,0.000000000,0.000000000,0.000000000,0.000000000,0.000000000,0.000000000
1751979363.395245,23.992000000,59.867225647,0.030000001,0.000000000,2.965728045,2.724816799,-61.173389435,4.543567181,4.406999111,-19.524375916,0.000000000,0.000000000,0.000000000,0.000000000,0.000000000,0.000000000,0.000000000,0.000000000,0.000000000,0.000000000,0.000000000,0.000000000
1751979363.397840,23.994000000,59.867225647,0.030000001,0.000000000,2.965728045,2.724816799,-61.173484802,4.543567181,4.406999111,-19.382167816,0.000000000,0.000000000,0.000000000,0.000000000,0.000000000,0.000000000,0.000000000,0.000000000,0.000000000,0.000000000,0.000000000,0.000000000
1751979363.400408,23.997000000,59.867225647,0.030000001,0.000000000,2.965728045,2.724816799,-61.173580170,4.543567181,4.416000366,-18.329696655,0.000000000,0.000000000,0.000000000,0.000000000,0.000000000,0.000000000,0.000000000,0.000000000,0.000000000,0.000000000,0.000000000,0.000000000
1751979363.402995,23.999000000,59.867225647,0.030000001,0.000000000,2.965728045,2.724816799,-61.173679352,4.543567181,4.424999237,-17.261793137,0.000000000,0.000000000,0.000000000,0.000000000,0.000000000,0.000000000,0.000000000,0.000000000,0.000000000,0.000000000,0.000000000,0.000000000
1751979363.405535,24.002000000,59.867225647,0.030000001,0.000000000,2.965728045,2.724816799,-61.173774719,4.543567181,4.424999237,-17.107284546,0.000000000,0.000000000,0.000000000,0.000000000,0.000000000,0.000000000,0.000000000,0.000000000,0.000000000,0.000000000,0.000000000,0.000000000
1751979363.408119,24.004000000,59.867225647,0.030000001,0.000000000,2.965728045,2.724816799,-61.173870087,4.543567181,4.434000969,-16.044260025,0.000000000,0.000000000,0.000000000,0.000000000,0.000000000,0.000000000,0.000000000,0.000000000,0.000000000,0.000000000,0.000000000,0.000000000
1751979363.410849,24.007000000,59.867225647,0.030000001,0.000000000,2.965728045,2.724816799,-61.173969269,4.543567181,4.442999840,-14.962094307,0.000000000,0.000000000,0.000000000,0.000000000,0.000000000,0.000000000,0.000000000,0.000000000,0.000000000,0.000000000,0.000000000,0.000000000
1751979363.413564,24.010000000,59.867225647,0.030000001,0.000000000,2.965728045,2.724816799,-61.174072266,4.543567181,4.442999840,-14.798977852,0.000000000,0.000000000,0.000000000,0.000000000,0.000000000,0.000000000,0.000000000,0.000000000,0.000000000,0.000000000,0.000000000,0.000000000
1751979363.416242,24.013000000,59.867225647,0.030000001,0.000000000,2.965728045,2.724816799,-61.174171448,4.543567181,4.452001095,-13.712275505,0.000000000,0.000000000,0.000000000,0.000000000,0.000000000,0.000000000,0.000000000,0.000000000,0.000000000,0.000000000,0.000000000,0.000000000
1751979363.418834,24.015000000,59.867225647,0.030000001,0.000000000,2.965728045,2.724816799,-61.174270630,4.543567181,4.452001095,-13.554836273,0.000000000,0.000000000,0.000000000,0.000000000,0.000000000,0.000000000,0.000000000,0.000000000,0.000000000,0.000000000,0.000000000,0.000000000
1751979363.421491,24.018000000,59.867225647,0.030000001,0.000000000,2.965728045,2.724816799,-61.174369812,4.543567181,4.460999966,-12.483048439,0.000000000,0.000000000,0.000000000,0.000000000,0.000000000,0.000000000,0.000000000,0.000000000,0.000000000,0.000000000,0.000000000,0.000000000
1751979363.424176,24.021000000,59.867225647,0.030000001,0.000000000,2.965728045,2.724816799,-61.174468994,4.543567181,4.469998837,-11.393798828,0.000000000,0.000000000,0.000000000,0.000000000,0.000000000,0.000000000,0.000000000,0.000000000,0.000000000,0.000000000,0.000000000,0.000000000
1751979363.426772,24.023000000,59.867225647,0.030000001,0.000000000,2.965728045,2.724816799,-61.174568176,4.543567181,4.469998837,-11.229652405,0.000000000,0.000000000,0.000000000,0.000000000,0.000000000,0.000000000,0.000000000,0.000000000,0.000000000,0.000000000,0.000000000,0.000000000
1751979363.429469,24.026000000,59.867225647,0.030000001,0.000000000,2.965728045,2.724816799,-61.174667358,4.543567181,4.479000092,-10.147474289,0.000000000,0.000000000,0.000000000,0.000000000,0.000000000,0.000000000,0.000000000,0.000000000,0.000000000,0.000000000,0.000000000,0.000000000
1751979363.432081,24.028000000,59.867225647,0.030000001,0.000000000,2.965728045,2.724816799,-61.174766541,4.543567181,4.487998962,-9.057224274,0.000000000,0.000000000,0.000000000,0.000000000,0.000000000,0.000000000,0.000000000,0.000000000,0.000000000,0.000000000,0.000000000,0.000000000
1751979363.434644,24.031000000,59.867225647,0.030000001,0.000000000,2.965728045,2.711317301,-61.496845245,4.543567181,4.487998962,-8.888913155,0.000000000,0.000000000,0.000000000,0.000000000,0.000000000,0.000000000,0.000000000,0.000000000,0.000000000,0.000000000,0.000000000,0.000000000
1751979363.437223,24.034000000,59.867225647,0.030000001,0.000000000,2.965728045,2.697817802,-63.724933624,4.543567181,4.497000694,-7.810597420,0.000000000,0.000000000,0.000000000,0.000000000,0.000000000,0.000000000,0.000000000,0.000000000,0.000000000,0.000000000,0.000000000,0.000000000
1751979363.439774,24.036000000,59.867225647,0.030000001,0.000000000,2.965728045,2.697817802,-65.639900208,4.543567181,4.497000694,-7.646871567,0.000000000,0.000000000,0.000000000,0.000000000,0.000000000,0.000000000,0.000000000,0.000000000,0.000000000,0.000000000,0.000000000,0.000000000
1751979363.442490,24.039000000,59.867225647,0.030000001,0.000000000,2.965728045,2.697817802,-65.640014648,4.543567181,4.497000694,-7.499518394,0.000000000,0.000000000,0.000000000,0.000000000,0.000000000,0.000000000,0.000000000,0.000000000,0.000000000,0.000000000,0.000000000,0.000000000
1751979363.445344,24.042000000,59.867225647,0.030000001,0.000000000,2.965728045,2.697817802,-65.640129089,4.543567181,4.505999565,-6.427943230,0.000000000,0.000000000,0.000000000,0.000000000,0.000000000,0.000000000,0.000000000,0.000000000,0.000000000,0.000000000,0.000000000,0.000000000
1751979363.447942,24.044000000,59.867225647,0.030000001,0.000000000,2.965728045,2.684318066,-66.104682922,4.543567181,4.505999565,-6.283830643,0.000000000,0.000000000,0.000000000,0.000000000,0.000000000,0.000000000,0.000000000,0.000000000,0.000000000,0.000000000,0.000000000,0.000000000
1751979363.450501,24.047000000,59.867225647,0.030000001,0.000000000,2.965728045,2.684318066,-67.872817993,4.543567181,4.505999565,-6.153497219,0.000000000,0.000000000,0.000000000,0.000000000,0.000000000,0.000000000,0.000000000,0.000000000,0.000000000,0.000000000,0.000000000,0.000000000
1751979363.453065,24.049000000,59.867225647,0.030000001,0.000000000,2.965728045,2.697817802,-67.567276001,4.543567181,4.505999565,-6.035661697,0.000000000,0.000000000,0.000000000,0.000000000,0.000000000,0.000000000,0.000000000,0.000000000,0.000000000,0.000000000,0.000000000,0.000000000
1751979363.455651,24.052000000,59.867225647,0.030000001,0.000000000,2.965728045,2.684318066,-65.947723389,4.543567181,4.505999565,-5.930626869,0.000000000,0.000000000,0.000000000,0.000000000,0.000000000,0.000000000,0.000000000,0.000000000,0.000000000,0.000000000,0.000000000,0.000000000
1751979363.458259,24.055000000,59.867225647,0.030000001,0.000000000,2.965728045,2.670815945,-68.190025330,4.543567181,4.505999565,-5.836063385,0.000000000,0.000000000,0.000000000,0.000000000,0.000000000,0.000000000,0.000000000,0.000000000,0.000000000,0.000000000,0.000000000,0.000000000
1751979363.460918,24.057000000,59.867225647,0.030000001,0.000000000,2.965728045,2.657316208,-70.455688477,4.543567181,4.505999565,-5.750928879,0.000000000,0.000000000,0.000000000,0.000000000,0.000000000,0.000000000,0.000000000,0.000000000,0.000000000,0.000000000,0.000000000,0.000000000
1751979363.463598,24.060000000,59.867225647,0.030000001,0.000000000,2.965728045,2.657316208,-72.338706970,4.543567181,4.505999565,-5.673902512,0.000000000,0.000000000,0.000000000,0.000000000,0.000000000,0.000000000,0.000000000,0.000000000,0.000000000,0.000000000,0.000000000,0.000000000
1751979363.466158,24.063000000,59.867225647,0.030000001,0.000000000,2.965728045,2.657316208,-72.338829041,4.543567181,4.505999565,-5.604578972,0.000000000,0.000000000,0.000000000,0.000000000,0.000000000,0.000000000,0.000000000,0.000000000,0.000000000,0.000000000,0.000000000,0.000000000
1751979363.468751,24.065000000,59.867225647,0.030000001,0.000000000,2.965728045,2.643816710,-72.640838623,4.543567181,4.497000694,-6.466489792,0.000000000,0.000000000,0.000000000,0.000000000,0.000000000,0.000000000,0.000000000,0.000000000,0.000000000,0.000000000,0.000000000,0.000000000
1751979363.471355,24.068000000,59.867225647,0.030000001,0.000000000,2.965728045,2.643816710,-74.571502686,4.543567181,4.497000694,-6.437217236,0.000000000,0.000000000,0.000000000,0.000000000,0.000000000,0.000000000,0.000000000,0.000000000,0.000000000,0.000000000,0.000000000,0.000000000
1751979363.473981,24.070000000,59.867225647,0.030000001,0.000000000,2.965728045,2.643816710,-74.571632385,4.543567181,4.497000694,-6.410871983,0.000000000,0.000000000,0.000000000,0.000000000,0.000000000,0.000000000,0.000000000,0.000000000,0.000000000,0.000000000,0.000000000,0.000000000
1751979363.476536,24.073000000,59.867225647,0.030000001,0.000000000,2.965728045,2.630314589,-74.865394592,4.543567181,4.497000694,-6.387358665,0.000000000,0.000000000,0.000000000,0.000000000,0.000000000,0.000000000,0.000000000,0.000000000,0.000000000,0.000000000,0.000000000,0.000000000
1751979363.479259,24.075000000,59.867225647,0.030000001,0.000000000,2.965728045,2.616815090,-77.131866455,4.543567181,4.487998962,-7.293870926,0.000000000,0.000000000,0.000000000,0.000000000,0.000000000,0.000000000,0.000000000,0.000000000,0.000000000,0.000000000,0.000000000,0.000000000
1751979363.482112,24.078000000,59.867225647,0.030000001,0.000000000,2.965728045,2.616815090,-79.037315369,4.543567181,4.487998962,-7.301222324,0.000000000,0.000000000,0.000000000,0.000000000,0.000000000,0.000000000,0.000000000,0.000000000,0.000000000,0.000000000,0.000000000,0.000000000
1751979363.484854,24.081000000,59.867225647,0.030000001,0.000000000,2.965728045,2.616815090,-79.037467957,4.543567181,4.487998962,-7.307838440,0.000000000,0.000000000,0.000000000,0.000000000,0.000000000,0.000000000,0.000000000,0.000000000,0.000000000,0.000000000,0.000000000,0.000000000
1751979363.487568,24.084000000,59.867225647,0.030000001,0.000000000,2.965728045,2.630314589,-78.621124268,4.543567181,4.487998962,-7.313688755,0.000000000,0.000000000,0.000000000,0.000000000,0.000000000,0.000000000,0.000000000,0.000000000,0.000000000,0.000000000,0.000000000,0.000000000
1751979363.490237,24.087000000,59.867225647,0.030000001,0.000000000,2.965728045,2.616815090,-77.200279236,4.543567181,4.479000092,-8.256132126,0.000000000,0.000000000,0.000000000,0.000000000,0.000000000,0.000000000,0.000000000,0.000000000,0.000000000,0.000000000,0.000000000,0.000000000
1751979363.492825,24.089000000,59.867225647,0.030000001,0.000000000,2.965728045,2.603315353,-79.383888245,4.543567181,4.479000092,-8.286587715,0.000000000,0.000000000,0.000000000,0.000000000,0.000000000,0.000000000,0.000000000,0.000000000,0.000000000,0.000000000,0.000000000,0.000000000
1751979363.495549,24.092000000,59.867225647,0.030000001,0.000000000,2.965728045,2.603315353,-81.270507813,4.543567181,4.479000092,-8.313982010,0.000000000,0.000000000,0.000000000,0.000000000,0.000000000,0.000000000,0.000000000,0.000000000,0.000000000,0.000000000,0.000000000,0.000000000
1751979363.498174,24.095000000,59.867225647,0.030000001,0.000000000,2.965728045,2.603315353,-81.270660400,4.543567181,4.479000092,-8.338637352,0.000000000,0.000000000,0.000000000,0.000000000,0.000000000,0.000000000,0.000000000,0.000000000,0.000000000,0.000000000,0.000000000,0.000000000
1751979363.500718,24.097000000,59.867225647,0.030000001,0.000000000,2.965728045,2.603315353,-81.270805359,4.543567181,4.469998837,-9.287931442,0.000000000,0.000000000,0.000000000,0.000000000,0.000000000,0.000000000,0.000000000,0.000000000,0.000000000,0.000000000,0.000000000,0.000000000
1751979363.503280,24.100000000,59.867225647,0.030000001,0.000000000,2.965728045,2.603315353,-81.270950317,4.543567181,4.469998837,-9.334523201,0.000000000,0.000000000,0.000000000,0.000000000,0.000000000,0.000000000,0.000000000,0.000000000,0.000000000,0.000000000,0.000000000,0.000000000
1751979363.505855,24.102000000,59.867225647,0.030000001,0.000000000,2.965728045,2.603315353,-81.271095276,4.543567181,4.469998837,-9.376455307,0.000000000,0.000000000,0.000000000,0.000000000,0.000000000,0.000000000,0.000000000,0.000000000,0.000000000,0.000000000,0.000000000,0.000000000
1751979363.508444,24.105000000,59.867225647,0.030000001,0.000000000,2.965728045,2.603315353,-81.271240234,4.543567181,4.460999966,-10.337872505,0.000000000,0.000000000,0.000000000,0.000000000,0.000000000,0.000000000,0.000000000,0.000000000,0.000000000,0.000000000,0.000000000,0.000000000
1751979363.511047,24.107000000,59.867225647,0.030000001,0.000000000,2.965728045,2.603315353,-81.271385193,4.543567181,4.460999966,-10.398766518,0.000000000,0.000000000,0.000000000,0.000000000,0.000000000,0.000000000,0.000000000,0.000000000,0.000000000,0.000000000,0.000000000,0.000000000
1751979363.513677,24.110000000,59.867225647,0.030000001,0.000000000,2.965728045,2.603315353,-81.271530151,4.543567181,4.460999966,-10.453571320,0.000000000,0.000000000,0.000000000,0.000000000,0.000000000,0.000000000,0.000000000,0.000000000,0.000000000,0.000000000,0.000000000,0.000000000
1751979363.516236,24.113000000,59.867225647,0.030000001,0.000000000,2.965728045,2.589815855,-81.597335815,4.543567181,4.452001095,-11.430135727,0.000000000,0.000000000,0.000000000,0.000000000,0.000000000,0.000000000,0.000000000,0.000000000,0.000000000,0.000000000,0.000000000,0.000000000
1751979363.518816,24.115000000,59.867225647,0.030000001,0.000000000,2.965728045,2.576313496,-83.803939819,4.543567181,4.452001095,-11.501056671,0.000000000,0.000000000,0.000000000,0.000000000,0.000000000,0.000000000,0.000000000,0.000000000,0.000000000,0.000000000,0.000000000,0.000000000
1751979363.521380,24.118000000,59.867225647,0.030000001,0.000000000,2.965728045,2.576313496,-85.737297058,4.543567181,4.452001095,-11.564968109,0.000000000,0.000000000,0.000000000,0.000000000,0.000000000,0.000000000,0.000000000,0.000000000,0.000000000,0.000000000,0.000000000,0.000000000
1751979363.523959,24.120000000,59.867225647,0.030000001,0.000000000,2.965728045,2.576313496,-85.737449646,4.543567181,4.442999840,-12.546278000,0.000000000,0.000000000,0.000000000,0.000000000,0.000000000,0.000000000,0.000000000,0.000000000,0.000000000,0.000000000,0.000000000,0.000000000
1751979363.526547,24.123000000,59.867225647,0.030000001,0.000000000,2.965728045,2.576313496,-85.737602234,4.543567181,4.434000969,-13.552006721,0.000000000,0.000000000,0.000000000,0.000000000,0.000000000,0.000000000,0.000000000,0.000000000,0.000000000,0.000000000,0.000000000,0.000000000
1751979363.529295,24.126000000,59.867225647,0.030000001,0.000000000,2.965728045,2.576313496,-85.737770081,4.543567181,4.434000969,-13.649444580,0.000000000,0.000000000,0.000000000,0.000000000,0.000000000,0.000000000,0.000000000,0.000000000,0.000000000,0.000000000,0.000000000,0.000000000
1751979363.531842,24.128000000,59.867225647,0.030000001,0.000000000,2.965728045,2.562813997,-86.085334778,4.543567181,4.434000969,-13.737052917,0.000000000,0.000000000,0.000000000,0.000000000,0.000000000,0.000000000,0.000000000,0.000000000,0.000000000,0.000000000,0.000000000,0.000000000
1751979363.534459,24.131000000,59.867225647,0.030000001,0.000000000,2.965728045,2.562813997,-87.970497131,4.543567181,4.424999237,-14.742416382,0.000000000,0.000000000,0.000000000,0.000000000,0.000000000,0.000000000,0.000000000,0.000000000,0.000000000,0.000000000,0.000000000,0.000000000
1751979363.537026,24.133000000,59.867225647,0.030000001,0.000000000,2.965728045,2.562813997,-87.970657349,4.543567181,4.424999237,-14.840167999,0.000000000,0.000000000,0.000000000,0.000000000,0.000000000,0.000000000,0.000000000,0.000000000,0.000000000,0.000000000,0.000000000,0.000000000
1751979363.539582,24.136000000,59.867225647,0.030000001,0.000000000,2.965728045,2.562813997,-87.970817566,4.543567181,4.416000366,-15.851575851,0.000000000,0.000000000,0.000000000,0.000000000,0.000000000,0.000000000,0.000000000,0.000000000,0.000000000,0.000000000,0.000000000,0.000000000
1751979363.542140,24.138000000,59.867225647,0.030000001,0.000000000,2.965728045,2.562813997,-87.970985413,4.543567181,4.416000366,-15.957701683,0.000000000,0.000000000,0.000000000,0.000000000,0.000000000,0.000000000,0.000000000,0.000000000,0.000000000,0.000000000,0.000000000,0.000000000
1751979363.544699,24.141000000,59.867225647,0.030000001,0.000000000,2.965728045,2.562813997,-87.971145630,4.543567181,4.416000366,-16.053215027,0.000000000,0.000000000,0.000000000,0.000000000,0.000000000,0.000000000,0.000000000,0.000000000,0.000000000,0.000000000,0.000000000,0.000000000
1751979363.547318,24.144000000,59.867225647,0.030000001,0.000000000,2.965728045,2.562813997,-87.971305847,4.543567181,4.416000366,-16.139177322,0.000000000,0.000000000,0.000000000,0.000000000,0.000000000,0.000000000,0.000000000,0.000000000,0.000000000,0.000000000,0.000000000,0.000000000
1751979363.549896,24.146000000,59.867225647,0.030000001,0.000000000,2.965728045,2.562813997,-87.971466064,4.543567181,4.406999111,-17.143850327,0.000000000,0.000000000,0.000000000,0.000000000,0.000000000,0.000000000,0.000000000,0.000000000,0.000000000,0.000000000,0.000000000,0.000000000
1751979363.552489,24.149000000,59.867225647,0.030000001,0.000000000,2.965728045,2.562813997,-87.971626282,4.543567181,4.406999111,-17.240068436,0.000000000,0.000000000,0.000000000,0.000000000,0.000000000,0.000000000,0.000000000,0.000000000,0.000000000,0.000000000,0.000000000,0.000000000
1751979363.555101,24.151000000,59.867225647,0.030000001,0.000000000,2.965728045,2.562813997,-87.971786499,4.543567181,4.406999111,-17.326663971,0.000000000,0.000000000,0.000000000,0.000000000,0.000000000,0.000000000,0.000000000,0.000000000,0.000000000,0.000000000,0.000000000,0.000000000
1751979363.557692,24.154000000,59.867225647,0.030000001,0.000000000,2.965728045,2.562813997,-87.971954346,4.543567181,4.406999111,-17.404600143,0.000000000,0.000000000,0.000000000,0.000000000,0.000000000,0.000000000,0.000000000,0.000000000,0.000000000,0.000000000,0.000000000,0.000000000
1751979363.560246,24.157000000,59.867225647,0.030000001,0.000000000,2.965728045,2.576313496,-87.647201538,4.543567181,4.406999111,-17.474699020,0.000000000,0.000000000,0.000000000,0.000000000,0.000000000,0.000000000,0.000000000,0.000000000,0.000000000,0.000000000,0.000000000,0.000000000
1751979363.563047,24.159000000,59.867225647,0.030000001,0.000000000,2.965728045,2.576313496,-85.739860535,4.543567181,4.406999111,-17.537799835,0.000000000,0.000000000,0.000000000,0.000000000,0.000000000,0.000000000,0.000000000,0.000000000,0.000000000,0.000000000,0.000000000,0.000000000
1751979363.565573,24.162000000,59.867225647,0.030000001,0.000000000,2.965728045,2.576313496,-85.740028381,4.543567181,4.406999111,-17.594591141,0.000000000,0.000000000,0.000000000,0.000000000,0.000000000,0.000000000,0.000000000,0.000000000,0.000000000,0.000000000,0.000000000,0.000000000
1751979363.568176,24.165000000,59.867225647,0.030000001,0.000000000,2.965728045,2.576313496,-85.740180969,4.543567181,4.406999111,-17.645704269,0.000000000,0.000000000,0.000000000,0.000000000,0.000000000,0.000000000,0.000000000,0.000000000,0.000000000,0.000000000,0.000000000,0.000000000
1751979363.570782,24.167000000,59.867225647,0.030000001,0.000000000,2.965728045,2.576313496,-85.740341187,4.543567181,4.406999111,-17.691705704,0.000000000,0.000000000,0.000000000,0.000000000,0.000000000,0.000000000,0.000000000,0.000000000,0.000000000,0.000000000,0.000000000,0.000000000
1751979363.573520,24.170000000,59.867225647,0.030000001,0.000000000,2.965728045,2.576313496,-85.740501404,4.543567181,4.406999111,-17.733106613,0.000000000,0.000000000,0.000000000,0.000000000,0.000000000,0.000000000,0.000000000,0.000000000,0.000000000,0.000000000,0.000000000,0.000000000
1751979363.576199,24.173000000,59.867225647,0.030000001,0.000000000,2.965728045,2.576313496,-85.740661621,4.543567181,4.406999111,-17.770366669,0.000000000,0.000000000,0.000000000,0.000000000,0.000000000,0.000000000,0.000000000,0.000000000,0.000000000,0.000000000,0.000000000,0.000000000
1751979363.578927,24.175000000,59.867225647,0.030000001,0.000000000,2.965728045,2.576313496,-85.740821838,4.543567181,4.406999111,-17.803901672,0.000000000,0.000000000,0.000000000,0.000000000,0.000000000,0.000000000,0.000000000,0.000000000,0.000000000,0.000000000,0.000000000,0.000000000
1751979363.581432,24.178000000,59.867225647,0.030000001,0.000000000,2.965728045,2.589815855,-85.371520996,4.543567181,4.406999111,-17.833889008,0.000000000,0.000000000,0.000000000,0.000000000,0.000000000,0.000000000,0.000000000,0.000000000,0.000000000,0.000000000,0.000000000,0.000000000
1751979363.583963,24.180000000,59.867225647,0.030000001,0.000000000,2.965728045,2.589815855,-83.508247375,4.543567181,4.406999111,-17.861040115,0.000000000,0.000000000,0.000000000,0.000000000,0.000000000,0.000000000,0.000000000,0.000000000,0.000000000,0.000000000,0.000000000,0.000000000
1751979363.586541,24.183000000,59.867225647,0.030000001,0.000000000,2.965728045,2.589815855,-83.508392334,4.543567181,4.406999111,-17.885477066,0.000000000,0.000000000,0.000000000,0.000000000,0.000000000,0.000000000,0.000000000,0.000000000,0.000000000,0.000000000,0.000000000,0.000000000
1751979363.589115,24.186000000,59.867225647,0.030000001,0.000000000,2.965728045,2.589815855,-83.508544922,4.543567181,4.406999111,-17.907470703,0.000000000,0.000000000,0.000000000,0.000000000,0.000000000,0.000000000,0.000000000,0.000000000,0.000000000,0.000000000,0.000000000,0.000000000
1751979363.591618,24.188000000,59.867225647,0.030000001,0.000000000,2.965728045,2.589815855,-83.508697510,4.543567181,4.406999111,-17.927263260,0.000000000,0.000000000,0.000000000,0.000000000,0.000000000,0.000000000,0.000000000,0.000000000,0.000000000,0.000000000,0.000000000,0.000000000
1751979363.594243,24.191000000,59.867225647,0.030000001,0.000000000,2.965728045,2.589815855,-83.508842468,4.543567181,4.406999111,-17.945077896,0.000000000,0.000000000,0.000000000,0.000000000,0.000000000,0.000000000,0.000000000,0.000000000,0.000000000,0.000000000,0.000000000,0.000000000
1751979363.596784,24.193000000,59.867225647,0.030000001,0.000000000,2.965728045,2.589815855,-83.508995056,4.543567181,4.406999111,-17.961111069,0.000000000,0.000000000,0.000000000,0.000000000,0.000000000,0.000000000,0.000000000,0.000000000,0.000000000,0.000000000,0.000000000,0.000000000
1751979363.599351,24.196000000,59.867225647,0.030000001,0.000000000,2.965728045,2.589815855,-83.509147644,4.543567181,4.406999111,-17.975540161,0.000000000,0.000000000,0.000000000,0.000000000,0.000000000,0.000000000,0.000000000,0.000000000,0.000000000,0.000000000,0.000000000,0.000000000
1751979363.601923,24.198000000,59.867225647,0.030000001,0.000000000,2.965728045,2.603315353,-83.199172974,4.543567181,4.406999111,-17.988265991,0.000000000,0.000000000,0.000000000,0.000000000,0.000000000,0.000000000,0.000000000,0.000000000,0.000000000,0.000000000,0.000000000,0.000000000
1751979363.604514,24.201000000,59.867225647,0.030000001,0.000000000,2.965728045,2.603315353,-81.277023315,4.543567181,4.398000240,-18.923900604,0.000000000,0.000000000,0.000000000,0.000000000,0.000000000,0.000000000,0.000000000,0.000000000,0.000000000,0.000000000,0.000000000,0.000000000
1751979363.607110,24.203000000,59.867225647,0.030000001,0.000000000,2.965728045,2.603315353,-81.277175903,4.543567181,4.398000240,-18.961297989,0.000000000,0.000000000,0.000000000,0.000000000,0.000000000,0.000000000,0.000000000,0.000000000,0.000000000,0.000000000,0.000000000,0.000000000
1751979363.609699,24.206000000,59.867225647,0.030000001,0.000000000,2.965728045,2.603315353,-81.277320862,4.543567181,4.398000240,-18.994956970,0.000000000,0.000000000,0.000000000,0.000000000,0.000000000,0.000000000,0.000000000,0.000000000,0.000000000,0.000000000,0.000000000,0.000000000
1751979363.612324,24.209000000,59.867225647,0.030000001,0.000000000,2.965728045,2.603315353,-81.277465820,4.543567181,4.398000240,-19.025249481,0.000000000,0.000000000,0.000000000,0.000000000,0.000000000,0.000000000,0.000000000,0.000000000,0.000000000,0.000000000,0.000000000,0.000000000
1751979363.614959,24.211000000,59.867225647,0.030000001,0.000000000,2.965728045,2.603315353,-81.277610779,4.543567181,4.398000240,-19.052513123,0.000000000,0.000000000,0.000000000,0.000000000,0.000000000,0.000000000,0.000000000,0.000000000,0.000000000,0.000000000,0.000000000,0.000000000
1751979363.617600,24.214000000,59.867225647,0.030000001,0.000000000,2.965728045,2.603315353,-81.277763367,4.543567181,4.398000240,-19.077049255,0.000000000,0.000000000,0.000000000,0.000000000,0.000000000,0.000000000,0.000000000,0.000000000,0.000000000,0.000000000,0.000000000,0.000000000
1751979363.620178,24.217000000,59.867225647,0.030000001,0.000000000,2.965728045,2.603315353,-81.277908325,4.543567181,4.388998985,-20.033052444,0.000000000,0.000000000,0.000000000,0.000000000,0.000000000,0.000000000,0.000000000,0.000000000,0.000000000,0.000000000,0.000000000,0.000000000
1751979363.622883,24.219000000,59.867225647,0.030000001,0.000000000,2.965728045,2.603315353,-81.278053284,4.543567181,4.388998985,-20.078842163,0.000000000,0.000000000,0.000000000,0.000000000,0.000000000,0.000000000,0.000000000,0.000000000,0.000000000,0.000000000,0.000000000,0.000000000
1751979363.625537,24.222000000,59.867225647,0.030000001,0.000000000,2.965728045,2.603315353,-81.278205872,4.543567181,4.388998985,-20.120054245,0.000000000,0.000000000,0.000000000,0.000000000,0.000000000,0.000000000,0.000000000,0.000000000,0.000000000,0.000000000,0.000000000,0.000000000
1751979363.628139,24.224000000,59.867225647,0.030000001,0.000000000,2.965728045,2.616815090,-80.949028015,4.543567181,4.388998985,-20.156936646,0.000000000,0.000000000,0.000000000,0.000000000,0.000000000,0.000000000,0.000000000,0.000000000,0.000000000,0.000000000,0.000000000,0.000000000
1751979363.630800,24.227000000,59.867225647,0.030000001,0.000000000,2.965728045,2.616815090,-79.046043396,4.543567181,4.380000114,-21.119035721,0.000000000,0.000000000,0.000000000,0.000000000,0.000000000,0.000000000,0.000000000,0.000000000,0.000000000,0.000000000,0.000000000,0.000000000
1751979363.633391,24.230000000,59.867225647,0.030000001,0.000000000,2.965728045,2.616815090,-79.046188354,4.543567181,4.380000114,-21.175464630,0.000000000,0.000000000,0.000000000,0.000000000,0.000000000,0.000000000,0.000000000,0.000000000,0.000000000,0.000000000,0.000000000,0.000000000
1751979363.636016,24.232000000,59.867225647,0.030000001,0.000000000,2.965728045,2.616815090,-79.046325684,4.543567181,4.380000114,-21.226249695,0.000000000,0.000000000,0.000000000,0.000000000,0.000000000,0.000000000,0.000000000,0.000000000,0.000000000,0.000000000,0.000000000,0.000000000
1751979363.638622,24.235000000,59.867225647,0.030000001,0.000000000,2.965728045,2.630314589,-78.677085876,4.543567181,4.371001244,-22.205474854,0.000000000,0.000000000,0.000000000,0.000000000,0.000000000,0.000000000,0.000000000,0.000000000,0.000000000,0.000000000,0.000000000,0.000000000
1751979363.641190,24.238000000,59.867225647,0.030000001,0.000000000,2.965728045,2.630314589,-76.814186096,4.543567181,4.361999512,-23.200056076,0.000000000,0.000000000,0.000000000,0.000000000,0.000000000,0.000000000,0.000000000,0.000000000,0.000000000,0.000000000,0.000000000,0.000000000
1751979363.643768,24.240000000,59.867225647,0.030000001,0.000000000,2.965728045,2.630314589,-76.814323425,4.543567181,4.361999512,-23.286914825,0.000000000,0.000000000,0.000000000,0.000000000,0.000000000,0.000000000,0.000000000,0.000000000,0.000000000,0.000000000,0.000000000,0.000000000
1751979363.646472,24.243000000,59.867225647,0.030000001,0.000000000,2.965728045,2.630314589,-76.814460754,4.543567181,4.361999512,-23.365087509,0.000000000,0.000000000,0.000000000,0.000000000,0.000000000,0.000000000,0.000000000,0.000000000,0.000000000,0.000000000,0.000000000,0.000000000
1751979363.649041,24.245000000,59.867225647,0.030000001,0.000000000,2.965728045,2.630314589,-76.814598083,4.543567181,4.353000641,-24.366262436,0.000000000,0.000000000,0.000000000,0.000000000,0.000000000,0.000000000,0.000000000,0.000000000,0.000000000,0.000000000,0.000000000,0.000000000
1751979363.651606,24.248000000,59.867225647,0.030000001,0.000000000,2.965728045,2.630314589,-76.814735413,4.543567181,4.353000641,-24.455760956,0.000000000,0.000000000,0.000000000,0.000000000,0.000000000,0.000000000,0.000000000,0.000000000,0.000000000,0.000000000,0.000000000,0.000000000
1751979363.654191,24.251000000,59.867225647,0.030000001,0.000000000,2.965728045,2.630314589,-76.814865112,4.543567181,4.353000641,-24.536312103,0.000000000,0.000000000,0.000000000,0.000000000,0.000000000,0.000000000,0.000000000,0.000000000,0.000000000,0.000000000,0.000000000,0.000000000
1751979363.656785,24.253000000,59.867225647,0.030000001,0.000000000,2.965728045,2.630314589,-76.815002441,4.543567181,4.343999386,-25.535327911,0.000000000,0.000000000,0.000000000,0.000000000,0.000000000,0.000000000,0.000000000,0.000000000,0.000000000,0.000000000,0.000000000,0.000000000
1751979363.659365,24.256000000,59.867225647,0.030000001,0.000000000,2.965728045,2.630314589,-76.815139771,4.543567181,4.335000515,-26.554147720,0.000000000,0.000000000,0.000000000,0.000000000,0.000000000,0.000000000,0.000000000,0.000000000,0.000000000,0.000000000,0.000000000,0.000000000
1751979363.662229,24.258000000,59.867225647,0.030000001,0.000000000,2.965728045,2.630314589,-76.815277100,4.543567181,4.335000515,-26.663404465,0.000000000,0.000000000,0.000000000,0.000000000,0.000000000,0.000000000,0.000000000,0.000000000,0.000000000,0.000000000,0.000000000,0.000000000
1751979363.664794,24.261000000,59.867225647,0.030000001,0.000000000,2.965728045,2.630314589,-76.815422058,4.543567181,4.335000515,-26.761737823,0.000000000,0.000000000,0.000000000,0.000000000,0.000000000,0.000000000,0.000000000,0.000000000,0.000000000,0.000000000,0.000000000,0.000000000
1751979363.667420,24.264000000,59.867225647,0.030000001,0.000000000,2.965728045,2.630314589,-76.815559387,4.543567181,4.335000515,-26.850236893,0.000000000,0.000000000,0.000000000,0.000000000,0.000000000,0.000000000,0.000000000,0.000000000,0.000000000,0.000000000,0.000000000,0.000000000
1751979363.669995,24.266000000,59.867225647,0.030000001,0.000000000,2.965728045,2.630314589,-76.815696716,4.543567181,4.335000515,-26.929885864,0.000000000,0.000000000,0.000000000,0.000000000,0.000000000,0.000000000,0.000000000,0.000000000,0.000000000,0.000000000,0.000000000,0.000000000
1751979363.672614,24.269000000,59.867225647,0.030000001,0.000000000,2.965728045,2.630314589,-76.815834045,4.543567181,4.335000515,-27.001571655,0.000000000,0.000000000,0.000000000,0.000000000,0.000000000,0.000000000,0.000000000,0.000000000,0.000000000,0.000000000,0.000000000,0.000000000
1751979363.675182,24.272000000,59.867225647,0.030000001,0.000000000,2.965728045,2.630314589,-76.815963745,4.543567181,4.335000515,-27.066087723,0.000000000,0.000000000,0.000000000,0.000000000,0.000000000,0.000000000,0.000000000,0.000000000,0.000000000,0.000000000,0.000000000,0.000000000
1751979363.677766,24.274000000,59.867225647,0.030000001,0.000000000,2.965728045,2.630314589,-76.816101074,4.543567181,4.335000515,-27.124151230,0.000000000,0.000000000,0.000000000,0.000000000,0.000000000,0.000000000,0.000000000,0.000000000,0.000000000,0.000000000,0.000000000,0.000000000
1751979363.680322,24.277000000,59.867225647,0.030000001,0.000000000,2.965728045,2.630314589,-76.816238403,4.543567181,4.335000515,-27.176408768,0.000000000,0.000000000,0.000000000,0.000000000,0.000000000,0.000000000,0.000000000,0.000000000,0.000000000,0.000000000,0.000000000,0.000000000
1751979363.682839,24.279000000,59.867225647,0.030000001,0.000000000,2.965728045,2.630314589,-76.816368103,4.543567181,4.335000515,-27.223442078,0.000000000,0.000000000,0.000000000,0.000000000,0.000000000,0.000000000,0.000000000,0.000000000,0.000000000,0.000000000,0.000000000,0.000000000
1751979363.685410,24.282000000,59.867225647,0.030000001,0.000000000,2.965728045,2.630314589,-76.816497803,4.543567181,4.335000515,-27.265769958,0.000000000,0.000000000,0.000000000,0.000000000,0.000000000,0.000000000,0.000000000,0.000000000,0.000000000,0.000000000,0.000000000,0.000000000
1751979363.688002,24.284000000,59.867225647,0.030000001,0.000000000,2.965728045,2.630314589,-76.816635132,4.543567181,4.335000515,-27.303865433,0.000000000,0.000000000,0.000000000,0.000000000,0.000000000,0.000000000,0.000000000,0.000000000,0.000000000,0.000000000,0.000000000,0.000000000
1751979363.690541,24.287000000,59.867225647,0.030000001,0.000000000,2.965728045,2.630314589,-76.816764832,4.543567181,4.335000515,-27.338151932,0.000000000,0.000000000,0.000000000,0.000000000,0.000000000,0.000000000,0.000000000,0.000000000,0.000000000,0.000000000,0.000000000,0.000000000
1751979363.693137,24.290000000,59.867225647,0.030000001,0.000000000,2.965728045,2.630314589,-76.816902161,4.543567181,4.343999386,-26.445520401,0.000000000,0.000000000,0.000000000,0.000000000,0.000000000,0.000000000,0.000000000,0.000000000,0.000000000,0.000000000,0.000000000,0.000000000
1751979363.695756,24.292000000,59.867225647,0.030000001,0.000000000,2.965728045,2.630314589,-76.817039490,4.543567181,4.343999386,-26.446384430,0.000000000,0.000000000,0.000000000,0.000000000,0.000000000,0.000000000,0.000000000,0.000000000,0.000000000,0.000000000,0.000000000,0.000000000
1751979363.698342,24.295000000,59.867225647,0.030000001,0.000000000,2.965728045,2.630314589,-76.817176819,4.543567181,4.353000641,-25.518629074,0.000000000,0.000000000,0.000000000,0.000000000,0.000000000,0.000000000,0.000000000,0.000000000,0.000000000,0.000000000,0.000000000,0.000000000
1751979363.700911,24.297000000,59.867225647,0.030000001,0.000000000,2.965728045,2.630314589,-76.817306519,4.543567181,4.353000641,-25.492893219,0.000000000,0.000000000,0.000000000,0.000000000,0.000000000,0.000000000,0.000000000,0.000000000,0.000000000,0.000000000,0.000000000,0.000000000
1751979363.703477,24.300000000,59.867225647,0.030000001,0.000000000,2.965728045,2.630314589,-76.817443848,4.543567181,4.353000641,-25.469728470,0.000000000,0.000000000,0.000000000,0.000000000,0.000000000,0.000000000,0.000000000,0.000000000,0.000000000,0.000000000,0.000000000,0.000000000
1751979363.706083,24.302000000,59.867225647,0.030000001,0.000000000,2.965728045,2.630314589,-76.817573547,4.543567181,4.353000641,-25.448883057,0.000000000,0.000000000,0.000000000,0.000000000,0.000000000,0.000000000,0.000000000,0.000000000,0.000000000,0.000000000,0.000000000,0.000000000
1751979363.708660,24.305000000,59.867225647,0.030000001,0.000000000,2.965728045,2.630314589,-76.817710876,4.543567181,4.361999512,-24.505159378,0.000000000,0.000000000,0.000000000,0.000000000,0.000000000,0.000000000,0.000000000,0.000000000,0.000000000,0.000000000,0.000000000,0.000000000
1751979363.711304,24.308000000,59.867225647,0.030000001,0.000000000,2.965728045,2.630314589,-76.817848206,4.543567181,4.361999512,-24.461507797,0.000000000,0.000000000,0.000000000,0.000000000,0.000000000,0.000000000,0.000000000,0.000000000,0.000000000,0.000000000,0.000000000,0.000000000
1751979363.713928,24.310000000,59.867225647,0.030000001,0.000000000,2.965728045,2.630314589,-76.817985535,4.543567181,4.371001244,-23.490112305,0.000000000,0.000000000,0.000000000,0.000000000,0.000000000,0.000000000,0.000000000,0.000000000,0.000000000,0.000000000,0.000000000,0.000000000
1751979363.716494,24.313000000,59.867225647,0.030000001,0.000000000,2.965728045,2.630314589,-76.818115234,4.543567181,4.371001244,-23.428663254,0.000000000,0.000000000,0.000000000,0.000000000,0.000000000,0.000000000,0.000000000,0.000000000,0.000000000,0.000000000,0.000000000,0.000000000
1751979363.719069,24.315000000,59.867225647,0.030000001,0.000000000,2.965728045,2.630314589,-76.818252563,4.543567181,4.371001244,-23.373359680,0.000000000,0.000000000,0.000000000,0.000000000,0.000000000,0.000000000,0.000000000,0.000000000,0.000000000,0.000000000,0.000000000,0.000000000
1751979363.721689,24.318000000,59.867225647,0.030000001,0.000000000,2.965728045,2.630314589,-76.818389893,4.543567181,4.380000114,-22.396219254,0.000000000,0.000000000,0.000000000,0.000000000,0.000000000,0.000000000,0.000000000,0.000000000,0.000000000,0.000000000,0.000000000,0.000000000
1751979363.724337,24.321000000,59.867225647,0.030000001,0.000000000,2.965728045,2.630314589,-76.818527222,4.543567181,4.380000114,-22.324892044,0.000000000,0.000000000,0.000000000,0.000000000,0.000000000,0.000000000,0.000000000,0.000000000,0.000000000,0.000000000,0.000000000,0.000000000
1751979363.726893,24.323000000,59.867225647,0.030000001,0.000000000,2.965728045,2.630314589,-76.818664551,4.543567181,4.380000114,-22.260698318,0.000000000,0.000000000,0.000000000,0.000000000,0.000000000,0.000000000,0.000000000,0.000000000,0.000000000,0.000000000,0.000000000,0.000000000
1751979363.729556,24.326000000,59.867225647,0.030000001,0.000000000,2.965728045,2.630314589,-76.818801880,4.543567181,4.388998985,-21.272754669,0.000000000,0.000000000,0.000000000,0.000000000,0.000000000,0.000000000,0.000000000,0.000000000,0.000000000,0.000000000,0.000000000,0.000000000
1751979363.732139,24.329000000,59.867225647,0.030000001,0.000000000,2.965728045,2.630314589,-76.818931580,4.543567181,4.388998985,-21.194503784,0.000000000,0.000000000,0.000000000,0.000000000,0.000000000,0.000000000,0.000000000,0.000000000,0.000000000,0.000000000,0.000000000,0.000000000
1751979363.734712,24.331000000,59.867225647,0.030000001,0.000000000,2.965728045,2.630314589,-76.819068909,4.543567181,4.398000240,-20.198167801,0.000000000,0.000000000,0.000000000,0.000000000,0.000000000,0.000000000,0.000000000,0.000000000,0.000000000,0.000000000,0.000000000,0.000000000
1751979363.737316,24.334000000,59.867225647,0.030000001,0.000000000,2.965728045,2.630314589,-76.819206238,4.543567181,4.398000240,-20.108072281,0.000000000,0.000000000,0.000000000,0.000000000,0.000000000,0.000000000,0.000000000,0.000000000,0.000000000,0.000000000,0.000000000,0.000000000
1751979363.739864,24.336000000,59.867225647,0.030000001,0.000000000,2.965728045,2.630314589,-76.819335938,4.543567181,4.406999111,-19.099601746,0.000000000,0.000000000,0.000000000,0.000000000,0.000000000,0.000000000,0.000000000,0.000000000,0.000000000,0.000000000,0.000000000,0.000000000
1751979363.742440,24.339000000,59.867225647,0.030000001,0.000000000,2.965728045,2.630314589,-76.819473267,4.543567181,4.406999111,-19.000089645,0.000000000,0.000000000,0.000000000,0.000000000,0.000000000,0.000000000,0.000000000,0.000000000,0.000000000,0.000000000,0.000000000,0.000000000
1751979363.745116,24.341000000,59.867225647,0.030000001,0.000000000,2.965728045,2.630314589,-76.819602966,4.543567181,4.416000366,-17.982515335,0.000000000,0.000000000,0.000000000,0.000000000,0.000000000,0.000000000,0.000000000,0.000000000,0.000000000,0.000000000,0.000000000,0.000000000
1751979363.747752,24.344000000,59.867225647,0.030000001,0.000000000,2.965728045,2.630314589,-76.819747925,4.543567181,4.416000366,-17.875402451,0.000000000,0.000000000,0.000000000,0.000000000,0.000000000,0.000000000,0.000000000,0.000000000,0.000000000,0.000000000,0.000000000,0.000000000
1751979363.750334,24.347000000,59.867225647,0.030000001,0.000000000,2.965728045,2.630314589,-76.819885254,4.543567181,4.416000366,-17.779001236,0.000000000,0.000000000,0.000000000,0.000000000,0.000000000,0.000000000,0.000000000,0.000000000,0.000000000,0.000000000,0.000000000,0.000000000
1751979363.752966,24.349000000,59.867225647,0.030000001,0.000000000,2.965728045,2.630314589,-76.820014954,4.543567181,4.424999237,-16.765399933,0.000000000,0.000000000,0.000000000,0.000000000,0.000000000,0.000000000,0.000000000,0.000000000,0.000000000,0.000000000,0.000000000,0.000000000
1751979363.755530,24.352000000,59.867225647,0.030000001,0.000000000,2.965728045,2.630314589,-76.820152283,4.543567181,4.434000969,-15.732601166,0.000000000,0.000000000,0.000000000,0.000000000,0.000000000,0.000000000,0.000000000,0.000000000,0.000000000,0.000000000,0.000000000,0.000000000
1751979363.758122,24.355000000,59.867225647,0.030000001,0.000000000,2.965728045,2.630314589,-76.820289612,4.543567181,4.434000969,-15.611878395,0.000000000,0.000000000,0.000000000,0.000000000,0.000000000,0.000000000,0.000000000,0.000000000,0.000000000,0.000000000,0.000000000,0.000000000
1751979363.760849,24.357000000,59.867225647,0.030000001,0.000000000,2.965728045,2.630314589,-76.820426941,4.543567181,4.434000969,-15.503229141,0.000000000,0.000000000,0.000000000,0.000000000,0.000000000,0.000000000,0.000000000,0.000000000,0.000000000,0.000000000,0.000000000,0.000000000
1751979363.763542,24.360000000,59.867225647,0.030000001,0.000000000,2.965728045,2.630314589,-76.820571899,4.543567181,4.442999840,-14.460856438,0.000000000,0.000000000,0.000000000,0.000000000,0.000000000,0.000000000,0.000000000,0.000000000,0.000000000,0.000000000,0.000000000,0.000000000
1751979363.766129,24.362000000,59.867225647,0.030000001,0.000000000,2.965728045,2.630314589,-76.820701599,4.543567181,4.442999840,-14.348023415,0.000000000,0.000000000,0.000000000,0.000000000,0.000000000,0.000000000,0.000000000,0.000000000,0.000000000,0.000000000,0.000000000,0.000000000
1751979363.768718,24.365000000,59.867225647,0.030000001,0.000000000,2.965728045,2.630314589,-76.820838928,4.543567181,4.452001095,-13.318123817,0.000000000,0.000000000,0.000000000,0.000000000,0.000000000,0.000000000,0.000000000,0.000000000,0.000000000,0.000000000,0.000000000,0.000000000
1751979363.771264,24.368000000,59.867225647,0.030000001,0.000000000,2.965728045,2.630314589,-76.820968628,4.543567181,4.452001095,-13.200244904,0.000000000,0.000000000,0.000000000,0.000000000,0.000000000,0.000000000,0.000000000,0.000000000,0.000000000,0.000000000,0.000000000,0.000000000
1751979363.773820,24.370000000,59.867225647,0.030000001,0.000000000,2.965728045,2.630314589,-76.821105957,4.543567181,4.452001095,-13.094154358,0.000000000,0.000000000,0.000000000,0.000000000,0.000000000,0.000000000,0.000000000,0.000000000,0.000000000,0.000000000,0.000000000,0.000000000
1751979363.776372,24.373000000,59.867225647,0.030000001,0.000000000,2.965728045,2.630314589,-76.821235657,4.543567181,4.452001095,-12.998672485,0.000000000,0.000000000,0.000000000,0.000000000,0.000000000,0.000000000,0.000000000,0.000000000,0.000000000,0.000000000,0.000000000,0.000000000
1751979363.779150,24.375000000,59.867225647,0.030000001,0.000000000,2.965728045,2.630314589,-76.821372986,4.543567181,4.452001095,-12.912739754,0.000000000,0.000000000,0.000000000,0.000000000,0.000000000,0.000000000,0.000000000,0.000000000,0.000000000,0.000000000,0.000000000,0.000000000
1751979363.781863,24.378000000,59.867225647,0.030000001,0.000000000,2.965728045,2.630314589,-76.821517944,4.543567181,4.452001095,-12.835399628,0.000000000,0.000000000,0.000000000,0.000000000,0.000000000,0.000000000,0.000000000,0.000000000,0.000000000,0.000000000,0.000000000,0.000000000
1751979363.784532,24.381000000,59.867225647,0.030000001,0.000000000,2.965728045,2.630314589,-76.821655273,4.543567181,4.452001095,-12.765792847,0.000000000,0.000000000,0.000000000,0.000000000,0.000000000,0.000000000,0.000000000,0.000000000,0.000000000,0.000000000,0.000000000,0.000000000
1751979363.787296,24.384000000,59.867225647,0.030000001,0.000000000,2.965728045,2.630314589,-76.821800232,4.543567181,4.452001095,-12.703147888,0.000000000,0.000000000,0.000000000,0.000000000,0.000000000,0.000000000,0.000000000,0.000000000,0.000000000,0.000000000,0.000000000,0.000000000
1751979363.790066,24.386000000,59.867225647,0.030000001,0.000000000,2.965728045,2.630314589,-76.821945190,4.543567181,4.452001095,-12.646766663,0.000000000,0.000000000,0.000000000,0.000000000,0.000000000,0.000000000,0.000000000,0.000000000,0.000000000,0.000000000,0.000000000,0.000000000
1751979363.792768,24.389000000,59.867225647,0.030000001,0.000000000,2.965728045,2.630314589,-76.822090149,4.543567181,4.452001095,-12.596023560,0.000000000,0.000000000,0.000000000,0.000000000,0.000000000,0.000000000,0.000000000,0.000000000,0.000000000,0.000000000,0.000000000,0.000000000
1751979363.795578,24.392000000,59.867225647,0.030000001,0.000000000,2.965728045,2.630314589,-76.822235107,4.543567181,4.452001095,-12.550354958,0.000000000,0.000000000,0.000000000,0.000000000,0.000000000,0.000000000,0.000000000,0.000000000,0.000000000,0.000000000,0.000000000,0.000000000
1751979363.798194,24.395000000,59.867225647,0.030000001,0.000000000,2.965728045,2.630314589,-76.822380066,4.543567181,4.452001095,-12.509253502,0.000000000,0.000000000,0.000000000,0.000000000,0.000000000,0.000000000,0.000000000,0.000000000,0.000000000,0.000000000,0.000000000,0.000000000
1751979363.800752,24.397000000,59.867225647,0.030000001,0.000000000,2.965728045,2.630314589,-76.822517395,4.543567181,4.452001095,-12.472262383,0.000000000,0.000000000,0.000000000,0.000000000,0.000000000,0.000000000,0.000000000,0.000000000,0.000000000,0.000000000,0.000000000,0.000000000
1751979363.803362,24.400000000,59.867225647,0.030000001,0.000000000,2.965728045,2.630314589,-76.822647095,4.543567181,4.452001095,-12.438969612,0.000000000,0.000000000,0.000000000,0.000000000,0.000000000,0.000000000,0.000000000,0.000000000,0.000000000,0.000000000,0.000000000,0.000000000
1751979363.806034,24.402000000,59.867225647,0.030000001,0.000000000,2.965728045,2.630314589,-76.822784424,4.543567181,4.452001095,-12.409007072,0.000000000,0.000000000,0.000000000,0.000000000,0.000000000,0.000000000,0.000000000,0.000000000,0.000000000,0.000000000,0.000000000,0.000000000
1751979363.808752,24.405000000,59.867225647,0.030000001,0.000000000,2.965728045,2.630314589,-76.822929382,4.543567181,4.452001095,-12.382040024,0.000000000,0.000000000,0.000000000,0.000000000,0.000000000,0.000000000,0.000000000,0.000000000,0.000000000,0.000000000,0.000000000,0.000000000
1751979363.811358,24.408000000,59.867225647,0.030000001,0.000000000,2.965728045,2.630314589,-76.823066711,4.543567181,4.452001095,-12.357769966,0.000000000,0.000000000,0.000000000,0.000000000,0.000000000,0.000000000,0.000000000,0.000000000,0.000000000,0.000000000,0.000000000,0.000000000
1751979363.813997,24.410000000,59.867225647,0.030000001,0.000000000,2.965728045,2.630314589,-76.823204041,4.543567181,4.452001095,-12.335927010,0.000000000,0.000000000,0.000000000,0.000000000,0.000000000,0.000000000,0.000000000,0.000000000,0.000000000,0.000000000,0.000000000,0.000000000
1751979363.816525,24.413000000,59.867225647,0.030000001,0.000000000,2.965728045,2.630314589,-76.823341370,4.543567181,4.452001095,-12.316267967,0.000000000,0.000000000,0.000000000,0.000000000,0.000000000,0.000000000,0.000000000,0.000000000,0.000000000,0.000000000,0.000000000,0.000000000
1751979363.819131,24.415000000,59.867225647,0.030000001,0.000000000,2.965728045,2.630314589,-76.823471069,4.543567181,4.452001095,-12.298574448,0.000000000,0.000000000,0.000000000,0.000000000,0.000000000,0.000000000,0.000000000,0.000000000,0.000000000,0.000000000,0.000000000,0.000000000
1751979363.821688,24.418000000,59.867225647,0.030000001,0.000000000,2.965728045,2.630314589,-76.823608398,4.543567181,4.452001095,-12.282650948,0.000000000,0.000000000,0.000000000,0.000000000,0.000000000,0.000000000,0.000000000,0.000000000,0.000000000,0.000000000,0.000000000,0.000000000
1751979363.824303,24.421000000,59.867225647,0.030000001,0.000000000,2.965728045,2.630314589,-76.823745728,4.543567181,4.452001095,-12.268320084,0.000000000,0.000000000,0.000000000,0.000000000,0.000000000,0.000000000,0.000000000,0.000000000,0.000000000,0.000000000,0.000000000,0.000000000
1751979363.826866,24.423000000,59.867225647,0.030000001,0.000000000,2.965728045,2.630314589,-76.823883057,4.543567181,4.452001095,-12.255421638,0.000000000,0.000000000,0.000000000,0.000000000,0.000000000,0.000000000,0.000000000,0.000000000,0.000000000,0.000000000,0.000000000,0.000000000
1751979363.829495,24.426000000,59.867225647,0.030000001,0.000000000,2.965728045,2.630314589,-76.824020386,4.543567181,4.460999966,-11.314088821,0.000000000,0.000000000,0.000000000,0.000000000,0.000000000,0.000000000,0.000000000,0.000000000,0.000000000,0.000000000,0.000000000,0.000000000
1751979363.832074,24.428000000,59.867225647,0.030000001,0.000000000,2.965728045,2.630314589,-76.824150085,4.543567181,4.452001095,-12.202770233,0.000000000,0.000000000,0.000000000,0.000000000,0.000000000,0.000000000,0.000000000,0.000000000,0.000000000,0.000000000,0.000000000,0.000000000
1751979363.834666,24.431000000,59.867225647,0.030000001,0.000000000,2.965728045,2.630314589,-76.824287415,4.543567181,4.460999966,-11.271707535,0.000000000,0.000000000,0.000000000,0.000000000,0.000000000,0.000000000,0.000000000,0.000000000,0.000000000,0.000000000,0.000000000,0.000000000
1751979363.837233,24.434000000,59.867225647,0.030000001,0.000000000,2.965728045,2.630314589,-76.824424744,4.543567181,4.452001095,-12.163800240,0.000000000,0.000000000,0.000000000,0.000000000,0.000000000,0.000000000,0.000000000,0.000000000,0.000000000,0.000000000,0.000000000,0.000000000
1751979363.839867,24.436000000,59.867225647,0.030000001,0.000000000,2.965728045,2.630314589,-76.824562073,4.543567181,4.460999966,-11.236108780,0.000000000,0.000000000,0.000000000,0.000000000,0.000000000,0.000000000,0.000000000,0.000000000,0.000000000,0.000000000,0.000000000,0.000000000
1751979363.842595,24.439000000,59.867225647,0.030000001,0.000000000,2.965728045,2.630314589,-76.824699402,4.543567181,4.452001095,-12.141419411,0.000000000,0.000000000,0.000000000,0.000000000,0.000000000,0.000000000,0.000000000,0.000000000,0.000000000,0.000000000,0.000000000,0.000000000
1751979363.845370,24.442000000,59.867225647,0.030000001,0.000000000,2.965728045,2.630314589,-76.824844360,4.543567181,4.460999966,-11.202269554,0.000000000,0.000000000,0.000000000,0.000000000,0.000000000,0.000000000,0.000000000,0.000000000,0.000000000,0.000000000,0.000000000,0.000000000
1751979363.848327,24.444000000,59.867225647,0.030000001,0.000000000,2.965728045,2.630314589,-76.824989319,4.543567181,4.452001095,-12.123246193,0.000000000,0.000000000,0.000000000,0.000000000,0.000000000,0.000000000,0.000000000,0.000000000,0.000000000,0.000000000,0.000000000,0.000000000
1751979363.850933,24.447000000,59.867225647,0.030000001,0.000000000,2.965728045,2.630314589,-76.825141907,4.543567181,4.460999966,-11.174315453,0.000000000,0.000000000,0.000000000,0.000000000,0.000000000,0.000000000,0.000000000,0.000000000,0.000000000,0.000000000,0.000000000,0.000000000
1751979363.853603,24.450000000,59.867225647,0.030000001,0.000000000,2.965728045,2.630314589,-76.825279236,4.543567181,4.452001095,-12.089444160,0.000000000,0.000000000,0.000000000,0.000000000,0.000000000,0.000000000,0.000000000,0.000000000,0.000000000,0.000000000,0.000000000,0.000000000
1751979363.856223,24.453000000,59.867225647,0.030000001,0.000000000,2.965728045,2.630314589,-76.825416565,4.543567181,4.460999966,-11.160927773,0.000000000,0.000000000,0.000000000,0.000000000,0.000000000,0.000000000,0.000000000,0.000000000,0.000000000,0.000000000,0.000000000,0.000000000
1751979363.858798,24.455000000,59.867225647,0.030000001,0.000000000,2.965728045,2.630314589,-76.825553894,4.543567181,4.452001095,-12.066594124,0.000000000,0.000000000,0.000000000,0.000000000,0.000000000,0.000000000,0.000000000,0.000000000,0.000000000,0.000000000,0.000000000,0.000000000
1751979363.861491,24.458000000,59.867225647,0.030000001,0.000000000,2.965728045,2.630314589,-76.825691223,4.543567181,4.460999966,-11.145632744,0.000000000,0.000000000,0.000000000,0.000000000,0.000000000,0.000000000,0.000000000,0.000000000,0.000000000,0.000000000,0.000000000,0.000000000
1751979363.864198,24.460000000,59.867225647,0.030000001,0.000000000,2.965728045,2.630314589,-76.825828552,4.543567181,4.452001095,-12.062307358,0.000000000,0.000000000,0.000000000,0.000000000,0.000000000,0.000000000,0.000000000,0.000000000,0.000000000,0.000000000,0.000000000,0.000000000
1751979363.866742,24.463000000,59.867225647,0.030000001,0.000000000,2.965728045,2.630314589,-76.825965881,4.543567181,4.460999966,-11.138763428,0.000000000,0.000000000,0.000000000,0.000000000,0.000000000,0.000000000,0.000000000,0.000000000,0.000000000,0.000000000,0.000000000,0.000000000
1751979363.869329,24.466000000,59.867225647,0.030000001,0.000000000,2.965728045,2.630314589,-76.826103210,4.543567181,4.452001095,-12.046032906,0.000000000,0.000000000,0.000000000,0.000000000,0.000000000,0.000000000,0.000000000,0.000000000,0.000000000,0.000000000,0.000000000,0.000000000
1751979363.871922,24.468000000,59.867225647,0.030000001,0.000000000,2.965728045,2.630314589,-76.826240540,4.543567181,4.460999966,-11.129688263,0.000000000,0.000000000,0.000000000,0.000000000,0.000000000,0.000000000,0.000000000,0.000000000,0.000000000,0.000000000,0.000000000,0.000000000
1751979363.874491,24.471000000,59.867225647,0.030000001,0.000000000,2.965728045,2.630314589,-76.826370239,4.543567181,4.452001095,-12.038174629,0.000000000,0.000000000,0.000000000,0.000000000,0.000000000,0.000000000,0.000000000,0.000000000,0.000000000,0.000000000,0.000000000,0.000000000
1751979363.877147,24.474000000,59.867225647,0.030000001,0.000000000,2.965728045,2.630314589,-76.826507568,4.543567181,4.460999966,-11.118336678,0.000000000,0.000000000,0.000000000,0.000000000,0.000000000,0.000000000,0.000000000,0.000000000,0.000000000,0.000000000,0.000000000,0.000000000
1751979363.879809,24.476000000,59.867225647,0.030000001,0.000000000,2.965728045,2.630314589,-76.826644897,4.543567181,4.460999966,-11.101146698,0.000000000,0.000000000,0.000000000,0.000000000,0.000000000,0.000000000,0.000000000,0.000000000,0.000000000,0.000000000,0.000000000,0.000000000
1751979363.882374,24.479000000,59.867225647,0.030000001,0.000000000,2.965728045,2.630314589,-76.826782227,4.543567181,4.460999966,-11.085676193,0.000000000,0.000000000,0.000000000,0.000000000,0.000000000,0.000000000,0.000000000,0.000000000,0.000000000,0.000000000,0.000000000,0.000000000
1751979363.884969,24.481000000,59.867225647,0.030000001,0.000000000,2.965728045,2.630314589,-76.826919556,4.543567181,4.460999966,-11.071751595,0.000000000,0.000000000,0.000000000,0.000000000,0.000000000,0.000000000,0.000000000,0.000000000,0.000000000,0.000000000,0.000000000,0.000000000
1751979363.887554,24.484000000,59.867225647,0.030000001,0.000000000,2.965728045,2.630314589,-76.827056885,4.543567181,4.460999966,-11.059220314,0.000000000,0.000000000,0.000000000,0.000000000,0.000000000,0.000000000,0.000000000,0.000000000,0.000000000,0.000000000,0.000000000,0.000000000
1751979363.890196,24.487000000,59.867225647,0.030000001,0.000000000,2.965728045,2.630314589,-76.827194214,4.543567181,4.460999966,-11.047942162,0.000000000,0.000000000,0.000000000,0.000000000,0.000000000,0.000000000,0.000000000,0.000000000,0.000000000,0.000000000,0.000000000,0.000000000
1751979363.892802,24.489000000,59.867225647,0.030000001,0.000000000,2.965728045,2.630314589,-76.827331543,4.543567181,4.460999966,-11.037791252,0.000000000,0.000000000,0.000000000,0.000000000,0.000000000,0.000000000,0.000000000,0.000000000,0.000000000,0.000000000,0.000000000,0.000000000
1751979363.895512,24.492000000,59.867225647,0.030000001,0.000000000,2.965728045,2.630314589,-76.827468872,4.543567181,4.460999966,-11.028656006,0.000000000,0.000000000,0.000000000,0.000000000,0.000000000,0.000000000,0.000000000,0.000000000,0.000000000,0.000000000,0.000000000,0.000000000
1751979363.898049,24.494000000,59.867225647,0.030000001,0.000000000,2.965728045,2.630314589,-76.827606201,4.543567181,4.452001095,-11.950303078,0.000000000,0.000000000,0.000000000,0.000000000,0.000000000,0.000000000,0.000000000,0.000000000,0.000000000,0.000000000,0.000000000,0.000000000
1751979363.900629,24.497000000,59.867225647,0.030000001,0.000000000,2.965728045,2.630314589,-76.827735901,4.543567181,4.452001095,-11.969206810,0.000000000,0.000000000,0.000000000,0.000000000,0.000000000,0.000000000,0.000000000,0.000000000,0.000000000,0.000000000,0.000000000,0.000000000
1751979363.903210,24.500000000,59.867225647,0.030000001,0.000000000,2.965728045,2.630314589,-76.827873230,4.543567181,4.452001095,-11.986219406,0.000000000,0.000000000,0.000000000,0.000000000,0.000000000,0.000000000,0.000000000,0.000000000,0.000000000,0.000000000,0.000000000,0.000000000
1751979363.905798,24.502000000,59.867225647,0.030000001,0.000000000,2.965728045,2.630314589,-76.828010559,4.543567181,4.452001095,-12.001531601,0.000000000,0.000000000,0.000000000,0.000000000,0.000000000,0.000000000,0.000000000,0.000000000,0.000000000,0.000000000,0.000000000,0.000000000
1751979363.908383,24.505000000,59.867225647,0.030000001,0.000000000,2.965728045,2.630314589,-76.828140259,4.543567181,4.452001095,-12.015312195,0.000000000,0.000000000,0.000000000,0.000000000,0.000000000,0.000000000,0.000000000,0.000000000,0.000000000,0.000000000,0.000000000,0.000000000
1751979363.911037,24.507000000,59.867225647,0.030000001,0.000000000,2.965728045,2.630314589,-76.828277588,4.543567181,4.452001095,-12.027714729,0.000000000,0.000000000,0.000000000,0.000000000,0.000000000,0.000000000,0.000000000,0.000000000,0.000000000,0.000000000,0.000000000,0.000000000
1751979363.913650,24.510000000,59.867225647,0.030000001,0.000000000,2.965728045,2.630314589,-76.828414917,4.543567181,4.452001095,-12.038877487,0.000000000,0.000000000,0.000000000,0.000000000,0.000000000,0.000000000,0.000000000,0.000000000,0.000000000,0.000000000,0.000000000,0.000000000
1751979363.916238,24.513000000,59.867225647,0.030000001,0.000000000,2.965728045,2.630314589,-76.828552246,4.543567181,4.452001095,-12.048923492,0.000000000,0.000000000,0.000000000,0.000000000,0.000000000,0.000000000,0.000000000,0.000000000,0.000000000,0.000000000,0.000000000,0.000000000
1751979363.918811,24.515000000,59.867225647,0.030000001,0.000000000,2.965728045,2.630314589,-76.828689575,4.543567181,4.452001095,-12.057965279,0.000000000,0.000000000,0.000000000,0.000000000,0.000000000,0.000000000,0.000000000,0.000000000,0.000000000,0.000000000,0.000000000,0.000000000
1751979363.921398,24.518000000,59.867225647,0.030000001,0.000000000,2.965728045,2.630314589,-76.828819275,4.543567181,4.452001095,-12.066102028,0.000000000,0.000000000,0.000000000,0.000000000,0.000000000,0.000000000,0.000000000,0.000000000,0.000000000,0.000000000,0.000000000,0.000000000
1751979363.924008,24.520000000,59.867225647,0.030000001,0.000000000,2.965728045,2.630314589,-76.828956604,4.543567181,4.452001095,-12.073426247,0.000000000,0.000000000,0.000000000,0.000000000,0.000000000,0.000000000,0.000000000,0.000000000,0.000000000,0.000000000,0.000000000,0.000000000
1751979363.926579,24.523000000,59.867225647,0.030000001,0.000000000,2.965728045,2.630314589,-76.829093933,4.543567181,4.452001095,-12.080017090,0.000000000,0.000000000,0.000000000,0.000000000,0.000000000,0.000000000,0.000000000,0.000000000,0.000000000,0.000000000,0.000000000,0.000000000
1751979363.929211,24.526000000,59.867225647,0.030000001,0.000000000,2.965728045,2.630314589,-76.829231262,4.543567181,4.452001095,-12.085948944,0.000000000,0.000000000,0.000000000,0.000000000,0.000000000,0.000000000,0.000000000,0.000000000,0.000000000,0.000000000,0.000000000,0.000000000
1751979363.931772,24.528000000,59.867225647,0.030000001,0.000000000,2.965728045,2.630314589,-76.829360962,4.543567181,4.442999840,-13.017878532,0.000000000,0.000000000,0.000000000,0.000000000,0.000000000,0.000000000,0.000000000,0.000000000,0.000000000,0.000000000,0.000000000,0.000000000
1751979363.934430,24.531000000,59.867225647,0.030000001,0.000000000,2.965728045,2.630314589,-76.829498291,4.543567181,4.442999840,-13.049344063,0.000000000,0.000000000,0.000000000,0.000000000,0.000000000,0.000000000,0.000000000,0.000000000,0.000000000,0.000000000,0.000000000,0.000000000
1751979363.937145,24.534000000,59.867225647,0.030000001,0.000000000,2.965728045,2.630314589,-76.829643250,4.543567181,4.442999840,-13.077663422,0.000000000,0.000000000,0.000000000,0.000000000,0.000000000,0.000000000,0.000000000,0.000000000,0.000000000,0.000000000,0.000000000,0.000000000
1751979363.939727,24.536000000,59.867225647,0.030000001,0.000000000,2.965728045,2.630314589,-76.829780579,4.543567181,4.442999840,-13.103150368,0.000000000,0.000000000,0.000000000,0.000000000,0.000000000,0.000000000,0.000000000,0.000000000,0.000000000,0.000000000,0.000000000,0.000000000
1751979363.942352,24.539000000,59.867225647,0.030000001,0.000000000,2.965728045,2.630314589,-76.829910278,4.543567181,4.434000969,-14.050080299,0.000000000,0.000000000,0.000000000,0.000000000,0.000000000,0.000000000,0.000000000,0.000000000,0.000000000,0.000000000,0.000000000,0.000000000
1751979363.945389,24.542000000,59.867225647,0.030000001,0.000000000,2.965728045,2.630314589,-76.830055237,4.543567181,4.434000969,-14.097610474,0.000000000,0.000000000,0.000000000,0.000000000,0.000000000,0.000000000,0.000000000,0.000000000,0.000000000,0.000000000,0.000000000,0.000000000
1751979363.948046,24.544000000,59.867225647,0.030000001,0.000000000,2.965728045,2.630314589,-76.830207825,4.543567181,4.434000969,-14.140387535,0.000000000,0.000000000,0.000000000,0.000000000,0.000000000,0.000000000,0.000000000,0.000000000,0.000000000,0.000000000,0.000000000,0.000000000
1751979363.950695,24.547000000,59.867225647,0.030000001,0.000000000,2.965728045,2.630314589,-76.830345154,4.543567181,4.434000969,-14.178886414,0.000000000,0.000000000,0.000000000,0.000000000,0.000000000,0.000000000,0.000000000,0.000000000,0.000000000,0.000000000,0.000000000,0.000000000
1751979363.953310,24.550000000,59.867225647,0.030000001,0.000000000,2.965728045,2.630314589,-76.830490112,4.543567181,4.424999237,-15.146282196,0.000000000,0.000000000,0.000000000,0.000000000,0.000000000,0.000000000,0.000000000,0.000000000,0.000000000,0.000000000,0.000000000,0.000000000
1751979363.955869,24.552000000,59.867225647,0.030000001,0.000000000,2.965728045,2.630314589,-76.830619812,4.543567181,4.424999237,-15.203512192,0.000000000,0.000000000,0.000000000,0.000000000,0.000000000,0.000000000,0.000000000,0.000000000,0.000000000,0.000000000,0.000000000,0.000000000
1751979363.958479,24.555000000,59.867225647,0.030000001,0.000000000,2.965728045,2.630314589,-76.830757141,4.543567181,4.416000366,-16.182699203,0.000000000,0.000000000,0.000000000,0.000000000,0.000000000,0.000000000,0.000000000,0.000000000,0.000000000,0.000000000,0.000000000,0.000000000
1751979363.961107,24.557000000,59.867225647,0.030000001,0.000000000,2.965728045,2.630314589,-76.830894470,4.543567181,4.416000366,-16.255567551,0.000000000,0.000000000,0.000000000,0.000000000,0.000000000,0.000000000,0.000000000,0.000000000,0.000000000,0.000000000,0.000000000,0.000000000
1751979363.963886,24.560000000,59.867225647,0.030000001,0.000000000,2.965728045,2.630314589,-76.831031799,4.543567181,4.416000366,-16.321149826,0.000000000,0.000000000,0.000000000,0.000000000,0.000000000,0.000000000,0.000000000,0.000000000,0.000000000,0.000000000,0.000000000,0.000000000
1751979363.966442,24.563000000,59.867225647,0.030000001,0.000000000,2.965728045,2.630314589,-76.831176758,4.543567181,4.406999111,-17.312236786,0.000000000,0.000000000,0.000000000,0.000000000,0.000000000,0.000000000,0.000000000,0.000000000,0.000000000,0.000000000,0.000000000,0.000000000
1751979363.969012,24.565000000,59.867225647,0.030000001,0.000000000,2.965728045,2.630314589,-76.831306458,4.543567181,4.406999111,-17.391460419,0.000000000,0.000000000,0.000000000,0.000000000,0.000000000,0.000000000,0.000000000,0.000000000,0.000000000,0.000000000,0.000000000,0.000000000
1751979363.971754,24.568000000,59.867225647,0.030000001,0.000000000,2.965728045,2.630314589,-76.831443787,4.543567181,4.398000240,-18.393117905,0.000000000,0.000000000,0.000000000,0.000000000,0.000000000,0.000000000,0.000000000,0.000000000,0.000000000,0.000000000,0.000000000,0.000000000
1751979363.974451,24.571000000,59.867225647,0.030000001,0.000000000,2.965728045,2.630314589,-76.831596375,4.543567181,4.398000240,-18.483528137,0.000000000,0.000000000,0.000000000,0.000000000,0.000000000,0.000000000,0.000000000,0.000000000,0.000000000,0.000000000,0.000000000,0.000000000
1751979363.977078,24.573000000,59.867225647,0.030000001,0.000000000,2.965728045,2.630314589,-76.831726074,4.543567181,4.388998985,-19.491260529,0.000000000,0.000000000,0.000000000,0.000000000,0.000000000,0.000000000,0.000000000,0.000000000,0.000000000,0.000000000,0.000000000,0.000000000
1751979363.979694,24.576000000,59.867225647,0.030000001,0.000000000,2.965728045,2.630314589,-76.831863403,4.543567181,4.388998985,-19.591159821,0.000000000,0.000000000,0.000000000,0.000000000,0.000000000,0.000000000,0.000000000,0.000000000,0.000000000,0.000000000,0.000000000,0.000000000
1751979363.982276,24.579000000,59.867225647,0.030000001,0.000000000,2.965728045,2.630314589,-76.832000732,4.543567181,4.380000114,-20.608852386,0.000000000,0.000000000,0.000000000,0.000000000,0.000000000,0.000000000,0.000000000,0.000000000,0.000000000,0.000000000,0.000000000,0.000000000
1751979363.984884,24.581000000,59.867225647,0.030000001,0.000000000,2.965728045,2.630314589,-76.832138062,4.543567181,4.380000114,-20.716262817,0.000000000,0.000000000,0.000000000,0.000000000,0.000000000,0.000000000,0.000000000,0.000000000,0.000000000,0.000000000,0.000000000,0.000000000
1751979363.987522,24.584000000,59.867225647,0.030000001,0.000000000,2.965728045,2.630314589,-76.832275391,4.543567181,4.371001244,-21.739200592,0.000000000,0.000000000,0.000000000,0.000000000,0.000000000,0.000000000,0.000000000,0.000000000,0.000000000,0.000000000,0.000000000,0.000000000
1751979363.990187,24.587000000,59.867225647,0.030000001,0.000000000,2.965728045,2.630314589,-76.832412720,4.543567181,4.371001244,-21.852842331,0.000000000,0.000000000,0.000000000,0.000000000,0.000000000,0.000000000,0.000000000,0.000000000,0.000000000,0.000000000,0.000000000,0.000000000
1751979363.992768,24.589000000,59.867225647,0.030000001,0.000000000,2.965728045,2.630314589,-76.832550049,4.543567181,4.361999512,-22.883346558,0.000000000,0.000000000,0.000000000,0.000000000,0.000000000,0.000000000,0.000000000,0.000000000,0.000000000,0.000000000,0.000000000,0.000000000
1751979363.995492,24.592000000,59.867225647,0.030000001,0.000000000,2.965728045,2.630314589,-76.832687378,4.543567181,4.361999512,-23.001874924,0.000000000,0.000000000,0.000000000,0.000000000,0.000000000,0.000000000,0.000000000,0.000000000,0.000000000,0.000000000,0.000000000,0.000000000
1751979363.998040,24.594000000,59.867225647,0.030000001,0.000000000,2.965728045,2.630314589,-76.832824707,4.543567181,4.361999512,-23.108552933,0.000000000,0.000000000,0.000000000,0.000000000,0.000000000,0.000000000,0.000000000,0.000000000,0.000000000,0.000000000,0.000000000,0.000000000
1751979364.000595,24.597000000,59.867225647,0.030000001,0.000000000,2.965728045,2.630314589,-76.832954407,4.543567181,4.353000641,-24.127410889,0.000000000,0.000000000,0.000000000,0.000000000,0.000000000,0.000000000,0.000000000,0.000000000,0.000000000,0.000000000,0.000000000,0.000000000
1751979364.003162,24.600000000,59.867225647,0.030000001,0.000000000,2.965728045,2.630314589,-76.833091736,4.543567181,4.343999386,-25.165399551,0.000000000,0.000000000,0.000000000,0.000000000,0.000000000,0.000000000,0.000000000,0.000000000,0.000000000,0.000000000,0.000000000,0.000000000
1751979364.005721,24.602000000,59.867225647,0.030000001,0.000000000,2.965728045,2.630314589,-76.833221436,4.543567181,4.343999386,-25.294275284,0.000000000,0.000000000,0.000000000,0.000000000,0.000000000,0.000000000,0.000000000,0.000000000,0.000000000,0.000000000,0.000000000,0.000000000
1751979364.008285,24.605000000,59.867225647,0.030000001,0.000000000,2.965728045,2.630314589,-76.833358765,4.543567181,4.343999386,-25.410264969,0.000000000,0.000000000,0.000000000,0.000000000,0.000000000,0.000000000,0.000000000,0.000000000,0.000000000,0.000000000,0.000000000,0.000000000
1751979364.010989,24.607000000,59.867225647,0.030000001,0.000000000,2.965728045,2.630314589,-76.833488464,4.543567181,4.343999386,-25.514654160,0.000000000,0.000000000,0.000000000,0.000000000,0.000000000,0.000000000,0.000000000,0.000000000,0.000000000,0.000000000,0.000000000,0.000000000
1751979364.013684,24.610000000,59.867225647,0.030000001,0.000000000,2.965728045,2.630314589,-76.833633423,4.543567181,4.335000515,-26.546554565,0.000000000,0.000000000,0.000000000,0.000000000,0.000000000,0.000000000,0.000000000,0.000000000,0.000000000,0.000000000,0.000000000,0.000000000
1751979364.016240,24.613000000,59.867225647,0.030000001,0.000000000,2.965728045,2.630314589,-76.833770752,4.543567181,4.335000515,-26.656572342,0.000000000,0.000000000,0.000000000,0.000000000,0.000000000,0.000000000,0.000000000,0.000000000,0.000000000,0.000000000,0.000000000,0.000000000
1751979364.018790,24.615000000,59.867225647,0.030000001,0.000000000,2.965728045,2.630314589,-76.833900452,4.543567181,4.335000515,-26.755588531,0.000000000,0.000000000,0.000000000,0.000000000,0.000000000,0.000000000,0.000000000,0.000000000,0.000000000,0.000000000,0.000000000,0.000000000
1751979364.021357,24.618000000,59.867225647,0.030000001,0.000000000,2.965728045,2.630314589,-76.834037781,4.543567181,4.325999260,-27.769197464,0.000000000,0.000000000,0.000000000,0.000000000,0.000000000,0.000000000,0.000000000,0.000000000,0.000000000,0.000000000,0.000000000,0.000000000
1751979364.023925,24.620000000,59.867225647,0.030000001,0.000000000,2.965728045,2.630314589,-76.834167480,4.543567181,4.325999260,-27.876235962,0.000000000,0.000000000,0.000000000,0.000000000,0.000000000,0.000000000,0.000000000,0.000000000,0.000000000,0.000000000,0.000000000,0.000000000
1751979364.026484,24.623000000,59.867225647,0.030000001,0.000000000,2.965728045,2.630314589,-76.834297180,4.543567181,4.325999260,-27.972570419,0.000000000,0.000000000,0.000000000,0.000000000,0.000000000,0.000000000,0.000000000,0.000000000,0.000000000,0.000000000,0.000000000,0.000000000
1751979364.029072,24.625000000,59.867225647,0.030000001,0.000000000,2.965728045,2.630314589,-76.834434509,4.543567181,4.325999260,-28.059272766,0.000000000,0.000000000,0.000000000,0.000000000,0.000000000,0.000000000,0.000000000,0.000000000,0.000000000,0.000000000,0.000000000,0.000000000
1751979364.031620,24.628000000,59.867225647,0.030000001,0.000000000,2.965728045,2.630314589,-76.834571838,4.543567181,4.325999260,-28.137304306,0.000000000,0.000000000,0.000000000,0.000000000,0.000000000,0.000000000,0.000000000,0.000000000,0.000000000,0.000000000,0.000000000,0.000000000
1751979364.034217,24.631000000,59.867225647,0.030000001,0.000000000,2.965728045,2.630314589,-76.834701538,4.543567181,4.325999260,-28.207530975,0.000000000,0.000000000,0.000000000,0.000000000,0.000000000,0.000000000,0.000000000,0.000000000,0.000000000,0.000000000,0.000000000,0.000000000
1751979364.036801,24.633000000,59.867225647,0.030000001,0.000000000,2.965728045,2.630314589,-76.834838867,4.543567181,4.325999260,-28.270736694,0.000000000,0.000000000,0.000000000,0.000000000,0.000000000,0.000000000,0.000000000,0.000000000,0.000000000,0.000000000,0.000000000,0.000000000
1751979364.039574,24.636000000,59.867225647,0.030000001,0.000000000,2.965728045,2.630314589,-76.834976196,4.543567181,4.325999260,-28.327621460,0.000000000,0.000000000,0.000000000,0.000000000,0.000000000,0.000000000,0.000000000,0.000000000,0.000000000,0.000000000,0.000000000,0.000000000
1751979364.042251,24.639000000,59.867225647,0.030000001,0.000000000,2.965728045,2.630314589,-76.835121155,4.543567181,4.317000389,-29.321811676,0.000000000,0.000000000,0.000000000,0.000000000,0.000000000,0.000000000,0.000000000,0.000000000,0.000000000,0.000000000,0.000000000,0.000000000
1751979364.044869,24.641000000,59.867225647,0.030000001,0.000000000,2.965728045,2.630314589,-76.835258484,4.543567181,4.325999260,-28.464517593,0.000000000,0.000000000,0.000000000,0.000000000,0.000000000,0.000000000,0.000000000,0.000000000,0.000000000,0.000000000,0.000000000,0.000000000
1751979364.047533,24.644000000,59.867225647,0.030000001,0.000000000,2.965728045,2.630314589,-76.835395813,4.543567181,4.325999260,-28.502025604,0.000000000,0.000000000,0.000000000,0.000000000,0.000000000,0.000000000,0.000000000,0.000000000,0.000000000,0.000000000,0.000000000,0.000000000
1751979364.050108,24.647000000,59.867225647,0.030000001,0.000000000,2.965728045,2.630314589,-76.835533142,4.543567181,4.325999260,-28.535781860,0.000000000,0.000000000,0.000000000,0.000000000,0.000000000,0.000000000,0.000000000,0.000000000,0.000000000,0.000000000,0.000000000,0.000000000
1751979364.052701,24.649000000,59.867225647,0.030000001,0.000000000,2.965728045,2.630314589,-76.835670471,4.543567181,4.325999260,-28.566162109,0.000000000,0.000000000,0.000000000,0.000000000,0.000000000,0.000000000,0.000000000,0.000000000,0.000000000,0.000000000,0.000000000,0.000000000
1751979364.055296,24.652000000,59.867225647,0.030000001,0.000000000,2.965728045,2.630314589,-76.835807800,4.543567181,4.325999260,-28.593503952,0.000000000,0.000000000,0.000000000,0.000000000,0.000000000,0.000000000,0.000000000,0.000000000,0.000000000,0.000000000,0.000000000,0.000000000
1751979364.057859,24.654000000,59.867225647,0.030000001,0.000000000,2.965728045,2.630314589,-76.835937500,4.543567181,4.325999260,-28.618112564,0.000000000,0.000000000,0.000000000,0.000000000,0.000000000,0.000000000,0.000000000,0.000000000,0.000000000,0.000000000,0.000000000,0.000000000
1751979364.060544,24.657000000,59.867225647,0.030000001,0.000000000,2.965728045,2.630314589,-76.836074829,4.543567181,4.325999260,-28.640258789,0.000000000,0.000000000,0.000000000,0.000000000,0.000000000,0.000000000,0.000000000,0.000000000,0.000000000,0.000000000,0.000000000,0.000000000
1751979364.063307,24.660000000,59.867225647,0.030000001,0.000000000,2.965728045,2.630314589,-76.836219788,4.543567181,4.325999260,-28.660192490,0.000000000,0.000000000,0.000000000,0.000000000,0.000000000,0.000000000,0.000000000,0.000000000,0.000000000,0.000000000,0.000000000,0.000000000
1751979364.065850,24.662000000,59.867225647,0.030000001,0.000000000,2.965728045,2.630314589,-76.836357117,4.543567181,4.335000515,-27.747634888,0.000000000,0.000000000,0.000000000,0.000000000,0.000000000,0.000000000,0.000000000,0.000000000,0.000000000,0.000000000,0.000000000,0.000000000
1751979364.068398,24.665000000,59.867225647,0.030000001,0.000000000,2.965728045,2.630314589,-76.836494446,4.543567181,4.335000515,-27.737543106,0.000000000,0.000000000,0.000000000,0.000000000,0.000000000,0.000000000,0.000000000,0.000000000,0.000000000,0.000000000,0.000000000,0.000000000
1751979364.070986,24.667000000,59.867225647,0.030000001,0.000000000,2.965728045,2.630314589,-76.836624146,4.543567181,4.335000515,-27.728462219,0.000000000,0.000000000,0.000000000,0.000000000,0.000000000,0.000000000,0.000000000,0.000000000,0.000000000,0.000000000,0.000000000,0.000000000
1751979364.073560,24.670000000,59.867225647,0.030000001,0.000000000,2.965728045,2.630314589,-76.836761475,4.543567181,4.335000515,-27.720289230,0.000000000,0.000000000,0.000000000,0.000000000,0.000000000,0.000000000,0.000000000,0.000000000,0.000000000,0.000000000,0.000000000,0.000000000
1751979364.076135,24.673000000,59.867225647,0.030000001,0.000000000,2.965728045,2.630314589,-76.836891174,4.543567181,4.343999386,-26.788761139,0.000000000,0.000000000,0.000000000,0.000000000,0.000000000,0.000000000,0.000000000,0.000000000,0.000000000,0.000000000,0.000000000,0.000000000
1751979364.078747,24.675000000,59.867225647,0.030000001,0.000000000,2.965728045,2.630314589,-76.837028503,4.543567181,4.353000641,-25.827526093,0.000000000,0.000000000,0.000000000,0.000000000,0.000000000,0.000000000,0.000000000,0.000000000,0.000000000,0.000000000,0.000000000,0.000000000
1751979364.081429,24.678000000,59.867225647,0.030000001,0.000000000,2.965728045,2.630314589,-76.837165833,4.543567181,4.353000641,-25.770898819,0.000000000,0.000000000,0.000000000,0.000000000,0.000000000,0.000000000,0.000000000,0.000000000,0.000000000,0.000000000,0.000000000,0.000000000
1751979364.083991,24.680000000,59.867225647,0.030000001,0.000000000,2.965728045,2.630314589,-76.837303162,4.543567181,4.353000641,-25.719934464,0.000000000,0.000000000,0.000000000,0.000000000,0.000000000,0.000000000,0.000000000,0.000000000,0.000000000,0.000000000,0.000000000,0.000000000
1751979364.086564,24.683000000,59.867225647,0.030000001,0.000000000,2.965728045,2.630314589,-76.837432861,4.543567181,4.353000641,-25.674066544,0.000000000,0.000000000,0.000000000,0.000000000,0.000000000,0.000000000,0.000000000,0.000000000,0.000000000,0.000000000,0.000000000,0.000000000
1751979364.089169,24.686000000,59.867225647,0.030000001,0.000000000,2.965728045,2.630314589,-76.837570190,4.543567181,4.361999512,-24.707336426,0.000000000,0.000000000,0.000000000,0.000000000,0.000000000,0.000000000,0.000000000,0.000000000,0.000000000,0.000000000,0.000000000,0.000000000
1751979364.091763,24.688000000,59.867225647,0.030000001,0.000000000,2.965728045,2.630314589,-76.837707520,4.543567181,4.371001244,-23.715503693,0.000000000,0.000000000,0.000000000,0.000000000,0.000000000,0.000000000,0.000000000,0.000000000,0.000000000,0.000000000,0.000000000,0.000000000
1751979364.094741,24.691000000,59.867225647,0.030000001,0.000000000,2.965728045,2.630314589,-76.837852478,4.543567181,4.380000114,-22.688356400,0.000000000,0.000000000,0.000000000,0.000000000,0.000000000,0.000000000,0.000000000,0.000000000,0.000000000,0.000000000,0.000000000,0.000000000
1751979364.097429,24.694000000,59.867225647,0.030000001,0.000000000,2.965728045,2.630314589,-76.837997437,4.543567181,4.380000114,-22.587816238,0.000000000,0.000000000,0.000000000,0.000000000,0.000000000,0.000000000,0.000000000,0.000000000,0.000000000,0.000000000,0.000000000,0.000000000
1751979364.099989,24.696000000,59.867225647,0.030000001,0.000000000,2.965728045,2.630314589,-76.838134766,4.543567181,4.380000114,-22.497329712,0.000000000,0.000000000,0.000000000,0.000000000,0.000000000,0.000000000,0.000000000,0.000000000,0.000000000,0.000000000,0.000000000,0.000000000
1751979364.102605,24.699000000,59.867225647,0.030000001,0.000000000,2.965728045,2.630314589,-76.838272095,4.543567181,4.388998985,-21.486154556,0.000000000,0.000000000,0.000000000,0.000000000,0.000000000,0.000000000,0.000000000,0.000000000,0.000000000,0.000000000,0.000000000,0.000000000
1751979364.105176,24.702000000,59.867225647,0.030000001,0.000000000,2.965728045,2.630314589,-76.838409424,4.543567181,4.398000240,-20.461418152,0.000000000,0.000000000,0.000000000,0.000000000,0.000000000,0.000000000,0.000000000,0.000000000,0.000000000,0.000000000,0.000000000,0.000000000
1751979364.107730,24.704000000,59.867225647,0.030000001,0.000000000,2.965728045,2.630314589,-76.838546753,4.543567181,4.398000240,-20.344997406,0.000000000,0.000000000,0.000000000,0.000000000,0.000000000,0.000000000,0.000000000,0.000000000,0.000000000,0.000000000,0.000000000,0.000000000
1751979364.110296,24.707000000,59.867225647,0.030000001,0.000000000,2.965728045,2.630314589,-76.838676453,4.543567181,4.406999111,-19.317541122,0.000000000,0.000000000,0.000000000,0.000000000,0.000000000,0.000000000,0.000000000,0.000000000,0.000000000,0.000000000,0.000000000,0.000000000
1751979364.112936,24.709000000,59.867225647,0.030000001,0.000000000,2.965728045,2.630314589,-76.838813782,4.543567181,4.406999111,-19.196233749,0.000000000,0.000000000,0.000000000,0.000000000,0.000000000,0.000000000,0.000000000,0.000000000,0.000000000,0.000000000,0.000000000,0.000000000
1751979364.115513,24.712000000,59.867225647,0.030000001,0.000000000,2.965728045,2.630314589,-76.838951111,4.543567181,4.416000366,-18.159173965,0.000000000,0.000000000,0.000000000,0.000000000,0.000000000,0.000000000,0.000000000,0.000000000,0.000000000,0.000000000,0.000000000,0.000000000
1751979364.118121,24.714000000,59.867225647,0.030000001,0.000000000,2.965728045,2.630314589,-76.839080811,4.543567181,4.416000366,-18.034395218,0.000000000,0.000000000,0.000000000,0.000000000,0.000000000,0.000000000,0.000000000,0.000000000,0.000000000,0.000000000,0.000000000,0.000000000
1751979364.120682,24.717000000,59.867225647,0.030000001,0.000000000,2.965728045,2.630314589,-76.839218140,4.543567181,4.416000366,-17.922094345,0.000000000,0.000000000,0.000000000,0.000000000,0.000000000,0.000000000,0.000000000,0.000000000,0.000000000,0.000000000,0.000000000,0.000000000
1751979364.123269,24.720000000,59.867225647,0.030000001,0.000000000,2.965728045,2.630314589,-76.839355469,4.543567181,4.416000366,-17.821023941,0.000000000,0.000000000,0.000000000,0.000000000,0.000000000,0.000000000,0.000000000,0.000000000,0.000000000,0.000000000,0.000000000,0.000000000
1751979364.125967,24.722000000,59.867225647,0.030000001,0.000000000,2.965728045,2.630314589,-76.839492798,4.543567181,4.424999237,-16.795560837,0.000000000,0.000000000,0.000000000,0.000000000,0.000000000,0.000000000,0.000000000,0.000000000,0.000000000,0.000000000,0.000000000,0.000000000
1751979364.128622,24.725000000,59.867225647,0.030000001,0.000000000,2.965728045,2.630314589,-76.839630127,4.543567181,4.424999237,-16.687864304,0.000000000,0.000000000,0.000000000,0.000000000,0.000000000,0.000000000,0.000000000,0.000000000,0.000000000,0.000000000,0.000000000,0.000000000
1751979364.131256,24.728000000,59.867225647,0.030000001,0.000000000,2.965728045,2.630314589,-76.839767456,4.543567181,4.424999237,-16.590934753,0.000000000,0.000000000,0.000000000,0.000000000,0.000000000,0.000000000,0.000000000,0.000000000,0.000000000,0.000000000,0.000000000,0.000000000
1751979364.133915,24.730000000,59.867225647,0.030000001,0.000000000,2.965728045,2.630314589,-76.839904785,4.543567181,4.424999237,-16.503700256,0.000000000,0.000000000,0.000000000,0.000000000,0.000000000,0.000000000,0.000000000,0.000000000,0.000000000,0.000000000,0.000000000,0.000000000
1751979364.136557,24.733000000,59.867225647,0.030000001,0.000000000,2.965728045,2.630314589,-76.840042114,4.543567181,4.424999237,-16.425189972,0.000000000,0.000000000,0.000000000,0.000000000,0.000000000,0.000000000,0.000000000,0.000000000,0.000000000,0.000000000,0.000000000,0.000000000
1751979364.139078,24.735000000,59.867225647,0.030000001,0.000000000,2.965728045,2.630314589,-76.840179443,4.543567181,4.424999237,-16.354528427,0.000000000,0.000000000,0.000000000,0.000000000,0.000000000,0.000000000,0.000000000,0.000000000,0.000000000,0.000000000,0.000000000,0.000000000
1751979364.141639,24.738000000,59.867225647,0.030000001,0.000000000,2.965728045,2.630314589,-76.840309143,4.543567181,4.424999237,-16.290933609,0.000000000,0.000000000,0.000000000,0.000000000,0.000000000,0.000000000,0.000000000,0.000000000,0.000000000,0.000000000,0.000000000,0.000000000
1751979364.144298,24.741000000,59.867225647,0.030000001,0.000000000,2.965728045,2.630314589,-76.840446472,4.543567181,4.424999237,-16.233699799,0.000000000,0.000000000,0.000000000,0.000000000,0.000000000,0.000000000,0.000000000,0.000000000,0.000000000,0.000000000,0.000000000,0.000000000
1751979364.146928,24.743000000,59.867225647,0.030000001,0.000000000,2.965728045,2.616815090,-77.220420837,4.543567181,4.424999237,-16.182653427,0.000000000,0.000000000,0.000000000,0.000000000,0.000000000,0.000000000,0.000000000,0.000000000,0.000000000,0.000000000,0.000000000,0.000000000
1751979364.149478,24.746000000,59.867225647,0.030000001,0.000000000,2.965728045,2.630314589,-78.758552551,4.543567181,4.424999237,-16.135828018,0.000000000,0.000000000,0.000000000,0.000000000,0.000000000,0.000000000,0.000000000,0.000000000,0.000000000,0.000000000,0.000000000,0.000000000
1751979364.152049,24.748000000,59.867225647,0.030000001,0.000000000,2.965728045,2.630314589,-76.840858459,4.543567181,4.424999237,-16.094104767,0.000000000,0.000000000,0.000000000,0.000000000,0.000000000,0.000000000,0.000000000,0.000000000,0.000000000,0.000000000,0.000000000,0.000000000
1751979364.154623,24.751000000,59.867225647,0.030000001,0.000000000,2.965728045,2.616815090,-77.149627686,4.543567181,4.424999237,-16.056964874,0.000000000,0.000000000,0.000000000,0.000000000,0.000000000,0.000000000,0.000000000,0.000000000,0.000000000,0.000000000,0.000000000,0.000000000
1751979364.157227,24.754000000,59.867225647,0.030000001,0.000000000,2.965728045,2.630314589,-78.750099182,4.543567181,4.424999237,-16.022754669,0.000000000,0.000000000,0.000000000,0.000000000,0.000000000,0.000000000,0.000000000,0.000000000,0.000000000,0.000000000,0.000000000,0.000000000
1751979364.159785,24.756000000,59.867225647,0.030000001,0.000000000,2.965728045,2.630314589,-76.841270447,4.543567181,4.424999237,-15.992338181,0.000000000,0.000000000,0.000000000,0.000000000,0.000000000,0.000000000,0.000000000,0.000000000,0.000000000,0.000000000,0.000000000,0.000000000
1751979364.162473,24.759000000,59.867225647,0.030000001,0.000000000,2.965728045,2.616815090,-77.175102234,4.543567181,4.424999237,-15.965336800,0.000000000,0.000000000,0.000000000,0.000000000,0.000000000,0.000000000,0.000000000,0.000000000,0.000000000,0.000000000,0.000000000,0.000000000
1751979364.165048,24.761000000,59.867225647,0.030000001,0.000000000,2.965728045,2.630314589,-78.729423523,4.543567181,4.424999237,-15.940325737,0.000000000,0.000000000,0.000000000,0.000000000,0.000000000,0.000000000,0.000000000,0.000000000,0.000000000,0.000000000,0.000000000,0.000000000
1751979364.167601,24.764000000,59.867225647,0.030000001,0.000000000,2.965728045,2.630314589,-76.841690063,4.543567181,4.424999237,-15.918151855,0.000000000,0.000000000,0.000000000,0.000000000,0.000000000,0.000000000,0.000000000,0.000000000,0.000000000,0.000000000,0.000000000,0.000000000
1751979364.170184,24.767000000,59.867225647,0.030000001,0.000000000,2.965728045,2.630314589,-76.841819763,4.543567181,4.424999237,-15.898195267,0.000000000,0.000000000,0.000000000,0.000000000,0.000000000,0.000000000,0.000000000,0.000000000,0.000000000,0.000000000,0.000000000,0.000000000
1751979364.172759,24.769000000,59.867225647,0.030000001,0.000000000,2.965728045,2.630314589,-76.841957092,4.543567181,4.424999237,-15.880233765,0.000000000,0.000000000,0.000000000,0.000000000,0.000000000,0.000000000,0.000000000,0.000000000,0.000000000,0.000000000,0.000000000,0.000000000
1751979364.175359,24.772000000,59.867225647,0.030000001,0.000000000,2.965728045,2.630314589,-76.842094421,4.543567181,4.424999237,-15.864068985,0.000000000,0.000000000,0.000000000,0.000000000,0.000000000,0.000000000,0.000000000,0.000000000,0.000000000,0.000000000,0.000000000,0.000000000
1751979364.178009,24.774000000,59.867225647,0.030000001,0.000000000,2.965728045,2.630314589,-76.842224121,4.543567181,4.424999237,-15.849520683,0.000000000,0.000000000,0.000000000,0.000000000,0.000000000,0.000000000,0.000000000,0.000000000,0.000000000,0.000000000,0.000000000,0.000000000
1751979364.180768,24.777000000,59.867225647,0.030000001,0.000000000,2.965728045,2.630314589,-76.842369080,4.543567181,4.424999237,-15.836427689,0.000000000,0.000000000,0.000000000,0.000000000,0.000000000,0.000000000,0.000000000,0.000000000,0.000000000,0.000000000,0.000000000,0.000000000
1751979364.183355,24.780000000,59.867225647,0.030000001,0.000000000,2.965728045,2.630314589,-76.842506409,4.543567181,4.424999237,-15.824643135,0.000000000,0.000000000,0.000000000,0.000000000,0.000000000,0.000000000,0.000000000,0.000000000,0.000000000,0.000000000,0.000000000,0.000000000
1751979364.185913,24.782000000,59.867225647,0.030000001,0.000000000,2.965728045,2.630314589,-76.842636108,4.543567181,4.424999237,-15.814037323,0.000000000,0.000000000,0.000000000,0.000000000,0.000000000,0.000000000,0.000000000,0.000000000,0.000000000,0.000000000,0.000000000,0.000000000
1751979364.188476,24.785000000,59.867225647,0.030000001,0.000000000,2.965728045,2.630314589,-76.842773438,4.543567181,4.424999237,-15.804491997,0.000000000,0.000000000,0.000000000,0.000000000,0.000000000,0.000000000,0.000000000,0.000000000,0.000000000,0.000000000,0.000000000,0.000000000
1751979364.191132,24.787000000,59.867225647,0.030000001,0.000000000,2.965728045,2.630314589,-76.842910767,4.543567181,4.424999237,-15.795901299,0.000000000,0.000000000,0.000000000,0.000000000,0.000000000,0.000000000,0.000000000,0.000000000,0.000000000,0.000000000,0.000000000,0.000000000
1751979364.193766,24.790000000,59.867225647,0.030000001,0.000000000,2.965728045,2.630314589,-76.843048096,4.543567181,4.424999237,-15.788169861,0.000000000,0.000000000,0.000000000,0.000000000,0.000000000,0.000000000,0.000000000,0.000000000,0.000000000,0.000000000,0.000000000,0.000000000
1751979364.196276,24.793000000,59.867225647,0.030000001,0.000000000,2.965728045,2.630314589,-76.843185425,4.543567181,4.424999237,-15.781211853,0.000000000,0.000000000,0.000000000,0.000000000,0.000000000,0.000000000,0.000000000,0.000000000,0.000000000,0.000000000,0.000000000,0.000000000
1751979364.198853,24.795000000,59.867225647,0.030000001,0.000000000,2.965728045,2.630314589,-76.843315125,4.543567181,4.424999237,-15.774949074,0.000000000,0.000000000,0.000000000,0.000000000,0.000000000,0.000000000,0.000000000,0.000000000,0.000000000,0.000000000,0.000000000,0.000000000
1751979364.201417,24.798000000,59.867225647,0.030000001,0.000000000,2.965728045,2.630314589,-76.843452454,4.543567181,4.424999237,-15.769312859,0.000000000,0.000000000,0.000000000,0.000000000,0.000000000,0.000000000,0.000000000,0.000000000,0.000000000,0.000000000,0.000000000,0.000000000
1751979364.203994,24.800000000,59.867225647,0.030000001,0.000000000,2.965728045,2.630314589,-76.843582153,4.543567181,4.424999237,-15.764240265,0.000000000,0.000000000,0.000000000,0.000000000,0.000000000,0.000000000,0.000000000,0.000000000,0.000000000,0.000000000,0.000000000,0.000000000
1751979364.206621,24.803000000,59.867225647,0.030000001,0.000000000,2.965728045,2.630314589,-76.843719482,4.543567181,4.424999237,-15.759675026,0.000000000,0.000000000,0.000000000,0.000000000,0.000000000,0.000000000,0.000000000,0.000000000,0.000000000,0.000000000,0.000000000,0.000000000
1751979364.209201,24.806000000,59.867225647,0.030000001,0.000000000,2.965728045,2.630314589,-76.843856812,4.543567181,4.434000969,-14.826806068,0.000000000,0.000000000,0.000000000,0.000000000,0.000000000,0.000000000,0.000000000,0.000000000,0.000000000,0.000000000,0.000000000,0.000000000
1751979364.211777,24.808000000,59.867225647,0.030000001,0.000000000,2.965728045,2.630314589,-76.843994141,4.543567181,4.434000969,-14.796663284,0.000000000,0.000000000,0.000000000,0.000000000,0.000000000,0.000000000,0.000000000,0.000000000,0.000000000,0.000000000,0.000000000,0.000000000
1751979364.214413,24.811000000,59.867225647,0.030000001,0.000000000,2.965728045,2.630314589,-76.844123840,4.543567181,4.434000969,-14.769535065,0.000000000,0.000000000,0.000000000,0.000000000,0.000000000,0.000000000,0.000000000,0.000000000,0.000000000,0.000000000,0.000000000,0.000000000
1751979364.216993,24.813000000,59.867225647,0.030000001,0.000000000,2.965728045,2.630314589,-76.844261169,4.543567181,4.434000969,-14.745120049,0.000000000,0.000000000,0.000000000,0.000000000,0.000000000,0.000000000,0.000000000,0.000000000,0.000000000,0.000000000,0.000000000,0.000000000
1751979364.219602,24.816000000,59.867225647,0.030000001,0.000000000,2.965728045,2.630314589,-76.844398499,4.543567181,4.434000969,-14.723146439,0.000000000,0.000000000,0.000000000,0.000000000,0.000000000,0.000000000,0.000000000,0.000000000,0.000000000,0.000000000,0.000000000,0.000000000
1751979364.222178,24.819000000,59.867225647,0.030000001,0.000000000,2.965728045,2.630314589,-76.844535828,4.543567181,4.434000969,-14.703370094,0.000000000,0.000000000,0.000000000,0.000000000,0.000000000,0.000000000,0.000000000,0.000000000,0.000000000,0.000000000,0.000000000,0.000000000
1751979364.224759,24.821000000,59.867225647,0.030000001,0.000000000,2.965728045,2.630314589,-76.844665527,4.543567181,4.434000969,-14.685570717,0.000000000,0.000000000,0.000000000,0.000000000,0.000000000,0.000000000,0.000000000,0.000000000,0.000000000,0.000000000,0.000000000,0.000000000
1751979364.227443,24.824000000,59.867225647,0.030000001,0.000000000,2.965728045,2.630314589,-76.844802856,4.543567181,4.434000969,-14.669551849,0.000000000,0.000000000,0.000000000,0.000000000,0.000000000,0.000000000,0.000000000,0.000000000,0.000000000,0.000000000,0.000000000,0.000000000
1751979364.230099,24.826000000,59.867225647,0.030000001,0.000000000,2.965728045,2.630314589,-76.844940186,4.543567181,4.434000969,-14.655135155,0.000000000,0.000000000,0.000000000,0.000000000,0.000000000,0.000000000,0.000000000,0.000000000,0.000000000,0.000000000,0.000000000,0.000000000
1751979364.232616,24.829000000,59.867225647,0.030000001,0.000000000,2.965728045,2.630314589,-76.845077515,4.543567181,4.434000969,-14.642159462,0.000000000,0.000000000,0.000000000,0.000000000,0.000000000,0.000000000,0.000000000,0.000000000,0.000000000,0.000000000,0.000000000,0.000000000
1751979364.235192,24.832000000,59.867225647,0.030000001,0.000000000,2.965728045,2.630314589,-76.845214844,4.543567181,4.434000969,-14.630481720,0.000000000,0.000000000,0.000000000,0.000000000,0.000000000,0.000000000,0.000000000,0.000000000,0.000000000,0.000000000,0.000000000,0.000000000
1751979364.237748,24.834000000,59.867225647,0.030000001,0.000000000,2.965728045,2.630314589,-76.845344543,4.543567181,4.434000969,-14.619972229,0.000000000,0.000000000,0.000000000,0.000000000,0.000000000,0.000000000,0.000000000,0.000000000,0.000000000,0.000000000,0.000000000,0.000000000
1751979364.240344,24.837000000,59.867225647,0.030000001,0.000000000,2.965728045,2.630314589,-76.845481873,4.543567181,4.434000969,-14.610512733,0.000000000,0.000000000,0.000000000,0.000000000,0.000000000,0.000000000,0.000000000,0.000000000,0.000000000,0.000000000,0.000000000,0.000000000
1751979364.242898,24.839000000,59.867225647,0.030000001,0.000000000,2.965728045,2.630314589,-76.845619202,4.543567181,4.434000969,-14.602000237,0.000000000,0.000000000,0.000000000,0.000000000,0.000000000,0.000000000,0.000000000,0.000000000,0.000000000,0.000000000,0.000000000,0.000000000
1751979364.245657,24.842000000,59.867225647,0.030000001,0.000000000,2.965728045,2.630314589,-76.845748901,4.543567181,4.434000969,-14.594338417,0.000000000,0.000000000,0.000000000,0.000000000,0.000000000,0.000000000,0.000000000,0.000000000,0.000000000,0.000000000,0.000000000,0.000000000
1751979364.248219,24.845000000,59.867225647,0.030000001,0.000000000,2.965728045,2.630314589,-76.845886230,4.543567181,4.434000969,-14.587442398,0.000000000,0.000000000,0.000000000,0.000000000,0.000000000,0.000000000,0.000000000,0.000000000,0.000000000,0.000000000,0.000000000,0.000000000
1751979364.250777,24.847000000,59.867225647,0.030000001,0.000000000,2.965728045,2.630314589,-76.846023560,4.543567181,4.434000969,-14.581236839,0.000000000,0.000000000,0.000000000,0.000000000,0.000000000,0.000000000,0.000000000,0.000000000,0.000000000,0.000000000,0.000000000,0.000000000
1751979364.253379,24.850000000,59.867225647,0.030000001,0.000000000,2.965728045,2.630314589,-76.846160889,4.543567181,4.434000969,-14.575651169,0.000000000,0.000000000,0.000000000,0.000000000,0.000000000,0.000000000,0.000000000,0.000000000,0.000000000,0.000000000,0.000000000,0.000000000
1751979364.255979,24.852000000,59.867225647,0.030000001,0.000000000,2.965728045,2.630314589,-76.846298218,4.543567181,4.434000969,-14.570624352,0.000000000,0.000000000,0.000000000,0.000000000,0.000000000,0.000000000,0.000000000,0.000000000,0.000000000,0.000000000,0.000000000,0.000000000
1751979364.258584,24.855000000,59.867225647,0.030000001,0.000000000,2.965728045,2.630314589,-76.846427917,4.543567181,4.434000969,-14.566100121,0.000000000,0.000000000,0.000000000,0.000000000,0.000000000,0.000000000,0.000000000,0.000000000,0.000000000,0.000000000,0.000000000,0.000000000
1751979364.261313,24.858000000,59.867225647,0.030000001,0.000000000,2.965728045,2.630314589,-76.846565247,4.543567181,4.434000969,-14.562027931,0.000000000,0.000000000,0.000000000,0.000000000,0.000000000,0.000000000,0.000000000,0.000000000,0.000000000,0.000000000,0.000000000,0.000000000
1751979364.263973,24.860000000,59.867225647,0.030000001,0.000000000,2.965728045,2.630314589,-76.846710205,4.543567181,4.434000969,-14.558363914,0.000000000,0.000000000,0.000000000,0.000000000,0.000000000,0.000000000,0.000000000,0.000000000,0.000000000,0.000000000,0.000000000,0.000000000
1751979364.266590,24.863000000,59.867225647,0.030000001,0.000000000,2.965728045,2.630314589,-76.846847534,4.543567181,4.434000969,-14.555065155,0.000000000,0.000000000,0.000000000,0.000000000,0.000000000,0.000000000,0.000000000,0.000000000,0.000000000,0.000000000,0.000000000,0.000000000
1751979364.269177,24.866000000,59.867225647,0.030000001,0.000000000,2.965728045,2.630314589,-76.846984863,4.543567181,4.434000969,-14.552097321,0.000000000,0.000000000,0.000000000,0.000000000,0.000000000,0.000000000,0.000000000,0.000000000,0.000000000,0.000000000,0.000000000,0.000000000
1751979364.271831,24.868000000,59.867225647,0.030000001,0.000000000,2.965728045,2.630314589,-76.847122192,4.543567181,4.434000969,-14.549425125,0.000000000,0.000000000,0.000000000,0.000000000,0.000000000,0.000000000,0.000000000,0.000000000,0.000000000,0.000000000,0.000000000,0.000000000
1751979364.274472,24.871000000,59.867225647,0.030000001,0.000000000,2.965728045,2.630314589,-76.847259521,4.543567181,4.434000969,-14.547020912,0.000000000,0.000000000,0.000000000,0.000000000,0.000000000,0.000000000,0.000000000,0.000000000,0.000000000,0.000000000,0.000000000,0.000000000
1751979364.277133,24.873000000,59.867225647,0.030000001,0.000000000,2.965728045,2.630314589,-76.847396851,4.543567181,4.434000969,-14.544857025,0.000000000,0.000000000,0.000000000,0.000000000,0.000000000,0.000000000,0.000000000,0.000000000,0.000000000,0.000000000,0.000000000,0.000000000
1751979364.279952,24.876000000,59.867225647,0.030000001,0.000000000,2.965728045,2.630314589,-76.847534180,4.543567181,4.434000969,-14.542909622,0.000000000,0.000000000,0.000000000,0.000000000,0.000000000,0.000000000,0.000000000,0.000000000,0.000000000,0.000000000,0.000000000,0.000000000
1751979364.282559,24.879000000,59.867225647,0.030000001,0.000000000,2.965728045,2.630314589,-76.847679138,4.543567181,4.434000969,-14.541156769,0.000000000,0.000000000,0.000000000,0.000000000,0.000000000,0.000000000,0.000000000,0.000000000,0.000000000,0.000000000,0.000000000,0.000000000
1751979364.285106,24.881000000,59.867225647,0.030000001,0.000000000,2.965728045,2.630314589,-76.847816467,4.543567181,4.434000969,-14.539579391,0.000000000,0.000000000,0.000000000,0.000000000,0.000000000,0.000000000,0.000000000,0.000000000,0.000000000,0.000000000,0.000000000,0.000000000
1751979364.287674,24.884000000,59.867225647,0.030000001,0.000000000,2.965728045,2.630314589,-76.847953796,4.543567181,4.434000969,-14.538159370,0.000000000,0.000000000,0.000000000,0.000000000,0.000000000,0.000000000,0.000000000,0.000000000,0.000000000,0.000000000,0.000000000,0.000000000
1751979364.290206,24.887000000,59.867225647,0.030000001,0.000000000,2.965728045,2.630314589,-76.848083496,4.543567181,4.434000969,-14.536882401,0.000000000,0.000000000,0.000000000,0.000000000,0.000000000,0.000000000,0.000000000,0.000000000,0.000000000,0.000000000,0.000000000,0.000000000
1751979364.292747,24.889000000,59.867225647,0.030000001,0.000000000,2.965728045,2.630314589,-76.848213196,4.543567181,4.434000969,-14.535732269,0.000000000,0.000000000,0.000000000,0.000000000,0.000000000,0.000000000,0.000000000,0.000000000,0.000000000,0.000000000,0.000000000,0.000000000
1751979364.295355,24.892000000,59.867225647,0.030000001,0.000000000,2.965728045,2.630314589,-76.848350525,4.543567181,4.434000969,-14.534696579,0.000000000,0.000000000,0.000000000,0.000000000,0.000000000,0.000000000,0.000000000,0.000000000,0.000000000,0.000000000,0.000000000,0.000000000
1751979364.297936,24.894000000,59.867225647,0.030000001,0.000000000,2.965728045,2.630314589,-76.848487854,4.543567181,4.434000969,-14.533765793,0.000000000,0.000000000,0.000000000,0.000000000,0.000000000,0.000000000,0.000000000,0.000000000,0.000000000,0.000000000,0.000000000,0.000000000
1751979364.300444,24.897000000,59.867225647,0.030000001,0.000000000,2.965728045,2.630314589,-76.848617554,4.543567181,4.434000969,-14.532927513,0.000000000,0.000000000,0.000000000,0.000000000,0.000000000,0.000000000,0.000000000,0.000000000,0.000000000,0.000000000,0.000000000,0.000000000
1751979364.302975,24.899000000,59.867225647,0.030000001,0.000000000,2.965728045,2.630314589,-76.848747253,4.543567181,4.434000969,-14.532172203,0.000000000,0.000000000,0.000000000,0.000000000,0.000000000,0.000000000,0.000000000,0.000000000,0.000000000,0.000000000,0.000000000,0.000000000
1751979364.305563,24.902000000,59.867225647,0.030000001,0.000000000,2.965728045,2.630314589,-76.848884583,4.543567181,4.434000969,-14.531493187,0.000000000,0.000000000,0.000000000,0.000000000,0.000000000,0.000000000,0.000000000,0.000000000,0.000000000,0.000000000,0.000000000,0.000000000
1751979364.308124,24.905000000,59.867225647,0.030000001,0.000000000,2.965728045,2.630314589,-76.849021912,4.543567181,4.434000969,-14.530882835,0.000000000,0.000000000,0.000000000,0.000000000,0.000000000,0.000000000,0.000000000,0.000000000,0.000000000,0.000000000,0.000000000,0.000000000
1751979364.310753,24.907000000,59.867225647,0.030000001,0.000000000,2.965728045,2.630314589,-76.849151611,4.543567181,4.434000969,-14.530332565,0.000000000,0.000000000,0.000000000,0.000000000,0.000000000,0.000000000,0.000000000,0.000000000,0.000000000,0.000000000,0.000000000,0.000000000
1751979364.313334,24.910000000,59.867225647,0.030000001,0.000000000,2.965728045,2.630314589,-76.849288940,4.543567181,4.434000969,-14.529837608,0.000000000,0.000000000,0.000000000,0.000000000,0.000000000,0.000000000,0.000000000,0.000000000,0.000000000,0.000000000,0.000000000,0.000000000
1751979364.315922,24.912000000,59.867225647,0.030000001,0.000000000,2.965728045,2.630314589,-76.849426270,4.543567181,4.434000969,-14.529392242,0.000000000,0.000000000,0.000000000,0.000000000,0.000000000,0.000000000,0.000000000,0.000000000,0.000000000,0.000000000,0.000000000,0.000000000
1751979364.318434,24.915000000,59.867225647,0.030000001,0.000000000,2.965728045,2.630314589,-76.849555969,4.543567181,4.434000969,-14.528990746,0.000000000,0.000000000,0.000000000,0.000000000,0.000000000,0.000000000,0.000000000,0.000000000,0.000000000,0.000000000,0.000000000,0.000000000
1751979364.321006,24.917000000,59.867225647,0.030000001,0.000000000,2.965728045,2.630314589,-76.849685669,4.543567181,4.434000969,-14.528630257,0.000000000,0.000000000,0.000000000,0.000000000,0.000000000,0.000000000,0.000000000,0.000000000,0.000000000,0.000000000,0.000000000,0.000000000
1751979364.323629,24.920000000,59.867225647,0.030000001,0.000000000,2.965728045,2.630314589,-76.849822998,4.543567181,4.434000969,-14.528305054,0.000000000,0.000000000,0.000000000,0.000000000,0.000000000,0.000000000,0.000000000,0.000000000,0.000000000,0.000000000,0.000000000,0.000000000
1751979364.326271,24.923000000,59.867225647,0.030000001,0.000000000,2.965728045,2.630314589,-76.849960327,4.543567181,4.434000969,-14.528013229,0.000000000,0.000000000,0.000000000,0.000000000,0.000000000,0.000000000,0.000000000,0.000000000,0.000000000,0.000000000,0.000000000,0.000000000
1751979364.329018,24.925000000,59.867225647,0.030000001,0.000000000,2.965728045,2.630314589,-76.850097656,4.543567181,4.434000969,-14.527750015,0.000000000,0.000000000,0.000000000,0.000000000,0.000000000,0.000000000,0.000000000,0.000000000,0.000000000,0.000000000,0.000000000,0.000000000
1751979364.331727,24.928000000,59.867225647,0.030000001,0.000000000,2.965728045,2.630314589,-76.850242615,4.543567181,4.434000969,-14.527512550,0.000000000,0.000000000,0.000000000,0.000000000,0.000000000,0.000000000,0.000000000,0.000000000,0.000000000,0.000000000,0.000000000,0.000000000
1751979364.334243,24.931000000,59.867225647,0.030000001,0.000000000,2.965728045,2.630314589,-76.850379944,4.543567181,4.434000969,-14.527299881,0.000000000,0.000000000,0.000000000,0.000000000,0.000000000,0.000000000,0.000000000,0.000000000,0.000000000,0.000000000,0.000000000,0.000000000
1751979364.336790,24.933000000,59.867225647,0.030000001,0.000000000,2.965728045,2.630314589,-76.850509644,4.543567181,4.434000969,-14.527108192,0.000000000,0.000000000,0.000000000,0.000000000,0.000000000,0.000000000,0.000000000,0.000000000,0.000000000,0.000000000,0.000000000,0.000000000
1751979364.339371,24.936000000,59.867225647,0.030000001,0.000000000,2.965728045,2.630314589,-76.850646973,4.543567181,4.424999237,-15.450573921,0.000000000,0.000000000,0.000000000,0.000000000,0.000000000,0.000000000,0.000000000,0.000000000,0.000000000,0.000000000,0.000000000,0.000000000
1751979364.341932,24.938000000,59.867225647,0.030000001,0.000000000,2.965728045,2.630314589,-76.850784302,4.543567181,4.424999237,-15.477375031,0.000000000,0.000000000,0.000000000,0.000000000,0.000000000,0.000000000,0.000000000,0.000000000,0.000000000,0.000000000,0.000000000,0.000000000
1751979364.344473,24.941000000,59.867225647,0.030000001,0.000000000,2.965728045,2.630314589,-76.850914001,4.543567181,4.424999237,-15.501496315,0.000000000,0.000000000,0.000000000,0.000000000,0.000000000,0.000000000,0.000000000,0.000000000,0.000000000,0.000000000,0.000000000,0.000000000
1751979364.347090,24.943000000,59.867225647,0.030000001,0.000000000,2.965728045,2.630314589,-76.851051331,4.543567181,4.416000366,-16.448165894,0.000000000,0.000000000,0.000000000,0.000000000,0.000000000,0.000000000,0.000000000,0.000000000,0.000000000,0.000000000,0.000000000,0.000000000
1751979364.349654,24.946000000,59.867225647,0.030000001,0.000000000,2.965728045,2.630314589,-76.851188660,4.543567181,4.416000366,-16.494487762,0.000000000,0.000000000,0.000000000,0.000000000,0.000000000,0.000000000,0.000000000,0.000000000,0.000000000,0.000000000,0.000000000,0.000000000
1751979364.352269,24.949000000,59.867225647,0.030000001,0.000000000,2.965728045,2.630314589,-76.851318359,4.543567181,4.416000366,-16.536178589,0.000000000,0.000000000,0.000000000,0.000000000,0.000000000,0.000000000,0.000000000,0.000000000,0.000000000,0.000000000,0.000000000,0.000000000
1751979364.354861,24.951000000,59.867225647,0.030000001,0.000000000,2.965728045,2.630314589,-76.851455688,4.543567181,4.406999111,-17.502428055,0.000000000,0.000000000,0.000000000,0.000000000,0.000000000,0.000000000,0.000000000,0.000000000,0.000000000,0.000000000,0.000000000,0.000000000
1751979364.357468,24.954000000,59.867225647,0.030000001,0.000000000,2.965728045,2.630314589,-76.851593018,4.543567181,4.406999111,-17.562633514,0.000000000,0.000000000,0.000000000,0.000000000,0.000000000,0.000000000,0.000000000,0.000000000,0.000000000,0.000000000,0.000000000,0.000000000
1751979364.360053,24.956000000,59.867225647,0.030000001,0.000000000,2.965728045,2.630314589,-76.851722717,4.543567181,4.406999111,-17.616817474,0.000000000,0.000000000,0.000000000,0.000000000,0.000000000,0.000000000,0.000000000,0.000000000,0.000000000,0.000000000,0.000000000,0.000000000
1751979364.362975,24.959000000,59.867225647,0.030000001,0.000000000,2.965728045,2.630314589,-76.851867676,4.543567181,4.398000240,-18.602819443,0.000000000,0.000000000,0.000000000,0.000000000,0.000000000,0.000000000,0.000000000,0.000000000,0.000000000,0.000000000,0.000000000,0.000000000
1751979364.365480,24.962000000,59.867225647,0.030000001,0.000000000,2.965728045,2.630314589,-76.852005005,4.543567181,4.388998985,-19.609594345,0.000000000,0.000000000,0.000000000,0.000000000,0.000000000,0.000000000,0.000000000,0.000000000,0.000000000,0.000000000,0.000000000,0.000000000
1751979364.368109,24.964000000,59.867225647,0.030000001,0.000000000,2.965728045,2.630314589,-76.852142334,4.543567181,4.388998985,-19.697660446,0.000000000,0.000000000,0.000000000,0.000000000,0.000000000,0.000000000,0.000000000,0.000000000,0.000000000,0.000000000,0.000000000,0.000000000
1751979364.370718,24.967000000,59.867225647,0.030000001,0.000000000,2.965728045,2.630314589,-76.852279663,4.543567181,4.388998985,-19.776920319,0.000000000,0.000000000,0.000000000,0.000000000,0.000000000,0.000000000,0.000000000,0.000000000,0.000000000,0.000000000,0.000000000,0.000000000
1751979364.373348,24.970000000,59.867225647,0.030000001,0.000000000,2.965728045,2.630314589,-76.852416992,4.543567181,4.380000114,-20.779233932,0.000000000,0.000000000,0.000000000,0.000000000,0.000000000,0.000000000,0.000000000,0.000000000,0.000000000,0.000000000,0.000000000,0.000000000
1751979364.375972,24.972000000,59.867225647,0.030000001,0.000000000,2.965728045,2.630314589,-76.852554321,4.543567181,4.380000114,-20.869606018,0.000000000,0.000000000,0.000000000,0.000000000,0.000000000,0.000000000,0.000000000,0.000000000,0.000000000,0.000000000,0.000000000,0.000000000
1751979364.378693,24.975000000,59.867225647,0.030000001,0.000000000,2.965728045,2.630314589,-76.852691650,4.543567181,4.380000114,-20.950939178,0.000000000,0.000000000,0.000000000,0.000000000,0.000000000,0.000000000,0.000000000,0.000000000,0.000000000,0.000000000,0.000000000,0.000000000
1751979364.381334,24.978000000,59.867225647,0.030000001,0.000000000,2.965728045,2.630314589,-76.852836609,4.543567181,4.371001244,-21.963699341,0.000000000,0.000000000,0.000000000,0.000000000,0.000000000,0.000000000,0.000000000,0.000000000,0.000000000,0.000000000,0.000000000,0.000000000
1751979364.383956,24.980000000,59.867225647,0.030000001,0.000000000,2.965728045,2.630314589,-76.852973938,4.543567181,4.371001244,-22.054891586,0.000000000,0.000000000,0.000000000,0.000000000,0.000000000,0.000000000,0.000000000,0.000000000,0.000000000,0.000000000,0.000000000,0.000000000
1751979364.386545,24.983000000,59.867225647,0.030000001,0.000000000,2.965728045,2.630314589,-76.853111267,4.543567181,4.371001244,-22.136964798,0.000000000,0.000000000,0.000000000,0.000000000,0.000000000,0.000000000,0.000000000,0.000000000,0.000000000,0.000000000,0.000000000,0.000000000
1751979364.389108,24.986000000,59.867225647,0.030000001,0.000000000,2.965728045,2.630314589,-76.853248596,4.543567181,4.361999512,-23.137481689,0.000000000,0.000000000,0.000000000,0.000000000,0.000000000,0.000000000,0.000000000,0.000000000,0.000000000,0.000000000,0.000000000,0.000000000
1751979364.391692,24.988000000,59.867225647,0.030000001,0.000000000,2.965728045,2.630314589,-76.853378296,4.543567181,4.361999512,-23.230598450,0.000000000,0.000000000,0.000000000,0.000000000,0.000000000,0.000000000,0.000000000,0.000000000,0.000000000,0.000000000,0.000000000,0.000000000
1751979364.394292,24.991000000,59.867225647,0.030000001,0.000000000,2.965728045,2.630314589,-76.853515625,4.543567181,4.361999512,-23.314401627,0.000000000,0.000000000,0.000000000,0.000000000,0.000000000,0.000000000,0.000000000,0.000000000,0.000000000,0.000000000,0.000000000,0.000000000
1751979364.396919,24.993000000,59.867225647,0.030000001,0.000000000,2.965728045,2.630314589,-76.853652954,4.543567181,4.361999512,-23.389825821,0.000000000,0.000000000,0.000000000,0.000000000,0.000000000,0.000000000,0.000000000,0.000000000,0.000000000,0.000000000,0.000000000,0.000000000
1751979364.399496,24.996000000,59.867225647,0.030000001,0.000000000,2.965728045,2.630314589,-76.853790283,4.543567181,4.361999512,-23.457708359,0.000000000,0.000000000,0.000000000,0.000000000,0.000000000,0.000000000,0.000000000,0.000000000,0.000000000,0.000000000,0.000000000,0.000000000
1751979364.402067,24.998000000,59.867225647,0.030000001,0.000000000,2.965728045,2.630314589,-76.853927612,4.543567181,4.361999512,-23.518802643,0.000000000,0.000000000,0.000000000,0.000000000,0.000000000,0.000000000,0.000000000,0.000000000,0.000000000,0.000000000,0.000000000,0.000000000
1751979364.404678,25.001000000,59.867225647,0.030000001,0.000000000,2.965728045,2.630314589,-76.854057312,4.543567181,4.361999512,-23.573785782,0.000000000,0.000000000,0.000000000,0.000000000,0.000000000,0.000000000,0.000000000,0.000000000,0.000000000,0.000000000,0.000000000,0.000000000
1751979364.407261,25.004000000,59.867225647,0.030000001,0.000000000,2.965728045,2.630314589,-76.854194641,4.543567181,4.361999512,-23.623271942,0.000000000,0.000000000,0.000000000,0.000000000,0.000000000,0.000000000,0.000000000,0.000000000,0.000000000,0.000000000,0.000000000,0.000000000
1751979364.409860,25.006000000,59.867225647,0.030000001,0.000000000,2.965728045,2.630314589,-76.854331970,4.543567181,4.361999512,-23.667808533,0.000000000,0.000000000,0.000000000,0.000000000,0.000000000,0.000000000,0.000000000,0.000000000,0.000000000,0.000000000,0.000000000,0.000000000
1751979364.412507,25.009000000,59.867225647,0.030000001,0.000000000,2.965728045,2.630314589,-76.854469299,4.543567181,4.361999512,-23.707891464,0.000000000,0.000000000,0.000000000,0.000000000,0.000000000,0.000000000,0.000000000,0.000000000,0.000000000,0.000000000,0.000000000,0.000000000
1751979364.415076,25.011000000,59.867225647,0.030000001,0.000000000,2.965728045,2.630314589,-76.854606628,4.543567181,4.361999512,-23.743967056,0.000000000,0.000000000,0.000000000,0.000000000,0.000000000,0.000000000,0.000000000,0.000000000,0.000000000,0.000000000,0.000000000,0.000000000
1751979364.417720,25.014000000,59.867225647,0.030000001,0.000000000,2.965728045,2.630314589,-76.854743958,4.543567181,4.361999512,-23.776435852,0.000000000,0.000000000,0.000000000,0.000000000,0.000000000,0.000000000,0.000000000,0.000000000,0.000000000,0.000000000,0.000000000,0.000000000
1751979364.420359,25.017000000,59.867225647,0.030000001,0.000000000,2.965728045,2.630314589,-76.854881287,4.543567181,4.361999512,-23.805656433,0.000000000,0.000000000,0.000000000,0.000000000,0.000000000,0.000000000,0.000000000,0.000000000,0.000000000,0.000000000,0.000000000,0.000000000
1751979364.422931,25.019000000,59.867225647,0.030000001,0.000000000,2.965728045,2.630314589,-76.855018616,4.543567181,4.361999512,-23.831954956,0.000000000,0.000000000,0.000000000,0.000000000,0.000000000,0.000000000,0.000000000,0.000000000,0.000000000,0.000000000,0.000000000,0.000000000
1751979364.425578,25.022000000,59.867225647,0.030000001,0.000000000,2.965728045,2.630314589,-76.855148315,4.543567181,4.361999512,-23.855623245,0.000000000,0.000000000,0.000000000,0.000000000,0.000000000,0.000000000,0.000000000,0.000000000,0.000000000,0.000000000,0.000000000,0.000000000
1751979364.428233,25.025000000,59.867225647,0.030000001,0.000000000,2.965728045,2.630314589,-76.855285645,4.543567181,4.361999512,-23.876926422,0.000000000,0.000000000,0.000000000,0.000000000,0.000000000,0.000000000,0.000000000,0.000000000,0.000000000,0.000000000,0.000000000,0.000000000
1751979364.430840,25.027000000,59.867225647,0.030000001,0.000000000,2.965728045,2.630314589,-76.855422974,4.543567181,4.361999512,-23.896097183,0.000000000,0.000000000,0.000000000,0.000000000,0.000000000,0.000000000,0.000000000,0.000000000,0.000000000,0.000000000,0.000000000,0.000000000
1751979364.433478,25.030000000,59.867225647,0.030000001,0.000000000,2.965728045,2.630314589,-76.855567932,4.543567181,4.361999512,-23.913352966,0.000000000,0.000000000,0.000000000,0.000000000,0.000000000,0.000000000,0.000000000,0.000000000,0.000000000,0.000000000,0.000000000,0.000000000
1751979364.436053,25.032000000,59.867225647,0.030000001,0.000000000,2.965728045,2.630314589,-76.855705261,4.543567181,4.361999512,-23.928880692,0.000000000,0.000000000,0.000000000,0.000000000,0.000000000,0.000000000,0.000000000,0.000000000,0.000000000,0.000000000,0.000000000,0.000000000
1751979364.438631,25.035000000,59.867225647,0.030000001,0.000000000,2.965728045,2.630314589,-76.855834961,4.543567181,4.361999512,-23.942857742,0.000000000,0.000000000,0.000000000,0.000000000,0.000000000,0.000000000,0.000000000,0.000000000,0.000000000,0.000000000,0.000000000,0.000000000
1751979364.441225,25.038000000,59.867225647,0.030000001,0.000000000,2.965728045,2.630314589,-76.855972290,4.543567181,4.361999512,-23.955436707,0.000000000,0.000000000,0.000000000,0.000000000,0.000000000,0.000000000,0.000000000,0.000000000,0.000000000,0.000000000,0.000000000,0.000000000
1751979364.443843,25.040000000,59.867225647,0.030000001,0.000000000,2.965728045,2.630314589,-76.856109619,4.543567181,4.361999512,-23.966756821,0.000000000,0.000000000,0.000000000,0.000000000,0.000000000,0.000000000,0.000000000,0.000000000,0.000000000,0.000000000,0.000000000,0.000000000
1751979364.446442,25.043000000,59.867225647,0.030000001,0.000000000,2.965728045,2.630314589,-76.856246948,4.543567181,4.361999512,-23.976945877,0.000000000,0.000000000,0.000000000,0.000000000,0.000000000,0.000000000,0.000000000,0.000000000,0.000000000,0.000000000,0.000000000,0.000000000
1751979364.449076,25.045000000,59.867225647,0.030000001,0.000000000,2.965728045,2.630314589,-76.856384277,4.543567181,4.361999512,-23.986114502,0.000000000,0.000000000,0.000000000,0.000000000,0.000000000,0.000000000,0.000000000,0.000000000,0.000000000,0.000000000,0.000000000,0.000000000
1751979364.451658,25.048000000,59.867225647,0.030000001,0.000000000,2.965728045,2.630314589,-76.856521606,4.543567181,4.361999512,-23.994367599,0.000000000,0.000000000,0.000000000,0.000000000,0.000000000,0.000000000,0.000000000,0.000000000,0.000000000,0.000000000,0.000000000,0.000000000
1751979364.454228,25.051000000,59.867225647,0.030000001,0.000000000,2.965728045,2.630314589,-76.856651306,4.543567181,4.361999512,-24.001794815,0.000000000,0.000000000,0.000000000,0.000000000,0.000000000,0.000000000,0.000000000,0.000000000,0.000000000,0.000000000,0.000000000,0.000000000
1751979364.456962,25.053000000,59.867225647,0.030000001,0.000000000,2.965728045,2.630314589,-76.856788635,4.543567181,4.361999512,-24.008480072,0.000000000,0.000000000,0.000000000,0.000000000,0.000000000,0.000000000,0.000000000,0.000000000,0.000000000,0.000000000,0.000000000,0.000000000
1751979364.459550,25.056000000,59.867225647,0.030000001,0.000000000,2.965728045,2.630314589,-76.856933594,4.543567181,4.361999512,-24.014495850,0.000000000,0.000000000,0.000000000,0.000000000,0.000000000,0.000000000,0.000000000,0.000000000,0.000000000,0.000000000,0.000000000,0.000000000
1751979364.462212,25.059000000,59.867225647,0.030000001,0.000000000,2.965728045,2.630314589,-76.857070923,4.543567181,4.371001244,-23.089132309,0.000000000,0.000000000,0.000000000,0.000000000,0.000000000,0.000000000,0.000000000,0.000000000,0.000000000,0.000000000,0.000000000,0.000000000
1751979364.464857,25.061000000,59.867225647,0.030000001,0.000000000,2.965728045,2.630314589,-76.857208252,4.543567181,4.371001244,-23.067781448,0.000000000,0.000000000,0.000000000,0.000000000,0.000000000,0.000000000,0.000000000,0.000000000,0.000000000,0.000000000,0.000000000,0.000000000
1751979364.467396,25.064000000,59.867225647,0.030000001,0.000000000,2.965728045,2.630314589,-76.857337952,4.543567181,4.371001244,-23.048564911,0.000000000,0.000000000,0.000000000,0.000000000,0.000000000,0.000000000,0.000000000,0.000000000,0.000000000,0.000000000,0.000000000,0.000000000
1751979364.469979,25.066000000,59.867225647,0.030000001,0.000000000,2.965728045,2.630314589,-76.857475281,4.543567181,4.371001244,-23.031270981,0.000000000,0.000000000,0.000000000,0.000000000,0.000000000,0.000000000,0.000000000,0.000000000,0.000000000,0.000000000,0.000000000,0.000000000
1751979364.472528,25.069000000,59.867225647,0.030000001,0.000000000,2.965728045,2.630314589,-76.857612610,4.543567181,4.371001244,-23.015705109,0.000000000,0.000000000,0.000000000,0.000000000,0.000000000,0.000000000,0.000000000,0.000000000,0.000000000,0.000000000,0.000000000,0.000000000
1751979364.475104,25.071000000,59.867225647,0.030000001,0.000000000,2.965728045,2.630314589,-76.857742310,4.543567181,4.380000114,-22.077905655,0.000000000,0.000000000,0.000000000,0.000000000,0.000000000,0.000000000,0.000000000,0.000000000,0.000000000,0.000000000,0.000000000,0.000000000
1751979364.477660,25.074000000,59.867225647,0.030000001,0.000000000,2.965728045,2.630314589,-76.857872009,4.543567181,4.380000114,-22.038410187,0.000000000,0.000000000,0.000000000,0.000000000,0.000000000,0.000000000,0.000000000,0.000000000,0.000000000,0.000000000,0.000000000,0.000000000
1751979364.480267,25.077000000,59.867225647,0.030000001,0.000000000,2.965728045,2.630314589,-76.858009338,4.543567181,4.380000114,-22.002862930,0.000000000,0.000000000,0.000000000,0.000000000,0.000000000,0.000000000,0.000000000,0.000000000,0.000000000,0.000000000,0.000000000,0.000000000
1751979364.482815,25.079000000,59.867225647,0.030000001,0.000000000,2.965728045,2.630314589,-76.858146667,4.543567181,4.380000114,-21.970872879,0.000000000,0.000000000,0.000000000,0.000000000,0.000000000,0.000000000,0.000000000,0.000000000,0.000000000,0.000000000,0.000000000,0.000000000
1751979364.485391,25.082000000,59.867225647,0.030000001,0.000000000,2.965728045,2.630314589,-76.858276367,4.543567181,4.380000114,-21.942079544,0.000000000,0.000000000,0.000000000,0.000000000,0.000000000,0.000000000,0.000000000,0.000000000,0.000000000,0.000000000,0.000000000,0.000000000
1751979364.487995,25.084000000,59.867225647,0.030000001,0.000000000,2.965728045,2.630314589,-76.858413696,4.543567181,4.380000114,-21.916168213,0.000000000,0.000000000,0.000000000,0.000000000,0.000000000,0.000000000,0.000000000,0.000000000,0.000000000,0.000000000,0.000000000,0.000000000
1751979364.490607,25.087000000,59.867225647,0.030000001,0.000000000,2.965728045,2.630314589,-76.858551025,4.543567181,4.388998985,-20.961734772,0.000000000,0.000000000,0.000000000,0.000000000,0.000000000,0.000000000,0.000000000,0.000000000,0.000000000,0.000000000,0.000000000,0.000000000
1751979364.493242,25.090000000,59.867225647,0.030000001,0.000000000,2.965728045,2.630314589,-76.858688354,4.543567181,4.388998985,-20.914587021,0.000000000,0.000000000,0.000000000,0.000000000,0.000000000,0.000000000,0.000000000,0.000000000,0.000000000,0.000000000,0.000000000,0.000000000
1751979364.496000,25.092000000,59.867225647,0.030000001,0.000000000,2.965728045,2.630314589,-76.858825684,4.543567181,4.388998985,-20.872154236,0.000000000,0.000000000,0.000000000,0.000000000,0.000000000,0.000000000,0.000000000,0.000000000,0.000000000,0.000000000,0.000000000,0.000000000
1751979364.498576,25.095000000,59.867225647,0.030000001,0.000000000,2.965728045,2.630314589,-76.858970642,4.543567181,4.398000240,-19.899885178,0.000000000,0.000000000,0.000000000,0.000000000,0.000000000,0.000000000,0.000000000,0.000000000,0.000000000,0.000000000,0.000000000,0.000000000
1751979364.501153,25.098000000,59.867225647,0.030000001,0.000000000,2.965728045,2.630314589,-76.859100342,4.543567181,4.398000240,-19.839618683,0.000000000,0.000000000,0.000000000,0.000000000,0.000000000,0.000000000,0.000000000,0.000000000,0.000000000,0.000000000,0.000000000,0.000000000
1751979364.503707,25.100000000,59.867225647,0.030000001,0.000000000,2.965728045,2.630314589,-76.859237671,4.543567181,4.398000240,-19.785379410,0.000000000,0.000000000,0.000000000,0.000000000,0.000000000,0.000000000,0.000000000,0.000000000,0.000000000,0.000000000,0.000000000,0.000000000
1751979364.506298,25.103000000,59.867225647,0.030000001,0.000000000,2.965728045,2.630314589,-76.859375000,4.543567181,4.398000240,-19.736562729,0.000000000,0.000000000,0.000000000,0.000000000,0.000000000,0.000000000,0.000000000,0.000000000,0.000000000,0.000000000,0.000000000,0.000000000
1751979364.508855,25.105000000,59.867225647,0.030000001,0.000000000,2.965728045,2.630314589,-76.859504700,4.543567181,4.398000240,-19.692628860,0.000000000,0.000000000,0.000000000,0.000000000,0.000000000,0.000000000,0.000000000,0.000000000,0.000000000,0.000000000,0.000000000,0.000000000
1751979364.511669,25.108000000,59.867225647,0.030000001,0.000000000,2.965728045,2.630314589,-76.859649658,4.543567181,4.406999111,-18.717918396,0.000000000,0.000000000,0.000000000,0.000000000,0.000000000,0.000000000,0.000000000,0.000000000,0.000000000,0.000000000,0.000000000,0.000000000
1751979364.514364,25.111000000,59.867225647,0.030000001,0.000000000,2.965728045,2.630314589,-76.859794617,4.543567181,4.406999111,-18.656574249,0.000000000,0.000000000,0.000000000,0.000000000,0.000000000,0.000000000,0.000000000,0.000000000,0.000000000,0.000000000,0.000000000,0.000000000
1751979364.517027,25.113000000,59.867225647,0.030000001,0.000000000,2.965728045,2.630314589,-76.859931946,4.543567181,4.406999111,-18.601364136,0.000000000,0.000000000,0.000000000,0.000000000,0.000000000,0.000000000,0.000000000,0.000000000,0.000000000,0.000000000,0.000000000,0.000000000
1751979364.519711,25.116000000,59.867225647,0.030000001,0.000000000,2.965728045,2.630314589,-76.860069275,4.543567181,4.406999111,-18.551673889,0.000000000,0.000000000,0.000000000,0.000000000,0.000000000,0.000000000,0.000000000,0.000000000,0.000000000,0.000000000,0.000000000,0.000000000
1751979364.522344,25.119000000,59.867225647,0.030000001,0.000000000,2.965728045,2.630314589,-76.860214233,4.543567181,4.406999111,-18.506954193,0.000000000,0.000000000,0.000000000,0.000000000,0.000000000,0.000000000,0.000000000,0.000000000,0.000000000,0.000000000,0.000000000,0.000000000
1751979364.524963,25.121000000,59.867225647,0.030000001,0.000000000,2.965728045,2.630314589,-76.860343933,4.543567181,4.406999111,-18.466707230,0.000000000,0.000000000,0.000000000,0.000000000,0.000000000,0.000000000,0.000000000,0.000000000,0.000000000,0.000000000,0.000000000,0.000000000
1751979364.527563,25.124000000,59.867225647,0.030000001,0.000000000,2.965728045,2.630314589,-76.860488892,4.543567181,4.406999111,-18.430482864,0.000000000,0.000000000,0.000000000,0.000000000,0.000000000,0.000000000,0.000000000,0.000000000,0.000000000,0.000000000,0.000000000,0.000000000
1751979364.530234,25.127000000,59.867225647,0.030000001,0.000000000,2.965728045,2.630314589,-76.860618591,4.543567181,4.416000366,-17.469387054,0.000000000,0.000000000,0.000000000,0.000000000,0.000000000,0.000000000,0.000000000,0.000000000,0.000000000,0.000000000,0.000000000,0.000000000
1751979364.532830,25.129000000,59.867225647,0.030000001,0.000000000,2.965728045,2.630314589,-76.860755920,4.543567181,4.416000366,-17.413587570,0.000000000,0.000000000,0.000000000,0.000000000,0.000000000,0.000000000,0.000000000,0.000000000,0.000000000,0.000000000,0.000000000,0.000000000
1751979364.535429,25.132000000,59.867225647,0.030000001,0.000000000,2.965728045,2.630314589,-76.860893250,4.543567181,4.416000366,-17.363367081,0.000000000,0.000000000,0.000000000,0.000000000,0.000000000,0.000000000,0.000000000,0.000000000,0.000000000,0.000000000,0.000000000,0.000000000
1751979364.538032,25.134000000,59.867225647,0.030000001,0.000000000,2.965728045,2.630314589,-76.861030579,4.543567181,4.416000366,-17.318168640,0.000000000,0.000000000,0.000000000,0.000000000,0.000000000,0.000000000,0.000000000,0.000000000,0.000000000,0.000000000,0.000000000,0.000000000
1751979364.540642,25.137000000,59.867225647,0.030000001,0.000000000,2.965728045,2.630314589,-76.861167908,4.543567181,4.416000366,-17.277490616,0.000000000,0.000000000,0.000000000,0.000000000,0.000000000,0.000000000,0.000000000,0.000000000,0.000000000,0.000000000,0.000000000,0.000000000
1751979364.543251,25.140000000,59.867225647,0.030000001,0.000000000,2.965728045,2.630314589,-76.861305237,4.543567181,4.416000366,-17.240880966,0.000000000,0.000000000,0.000000000,0.000000000,0.000000000,0.000000000,0.000000000,0.000000000,0.000000000,0.000000000,0.000000000,0.000000000
1751979364.545913,25.142000000,59.867225647,0.030000001,0.000000000,2.965728045,2.630314589,-76.861442566,4.543567181,4.416000366,-17.207931519,0.000000000,0.000000000,0.000000000,0.000000000,0.000000000,0.000000000,0.000000000,0.000000000,0.000000000,0.000000000,0.000000000,0.000000000
1751979364.548649,25.145000000,59.867225647,0.030000001,0.000000000,2.965728045,2.630314589,-76.861579895,4.543567181,4.416000366,-17.178276062,0.000000000,0.000000000,0.000000000,0.000000000,0.000000000,0.000000000,0.000000000,0.000000000,0.000000000,0.000000000,0.000000000,0.000000000
1751979364.551241,25.148000000,59.867225647,0.030000001,0.000000000,2.965728045,2.630314589,-76.861717224,4.543567181,4.416000366,-17.151588440,0.000000000,0.000000000,0.000000000,0.000000000,0.000000000,0.000000000,0.000000000,0.000000000,0.000000000,0.000000000,0.000000000,0.000000000
1751979364.553849,25.150000000,59.867225647,0.030000001,0.000000000,2.965728045,2.630314589,-76.861854553,4.543567181,4.416000366,-17.127567291,0.000000000,0.000000000,0.000000000,0.000000000,0.000000000,0.000000000,0.000000000,0.000000000,0.000000000,0.000000000,0.000000000,0.000000000
1751979364.556513,25.153000000,59.867225647,0.030000001,0.000000000,2.965728045,2.630314589,-76.861991882,4.543567181,4.416000366,-17.105949402,0.000000000,0.000000000,0.000000000,0.000000000,0.000000000,0.000000000,0.000000000,0.000000000,0.000000000,0.000000000,0.000000000,0.000000000
1751979364.559089,25.155000000,59.867225647,0.030000001,0.000000000,2.965728045,2.630314589,-76.862129211,4.543567181,4.416000366,-17.086492538,0.000000000,0.000000000,0.000000000,0.000000000,0.000000000,0.000000000,0.000000000,0.000000000,0.000000000,0.000000000,0.000000000,0.000000000
1751979364.561733,25.158000000,59.867225647,0.030000001,0.000000000,2.965728045,2.630314589,-76.862266541,4.543567181,4.416000366,-17.068983078,0.000000000,0.000000000,0.000000000,0.000000000,0.000000000,0.000000000,0.000000000,0.000000000,0.000000000,0.000000000,0.000000000,0.000000000
1751979364.564454,25.161000000,59.867225647,0.030000001,0.000000000,2.965728045,2.630314589,-76.862403870,4.543567181,4.416000366,-17.053222656,0.000000000,0.000000000,0.000000000,0.000000000,0.000000000,0.000000000,0.000000000,0.000000000,0.000000000,0.000000000,0.000000000,0.000000000
1751979364.566935,25.163000000,59.867225647,0.030000001,0.000000000,2.965728045,2.630314589,-76.862541199,4.543567181,4.416000366,-17.039039612,0.000000000,0.000000000,0.000000000,0.000000000,0.000000000,0.000000000,0.000000000,0.000000000,0.000000000,0.000000000,0.000000000,0.000000000
1751979364.569466,25.166000000,59.867225647,0.030000001,0.000000000,2.965728045,2.630314589,-76.862678528,4.543567181,4.416000366,-17.026273727,0.000000000,0.000000000,0.000000000,0.000000000,0.000000000,0.000000000,0.000000000,0.000000000,0.000000000,0.000000000,0.000000000,0.000000000
1751979364.572002,25.168000000,59.867225647,0.030000001,0.000000000,2.965728045,2.630314589,-76.862808228,4.543567181,4.424999237,-16.094245911,0.000000000,0.000000000,0.000000000,0.000000000,0.000000000,0.000000000,0.000000000,0.000000000,0.000000000,0.000000000,0.000000000,0.000000000
1751979364.574563,25.171000000,59.867225647,0.030000001,0.000000000,2.965728045,2.630314589,-76.862937927,4.543567181,4.424999237,-16.056678772,0.000000000,0.000000000,0.000000000,0.000000000,0.000000000,0.000000000,0.000000000,0.000000000,0.000000000,0.000000000,0.000000000,0.000000000
1751979364.577089,25.174000000,59.867225647,0.030000001,0.000000000,2.965728045,2.630314589,-76.863075256,4.543567181,4.424999237,-16.022871017,0.000000000,0.000000000,0.000000000,0.000000000,0.000000000,0.000000000,0.000000000,0.000000000,0.000000000,0.000000000,0.000000000,0.000000000
1751979364.579674,25.176000000,59.867225647,0.030000001,0.000000000,2.965728045,2.630314589,-76.863204956,4.543567181,4.424999237,-15.992442131,0.000000000,0.000000000,0.000000000,0.000000000,0.000000000,0.000000000,0.000000000,0.000000000,0.000000000,0.000000000,0.000000000,0.000000000
1751979364.582213,25.179000000,59.867225647,0.030000001,0.000000000,2.965728045,2.630314589,-76.863342285,4.543567181,4.424999237,-15.965056419,0.000000000,0.000000000,0.000000000,0.000000000,0.000000000,0.000000000,0.000000000,0.000000000,0.000000000,0.000000000,0.000000000,0.000000000
1751979364.584740,25.181000000,59.867225647,0.030000001,0.000000000,2.965728045,2.630314589,-76.863471985,4.543567181,4.424999237,-15.940408707,0.000000000,0.000000000,0.000000000,0.000000000,0.000000000,0.000000000,0.000000000,0.000000000,0.000000000,0.000000000,0.000000000,0.000000000
1751979364.587289,25.184000000,59.867225647,0.030000001,0.000000000,2.965728045,2.630314589,-76.863609314,4.543567181,4.424999237,-15.918227196,0.000000000,0.000000000,0.000000000,0.000000000,0.000000000,0.000000000,0.000000000,0.000000000,0.000000000,0.000000000,0.000000000,0.000000000
1751979364.589824,25.186000000,59.867225647,0.030000001,0.000000000,2.965728045,2.630314589,-76.863739014,4.543567181,4.424999237,-15.898262978,0.000000000,0.000000000,0.000000000,0.000000000,0.000000000,0.000000000,0.000000000,0.000000000,0.000000000,0.000000000,0.000000000,0.000000000
1751979364.592385,25.189000000,59.867225647,0.030000001,0.000000000,2.965728045,2.630314589,-76.863868713,4.543567181,4.424999237,-15.880294800,0.000000000,0.000000000,0.000000000,0.000000000,0.000000000,0.000000000,0.000000000,0.000000000,0.000000000,0.000000000,0.000000000,0.000000000
1751979364.594957,25.191000000,59.867225647,0.030000001,0.000000000,2.965728045,2.630314589,-76.864006042,4.543567181,4.424999237,-15.864124298,0.000000000,0.000000000,0.000000000,0.000000000,0.000000000,0.000000000,0.000000000,0.000000000,0.000000000,0.000000000,0.000000000,0.000000000
1751979364.597525,25.194000000,59.867225647,0.030000001,0.000000000,2.965728045,2.630314589,-76.864135742,4.543567181,4.424999237,-15.849570274,0.000000000,0.000000000,0.000000000,0.000000000,0.000000000,0.000000000,0.000000000,0.000000000,0.000000000,0.000000000,0.000000000,0.000000000
1751979364.600126,25.196000000,59.867225647,0.030000001,0.000000000,2.965728045,2.630314589,-76.864273071,4.543567181,4.424999237,-15.836471558,0.000000000,0.000000000,0.000000000,0.000000000,0.000000000,0.000000000,0.000000000,0.000000000,0.000000000,0.000000000,0.000000000,0.000000000
1751979364.602712,25.199000000,59.867225647,0.030000001,0.000000000,2.965728045,2.630314589,-76.864410400,4.543567181,4.424999237,-15.824683189,0.000000000,0.000000000,0.000000000,0.000000000,0.000000000,0.000000000,0.000000000,0.000000000,0.000000000,0.000000000,0.000000000,0.000000000
1751979364.605252,25.202000000,59.867225647,0.030000001,0.000000000,2.965728045,2.630314589,-76.864540100,4.543567181,4.424999237,-15.814073563,0.000000000,0.000000000,0.000000000,0.000000000,0.000000000,0.000000000,0.000000000,0.000000000,0.000000000,0.000000000,0.000000000,0.000000000
1751979364.607762,25.204000000,59.867225647,0.030000001,0.000000000,2.965728045,2.630314589,-76.864677429,4.543567181,4.424999237,-15.804524422,0.000000000,0.000000000,0.000000000,0.000000000,0.000000000,0.000000000,0.000000000,0.000000000,0.000000000,0.000000000,0.000000000,0.000000000
1751979364.610354,25.207000000,59.867225647,0.030000001,0.000000000,2.965728045,2.630314589,-76.864807129,4.543567181,4.424999237,-15.795930862,0.000000000,0.000000000,0.000000000,0.000000000,0.000000000,0.000000000,0.000000000,0.000000000,0.000000000,0.000000000,0.000000000,0.000000000
1751979364.612927,25.209000000,59.867225647,0.030000001,0.000000000,2.965728045,2.630314589,-76.864944458,4.543567181,4.424999237,-15.788196564,0.000000000,0.000000000,0.000000000,0.000000000,0.000000000,0.000000000,0.000000000,0.000000000,0.000000000,0.000000000,0.000000000,0.000000000
1751979364.615451,25.212000000,59.867225647,0.030000001,0.000000000,2.965728045,2.630314589,-76.865074158,4.543567181,4.424999237,-15.781235695,0.000000000,0.000000000,0.000000000,0.000000000,0.000000000,0.000000000,0.000000000,0.000000000,0.000000000,0.000000000,0.000000000,0.000000000
1751979364.617982,25.214000000,59.867225647,0.030000001,0.000000000,2.965728045,2.630314589,-76.865203857,4.543567181,4.424999237,-15.774970055,0.000000000,0.000000000,0.000000000,0.000000000,0.000000000,0.000000000,0.000000000,0.000000000,0.000000000,0.000000000,0.000000000,0.000000000
1751979364.620560,25.217000000,59.867225647,0.030000001,0.000000000,2.965728045,2.630314589,-76.865341187,4.543567181,4.424999237,-15.769331932,0.000000000,0.000000000,0.000000000,0.000000000,0.000000000,0.000000000,0.000000000,0.000000000,0.000000000,0.000000000,0.000000000,0.000000000
1751979364.623086,25.220000000,59.867225647,0.030000001,0.000000000,2.965728045,2.630314589,-76.865470886,4.543567181,4.424999237,-15.764257431,0.000000000,0.000000000,0.000000000,0.000000000,0.000000000,0.000000000,0.000000000,0.000000000,0.000000000,0.000000000,0.000000000,0.000000000
1751979364.625628,25.222000000,59.867225647,0.030000001,0.000000000,2.965728045,2.630314589,-76.865608215,4.543567181,4.424999237,-15.759690285,0.000000000,0.000000000,0.000000000,0.000000000,0.000000000,0.000000000,0.000000000,0.000000000,0.000000000,0.000000000,0.000000000,0.000000000
1751979364.628191,25.225000000,59.867225647,0.030000001,0.000000000,2.965728045,2.630314589,-76.865737915,4.543567181,4.424999237,-15.755579948,0.000000000,0.000000000,0.000000000,0.000000000,0.000000000,0.000000000,0.000000000,0.000000000,0.000000000,0.000000000,0.000000000,0.000000000
1751979364.630709,25.227000000,59.867225647,0.030000001,0.000000000,2.965728045,2.630314589,-76.865875244,4.543567181,4.424999237,-15.751880646,0.000000000,0.000000000,0.000000000,0.000000000,0.000000000,0.000000000,0.000000000,0.000000000,0.000000000,0.000000000,0.000000000,0.000000000
1751979364.633238,25.230000000,59.867225647,0.030000001,0.000000000,2.965728045,2.630314589,-76.866004944,4.543567181,4.424999237,-15.748551369,0.000000000,0.000000000,0.000000000,0.000000000,0.000000000,0.000000000,0.000000000,0.000000000,0.000000000,0.000000000,0.000000000,0.000000000
1751979364.635752,25.232000000,59.867225647,0.030000001,0.000000000,2.965728045,2.630314589,-76.866134644,4.543567181,4.424999237,-15.745554924,0.000000000,0.000000000,0.000000000,0.000000000,0.000000000,0.000000000,0.000000000,0.000000000,0.000000000,0.000000000,0.000000000,0.000000000
1751979364.638266,25.235000000,59.867225647,0.030000001,0.000000000,2.965728045,2.630314589,-76.866264343,4.543567181,4.424999237,-15.742857933,0.000000000,0.000000000,0.000000000,0.000000000,0.000000000,0.000000000,0.000000000,0.000000000,0.000000000,0.000000000,0.000000000,0.000000000
1751979364.640797,25.237000000,59.867225647,0.030000001,0.000000000,2.965728045,2.630314589,-76.866394043,4.543567181,4.424999237,-15.740430832,0.000000000,0.000000000,0.000000000,0.000000000,0.000000000,0.000000000,0.000000000,0.000000000,0.000000000,0.000000000,0.000000000,0.000000000
1751979364.643326,25.240000000,59.867225647,0.030000001,0.000000000,2.965728045,2.630314589,-76.866531372,4.543567181,4.424999237,-15.738245964,0.000000000,0.000000000,0.000000000,0.000000000,0.000000000,0.000000000,0.000000000,0.000000000,0.000000000,0.000000000,0.000000000,0.000000000
1751979364.645902,25.242000000,59.867225647,0.030000001,0.000000000,2.965728045,2.630314589,-76.866661072,4.543567181,4.424999237,-15.736280441,0.000000000,0.000000000,0.000000000,0.000000000,0.000000000,0.000000000,0.000000000,0.000000000,0.000000000,0.000000000,0.000000000,0.000000000
1751979364.648476,25.245000000,59.867225647,0.030000001,0.000000000,2.965728045,2.630314589,-76.866798401,4.543567181,4.424999237,-15.734510422,0.000000000,0.000000000,0.000000000,0.000000000,0.000000000,0.000000000,0.000000000,0.000000000,0.000000000,0.000000000,0.000000000,0.000000000
1751979364.651026,25.247000000,59.867225647,0.030000001,0.000000000,2.965728045,2.630314589,-76.866935730,4.543567181,4.424999237,-15.732917786,0.000000000,0.000000000,0.000000000,0.000000000,0.000000000,0.000000000,0.000000000,0.000000000,0.000000000,0.000000000,0.000000000,0.000000000
1751979364.653536,25.250000000,59.867225647,0.030000001,0.000000000,2.965728045,2.630314589,-76.867065430,4.543567181,4.424999237,-15.731485367,0.000000000,0.000000000,0.000000000,0.000000000,0.000000000,0.000000000,0.000000000,0.000000000,0.000000000,0.000000000,0.000000000,0.000000000
1751979364.656062,25.252000000,59.867225647,0.030000001,0.000000000,2.965728045,2.630314589,-76.867195129,4.543567181,4.424999237,-15.730195045,0.000000000,0.000000000,0.000000000,0.000000000,0.000000000,0.000000000,0.000000000,0.000000000,0.000000000,0.000000000,0.000000000,0.000000000
1751979364.658609,25.255000000,59.867225647,0.030000001,0.000000000,2.965728045,2.630314589,-76.867332458,4.543567181,4.424999237,-15.729034424,0.000000000,0.000000000,0.000000000,0.000000000,0.000000000,0.000000000,0.000000000,0.000000000,0.000000000,0.000000000,0.000000000,0.000000000
1751979364.661216,25.258000000,59.867225647,0.030000001,0.000000000,2.965728045,2.630314589,-76.867462158,4.543567181,4.424999237,-15.727989197,0.000000000,0.000000000,0.000000000,0.000000000,0.000000000,0.000000000,0.000000000,0.000000000,0.000000000,0.000000000,0.000000000,0.000000000
1751979364.663909,25.260000000,59.867225647,0.030000001,0.000000000,2.965728045,2.630314589,-76.867599487,4.543567181,4.424999237,-15.727048874,0.000000000,0.000000000,0.000000000,0.000000000,0.000000000,0.000000000,0.000000000,0.000000000,0.000000000,0.000000000,0.000000000,0.000000000
1751979364.666389,25.263000000,59.867225647,0.030000001,0.000000000,2.965728045,2.630314589,-76.867736816,4.543567181,4.424999237,-15.726202965,0.000000000,0.000000000,0.000000000,0.000000000,0.000000000,0.000000000,0.000000000,0.000000000,0.000000000,0.000000000,0.000000000,0.000000000
1751979364.668880,25.265000000,59.867225647,0.030000001,0.000000000,2.965728045,2.630314589,-76.867866516,4.543567181,4.424999237,-15.725440979,0.000000000,0.000000000,0.000000000,0.000000000,0.000000000,0.000000000,0.000000000,0.000000000,0.000000000,0.000000000,0.000000000,0.000000000
1751979364.671405,25.268000000,59.867225647,0.030000001,0.000000000,2.965728045,2.630314589,-76.868003845,4.543567181,4.424999237,-15.724755287,0.000000000,0.000000000,0.000000000,0.000000000,0.000000000,0.000000000,0.000000000,0.000000000,0.000000000,0.000000000,0.000000000,0.000000000
1751979364.673944,25.270000000,59.867225647,0.030000001,0.000000000,2.965728045,2.630314589,-76.868133545,4.543567181,4.424999237,-15.724138260,0.000000000,0.000000000,0.000000000,0.000000000,0.000000000,0.000000000,0.000000000,0.000000000,0.000000000,0.000000000,0.000000000,0.000000000
1751979364.676466,25.273000000,59.867225647,0.030000001,0.000000000,2.965728045,2.630314589,-76.868263245,4.543567181,4.424999237,-15.723583221,0.000000000,0.000000000,0.000000000,0.000000000,0.000000000,0.000000000,0.000000000,0.000000000,0.000000000,0.000000000,0.000000000,0.000000000
1751979364.679099,25.275000000,59.867225647,0.030000001,0.000000000,2.965728045,2.630314589,-76.868400574,4.543567181,4.424999237,-15.723083496,0.000000000,0.000000000,0.000000000,0.000000000,0.000000000,0.000000000,0.000000000,0.000000000,0.000000000,0.000000000,0.000000000,0.000000000
1751979364.681583,25.278000000,59.867225647,0.030000001,0.000000000,2.965728045,2.630314589,-76.868530273,4.543567181,4.424999237,-15.722633362,0.000000000,0.000000000,0.000000000,0.000000000,0.000000000,0.000000000,0.000000000,0.000000000,0.000000000,0.000000000,0.000000000,0.000000000
1751979364.684107,25.281000000,59.867225647,0.030000001,0.000000000,2.965728045,2.630314589,-76.868659973,4.543567181,4.424999237,-15.722229004,0.000000000,0.000000000,0.000000000,0.000000000,0.000000000,0.000000000,0.000000000,0.000000000,0.000000000,0.000000000,0.000000000,0.000000000
1751979364.686636,25.283000000,59.867225647,0.030000001,0.000000000,2.965728045,2.630314589,-76.868789673,4.543567181,4.424999237,-15.721864700,0.000000000,0.000000000,0.000000000,0.000000000,0.000000000,0.000000000,0.000000000,0.000000000,0.000000000,0.000000000,0.000000000,0.000000000
1751979364.689179,25.286000000,59.867225647,0.030000001,0.000000000,2.965728045,2.630314589,-76.868927002,4.543567181,4.424999237,-15.721536636,0.000000000,0.000000000,0.000000000,0.000000000,0.000000000,0.000000000,0.000000000,0.000000000,0.000000000,0.000000000,0.000000000,0.000000000
1751979364.691720,25.288000000,59.867225647,0.030000001,0.000000000,2.965728045,2.630314589,-76.869056702,4.543567181,4.424999237,-15.721241951,0.000000000,0.000000000,0.000000000,0.000000000,0.000000000,0.000000000,0.000000000,0.000000000,0.000000000,0.000000000,0.000000000,0.000000000
1751979364.694338,25.291000000,59.867225647,0.030000001,0.000000000,2.965728045,2.630314589,-76.869194031,4.543567181,4.424999237,-15.720975876,0.000000000,0.000000000,0.000000000,0.000000000,0.000000000,0.000000000,0.000000000,0.000000000,0.000000000,0.000000000,0.000000000,0.000000000
1751979364.696849,25.293000000,59.867225647,0.030000001,0.000000000,2.965728045,2.630314589,-76.869331360,4.543567181,4.424999237,-15.720737457,0.000000000,0.000000000,0.000000000,0.000000000,0.000000000,0.000000000,0.000000000,0.000000000,0.000000000,0.000000000,0.000000000,0.000000000
1751979364.699402,25.296000000,59.867225647,0.030000001,0.000000000,2.965728045,2.630314589,-76.869461060,4.543567181,4.424999237,-15.720521927,0.000000000,0.000000000,0.000000000,0.000000000,0.000000000,0.000000000,0.000000000,0.000000000,0.000000000,0.000000000,0.000000000,0.000000000
1751979364.702142,25.298000000,59.867225647,0.030000001,0.000000000,2.965728045,2.630314589,-76.869598389,4.543567181,4.424999237,-15.720328331,0.000000000,0.000000000,0.000000000,0.000000000,0.000000000,0.000000000,0.000000000,0.000000000,0.000000000,0.000000000,0.000000000,0.000000000
1751979364.704610,25.301000000,59.867225647,0.030000001,0.000000000,2.965728045,2.630314589,-76.869728088,4.543567181,4.424999237,-15.720153809,0.000000000,0.000000000,0.000000000,0.000000000,0.000000000,0.000000000,0.000000000,0.000000000,0.000000000,0.000000000,0.000000000,0.000000000
1751979364.707111,25.304000000,59.867225647,0.030000001,0.000000000,2.965728045,2.630314589,-76.869865417,4.543567181,4.424999237,-15.719997406,0.000000000,0.000000000,0.000000000,0.000000000,0.000000000,0.000000000,0.000000000,0.000000000,0.000000000,0.000000000,0.000000000,0.000000000
1751979364.709629,25.306000000,59.867225647,0.030000001,0.000000000,2.965728045,2.630314589,-76.869995117,4.543567181,4.424999237,-15.719856262,0.000000000,0.000000000,0.000000000,0.000000000,0.000000000,0.000000000,0.000000000,0.000000000,0.000000000,0.000000000,0.000000000,0.000000000
1751979364.712227,25.309000000,59.867225647,0.030000001,0.000000000,2.965728045,2.630314589,-76.870124817,4.543567181,4.424999237,-15.719729424,0.000000000,0.000000000,0.000000000,0.000000000,0.000000000,0.000000000,0.000000000,0.000000000,0.000000000,0.000000000,0.000000000,0.000000000
1751979364.714765,25.311000000,59.867225647,0.030000001,0.000000000,2.965728045,2.630314589,-76.870262146,4.543567181,4.424999237,-15.719614983,0.000000000,0.000000000,0.000000000,0.000000000,0.000000000,0.000000000,0.000000000,0.000000000,0.000000000,0.000000000,0.000000000,0.000000000
1751979364.717284,25.314000000,59.867225647,0.030000001,0.000000000,2.965728045,2.630314589,-76.870391846,4.543567181,4.424999237,-15.719511986,0.000000000,0.000000000,0.000000000,0.000000000,0.000000000,0.000000000,0.000000000,0.000000000,0.000000000,0.000000000,0.000000000,0.000000000
1751979364.719819,25.316000000,59.867225647,0.030000001,0.000000000,2.965728045,2.630314589,-76.870529175,4.543567181,4.424999237,-15.719419479,0.000000000,0.000000000,0.000000000,0.000000000,0.000000000,0.000000000,0.000000000,0.000000000,0.000000000,0.000000000,0.000000000,0.000000000
1751979364.722382,25.319000000,59.867225647,0.030000001,0.000000000,2.965728045,2.630314589,-76.870658875,4.543567181,4.424999237,-15.719336510,0.000000000,0.000000000,0.000000000,0.000000000,0.000000000,0.000000000,0.000000000,0.000000000,0.000000000,0.000000000,0.000000000,0.000000000
1751979364.724936,25.321000000,59.867225647,0.030000001,0.000000000,2.965728045,2.630314589,-76.870796204,4.543567181,4.424999237,-15.719261169,0.000000000,0.000000000,0.000000000,0.000000000,0.000000000,0.000000000,0.000000000,0.000000000,0.000000000,0.000000000,0.000000000,0.000000000
1751979364.727475,25.324000000,59.867225647,0.030000001,0.000000000,2.965728045,2.630314589,-76.870925903,4.543567181,4.424999237,-15.719193459,0.000000000,0.000000000,0.000000000,0.000000000,0.000000000,0.000000000,0.000000000,0.000000000,0.000000000,0.000000000,0.000000000,0.000000000
1751979364.730023,25.326000000,59.867225647,0.030000001,0.000000000,2.965728045,2.630314589,-76.871055603,4.543567181,4.424999237,-15.719132423,0.000000000,0.000000000,0.000000000,0.000000000,0.000000000,0.000000000,0.000000000,0.000000000,0.000000000,0.000000000,0.000000000,0.000000000
1751979364.732579,25.329000000,59.867225647,0.030000001,0.000000000,2.965728045,2.630314589,-76.871192932,4.543567181,4.424999237,-15.719078064,0.000000000,0.000000000,0.000000000,0.000000000,0.000000000,0.000000000,0.000000000,0.000000000,0.000000000,0.000000000,0.000000000,0.000000000
1751979364.735131,25.332000000,59.867225647,0.030000001,0.000000000,2.965728045,2.630314589,-76.871322632,4.543567181,4.424999237,-15.719028473,0.000000000,0.000000000,0.000000000,0.000000000,0.000000000,0.000000000,0.000000000,0.000000000,0.000000000,0.000000000,0.000000000,0.000000000
1751979364.737674,25.334000000,59.867225647,0.030000001,0.000000000,2.965728045,2.630314589,-76.871459961,4.543567181,4.424999237,-15.718984604,0.000000000,0.000000000,0.000000000,0.000000000,0.000000000,0.000000000,0.000000000,0.000000000,0.000000000,0.000000000,0.000000000,0.000000000
1751979364.740212,25.337000000,59.867225647,0.030000001,0.000000000,2.965728045,2.630314589,-76.871589661,4.543567181,4.424999237,-15.718944550,0.000000000,0.000000000,0.000000000,0.000000000,0.000000000,0.000000000,0.000000000,0.000000000,0.000000000,0.000000000,0.000000000,0.000000000
1751979364.742748,25.339000000,59.867225647,0.030000001,0.000000000,2.965728045,2.630314589,-76.871726990,4.543567181,4.424999237,-15.718909264,0.000000000,0.000000000,0.000000000,0.000000000,0.000000000,0.000000000,0.000000000,0.000000000,0.000000000,0.000000000,0.000000000,0.000000000
1751979364.745315,25.342000000,59.867225647,0.030000001,0.000000000,2.965728045,2.630314589,-76.871856689,4.543567181,4.424999237,-15.718876839,0.000000000,0.000000000,0.000000000,0.000000000,0.000000000,0.000000000,0.000000000,0.000000000,0.000000000,0.000000000,0.000000000,0.000000000
1751979364.747846,25.344000000,59.867225647,0.030000001,0.000000000,2.965728045,2.630314589,-76.871986389,4.543567181,4.424999237,-15.718847275,0.000000000,0.000000000,0.000000000,0.000000000,0.000000000,0.000000000,0.000000000,0.000000000,0.000000000,0.000000000,0.000000000,0.000000000
1751979364.750367,25.347000000,59.867225647,0.030000001,0.000000000,2.965728045,2.630314589,-76.872116089,4.543567181,4.424999237,-15.718821526,0.000000000,0.000000000,0.000000000,0.000000000,0.000000000,0.000000000,0.000000000,0.000000000,0.000000000,0.000000000,0.000000000,0.000000000
1751979364.752989,25.349000000,59.867225647,0.030000001,0.000000000,2.965728045,2.630314589,-76.872253418,4.543567181,4.424999237,-15.718797684,0.000000000,0.000000000,0.000000000,0.000000000,0.000000000,0.000000000,0.000000000,0.000000000,0.000000000,0.000000000,0.000000000,0.000000000
1751979364.755566,25.352000000,59.867225647,0.030000001,0.000000000,2.965728045,2.630314589,-76.872383118,4.543567181,4.424999237,-15.718776703,0.000000000,0.000000000,0.000000000,0.000000000,0.000000000,0.000000000,0.000000000,0.000000000,0.000000000,0.000000000,0.000000000,0.000000000
1751979364.758096,25.354000000,59.867225647,0.030000001,0.000000000,2.965728045,2.630314589,-76.872520447,4.543567181,4.424999237,-15.718757629,0.000000000,0.000000000,0.000000000,0.000000000,0.000000000,0.000000000,0.000000000,0.000000000,0.000000000,0.000000000,0.000000000,0.000000000
1751979364.760638,25.357000000,59.867225647,0.030000001,0.000000000,2.965728045,2.630314589,-76.872650146,4.543567181,4.424999237,-15.718740463,0.000000000,0.000000000,0.000000000,0.000000000,0.000000000,0.000000000,0.000000000,0.000000000,0.000000000,0.000000000,0.000000000,0.000000000
1751979364.763221,25.360000000,59.867225647,0.030000001,0.000000000,2.965728045,2.630314589,-76.872787476,4.543567181,4.424999237,-15.718725204,0.000000000,0.000000000,0.000000000,0.000000000,0.000000000,0.000000000,0.000000000,0.000000000,0.000000000,0.000000000,0.000000000,0.000000000
1751979364.765731,25.362000000,59.867225647,0.030000001,0.000000000,2.965728045,2.630314589,-76.872924805,4.543567181,4.424999237,-15.718710899,0.000000000,0.000000000,0.000000000,0.000000000,0.000000000,0.000000000,0.000000000,0.000000000,0.000000000,0.000000000,0.000000000,0.000000000
1751979364.768273,25.365000000,59.867225647,0.030000001,0.000000000,2.965728045,2.630314589,-76.873054504,4.543567181,4.424999237,-15.718698502,0.000000000,0.000000000,0.000000000,0.000000000,0.000000000,0.000000000,0.000000000,0.000000000,0.000000000,0.000000000,0.000000000,0.000000000
1751979364.770801,25.367000000,59.867225647,0.030000001,0.000000000,2.965728045,2.630314589,-76.873184204,4.543567181,4.424999237,-15.718687057,0.000000000,0.000000000,0.000000000,0.000000000,0.000000000,0.000000000,0.000000000,0.000000000,0.000000000,0.000000000,0.000000000,0.000000000
1751979364.773347,25.370000000,59.867225647,0.030000001,0.000000000,2.965728045,2.630314589,-76.873321533,4.543567181,4.424999237,-15.718677521,0.000000000,0.000000000,0.000000000,0.000000000,0.000000000,0.000000000,0.000000000,0.000000000,0.000000000,0.000000000,0.000000000,0.000000000
1751979364.775883,25.372000000,59.867225647,0.030000001,0.000000000,2.965728045,2.630314589,-76.873451233,4.543567181,4.424999237,-15.718667984,0.000000000,0.000000000,0.000000000,0.000000000,0.000000000,0.000000000,0.000000000,0.000000000,0.000000000,0.000000000,0.000000000,0.000000000
1751979364.778507,25.375000000,59.867225647,0.030000001,0.000000000,2.965728045,2.630314589,-76.873588562,4.543567181,4.424999237,-15.718659401,0.000000000,0.000000000,0.000000000,0.000000000,0.000000000,0.000000000,0.000000000,0.000000000,0.000000000,0.000000000,0.000000000,0.000000000
1751979364.781033,25.377000000,59.867225647,0.030000001,0.000000000,2.965728045,2.630314589,-76.873725891,4.543567181,4.424999237,-15.718652725,0.000000000,0.000000000,0.000000000,0.000000000,0.000000000,0.000000000,0.000000000,0.000000000,0.000000000,0.000000000,0.000000000,0.000000000
1751979364.783589,25.380000000,59.867225647,0.030000001,0.000000000,2.965728045,2.630314589,-76.873855591,4.543567181,4.424999237,-15.718646049,0.000000000,0.000000000,0.000000000,0.000000000,0.000000000,0.000000000,0.000000000,0.000000000,0.000000000,0.000000000,0.000000000,0.000000000
1751979364.786135,25.383000000,59.867225647,0.030000001,0.000000000,2.965728045,2.630314589,-76.873992920,4.543567181,4.424999237,-15.718639374,0.000000000,0.000000000,0.000000000,0.000000000,0.000000000,0.000000000,0.000000000,0.000000000,0.000000000,0.000000000,0.000000000,0.000000000
1751979364.788670,25.385000000,59.867225647,0.030000001,0.000000000,2.965728045,2.630314589,-76.874122620,4.543567181,4.424999237,-15.718634605,0.000000000,0.000000000,0.000000000,0.000000000,0.000000000,0.000000000,0.000000000,0.000000000,0.000000000,0.000000000,0.000000000,0.000000000
1751979364.791251,25.388000000,59.867225647,0.030000001,0.000000000,2.965728045,2.630314589,-76.874252319,4.543567181,4.424999237,-15.718629837,0.000000000,0.000000000,0.000000000,0.000000000,0.000000000,0.000000000,0.000000000,0.000000000,0.000000000,0.000000000,0.000000000,0.000000000
1751979364.793841,25.390000000,59.867225647,0.030000001,0.000000000,2.965728045,2.630314589,-76.874389648,4.543567181,4.424999237,-15.718625069,0.000000000,0.000000000,0.000000000,0.000000000,0.000000000,0.000000000,0.000000000,0.000000000,0.000000000,0.000000000,0.000000000,0.000000000
1751979364.796479,25.393000000,59.867225647,0.030000001,0.000000000,2.965728045,2.630314589,-76.874526978,4.543567181,4.424999237,-15.718621254,0.000000000,0.000000000,0.000000000,0.000000000,0.000000000,0.000000000,0.000000000,0.000000000,0.000000000,0.000000000,0.000000000,0.000000000
1751979364.798990,25.395000000,59.867225647,0.030000001,0.000000000,2.965728045,2.630314589,-76.874664307,4.543567181,4.424999237,-15.718617439,0.000000000,0.000000000,0.000000000,0.000000000,0.000000000,0.000000000,0.000000000,0.000000000,0.000000000,0.000000000,0.000000000,0.000000000
1751979364.801605,25.398000000,59.867225647,0.030000001,0.000000000,2.965728045,2.630314589,-76.874794006,4.543567181,4.424999237,-15.718614578,0.000000000,0.000000000,0.000000000,0.000000000,0.000000000,0.000000000,0.000000000,0.000000000,0.000000000,0.000000000,0.000000000,0.000000000
1751979364.804097,25.401000000,59.867225647,0.030000001,0.000000000,2.965728045,2.630314589,-76.874931335,4.543567181,4.424999237,-15.718611717,0.000000000,0.000000000,0.000000000,0.000000000,0.000000000,0.000000000,0.000000000,0.000000000,0.000000000,0.000000000,0.000000000,0.000000000
1751979364.806637,25.403000000,59.867225647,0.030000001,0.000000000,2.965728045,2.630314589,-76.875061035,4.543567181,4.424999237,-15.718608856,0.000000000,0.000000000,0.000000000,0.000000000,0.000000000,0.000000000,0.000000000,0.000000000,0.000000000,0.000000000,0.000000000,0.000000000
1751979364.809235,25.406000000,59.867225647,0.030000001,0.000000000,2.965728045,2.630314589,-76.875198364,4.543567181,4.424999237,-15.718606949,0.000000000,0.000000000,0.000000000,0.000000000,0.000000000,0.000000000,0.000000000,0.000000000,0.000000000,0.000000000,0.000000000,0.000000000
1751979364.811774,25.408000000,59.867225647,0.030000001,0.000000000,2.965728045,2.630314589,-76.875328064,4.543567181,4.424999237,-15.718605042,0.000000000,0.000000000,0.000000000,0.000000000,0.000000000,0.000000000,0.000000000,0.000000000,0.000000000,0.000000000,0.000000000,0.000000000
1751979364.814284,25.411000000,59.867225647,0.030000001,0.000000000,2.965728045,2.630314589,-76.875465393,4.543567181,4.424999237,-15.718603134,0.000000000,0.000000000,0.000000000,0.000000000,0.000000000,0.000000000,0.000000000,0.000000000,0.000000000,0.000000000,0.000000000,0.000000000
1751979364.816795,25.413000000,59.867225647,0.030000001,0.000000000,2.965728045,2.630314589,-76.875595093,4.543567181,4.424999237,-15.718601227,0.000000000,0.000000000,0.000000000,0.000000000,0.000000000,0.000000000,0.000000000,0.000000000,0.000000000,0.000000000,0.000000000,0.000000000
1751979364.819329,25.416000000,59.867225647,0.030000001,0.000000000,2.965728045,2.630314589,-76.875724792,4.543567181,4.424999237,-15.718599319,0.000000000,0.000000000,0.000000000,0.000000000,0.000000000,0.000000000,0.000000000,0.000000000,0.000000000,0.000000000,0.000000000,0.000000000
1751979364.821878,25.418000000,59.867225647,0.030000001,0.000000000,2.965728045,2.630314589,-76.875862122,4.543567181,4.424999237,-15.718598366,0.000000000,0.000000000,0.000000000,0.000000000,0.000000000,0.000000000,0.000000000,0.000000000,0.000000000,0.000000000,0.000000000,0.000000000
1751979364.824447,25.421000000,59.867225647,0.030000001,0.000000000,2.965728045,2.630314589,-76.875991821,4.543567181,4.424999237,-15.718597412,0.000000000,0.000000000,0.000000000,0.000000000,0.000000000,0.000000000,0.000000000,0.000000000,0.000000000,0.000000000,0.000000000,0.000000000
1751979364.827022,25.423000000,59.867225647,0.030000001,0.000000000,2.965728045,2.630314589,-76.876121521,4.543567181,4.424999237,-15.718595505,0.000000000,0.000000000,0.000000000,0.000000000,0.000000000,0.000000000,0.000000000,0.000000000,0.000000000,0.000000000,0.000000000,0.000000000
1751979364.829563,25.426000000,59.867225647,0.030000001,0.000000000,2.965728045,2.630314589,-76.876258850,4.543567181,4.424999237,-15.718594551,0.000000000,0.000000000,0.000000000,0.000000000,0.000000000,0.000000000,0.000000000,0.000000000,0.000000000,0.000000000,0.000000000,0.000000000
1751979364.832087,25.429000000,59.867225647,0.030000001,0.000000000,2.965728045,2.630314589,-76.876388550,4.543567181,4.424999237,-15.718593597,0.000000000,0.000000000,0.000000000,0.000000000,0.000000000,0.000000000,0.000000000,0.000000000,0.000000000,0.000000000,0.000000000,0.000000000
1751979364.834642,25.431000000,59.867225647,0.030000001,0.000000000,2.965728045,2.630314589,-76.876525879,4.543567181,4.424999237,-15.718593597,0.000000000,0.000000000,0.000000000,0.000000000,0.000000000,0.000000000,0.000000000,0.000000000,0.000000000,0.000000000,0.000000000,0.000000000
1751979364.837181,25.434000000,59.867225647,0.030000001,0.000000000,2.965728045,2.630314589,-76.876655579,4.543567181,4.424999237,-15.718592644,0.000000000,0.000000000,0.000000000,0.000000000,0.000000000,0.000000000,0.000000000,0.000000000,0.000000000,0.000000000,0.000000000,0.000000000
1751979364.839736,25.436000000,59.867225647,0.030000001,0.000000000,2.965728045,2.630314589,-76.876792908,4.543567181,4.424999237,-15.718591690,0.000000000,0.000000000,0.000000000,0.000000000,0.000000000,0.000000000,0.000000000,0.000000000,0.000000000,0.000000000,0.000000000,0.000000000
1751979364.842255,25.439000000,59.867225647,0.030000001,0.000000000,2.965728045,2.630314589,-76.876922607,4.543567181,4.424999237,-15.718591690,0.000000000,0.000000000,0.000000000,0.000000000,0.000000000,0.000000000,0.000000000,0.000000000,0.000000000,0.000000000,0.000000000,0.000000000
1751979364.844828,25.441000000,59.867225647,0.030000001,0.000000000,2.965728045,2.630314589,-76.877052307,4.543567181,4.424999237,-15.718590736,0.000000000,0.000000000,0.000000000,0.000000000,0.000000000,0.000000000,0.000000000,0.000000000,0.000000000,0.000000000,0.000000000,0.000000000
1751979364.847337,25.444000000,59.867225647,0.030000001,0.000000000,2.965728045,2.630314589,-76.877189636,4.543567181,4.424999237,-15.718590736,0.000000000,0.000000000,0.000000000,0.000000000,0.000000000,0.000000000,0.000000000,0.000000000,0.000000000,0.000000000,0.000000000,0.000000000
1751979364.849915,25.446000000,59.867225647,0.030000001,0.000000000,2.965728045,2.630314589,-76.877319336,4.543567181,4.424999237,-15.718589783,0.000000000,0.000000000,0.000000000,0.000000000,0.000000000,0.000000000,0.000000000,0.000000000,0.000000000,0.000000000,0.000000000,0.000000000
1751979364.852479,25.449000000,59.867225647,0.030000001,0.000000000,2.965728045,2.630314589,-76.877456665,4.543567181,4.424999237,-15.718589783,0.000000000,0.000000000,0.000000000,0.000000000,0.000000000,0.000000000,0.000000000,0.000000000,0.000000000,0.000000000,0.000000000,0.000000000
1751979364.855075,25.451000000,59.867225647,0.030000001,0.000000000,2.965728045,2.630314589,-76.877593994,4.543567181,4.424999237,-15.718588829,0.000000000,0.000000000,0.000000000,0.000000000,0.000000000,0.000000000,0.000000000,0.000000000,0.000000000,0.000000000,0.000000000,0.000000000
1751979364.857644,25.454000000,59.867225647,0.030000001,0.000000000,2.965728045,2.630314589,-76.877731323,4.543567181,4.424999237,-15.718588829,0.000000000,0.000000000,0.000000000,0.000000000,0.000000000,0.000000000,0.000000000,0.000000000,0.000000000,0.000000000,0.000000000,0.000000000
1751979364.860240,25.457000000,59.867225647,0.030000001,0.000000000,2.965728045,2.630314589,-76.877861023,4.543567181,4.424999237,-15.718588829,0.000000000,0.000000000,0.000000000,0.000000000,0.000000000,0.000000000,0.000000000,0.000000000,0.000000000,0.000000000,0.000000000,0.000000000
1751979364.862998,25.459000000,59.867225647,0.030000001,0.000000000,2.965728045,2.630314589,-76.878005981,4.543567181,4.424999237,-15.718587875,0.000000000,0.000000000,0.000000000,0.000000000,0.000000000,0.000000000,0.000000000,0.000000000,0.000000000,0.000000000,0.000000000,0.000000000
1751979364.865534,25.462000000,59.867225647,0.030000001,0.000000000,2.965728045,2.630314589,-76.878143311,4.543567181,4.424999237,-15.718587875,0.000000000,0.000000000,0.000000000,0.000000000,0.000000000,0.000000000,0.000000000,0.000000000,0.000000000,0.000000000,0.000000000,0.000000000
1751979364.868124,25.465000000,59.867225647,0.030000001,0.000000000,2.965728045,2.630314589,-76.878273010,4.543567181,4.424999237,-15.718587875,0.000000000,0.000000000,0.000000000,0.000000000,0.000000000,0.000000000,0.000000000,0.000000000,0.000000000,0.000000000,0.000000000,0.000000000
1751979364.870705,25.467000000,59.867225647,0.030000001,0.000000000,2.965728045,2.630314589,-76.878410339,4.543567181,4.424999237,-15.718587875,0.000000000,0.000000000,0.000000000,0.000000000,0.000000000,0.000000000,0.000000000,0.000000000,0.000000000,0.000000000,0.000000000,0.000000000
1751979364.873363,25.470000000,59.867225647,0.030000001,0.000000000,2.965728045,2.630314589,-76.878547668,4.543567181,4.424999237,-15.718587875,0.000000000,0.000000000,0.000000000,0.000000000,0.000000000,0.000000000,0.000000000,0.000000000,0.000000000,0.000000000,0.000000000,0.000000000
1751979364.875979,25.472000000,59.867225647,0.030000001,0.000000000,2.965728045,2.630314589,-76.878684998,4.543567181,4.424999237,-15.718586922,0.000000000,0.000000000,0.000000000,0.000000000,0.000000000,0.000000000,0.000000000,0.000000000,0.000000000,0.000000000,0.000000000,0.000000000
1751979364.878632,25.475000000,59.867225647,0.030000001,0.000000000,2.965728045,2.630314589,-76.878822327,4.543567181,4.424999237,-15.718586922,0.000000000,0.000000000,0.000000000,0.000000000,0.000000000,0.000000000,0.000000000,0.000000000,0.000000000,0.000000000,0.000000000,0.000000000
1751979364.881243,25.478000000,59.867225647,0.030000001,0.000000000,2.965728045,2.630314589,-76.878959656,4.543567181,4.424999237,-15.718586922,0.000000000,0.000000000,0.000000000,0.000000000,0.000000000,0.000000000,0.000000000,0.000000000,0.000000000,0.000000000,0.000000000,0.000000000
1751979364.883817,25.480000000,59.867225647,0.030000001,0.000000000,2.965728045,2.630314589,-76.879096985,4.543567181,4.424999237,-15.718586922,0.000000000,0.000000000,0.000000000,0.000000000,0.000000000,0.000000000,0.000000000,0.000000000,0.000000000,0.000000000,0.000000000,0.000000000
1751979364.886487,25.483000000,59.867225647,0.030000001,0.000000000,2.965728045,2.630314589,-76.879234314,4.543567181,4.424999237,-15.718586922,0.000000000,0.000000000,0.000000000,0.000000000,0.000000000,0.000000000,0.000000000,0.000000000,0.000000000,0.000000000,0.000000000,0.000000000
1751979364.889055,25.485000000,59.867225647,0.030000001,0.000000000,2.965728045,2.630314589,-76.879371643,4.543567181,4.424999237,-15.718586922,0.000000000,0.000000000,0.000000000,0.000000000,0.000000000,0.000000000,0.000000000,0.000000000,0.000000000,0.000000000,0.000000000,0.000000000
1751979364.891679,25.488000000,59.867225647,0.030000001,0.000000000,2.965728045,2.630314589,-76.879508972,4.543567181,4.424999237,-15.718586922,0.000000000,0.000000000,0.000000000,0.000000000,0.000000000,0.000000000,0.000000000,0.000000000,0.000000000,0.000000000,0.000000000,0.000000000
1751979364.894311,25.491000000,59.867225647,0.030000001,0.000000000,2.965728045,2.630314589,-76.879638672,4.543567181,4.424999237,-15.718586922,0.000000000,0.000000000,0.000000000,0.000000000,0.000000000,0.000000000,0.000000000,0.000000000,0.000000000,0.000000000,0.000000000,0.000000000
1751979364.896952,25.493000000,59.867225647,0.030000001,0.000000000,2.965728045,2.630314589,-76.879783630,4.543567181,4.424999237,-15.718586922,0.000000000,0.000000000,0.000000000,0.000000000,0.000000000,0.000000000,0.000000000,0.000000000,0.000000000,0.000000000,0.000000000,0.000000000
1751979364.899545,25.496000000,59.867225647,0.030000001,0.000000000,2.965728045,2.630314589,-76.879913330,4.543567181,4.424999237,-15.718586922,0.000000000,0.000000000,0.000000000,0.000000000,0.000000000,0.000000000,0.000000000,0.000000000,0.000000000,0.000000000,0.000000000,0.000000000
1751979364.902121,25.499000000,59.867225647,0.030000001,0.000000000,2.965728045,2.630314589,-76.880050659,4.543567181,4.424999237,-15.718585968,0.000000000,0.000000000,0.000000000,0.000000000,0.000000000,0.000000000,0.000000000,0.000000000,0.000000000,0.000000000,0.000000000,0.000000000
1751979364.904725,25.501000000,59.867225647,0.030000001,0.000000000,2.965728045,2.630314589,-76.880187988,4.543567181,4.424999237,-15.718585968,0.000000000,0.000000000,0.000000000,0.000000000,0.000000000,0.000000000,0.000000000,0.000000000,0.000000000,0.000000000,0.000000000,0.000000000
1751979364.907295,25.504000000,59.867225647,0.030000001,0.000000000,2.965728045,2.630314589,-76.880325317,4.543567181,4.424999237,-15.718585968,0.000000000,0.000000000,0.000000000,0.000000000,0.000000000,0.000000000,0.000000000,0.000000000,0.000000000,0.000000000,0.000000000,0.000000000
1751979364.909851,25.506000000,59.867225647,0.030000001,0.000000000,2.965728045,2.630314589,-76.880455017,4.543567181,4.424999237,-15.718585968,0.000000000,0.000000000,0.000000000,0.000000000,0.000000000,0.000000000,0.000000000,0.000000000,0.000000000,0.000000000,0.000000000,0.000000000
1751979364.912460,25.509000000,59.867225647,0.030000001,0.000000000,2.965728045,2.630314589,-76.880592346,4.543567181,4.424999237,-15.718585968,0.000000000,0.000000000,0.000000000,0.000000000,0.000000000,0.000000000,0.000000000,0.000000000,0.000000000,0.000000000,0.000000000,0.000000000
1751979364.915053,25.511000000,59.867225647,0.030000001,0.000000000,2.965728045,2.630314589,-76.880722046,4.543567181,4.424999237,-15.718585968,0.000000000,0.000000000,0.000000000,0.000000000,0.000000000,0.000000000,0.000000000,0.000000000,0.000000000,0.000000000,0.000000000,0.000000000
1751979364.917609,25.514000000,59.867225647,0.030000001,0.000000000,2.965728045,2.630314589,-76.880859375,4.543567181,4.424999237,-15.718585968,0.000000000,0.000000000,0.000000000,0.000000000,0.000000000,0.000000000,0.000000000,0.000000000,0.000000000,0.000000000,0.000000000,0.000000000
1751979364.920200,25.517000000,59.867225647,0.030000001,0.000000000,2.965728045,2.630314589,-76.880996704,4.543567181,4.424999237,-15.718585968,0.000000000,0.000000000,0.000000000,0.000000000,0.000000000,0.000000000,0.000000000,0.000000000,0.000000000,0.000000000,0.000000000,0.000000000
1751979364.922793,25.519000000,59.867225647,0.030000001,0.000000000,2.965728045,2.630314589,-76.881134033,4.543567181,4.424999237,-15.718585968,0.000000000,0.000000000,0.000000000,0.000000000,0.000000000,0.000000000,0.000000000,0.000000000,0.000000000,0.000000000,0.000000000,0.000000000
1751979364.925423,25.522000000,59.867225647,0.030000001,0.000000000,2.965728045,2.630314589,-76.881263733,4.543567181,4.424999237,-15.718585968,0.000000000,0.000000000,0.000000000,0.000000000,0.000000000,0.000000000,0.000000000,0.000000000,0.000000000,0.000000000,0.000000000,0.000000000
1751979364.928151,25.524000000,59.867225647,0.030000001,0.000000000,2.965728045,2.630314589,-76.881401062,4.543567181,4.424999237,-15.718585968,0.000000000,0.000000000,0.000000000,0.000000000,0.000000000,0.000000000,0.000000000,0.000000000,0.000000000,0.000000000,0.000000000,0.000000000
1751979364.930788,25.527000000,59.867225647,0.030000001,0.000000000,2.965728045,2.630314589,-76.881546021,4.543567181,4.424999237,-15.718585968,0.000000000,0.000000000,0.000000000,0.000000000,0.000000000,0.000000000,0.000000000,0.000000000,0.000000000,0.000000000,0.000000000,0.000000000
1751979364.933469,25.530000000,59.867225647,0.030000001,0.000000000,2.965728045,2.630314589,-76.881683350,4.543567181,4.424999237,-15.718585968,0.000000000,0.000000000,0.000000000,0.000000000,0.000000000,0.000000000,0.000000000,0.000000000,0.000000000,0.000000000,0.000000000,0.000000000
1751979364.937387,25.534000000,59.867225647,0.030000001,0.000000000,2.965728045,2.630314589,-76.881889343,4.543567181,4.424999237,-15.718585968,0.000000000,0.000000000,0.000000000,0.000000000,0.000000000,0.000000000,0.000000000,0.000000000,0.000000000,0.000000000,0.000000000,0.000000000
1751979364.940042,25.536000000,59.867225647,0.030000001,0.000000000,2.965728045,2.630314589,-76.882026672,4.543567181,4.424999237,-15.718585968,0.000000000,0.000000000,0.000000000,0.000000000,0.000000000,0.000000000,0.000000000,0.000000000,0.000000000,0.000000000,0.000000000,0.000000000
1751979364.942606,25.539000000,59.867225647,0.030000001,0.000000000,2.965728045,2.630314589,-76.882164001,4.543567181,4.424999237,-15.718585968,0.000000000,0.000000000,0.000000000,0.000000000,0.000000000,0.000000000,0.000000000,0.000000000,0.000000000,0.000000000,0.000000000,0.000000000
1751979364.945373,25.542000000,59.867225647,0.030000001,0.000000000,2.965728045,2.630314589,-76.882301331,4.543567181,4.424999237,-15.718585968,0.000000000,0.000000000,0.000000000,0.000000000,0.000000000,0.000000000,0.000000000,0.000000000,0.000000000,0.000000000,0.000000000,0.000000000
