__time,/psm_joint_telemetry/header/stamp,/psm_joint_telemetry/insertion/effort,/psm_joint_telemetry/insertion/position,/psm_joint_telemetry/insertion/velocity,/psm_joint_telemetry/pitch/effort,/psm_joint_telemetry/pitch/position,/psm_joint_telemetry/pitch/velocity,/psm_joint_telemetry/roll/effort,/psm_joint_telemetry/roll/position,/psm_joint_telemetry/roll/velocity,/psm_joint_telemetry/servo1/effort,/psm_joint_telemetry/servo1/position,/psm_joint_telemetry/servo1/velocity,/psm_joint_telemetry/servo2/effort,/psm_joint_telemetry/servo2/position,/psm_joint_telemetry/servo2/velocity,/psm_joint_telemetry/servo3/effort,/psm_joint_telemetry/servo3/position,/psm_joint_telemetry/servo3/velocity,/psm_joint_telemetry/servo4/effort,/psm_joint_telemetry/servo4/position,/psm_joint_telemetry/servo4/velocity
1751979494.904733,24.411000000,60.634273529,0.030000001,0.000000000,0.435383469,-0.785269439,-73.239173889,1.449115157,1.076998949,-13.024066925,0.000000000,0.000000000,0.000000000,0.000000000,0.000000000,0.000000000,0.000000000,0.000000000,0.000000000,0.000000000,0.000000000,0.000000000
1751979494.907322,24.414000000,60.634273529,0.030000001,0.000000000,0.435383469,-0.785269439,-73.239173889,1.449115157,1.076998949,-13.024066925,0.000000000,0.000000000,0.000000000,0.000000000,0.000000000,0.000000000,0.000000000,0.000000000,0.000000000,0.000000000,0.000000000,0.000000000
1751979494.909930,24.416000000,60.634273529,0.030000001,0.000000000,0.435383469,-0.785269439,-73.239173889,1.449115157,1.076998949,-13.024066925,0.000000000,0.000000000,0.000000000,0.000000000,0.000000000,0.000000000,0.000000000,0.000000000,0.000000000,0.000000000,0.000000000,0.000000000
1751979494.912505,24.419000000,60.634273529,0.030000001,0.000000000,0.435383469,-0.798768997,-74.049148560,1.449115157,1.076998949,-13.024066925,0.000000000,0.000000000,0.000000000,0.000000000,0.000000000,0.000000000,0.000000000,0.000000000,0.000000000,0.000000000,0.000000000,0.000000000
1751979494.915071,24.421000000,60.634273529,0.030000001,0.000000000,0.435383469,-0.798768997,-74.049148560,1.449115157,1.076998949,-13.024066925,0.000000000,0.000000000,0.000000000,0.000000000,0.000000000,0.000000000,0.000000000,0.000000000,0.000000000,0.000000000,0.000000000,0.000000000
1751979494.917675,24.424000000,60.605075836,0.030000001,0.000000000,0.416852415,-0.798768997,-72.937286377,1.382721901,1.076998949,-10.700303078,0.000000000,0.000000000,0.000000000,0.000000000,0.000000000,0.000000000,0.000000000,0.000000000,0.000000000,0.000000000,0.000000000,0.000000000
1751979494.920262,24.427000000,60.605075836,0.030000001,0.000000000,0.416852415,-0.798768997,-72.937286377,1.382721901,1.076998949,-10.700303078,0.000000000,0.000000000,0.000000000,0.000000000,0.000000000,0.000000000,0.000000000,0.000000000,0.000000000,0.000000000,0.000000000,0.000000000
1751979494.922877,24.429000000,60.605075836,0.030000001,0.000000000,0.416852415,-0.812271237,-73.747413635,1.382721901,1.068000197,-11.015259743,0.000000000,0.000000000,0.000000000,0.000000000,0.000000000,0.000000000,0.000000000,0.000000000,0.000000000,0.000000000,0.000000000,0.000000000
1751979494.925517,24.432000000,60.568347931,0.030000001,0.000000000,0.383596987,-0.825770795,-72.562065125,1.316926956,1.068000197,-8.712436676,0.000000000,0.000000000,0.000000000,0.000000000,0.000000000,0.000000000,0.000000000,0.000000000,0.000000000,0.000000000,0.000000000,0.000000000
1751979494.928163,24.434000000,60.568347931,0.030000001,0.000000000,0.383596987,-0.825770795,-72.562065125,1.316926956,1.068000197,-8.712436676,0.000000000,0.000000000,0.000000000,0.000000000,0.000000000,0.000000000,0.000000000,0.000000000,0.000000000,0.000000000,0.000000000,0.000000000
1751979494.930741,24.437000000,60.568347931,0.030000001,0.000000000,0.383596987,-0.866272151,-74.992149353,1.316926956,1.068000197,-8.712436676,0.000000000,0.000000000,0.000000000,0.000000000,0.000000000,0.000000000,0.000000000,0.000000000,0.000000000,0.000000000,0.000000000,0.000000000
1751979494.933363,24.440000000,60.568347931,0.030000001,0.000000000,0.383596987,-0.879771709,-75.802124023,1.316926956,1.068000197,-8.712436676,0.000000000,0.000000000,0.000000000,0.000000000,0.000000000,0.000000000,0.000000000,0.000000000,0.000000000,0.000000000,0.000000000,0.000000000
1751979494.936025,24.442000000,60.568347931,0.030000001,0.000000000,0.383596987,-0.866272151,-74.992149353,1.316926956,1.058998704,-9.027488708,0.000000000,0.000000000,0.000000000,0.000000000,0.000000000,0.000000000,0.000000000,0.000000000,0.000000000,0.000000000,0.000000000,0.000000000
1751979494.938767,24.445000000,60.568347931,0.030000001,0.000000000,0.383596987,-0.893271267,-76.612091064,1.316926956,1.058998704,-9.027488708,0.000000000,0.000000000,0.000000000,0.000000000,0.000000000,0.000000000,0.000000000,0.000000000,0.000000000,0.000000000,0.000000000,0.000000000
1751979494.941464,24.448000000,60.577014923,0.030000001,0.000000000,0.364310235,-0.879771709,-74.644920349,1.249285698,1.049999952,-6.975001335,0.000000000,0.000000000,0.000000000,0.000000000,0.000000000,0.000000000,0.000000000,0.000000000,0.000000000,0.000000000,0.000000000,0.000000000
1751979494.944133,24.450000000,60.577014923,0.030000001,0.000000000,0.364310235,-0.893271267,-75.454887390,1.249285698,1.049999952,-6.975001335,0.000000000,0.000000000,0.000000000,0.000000000,0.000000000,0.000000000,0.000000000,0.000000000,0.000000000,0.000000000,0.000000000,0.000000000
1751979494.946714,24.453000000,60.577014923,0.030000001,0.000000000,0.364310235,-0.906773508,-76.265022278,1.249285698,1.049999952,-6.975001335,0.000000000,0.000000000,0.000000000,0.000000000,0.000000000,0.000000000,0.000000000,0.000000000,0.000000000,0.000000000,0.000000000,0.000000000
1751979494.949305,24.456000000,60.563209534,0.030000001,0.000000000,0.322043657,-0.906773508,-73.729034424,1.153381467,1.041001081,-3.933313370,0.000000000,0.000000000,0.000000000,0.000000000,0.000000000,0.000000000,0.000000000,0.000000000,0.000000000,0.000000000,0.000000000,0.000000000
1751979494.951900,24.458000000,60.563209534,0.030000001,0.000000000,0.322043657,-0.920273066,-74.539001465,1.153381467,1.041001081,-3.933313370,0.000000000,0.000000000,0.000000000,0.000000000,0.000000000,0.000000000,0.000000000,0.000000000,0.000000000,0.000000000,0.000000000,0.000000000
1751979494.954489,24.461000000,60.563209534,0.030000001,0.000000000,0.322043657,-0.947274864,-76.159118652,1.153381467,1.031999588,-4.248365879,0.000000000,0.000000000,0.000000000,0.000000000,0.000000000,0.000000000,0.000000000,0.000000000,0.000000000,0.000000000,0.000000000,0.000000000
1751979494.957145,24.463000000,60.576412201,0.030000001,0.000000000,0.293593168,-0.960774422,-75.262054443,1.038264394,1.023000717,-0.534228683,0.000000000,0.000000000,0.000000000,0.000000000,0.000000000,0.000000000,0.000000000,0.000000000,0.000000000,0.000000000,0.000000000,0.000000000
1751979494.959678,24.466000000,60.576412201,0.030000001,0.000000000,0.293593168,-0.960774422,-75.262054443,1.038264394,1.023000717,-0.534228683,0.000000000,0.000000000,0.000000000,0.000000000,0.000000000,0.000000000,0.000000000,0.000000000,0.000000000,0.000000000,0.000000000,0.000000000
1751979494.962372,24.469000000,60.576412201,0.030000001,0.000000000,0.293593168,-0.960774422,-75.262054443,1.038264394,1.013999224,-0.849280953,0.000000000,0.000000000,0.000000000,0.000000000,0.000000000,0.000000000,0.000000000,0.000000000,0.000000000,0.000000000,0.000000000,0.000000000
1751979494.964971,24.471000000,60.576412201,0.030000001,0.000000000,0.293593168,-0.960774422,-75.262054443,1.038264394,1.005000472,-1.164237261,0.000000000,0.000000000,0.000000000,0.000000000,0.000000000,0.000000000,0.000000000,0.000000000,0.000000000,0.000000000,0.000000000,0.000000000
1751979494.967567,24.474000000,60.576412201,0.030000001,0.000000000,0.293593168,-0.974273980,-76.072021484,1.038264394,1.005000472,-1.164237261,0.000000000,0.000000000,0.000000000,0.000000000,0.000000000,0.000000000,0.000000000,0.000000000,0.000000000,0.000000000,0.000000000,0.000000000
1751979494.970151,24.476000000,60.576412201,0.030000001,0.000000000,0.293593168,-0.974273980,-76.072021484,1.038264394,0.995998979,-1.479289532,0.000000000,0.000000000,0.000000000,0.000000000,0.000000000,0.000000000,0.000000000,0.000000000,0.000000000,0.000000000,0.000000000,0.000000000
1751979494.972782,24.479000000,60.596916199,0.030000001,0.000000000,0.279719621,-0.974273980,-75.239616394,0.940041006,0.987000167,1.643570662,0.000000000,0.000000000,0.000000000,0.000000000,0.000000000,0.000000000,0.000000000,0.000000000,0.000000000,0.000000000,0.000000000,0.000000000
1751979494.975763,24.482000000,60.596916199,0.030000001,0.000000000,0.279719621,-0.974273980,-75.239616394,0.940041006,0.987000167,1.643570662,0.000000000,0.000000000,0.000000000,0.000000000,0.000000000,0.000000000,0.000000000,0.000000000,0.000000000,0.000000000,0.000000000,0.000000000
1751979494.978700,24.485000000,60.596916199,0.030000001,0.000000000,0.279719621,-0.974273980,-75.239616394,0.940041006,0.977998674,1.328518391,0.000000000,0.000000000,0.000000000,0.000000000,0.000000000,0.000000000,0.000000000,0.000000000,0.000000000,0.000000000,0.000000000,0.000000000
1751979494.981223,24.487000000,60.531082153,0.030000001,0.000000000,0.237559021,-0.974273980,-72.709976196,0.836732686,0.968999863,4.629351139,0.000000000,0.000000000,0.000000000,0.000000000,0.000000000,0.000000000,0.000000000,0.000000000,0.000000000,0.000000000,0.000000000,0.000000000
1751979494.983815,24.490000000,60.531082153,0.030000001,0.000000000,0.237559021,-0.987773538,-73.519950867,0.836732686,0.968999863,4.629351139,0.000000000,0.000000000,0.000000000,0.000000000,0.000000000,0.000000000,0.000000000,0.000000000,0.000000000,0.000000000,0.000000000,0.000000000
1751979494.986420,24.493000000,60.531082153,0.030000001,0.000000000,0.237559021,-0.987773538,-73.519950867,0.836732686,0.960001051,4.314393044,0.000000000,0.000000000,0.000000000,0.000000000,0.000000000,0.000000000,0.000000000,0.000000000,0.000000000,0.000000000,0.000000000,0.000000000
1751979494.989054,24.495000000,60.531082153,0.030000001,0.000000000,0.237559021,-0.987773538,-73.519950867,0.836732686,0.950999558,3.999340534,0.000000000,0.000000000,0.000000000,0.000000000,0.000000000,0.000000000,0.000000000,0.000000000,0.000000000,0.000000000,0.000000000,0.000000000
1751979494.991740,24.498000000,60.531082153,0.030000001,0.000000000,0.237559021,-1.001275778,-74.330093384,0.836732686,0.942000747,3.684382200,0.000000000,0.000000000,0.000000000,0.000000000,0.000000000,0.000000000,0.000000000,0.000000000,0.000000000,0.000000000,0.000000000,0.000000000
1751979494.994459,24.501000000,60.531082153,0.030000001,0.000000000,0.237559021,-1.028274894,-75.950027466,0.836732686,0.942000747,3.684382200,0.000000000,0.000000000,0.000000000,0.000000000,0.000000000,0.000000000,0.000000000,0.000000000,0.000000000,0.000000000,0.000000000,0.000000000
1751979494.997046,24.503000000,60.631099701,0.030000001,0.000000000,0.199967831,-1.028274894,-73.694564819,0.719777822,0.932999253,7.462749958,0.000000000,0.000000000,0.000000000,0.000000000,0.000000000,0.000000000,0.000000000,0.000000000,0.000000000,0.000000000,0.000000000,0.000000000
1751979494.999673,24.506000000,60.631099701,0.030000001,0.000000000,0.199967831,-1.028274894,-73.694564819,0.719777822,0.924000442,7.147791862,0.000000000,0.000000000,0.000000000,0.000000000,0.000000000,0.000000000,0.000000000,0.000000000,0.000000000,0.000000000,0.000000000,0.000000000
1751979495.002258,24.509000000,60.631099701,0.030000001,0.000000000,0.199967831,-1.041777134,-74.504699707,0.719777822,0.914998949,6.832739353,0.000000000,0.000000000,0.000000000,0.000000000,0.000000000,0.000000000,0.000000000,0.000000000,0.000000000,0.000000000,0.000000000,0.000000000
1751979495.004834,24.511000000,60.619312286,0.030000001,0.000000000,0.134114861,-1.055276632,-71.363487244,0.599735737,0.914998949,11.034212112,0.000000000,0.000000000,0.000000000,0.000000000,0.000000000,0.000000000,0.000000000,0.000000000,0.000000000,0.000000000,0.000000000,0.000000000
1751979495.007443,24.514000000,60.619312286,0.030000001,0.000000000,0.134114861,-1.068776250,-72.173469543,0.599735737,0.906000137,10.719253540,0.000000000,0.000000000,0.000000000,0.000000000,0.000000000,0.000000000,0.000000000,0.000000000,0.000000000,0.000000000,0.000000000,0.000000000
1751979495.010164,24.516000000,60.619312286,0.030000001,0.000000000,0.134114861,-1.082275867,-72.983444214,0.599735737,0.887999833,10.089242935,0.000000000,0.000000000,0.000000000,0.000000000,0.000000000,0.000000000,0.000000000,0.000000000,0.000000000,0.000000000,0.000000000,0.000000000
1751979495.012787,24.519000000,60.619312286,0.030000001,0.000000000,0.134114861,-1.095777988,-73.793571472,0.599735737,0.887999833,10.089242935,0.000000000,0.000000000,0.000000000,0.000000000,0.000000000,0.000000000,0.000000000,0.000000000,0.000000000,0.000000000,0.000000000,0.000000000
1751979495.015364,24.522000000,60.619312286,0.030000001,0.000000000,0.134114861,-1.122777224,-75.413528442,0.599735737,0.869999528,9.459232330,0.000000000,0.000000000,0.000000000,0.000000000,0.000000000,0.000000000,0.000000000,0.000000000,0.000000000,0.000000000,0.000000000,0.000000000
1751979495.018088,24.524000000,60.619312286,0.030000001,0.000000000,0.134114861,-1.122777224,-75.413528442,0.599735737,0.861000717,9.144274712,0.000000000,0.000000000,0.000000000,0.000000000,0.000000000,0.000000000,0.000000000,0.000000000,0.000000000,0.000000000,0.000000000,0.000000000
1751979495.020967,24.527000000,60.655612946,0.030000001,0.000000000,0.104062133,-1.136279345,-74.420486450,0.484016716,0.851999223,12.879387856,0.000000000,0.000000000,0.000000000,0.000000000,0.000000000,0.000000000,0.000000000,0.000000000,0.000000000,0.000000000,0.000000000,0.000000000
1751979495.023683,24.530000000,60.655612946,0.030000001,0.000000000,0.104062133,-1.176780701,-76.850570679,0.484016716,0.843000412,12.564429283,0.000000000,0.000000000,0.000000000,0.000000000,0.000000000,0.000000000,0.000000000,0.000000000,0.000000000,0.000000000,0.000000000,0.000000000
1751979495.026411,24.533000000,60.655612946,0.030000001,0.000000000,0.104062133,-1.163278580,-76.040435791,0.484016716,0.825000107,11.934418678,0.000000000,0.000000000,0.000000000,0.000000000,0.000000000,0.000000000,0.000000000,0.000000000,0.000000000,0.000000000,0.000000000,0.000000000
1751979495.028988,24.535000000,60.703113556,0.030000001,0.000000000,0.058950443,-1.176780701,-74.143867493,0.367028922,0.816001296,15.714033127,0.000000000,0.000000000,0.000000000,0.000000000,0.000000000,0.000000000,0.000000000,0.000000000,0.000000000,0.000000000,0.000000000,0.000000000
1751979495.031594,24.538000000,60.703113556,0.030000001,0.000000000,0.058950443,-1.176780701,-74.143867493,0.367028922,0.806999803,15.398981094,0.000000000,0.000000000,0.000000000,0.000000000,0.000000000,0.000000000,0.000000000,0.000000000,0.000000000,0.000000000,0.000000000,0.000000000
1751979495.034200,24.540000000,60.703113556,0.030000001,0.000000000,0.058950443,-1.190280318,-74.953842163,0.367028922,0.788999498,14.768970490,0.000000000,0.000000000,0.000000000,0.000000000,0.000000000,0.000000000,0.000000000,0.000000000,0.000000000,0.000000000,0.000000000,0.000000000
1751979495.036773,24.543000000,60.796028137,0.030000001,0.000000000,0.022150138,-1.203779936,-73.555809021,0.265904218,0.780000687,17.993377686,0.000000000,0.000000000,0.000000000,0.000000000,0.000000000,0.000000000,0.000000000,0.000000000,0.000000000,0.000000000,0.000000000,0.000000000
1751979495.039441,24.546000000,60.796028137,0.030000001,0.000000000,0.022150138,-1.217279434,-74.365776062,0.265904218,0.762000382,17.363365173,0.000000000,0.000000000,0.000000000,0.000000000,0.000000000,0.000000000,0.000000000,0.000000000,0.000000000,0.000000000,0.000000000,0.000000000
1751979495.042126,24.548000000,60.796028137,0.030000001,0.000000000,0.022150138,-1.217279434,-74.365776062,0.265904218,0.744000077,16.733354568,0.000000000,0.000000000,0.000000000,0.000000000,0.000000000,0.000000000,0.000000000,0.000000000,0.000000000,0.000000000,0.000000000,0.000000000
1751979495.044743,24.551000000,60.796028137,0.030000001,0.000000000,0.022150138,-1.217279434,-74.365776062,0.265904218,0.735001266,16.418395996,0.000000000,0.000000000,0.000000000,0.000000000,0.000000000,0.000000000,0.000000000,0.000000000,0.000000000,0.000000000,0.000000000,0.000000000
1751979495.047382,24.554000000,60.796028137,0.030000001,0.000000000,0.022150138,-1.244281292,-75.985885620,0.265904218,0.717000961,15.788386345,0.000000000,0.000000000,0.000000000,0.000000000,0.000000000,0.000000000,0.000000000,0.000000000,0.000000000,0.000000000,0.000000000,0.000000000
1751979495.049980,24.556000000,60.796028137,0.030000001,0.000000000,0.022150138,-1.244281292,-75.985885620,0.265904218,0.707999468,15.473333359,0.000000000,0.000000000,0.000000000,0.000000000,0.000000000,0.000000000,0.000000000,0.000000000,0.000000000,0.000000000,0.000000000,0.000000000
1751979495.052597,24.559000000,60.891769409,0.030000001,0.000000000,-0.015389317,-1.257780790,-74.543487549,0.152473852,0.689999163,18.813385010,0.000000000,0.000000000,0.000000000,0.000000000,0.000000000,0.000000000,0.000000000,0.000000000,0.000000000,0.000000000,0.000000000,0.000000000
1751979495.055207,24.561000000,60.891769409,0.030000001,0.000000000,-0.015389317,-1.257780790,-74.543487549,0.152473852,0.681000352,18.498426437,0.000000000,0.000000000,0.000000000,0.000000000,0.000000000,0.000000000,0.000000000,0.000000000,0.000000000,0.000000000,0.000000000,0.000000000
1751979495.057817,24.564000000,60.891769409,0.030000001,0.000000000,-0.015389317,-1.244281292,-73.733520508,0.152473852,0.663000047,17.868415833,0.000000000,0.000000000,0.000000000,0.000000000,0.000000000,0.000000000,0.000000000,0.000000000,0.000000000,0.000000000,0.000000000,0.000000000
1751979495.060597,24.567000000,61.006366730,0.030000001,0.000000000,-0.077427894,-1.271283031,-71.631309509,0.024618786,0.644999743,21.713333130,0.000000000,0.000000000,0.000000000,0.000000000,0.000000000,0.000000000,0.000000000,0.000000000,0.000000000,0.000000000,0.000000000,0.000000000
1751979495.063199,24.569000000,61.006366730,0.030000001,0.000000000,-0.077427894,-1.257780790,-70.821174622,0.024618786,0.636000931,21.398374557,0.000000000,0.000000000,0.000000000,0.000000000,0.000000000,0.000000000,0.000000000,0.000000000,0.000000000,0.000000000,0.000000000,0.000000000
1751979495.065845,24.572000000,61.006366730,0.030000001,0.000000000,-0.077427894,-1.271283031,-71.631309509,0.024618786,0.618000627,20.768363953,0.000000000,0.000000000,0.000000000,0.000000000,0.000000000,0.000000000,0.000000000,0.000000000,0.000000000,0.000000000,0.000000000,0.000000000
1751979495.068617,24.575000000,61.006366730,0.030000001,0.000000000,-0.077427894,-1.284782648,-72.441284180,0.024618786,0.600000322,20.138353348,0.000000000,0.000000000,0.000000000,0.000000000,0.000000000,0.000000000,0.000000000,0.000000000,0.000000000,0.000000000,0.000000000,0.000000000
1751979495.071206,24.577000000,61.006366730,0.030000001,0.000000000,-0.077427894,-1.325284004,-74.871368408,0.024618786,0.582000017,19.508342743,0.000000000,0.000000000,0.000000000,0.000000000,0.000000000,0.000000000,0.000000000,0.000000000,0.000000000,0.000000000,0.000000000,0.000000000
1751979495.073873,24.580000000,61.006366730,0.030000001,0.000000000,-0.077427894,-1.311781645,-74.061225891,0.024618786,0.563999712,18.878332138,0.000000000,0.000000000,0.000000000,0.000000000,0.000000000,0.000000000,0.000000000,0.000000000,0.000000000,0.000000000,0.000000000,0.000000000
1751979495.076452,24.583000000,61.141849518,0.030000001,0.000000000,-0.123661578,-1.325284004,-72.097351074,-0.071980856,0.555000901,21.944360733,0.000000000,0.000000000,0.000000000,0.000000000,0.000000000,0.000000000,0.000000000,0.000000000,0.000000000,0.000000000,0.000000000,0.000000000
1751979495.078997,24.585000000,61.141849518,0.030000001,0.000000000,-0.123661578,-1.352283001,-73.717285156,-0.071980856,0.537000597,21.314350128,0.000000000,0.000000000,0.000000000,0.000000000,0.000000000,0.000000000,0.000000000,0.000000000,0.000000000,0.000000000,0.000000000,0.000000000
1751979495.081623,24.588000000,61.141849518,0.030000001,0.000000000,-0.123661578,-1.379284859,-75.337402344,-0.071980856,0.509998798,20.369287491,0.000000000,0.000000000,0.000000000,0.000000000,0.000000000,0.000000000,0.000000000,0.000000000,0.000000000,0.000000000,0.000000000,0.000000000
1751979495.084238,24.590000000,61.182262421,0.030000001,0.000000000,-0.163756922,-1.392784357,-73.741645813,-0.221066654,0.500999987,25.272333145,0.000000000,0.000000000,0.000000000,0.000000000,0.000000000,0.000000000,0.000000000,0.000000000,0.000000000,0.000000000,0.000000000,0.000000000
1751979495.086845,24.593000000,61.182262421,0.030000001,0.000000000,-0.163756922,-1.392784357,-73.741645813,-0.221066654,0.474000871,24.327363968,0.000000000,0.000000000,0.000000000,0.000000000,0.000000000,0.000000000,0.000000000,0.000000000,0.000000000,0.000000000,0.000000000,0.000000000
1751979495.089478,24.596000000,61.182262421,0.030000001,0.000000000,-0.163756922,-1.433285713,-76.171722412,-0.221066654,0.456000566,23.697353363,0.000000000,0.000000000,0.000000000,0.000000000,0.000000000,0.000000000,0.000000000,0.000000000,0.000000000,0.000000000,0.000000000,0.000000000
1751979495.092118,24.598000000,61.182262421,0.030000001,0.000000000,-0.163756922,-1.460287571,-77.791839600,-0.221066654,0.438000262,23.067342758,0.000000000,0.000000000,0.000000000,0.000000000,0.000000000,0.000000000,0.000000000,0.000000000,0.000000000,0.000000000,0.000000000,0.000000000
1751979495.094754,24.601000000,61.182262421,0.030000001,0.000000000,-0.163756922,-1.460287571,-77.791839600,-0.221066654,0.411001146,22.122373581,0.000000000,0.000000000,0.000000000,0.000000000,0.000000000,0.000000000,0.000000000,0.000000000,0.000000000,0.000000000,0.000000000,0.000000000
1751979495.097328,24.604000000,61.182262421,0.030000001,0.000000000,-0.163756922,-1.473787069,-78.601806641,-0.221066654,0.393000841,21.492362976,0.000000000,0.000000000,0.000000000,0.000000000,0.000000000,0.000000000,0.000000000,0.000000000,0.000000000,0.000000000,0.000000000,0.000000000
1751979495.099939,24.606000000,61.244377136,0.030000001,0.000000000,-0.209010780,-1.500786304,-77.506530762,-0.358712584,0.365999043,25.364908218,0.000000000,0.000000000,0.000000000,0.000000000,0.000000000,0.000000000,0.000000000,0.000000000,0.000000000,0.000000000,0.000000000,0.000000000
1751979495.102591,24.609000000,61.244377136,0.030000001,0.000000000,-0.209010780,-1.514288425,-78.316658020,-0.358712584,0.338999927,24.419939041,0.000000000,0.000000000,0.000000000,0.000000000,0.000000000,0.000000000,0.000000000,0.000000000,0.000000000,0.000000000,0.000000000,0.000000000
1751979495.105188,24.611000000,61.244377136,0.030000001,0.000000000,-0.209010780,-1.514288425,-78.316658020,-0.358712584,0.312000811,23.474969864,0.000000000,0.000000000,0.000000000,0.000000000,0.000000000,0.000000000,0.000000000,0.000000000,0.000000000,0.000000000,0.000000000,0.000000000
1751979495.107778,24.614000000,61.354602814,0.030000001,0.000000000,-0.264770597,-1.541287661,-76.591018677,-0.434284002,0.284999013,25.174903870,0.000000000,0.000000000,0.000000000,0.000000000,0.000000000,0.000000000,0.000000000,0.000000000,0.000000000,0.000000000,0.000000000,0.000000000
1751979495.110440,24.617000000,61.354602814,0.030000001,0.000000000,-0.264770597,-1.568289399,-78.211128235,-0.434284002,0.257999897,24.229934692,0.000000000,0.000000000,0.000000000,0.000000000,0.000000000,0.000000000,0.000000000,0.000000000,0.000000000,0.000000000,0.000000000,0.000000000
1751979495.113086,24.619000000,61.354602814,0.030000001,0.000000000,-0.264770597,-1.554789782,-77.401145935,-0.434284002,0.231000781,23.284965515,0.000000000,0.000000000,0.000000000,0.000000000,0.000000000,0.000000000,0.000000000,0.000000000,0.000000000,0.000000000,0.000000000,0.000000000
1751979495.115722,24.622000000,61.354602814,0.030000001,0.000000000,-0.264770597,-1.568289399,-78.211128235,-0.434284002,0.203998983,22.339904785,0.000000000,0.000000000,0.000000000,0.000000000,0.000000000,0.000000000,0.000000000,0.000000000,0.000000000,0.000000000,0.000000000,0.000000000
1751979495.118303,24.625000000,61.439594269,0.030000001,0.000000000,-0.299644560,-1.581789017,-76.928665161,-0.524315476,0.176999867,24.546037674,0.000000000,0.000000000,0.000000000,0.000000000,0.000000000,0.000000000,0.000000000,0.000000000,0.000000000,0.000000000,0.000000000,0.000000000
1751979495.121003,24.627000000,61.439594269,0.030000001,0.000000000,-0.299644560,-1.581789017,-76.928665161,-0.524315476,0.150000751,23.601068497,0.000000000,0.000000000,0.000000000,0.000000000,0.000000000,0.000000000,0.000000000,0.000000000,0.000000000,0.000000000,0.000000000,0.000000000
1751979495.123655,24.630000000,61.439594269,0.030000001,0.000000000,-0.299644560,-1.581789017,-76.928665161,-0.524315476,0.114000142,22.341047287,0.000000000,0.000000000,0.000000000,0.000000000,0.000000000,0.000000000,0.000000000,0.000000000,0.000000000,0.000000000,0.000000000,0.000000000
1751979495.126319,24.633000000,61.439594269,0.030000001,0.000000000,-0.299644560,-1.581789017,-76.928665161,-0.524315476,0.087001026,21.396078110,0.000000000,0.000000000,0.000000000,0.000000000,0.000000000,0.000000000,0.000000000,0.000000000,0.000000000,0.000000000,0.000000000,0.000000000
1751979495.129028,24.635000000,61.439594269,0.030000001,0.000000000,-0.299644560,-1.581789017,-76.928665161,-0.524315476,0.059999228,20.451015472,0.000000000,0.000000000,0.000000000,0.000000000,0.000000000,0.000000000,0.000000000,0.000000000,0.000000000,0.000000000,0.000000000,0.000000000
1751979495.131540,24.638000000,61.439594269,0.030000001,0.000000000,-0.299644560,-1.608790755,-78.548767090,-0.524315476,0.024001300,19.191087723,0.000000000,0.000000000,0.000000000,0.000000000,0.000000000,0.000000000,0.000000000,0.000000000,0.000000000,0.000000000,0.000000000,0.000000000
1751979495.134163,24.640000000,61.610080719,0.030000001,0.000000000,-0.330475390,-1.608790755,-76.698921204,-0.607170224,-0.003000498,21.145940781,0.000000000,0.000000000,0.000000000,0.000000000,0.000000000,0.000000000,0.000000000,0.000000000,0.000000000,0.000000000,0.000000000,0.000000000
1751979495.136766,24.643000000,61.610080719,0.030000001,0.000000000,-0.330475390,-1.608790755,-76.698921204,-0.607170224,-0.039001107,19.885919571,0.000000000,0.000000000,0.000000000,0.000000000,0.000000000,0.000000000,0.000000000,0.000000000,0.000000000,0.000000000,0.000000000,0.000000000
1751979495.139426,24.646000000,61.610080719,0.030000001,0.000000000,-0.330475390,-1.622290373,-77.508903503,-0.607170224,-0.066000223,18.940950394,0.000000000,0.000000000,0.000000000,0.000000000,0.000000000,0.000000000,0.000000000,0.000000000,0.000000000,0.000000000,0.000000000,0.000000000
1751979495.142107,24.648000000,61.796676636,0.030000001,0.000000000,-0.392908812,-1.622290373,-73.762893677,-0.725051939,-0.102000833,21.806789398,0.000000000,0.000000000,0.000000000,0.000000000,0.000000000,0.000000000,0.000000000,0.000000000,0.000000000,0.000000000,0.000000000,0.000000000
1751979495.144693,24.651000000,61.796676636,0.030000001,0.000000000,-0.392908812,-1.649292111,-75.382995605,-0.725051939,-0.128999949,20.861820221,0.000000000,0.000000000,0.000000000,0.000000000,0.000000000,0.000000000,0.000000000,0.000000000,0.000000000,0.000000000,0.000000000,0.000000000
1751979495.147386,24.654000000,61.796676636,0.030000001,0.000000000,-0.392908812,-1.676291227,-77.002944946,-0.725051939,-0.165000558,19.601799011,0.000000000,0.000000000,0.000000000,0.000000000,0.000000000,0.000000000,0.000000000,0.000000000,0.000000000,0.000000000,0.000000000,0.000000000
1751979495.150030,24.656000000,61.796676636,0.030000001,0.000000000,-0.392908812,-1.689793468,-77.813079834,-0.725051939,-0.191999674,18.656829834,0.000000000,0.000000000,0.000000000,0.000000000,0.000000000,0.000000000,0.000000000,0.000000000,0.000000000,0.000000000,0.000000000,0.000000000
1751979495.152643,24.659000000,61.796676636,0.030000001,0.000000000,-0.392908812,-1.716792583,-79.433029175,-0.725051939,-0.228000283,17.396808624,0.000000000,0.000000000,0.000000000,0.000000000,0.000000000,0.000000000,0.000000000,0.000000000,0.000000000,0.000000000,0.000000000,0.000000000
1751979495.155266,24.662000000,61.796676636,0.030000001,0.000000000,-0.392908812,-1.716792583,-79.433029175,-0.725051939,-0.264000893,16.136787415,0.000000000,0.000000000,0.000000000,0.000000000,0.000000000,0.000000000,0.000000000,0.000000000,0.000000000,0.000000000,0.000000000,0.000000000
1751979495.157893,24.664000000,62.033721924,0.030000001,0.000000000,-0.461817861,-1.730292082,-76.108451843,-0.857069194,-0.299998820,19.497463226,0.000000000,0.000000000,0.000000000,0.000000000,0.000000000,0.000000000,0.000000000,0.000000000,0.000000000,0.000000000,0.000000000,0.000000000
1751979495.160700,24.667000000,62.033721924,0.030000001,0.000000000,-0.461817861,-1.770793438,-78.538536072,-0.857069194,-0.335999429,18.237442017,0.000000000,0.000000000,0.000000000,0.000000000,0.000000000,0.000000000,0.000000000,0.000000000,0.000000000,0.000000000,0.000000000,0.000000000
1751979495.163340,24.670000000,62.033721924,0.030000001,0.000000000,-0.461817861,-1.784295797,-79.348678589,-0.857069194,-0.372000039,16.977420807,0.000000000,0.000000000,0.000000000,0.000000000,0.000000000,0.000000000,0.000000000,0.000000000,0.000000000,0.000000000,0.000000000,0.000000000
1751979495.165975,24.672000000,62.164306641,0.030000001,0.000000000,-0.519708753,-1.784295797,-75.875221252,-0.980452597,-0.408000648,20.035818100,0.000000000,0.000000000,0.000000000,0.000000000,0.000000000,0.000000000,0.000000000,0.000000000,0.000000000,0.000000000,0.000000000,0.000000000
1751979495.168621,24.675000000,62.164306641,0.030000001,0.000000000,-0.519708753,-1.824794412,-78.305137634,-0.980452597,-0.444001257,18.775796890,0.000000000,0.000000000,0.000000000,0.000000000,0.000000000,0.000000000,0.000000000,0.000000000,0.000000000,0.000000000,0.000000000,0.000000000
1751979495.171282,24.678000000,62.164306641,0.030000001,0.000000000,-0.519708753,-1.865295768,-80.735221863,-0.980452597,-0.489000678,17.200817108,0.000000000,0.000000000,0.000000000,0.000000000,0.000000000,0.000000000,0.000000000,0.000000000,0.000000000,0.000000000,0.000000000,0.000000000
1751979495.173827,24.680000000,62.299579620,0.030000001,0.000000000,-0.585761786,-1.851796150,-75.962059021,-1.077452779,-0.525001287,19.335802078,0.000000000,0.000000000,0.000000000,0.000000000,0.000000000,0.000000000,0.000000000,0.000000000,0.000000000,0.000000000,0.000000000,0.000000000
1751979495.176359,24.683000000,62.299579620,0.030000001,0.000000000,-0.585761786,-1.878798008,-77.582176208,-1.077452779,-0.560999215,18.075874329,0.000000000,0.000000000,0.000000000,0.000000000,0.000000000,0.000000000,0.000000000,0.000000000,0.000000000,0.000000000,0.000000000,0.000000000
1751979495.178866,24.685000000,62.299579620,0.030000001,0.000000000,-0.585761786,-1.932798862,-80.822227478,-1.077452779,-0.596999824,16.815853119,0.000000000,0.000000000,0.000000000,0.000000000,0.000000000,0.000000000,0.000000000,0.000000000,0.000000000,0.000000000,0.000000000,0.000000000
1751979495.181471,24.688000000,62.299579620,0.030000001,0.000000000,-0.585761786,-1.919296741,-80.012100220,-1.077452779,-0.633000433,15.555831909,0.000000000,0.000000000,0.000000000,0.000000000,0.000000000,0.000000000,0.000000000,0.000000000,0.000000000,0.000000000,0.000000000,0.000000000
1751979495.184069,24.690000000,62.299579620,0.030000001,0.000000000,-0.585761786,-1.919296741,-80.012100220,-1.077452779,-0.677999854,13.980852127,0.000000000,0.000000000,0.000000000,0.000000000,0.000000000,0.000000000,0.000000000,0.000000000,0.000000000,0.000000000,0.000000000,0.000000000
1751979495.186646,24.693000000,62.299579620,0.030000001,0.000000000,-0.585761786,-1.946298480,-81.632202148,-1.077452779,-0.714000463,12.720830917,0.000000000,0.000000000,0.000000000,0.000000000,0.000000000,0.000000000,0.000000000,0.000000000,0.000000000,0.000000000,0.000000000,0.000000000
1751979495.189254,24.696000000,62.512416840,0.030000001,0.000000000,-0.636596978,-1.973300219,-80.202194214,-1.174309015,-0.750001073,14.850777626,0.000000000,0.000000000,0.000000000,0.000000000,0.000000000,0.000000000,0.000000000,0.000000000,0.000000000,0.000000000,0.000000000,0.000000000
1751979495.191870,24.698000000,62.512416840,0.030000001,0.000000000,-0.636596978,-1.959798098,-79.392074585,-1.174309015,-0.795000494,13.275797844,0.000000000,0.000000000,0.000000000,0.000000000,0.000000000,0.000000000,0.000000000,0.000000000,0.000000000,0.000000000,0.000000000,0.000000000
1751979495.194534,24.701000000,62.512416840,0.030000001,0.000000000,-0.636596978,-1.959798098,-79.392074585,-1.174309015,-0.831001103,12.015776634,0.000000000,0.000000000,0.000000000,0.000000000,0.000000000,0.000000000,0.000000000,0.000000000,0.000000000,0.000000000,0.000000000,0.000000000
1751979495.197108,24.703000000,62.678916931,0.030000001,0.000000000,-0.676146984,-1.973300219,-77.829193115,-1.274651408,-0.866999030,14.267833710,0.000000000,0.000000000,0.000000000,0.000000000,0.000000000,0.000000000,0.000000000,0.000000000,0.000000000,0.000000000,0.000000000,0.000000000
1751979495.199726,24.706000000,62.678916931,0.030000001,0.000000000,-0.676146984,-1.986799836,-78.639167786,-1.274651408,-0.912001133,12.692759514,0.000000000,0.000000000,0.000000000,0.000000000,0.000000000,0.000000000,0.000000000,0.000000000,0.000000000,0.000000000,0.000000000,0.000000000
1751979495.202284,24.709000000,62.678916931,0.030000001,0.000000000,-0.676146984,-1.986799836,-78.639167786,-1.274651408,-0.947999060,11.432831764,0.000000000,0.000000000,0.000000000,0.000000000,0.000000000,0.000000000,0.000000000,0.000000000,0.000000000,0.000000000,0.000000000,0.000000000
1751979495.204920,24.711000000,62.806861877,0.030000001,0.000000000,-0.735608637,-1.986799836,-75.071472168,-1.367856622,-0.983999670,13.434993744,0.000000000,0.000000000,0.000000000,0.000000000,0.000000000,0.000000000,0.000000000,0.000000000,0.000000000,0.000000000,0.000000000,0.000000000
1751979495.207561,24.714000000,62.806861877,0.030000001,0.000000000,-0.735608637,-2.027301311,-77.501564026,-1.367856622,-1.028999090,11.860013962,0.000000000,0.000000000,0.000000000,0.000000000,0.000000000,0.000000000,0.000000000,0.000000000,0.000000000,0.000000000,0.000000000,0.000000000
1751979495.210303,24.716000000,62.806861877,0.030000001,0.000000000,-0.735608637,-2.040800810,-78.311531067,-1.367856622,-1.074001193,10.284939766,0.000000000,0.000000000,0.000000000,0.000000000,0.000000000,0.000000000,0.000000000,0.000000000,0.000000000,0.000000000,0.000000000,0.000000000
1751979495.214661,24.721000000,62.806861877,0.030000001,0.000000000,-0.735608637,-2.027301311,-77.501564026,-1.367856622,-1.109999180,9.025010109,0.000000000,0.000000000,0.000000000,0.000000000,0.000000000,0.000000000,0.000000000,0.000000000,0.000000000,0.000000000,0.000000000,0.000000000
1751979495.217367,24.724000000,62.806861877,0.030000001,0.000000000,-0.735608637,-2.054300308,-79.121505737,-1.367856622,-1.172998905,6.820020199,0.000000000,0.000000000,0.000000000,0.000000000,0.000000000,0.000000000,0.000000000,0.000000000,0.000000000,0.000000000,0.000000000,0.000000000
1751979495.220009,24.726000000,63.025539398,0.030000001,0.000000000,-0.781610906,-2.067802429,-77.171485901,-1.495464563,-1.208999395,10.026281357,0.000000000,0.000000000,0.000000000,0.000000000,0.000000000,0.000000000,0.000000000,0.000000000,0.000000000,0.000000000,0.000000000,0.000000000
1751979495.222652,24.729000000,63.025539398,0.030000001,0.000000000,-0.781610906,-2.067802429,-77.171485901,-1.495464563,-1.245000124,8.766255379,0.000000000,0.000000000,0.000000000,0.000000000,0.000000000,0.000000000,0.000000000,0.000000000,0.000000000,0.000000000,0.000000000,0.000000000
1751979495.225276,24.731000000,63.025539398,0.030000001,0.000000000,-0.781610906,-2.094801664,-78.791442871,-1.495464563,-1.289999485,7.191277504,0.000000000,0.000000000,0.000000000,0.000000000,0.000000000,0.000000000,0.000000000,0.000000000,0.000000000,0.000000000,0.000000000,0.000000000
1751979495.227855,24.734000000,63.125320435,0.030000001,0.000000000,-0.820883691,-2.121803522,-78.055183411,-1.588776350,-1.326000094,9.197169304,0.000000000,0.000000000,0.000000000,0.000000000,0.000000000,0.000000000,0.000000000,0.000000000,0.000000000,0.000000000,0.000000000,0.000000000
1751979495.230483,24.737000000,63.125320435,0.030000001,0.000000000,-0.820883691,-2.121803522,-78.055183411,-1.588776350,-1.370999575,7.622187138,0.000000000,0.000000000,0.000000000,0.000000000,0.000000000,0.000000000,0.000000000,0.000000000,0.000000000,0.000000000,0.000000000,0.000000000
1751979495.233073,24.739000000,63.125320435,0.030000001,0.000000000,-0.820883691,-2.148802519,-79.675125122,-1.588776350,-1.407000065,6.362170219,0.000000000,0.000000000,0.000000000,0.000000000,0.000000000,0.000000000,0.000000000,0.000000000,0.000000000,0.000000000,0.000000000,0.000000000
1751979495.235659,24.742000000,63.308376312,0.030000001,0.000000000,-0.857616186,-2.189303875,-79.901260376,-1.656217813,-1.451999545,7.147639275,0.000000000,0.000000000,0.000000000,0.000000000,0.000000000,0.000000000,0.000000000,0.000000000,0.000000000,0.000000000,0.000000000,0.000000000
1751979495.238231,24.744000000,63.308376312,0.030000001,0.000000000,-0.857616186,-2.229805231,-82.331344604,-1.656217813,-1.488000154,5.887618065,0.000000000,0.000000000,0.000000000,0.000000000,0.000000000,0.000000000,0.000000000,0.000000000,0.000000000,0.000000000,0.000000000,0.000000000
1751979495.240820,24.747000000,63.308376312,0.030000001,0.000000000,-0.857616186,-2.243304729,-83.141311646,-1.656217813,-1.532999516,4.312640190,0.000000000,0.000000000,0.000000000,0.000000000,0.000000000,0.000000000,0.000000000,0.000000000,0.000000000,0.000000000,0.000000000,0.000000000
1751979495.243454,24.750000000,63.308376312,0.030000001,0.000000000,-0.857616186,-2.243304729,-83.141311646,-1.656217813,-1.569000244,3.052614927,0.000000000,0.000000000,0.000000000,0.000000000,0.000000000,0.000000000,0.000000000,0.000000000,0.000000000,0.000000000,0.000000000,0.000000000
1751979495.246042,24.752000000,63.308376312,0.030000001,0.000000000,-0.857616186,-2.297308445,-86.381538391,-1.656217813,-1.613999605,1.477637291,0.000000000,0.000000000,0.000000000,0.000000000,0.000000000,0.000000000,0.000000000,0.000000000,0.000000000,0.000000000,0.000000000,0.000000000
1751979495.248673,24.755000000,63.308376312,0.030000001,0.000000000,-0.857616186,-2.310807943,-87.191505432,-1.656217813,-1.658998966,-0.097340345,0.000000000,0.000000000,0.000000000,0.000000000,0.000000000,0.000000000,0.000000000,0.000000000,0.000000000,0.000000000,0.000000000,0.000000000
1751979495.251305,24.757000000,63.308376312,0.030000001,0.000000000,-0.857616186,-2.297308445,-86.381538391,-1.656217813,-1.694999695,-1.357365847,0.000000000,0.000000000,0.000000000,0.000000000,0.000000000,0.000000000,0.000000000,0.000000000,0.000000000,0.000000000,0.000000000,0.000000000
1751979495.253834,24.760000000,63.433135986,0.030000001,0.000000000,-0.893853009,-2.310807943,-85.017303467,-1.747150064,-1.739999056,0.250285268,0.000000000,0.000000000,0.000000000,0.000000000,0.000000000,0.000000000,0.000000000,0.000000000,0.000000000,0.000000000,0.000000000,0.000000000
1751979495.256417,24.763000000,63.433135986,0.030000001,0.000000000,-0.893853009,-2.351309299,-87.447380066,-1.747150064,-1.785001159,-1.324788332,0.000000000,0.000000000,0.000000000,0.000000000,0.000000000,0.000000000,0.000000000,0.000000000,0.000000000,0.000000000,0.000000000,0.000000000
1751979495.259051,24.765000000,63.433135986,0.030000001,0.000000000,-0.893853009,-2.351309299,-87.447380066,-1.747150064,-1.830000639,-2.899770260,0.000000000,0.000000000,0.000000000,0.000000000,0.000000000,0.000000000,0.000000000,0.000000000,0.000000000,0.000000000,0.000000000,0.000000000
1751979495.261696,24.768000000,63.539066315,0.030000001,0.000000000,-0.920022190,-2.351309299,-85.877220154,-1.816746950,-1.866001129,-1.723896265,0.000000000,0.000000000,0.000000000,0.000000000,0.000000000,0.000000000,0.000000000,0.000000000,0.000000000,0.000000000,0.000000000,0.000000000
1751979495.264378,24.771000000,63.539066315,0.030000001,0.000000000,-0.920022190,-2.391810656,-88.307304382,-1.816746950,-1.919999361,-3.613834381,0.000000000,0.000000000,0.000000000,0.000000000,0.000000000,0.000000000,0.000000000,0.000000000,0.000000000,0.000000000,0.000000000,0.000000000
1751979495.267059,24.773000000,63.539066315,0.030000001,0.000000000,-0.920022190,-2.418809891,-89.927261353,-1.816746950,-1.964998841,-5.188816071,0.000000000,0.000000000,0.000000000,0.000000000,0.000000000,0.000000000,0.000000000,0.000000000,0.000000000,0.000000000,0.000000000,0.000000000
1751979495.269714,24.776000000,63.539066315,0.030000001,0.000000000,-0.920022190,-2.391810656,-88.307304382,-1.816746950,-2.000999451,-6.448837280,0.000000000,0.000000000,0.000000000,0.000000000,0.000000000,0.000000000,0.000000000,0.000000000,0.000000000,0.000000000,0.000000000,0.000000000
1751979495.272255,24.779000000,63.539066315,0.030000001,0.000000000,-0.920022190,-2.418809891,-89.927261353,-1.816746950,-2.045998812,-8.023815155,0.000000000,0.000000000,0.000000000,0.000000000,0.000000000,0.000000000,0.000000000,0.000000000,0.000000000,0.000000000,0.000000000,0.000000000
1751979495.274884,24.781000000,63.539066315,0.030000001,0.000000000,-0.920022190,-2.432312012,-90.737388611,-1.816746950,-2.091001034,-9.598893166,0.000000000,0.000000000,0.000000000,0.000000000,0.000000000,0.000000000,0.000000000,0.000000000,0.000000000,0.000000000,0.000000000,0.000000000
1751979495.277487,24.784000000,63.711090088,0.030000001,0.000000000,-0.965067863,-2.432312012,-88.034652710,-1.921902776,-2.126998901,-7.178364277,0.000000000,0.000000000,0.000000000,0.000000000,0.000000000,0.000000000,0.000000000,0.000000000,0.000000000,0.000000000,0.000000000,0.000000000
1751979495.280026,24.786000000,63.711090088,0.030000001,0.000000000,-0.965067863,-2.432312012,-88.034652710,-1.921902776,-2.172000885,-8.753434181,0.000000000,0.000000000,0.000000000,0.000000000,0.000000000,0.000000000,0.000000000,0.000000000,0.000000000,0.000000000,0.000000000,0.000000000
1751979495.282609,24.789000000,63.711090088,0.030000001,0.000000000,-0.965067863,-2.432312012,-88.034652710,-1.921902776,-2.207998991,-10.013367653,0.000000000,0.000000000,0.000000000,0.000000000,0.000000000,0.000000000,0.000000000,0.000000000,0.000000000,0.000000000,0.000000000,0.000000000
1751979495.285230,24.791000000,63.766754150,0.030000001,0.000000000,-0.977756977,-2.445811749,-88.083282471,-2.000513077,-2.243999481,-8.522024155,0.000000000,0.000000000,0.000000000,0.000000000,0.000000000,0.000000000,0.000000000,0.000000000,0.000000000,0.000000000,0.000000000,0.000000000
1751979495.287839,24.794000000,63.766754150,0.030000001,0.000000000,-0.977756977,-2.459311247,-88.893257141,-2.000513077,-2.288999081,-10.097009659,0.000000000,0.000000000,0.000000000,0.000000000,0.000000000,0.000000000,0.000000000,0.000000000,0.000000000,0.000000000,0.000000000,0.000000000
1751979495.290432,24.797000000,63.766754150,0.030000001,0.000000000,-0.977756977,-2.459311247,-88.893257141,-2.000513077,-2.334001064,-11.672079086,0.000000000,0.000000000,0.000000000,0.000000000,0.000000000,0.000000000,0.000000000,0.000000000,0.000000000,0.000000000,0.000000000,0.000000000
1751979495.293078,24.799000000,63.953887939,0.030000001,0.000000000,-1.019092679,-2.486312866,-88.033210754,-2.090732574,-2.369998932,-9.774322510,0.000000000,0.000000000,0.000000000,0.000000000,0.000000000,0.000000000,0.000000000,0.000000000,0.000000000,0.000000000,0.000000000,0.000000000
1751979495.295717,24.802000000,63.953887939,0.030000001,0.000000000,-1.019092679,-2.513312101,-89.653167725,-2.090732574,-2.405999660,-11.034347534,0.000000000,0.000000000,0.000000000,0.000000000,0.000000000,0.000000000,0.000000000,0.000000000,0.000000000,0.000000000,0.000000000,0.000000000
1751979495.298313,24.805000000,63.953887939,0.030000001,0.000000000,-1.019092679,-2.526814461,-90.463310242,-2.090732574,-2.450999022,-12.609325409,0.000000000,0.000000000,0.000000000,0.000000000,0.000000000,0.000000000,0.000000000,0.000000000,0.000000000,0.000000000,0.000000000,0.000000000
1751979495.300928,24.807000000,63.953887939,0.030000001,0.000000000,-1.019092679,-2.553813457,-92.083244324,-2.090732574,-2.486999512,-13.869342804,0.000000000,0.000000000,0.000000000,0.000000000,0.000000000,0.000000000,0.000000000,0.000000000,0.000000000,0.000000000,0.000000000,0.000000000
1751979495.303542,24.810000000,63.953887939,0.030000001,0.000000000,-1.019092679,-2.553813457,-92.083244324,-2.090732574,-2.523000240,-15.129367828,0.000000000,0.000000000,0.000000000,0.000000000,0.000000000,0.000000000,0.000000000,0.000000000,0.000000000,0.000000000,0.000000000,0.000000000
1751979495.306141,24.812000000,63.953887939,0.030000001,0.000000000,-1.019092679,-2.594314814,-94.513328552,-2.090732574,-2.567999601,-16.704345703,0.000000000,0.000000000,0.000000000,0.000000000,0.000000000,0.000000000,0.000000000,0.000000000,0.000000000,0.000000000,0.000000000,0.000000000
1751979495.308969,24.815000000,64.086250305,0.030000001,0.000000000,-1.055887222,-2.607814312,-93.115623474,-2.146860838,-2.594998837,-15.684829712,0.000000000,0.000000000,0.000000000,0.000000000,0.000000000,0.000000000,0.000000000,0.000000000,0.000000000,0.000000000,0.000000000,0.000000000
1751979495.311728,24.818000000,64.086250305,0.030000001,0.000000000,-1.055887222,-2.621316671,-93.925765991,-2.146860838,-2.640000820,-17.259899139,0.000000000,0.000000000,0.000000000,0.000000000,0.000000000,0.000000000,0.000000000,0.000000000,0.000000000,0.000000000,0.000000000,0.000000000
1751979495.314425,24.821000000,64.086250305,0.030000001,0.000000000,-1.055887222,-2.621316671,-93.925765991,-2.146860838,-2.675998688,-18.519824982,0.000000000,0.000000000,0.000000000,0.000000000,0.000000000,0.000000000,0.000000000,0.000000000,0.000000000,0.000000000,0.000000000,0.000000000
1751979495.317188,24.823000000,64.141754150,0.030000001,0.000000000,-1.084010601,-2.634816170,-93.048332214,-2.190734148,-2.711999416,-18.244283676,0.000000000,0.000000000,0.000000000,0.000000000,0.000000000,0.000000000,0.000000000,0.000000000,0.000000000,0.000000000,0.000000000,0.000000000
1751979495.319961,24.826000000,64.141754150,0.030000001,0.000000000,-1.084010601,-2.675317526,-95.478416443,-2.190734148,-2.756998777,-19.819261551,0.000000000,0.000000000,0.000000000,0.000000000,0.000000000,0.000000000,0.000000000,0.000000000,0.000000000,0.000000000,0.000000000,0.000000000
1751979495.322475,24.829000000,64.141754150,0.030000001,0.000000000,-1.084010601,-2.675317526,-95.478416443,-2.190734148,-2.802000999,-21.394340515,0.000000000,0.000000000,0.000000000,0.000000000,0.000000000,0.000000000,0.000000000,0.000000000,0.000000000,0.000000000,0.000000000,0.000000000
1751979495.325125,24.831000000,64.141754150,0.030000001,0.000000000,-1.084010601,-2.675317526,-95.478416443,-2.190734148,-2.828999996,-22.339303970,0.000000000,0.000000000,0.000000000,0.000000000,0.000000000,0.000000000,0.000000000,0.000000000,0.000000000,0.000000000,0.000000000,0.000000000
1751979495.327683,24.834000000,64.141754150,0.030000001,0.000000000,-1.084010601,-2.688817024,-96.288383484,-2.190734148,-2.855999231,-23.284278870,0.000000000,0.000000000,0.000000000,0.000000000,0.000000000,0.000000000,0.000000000,0.000000000,0.000000000,0.000000000,0.000000000,0.000000000
1751979495.330222,24.836000000,64.141754150,0.030000001,0.000000000,-1.084010601,-2.702316761,-97.098373413,-2.190734148,-2.901001215,-24.859348297,0.000000000,0.000000000,0.000000000,0.000000000,0.000000000,0.000000000,0.000000000,0.000000000,0.000000000,0.000000000,0.000000000,0.000000000
1751979495.332818,24.839000000,64.207435608,0.030000001,0.000000000,-1.127081037,-2.715818882,-95.324272156,-2.220697880,-2.946000576,-25.385593414,0.000000000,0.000000000,0.000000000,0.000000000,0.000000000,0.000000000,0.000000000,0.000000000,0.000000000,0.000000000,0.000000000,0.000000000
1751979495.335352,24.842000000,64.207435608,0.030000001,0.000000000,-1.127081037,-2.742817879,-96.944213867,-2.220697880,-2.964000940,-26.015607834,0.000000000,0.000000000,0.000000000,0.000000000,0.000000000,0.000000000,0.000000000,0.000000000,0.000000000,0.000000000,0.000000000,0.000000000
1751979495.337964,24.844000000,64.207435608,0.030000001,0.000000000,-1.127081037,-2.742817879,-96.944213867,-2.220697880,-2.991000175,-26.960580826,0.000000000,0.000000000,0.000000000,0.000000000,0.000000000,0.000000000,0.000000000,0.000000000,0.000000000,0.000000000,0.000000000,0.000000000
1751979495.340512,24.847000000,64.207435608,0.030000001,0.000000000,-1.127081037,-2.742817879,-96.944213867,-2.220697880,-3.035999537,-28.535558701,0.000000000,0.000000000,0.000000000,0.000000000,0.000000000,0.000000000,0.000000000,0.000000000,0.000000000,0.000000000,0.000000000,0.000000000
1751979495.343100,24.849000000,64.281631470,0.030000001,0.000000000,-1.136309743,-2.742817879,-96.390487671,-2.301830053,-3.072000027,-26.955949783,0.000000000,0.000000000,0.000000000,0.000000000,0.000000000,0.000000000,0.000000000,0.000000000,0.000000000,0.000000000,0.000000000,0.000000000
1751979495.345638,24.852000000,64.281631470,0.030000001,0.000000000,-1.136309743,-2.742817879,-96.390487671,-2.301830053,-3.090000391,-27.585962296,0.000000000,0.000000000,0.000000000,0.000000000,0.000000000,0.000000000,0.000000000,0.000000000,0.000000000,0.000000000,0.000000000,0.000000000
1751979495.348271,24.855000000,64.281631470,0.030000001,0.000000000,-1.136309743,-2.742817879,-96.390487671,-2.301830053,-3.108000755,-28.215974808,0.000000000,0.000000000,0.000000000,0.000000000,0.000000000,0.000000000,0.000000000,0.000000000,0.000000000,0.000000000,0.000000000,0.000000000
1751979495.350885,24.857000000,64.334732056,0.030000001,0.000000000,-1.149716258,-2.742817879,-95.586097717,-2.387112856,-3.153000116,-26.806053162,0.000000000,0.000000000,0.000000000,0.000000000,0.000000000,0.000000000,0.000000000,0.000000000,0.000000000,0.000000000,0.000000000,0.000000000
1751979495.353468,24.860000000,64.334732056,0.030000001,0.000000000,-1.149716258,-2.742817879,-95.586097717,-2.387112856,-3.189000845,-28.066080093,0.000000000,0.000000000,0.000000000,0.000000000,0.000000000,0.000000000,0.000000000,0.000000000,0.000000000,0.000000000,0.000000000,0.000000000
1751979495.356084,24.862000000,64.334732056,0.030000001,0.000000000,-1.149716258,-2.742817879,-95.586097717,-2.387112856,-3.189000845,-28.066080093,0.000000000,0.000000000,0.000000000,0.000000000,0.000000000,0.000000000,0.000000000,0.000000000,0.000000000,0.000000000,0.000000000,0.000000000
1751979495.358654,24.865000000,64.334732056,0.030000001,0.000000000,-1.149716258,-2.742817879,-95.586097717,-2.387112856,-3.207001209,-28.696092606,0.000000000,0.000000000,0.000000000,0.000000000,0.000000000,0.000000000,0.000000000,0.000000000,0.000000000,0.000000000,0.000000000,0.000000000
1751979495.361355,24.868000000,64.334732056,0.030000001,0.000000000,-1.149716258,-2.742817879,-95.586097717,-2.387112856,-3.252000570,-30.271070480,0.000000000,0.000000000,0.000000000,0.000000000,0.000000000,0.000000000,0.000000000,0.000000000,0.000000000,0.000000000,0.000000000,0.000000000
1751979495.363975,24.870000000,64.507751465,0.030000001,0.000000000,-1.181409836,-2.742817879,-93.684478760,-2.488668442,-3.296999931,-28.291603088,0.000000000,0.000000000,0.000000000,0.000000000,0.000000000,0.000000000,0.000000000,0.000000000,0.000000000,0.000000000,0.000000000,0.000000000
1751979495.366544,24.873000000,64.507751465,0.030000001,0.000000000,-1.181409836,-2.756320238,-94.494621277,-2.488668442,-3.296999931,-28.291603088,0.000000000,0.000000000,0.000000000,0.000000000,0.000000000,0.000000000,0.000000000,0.000000000,0.000000000,0.000000000,0.000000000,0.000000000
1751979495.369229,24.875000000,64.507751465,0.030000001,0.000000000,-1.181409836,-2.783319473,-96.114578247,-2.488668442,-3.305998802,-28.606563568,0.000000000,0.000000000,0.000000000,0.000000000,0.000000000,0.000000000,0.000000000,0.000000000,0.000000000,0.000000000,0.000000000,0.000000000
1751979495.371903,24.878000000,64.507751465,0.030000001,0.000000000,-1.181409836,-2.796818972,-96.924545288,-2.488668442,-3.351000786,-30.181632996,0.000000000,0.000000000,0.000000000,0.000000000,0.000000000,0.000000000,0.000000000,0.000000000,0.000000000,0.000000000,0.000000000,0.000000000
1751979495.374484,24.881000000,64.575073242,0.030000001,0.000000000,-1.212497354,-2.783319473,-94.249328613,-2.571604729,-3.386998653,-28.538787842,0.000000000,0.000000000,0.000000000,0.000000000,0.000000000,0.000000000,0.000000000,0.000000000,0.000000000,0.000000000,0.000000000,0.000000000
1751979495.377064,24.883000000,64.575073242,0.030000001,0.000000000,-1.212497354,-2.796818972,-95.059295654,-2.571604729,-3.386998653,-28.538787842,0.000000000,0.000000000,0.000000000,0.000000000,0.000000000,0.000000000,0.000000000,0.000000000,0.000000000,0.000000000,0.000000000,0.000000000
1751979495.379602,24.886000000,64.575073242,0.030000001,0.000000000,-1.212497354,-2.810321093,-95.869422913,-2.571604729,-3.404999018,-29.168800354,0.000000000,0.000000000,0.000000000,0.000000000,0.000000000,0.000000000,0.000000000,0.000000000,0.000000000,0.000000000,0.000000000,0.000000000
1751979495.382201,24.888000000,64.575073242,0.030000001,0.000000000,-1.212497354,-2.810321093,-95.869422913,-2.571604729,-3.440999746,-30.428825378,0.000000000,0.000000000,0.000000000,0.000000000,0.000000000,0.000000000,0.000000000,0.000000000,0.000000000,0.000000000,0.000000000,0.000000000
1751979495.384815,24.891000000,64.575073242,0.030000001,0.000000000,-1.212497354,-2.823820591,-96.679397583,-2.571604729,-3.459000111,-31.058837891,0.000000000,0.000000000,0.000000000,0.000000000,0.000000000,0.000000000,0.000000000,0.000000000,0.000000000,0.000000000,0.000000000,0.000000000
1751979495.387425,24.894000000,64.575073242,0.030000001,0.000000000,-1.212497354,-2.837320328,-97.489379883,-2.571604729,-3.450001240,-30.743877411,0.000000000,0.000000000,0.000000000,0.000000000,0.000000000,0.000000000,0.000000000,0.000000000,0.000000000,0.000000000,0.000000000,0.000000000
1751979495.390024,24.896000000,64.716339111,0.030000001,0.000000000,-1.260593295,-2.837320328,-94.603622437,-2.626535416,-3.485999107,-30.081230164,0.000000000,0.000000000,0.000000000,0.000000000,0.000000000,0.000000000,0.000000000,0.000000000,0.000000000,0.000000000,0.000000000,0.000000000
1751979495.392626,24.899000000,64.716339111,0.030000001,0.000000000,-1.260593295,-2.850822449,-95.413749695,-2.626535416,-3.521999836,-31.341255188,0.000000000,0.000000000,0.000000000,0.000000000,0.000000000,0.000000000,0.000000000,0.000000000,0.000000000,0.000000000,0.000000000,0.000000000
1751979495.395298,24.902000000,64.716339111,0.030000001,0.000000000,-1.260593295,-2.891321182,-97.843673706,-2.626535416,-3.513000965,-31.026294708,0.000000000,0.000000000,0.000000000,0.000000000,0.000000000,0.000000000,0.000000000,0.000000000,0.000000000,0.000000000,0.000000000,0.000000000
1751979495.397886,24.904000000,64.949920654,0.030000001,0.000000000,-1.304715872,-2.877821684,-94.386352539,-2.704369307,-3.531001091,-28.932111740,0.000000000,0.000000000,0.000000000,0.000000000,0.000000000,0.000000000,0.000000000,0.000000000,0.000000000,0.000000000,0.000000000,0.000000000
1751979495.400473,24.907000000,64.949920654,0.030000001,0.000000000,-1.304715872,-2.864322186,-93.576377869,-2.704369307,-3.566999197,-30.192047119,0.000000000,0.000000000,0.000000000,0.000000000,0.000000000,0.000000000,0.000000000,0.000000000,0.000000000,0.000000000,0.000000000,0.000000000
1751979495.403079,24.909000000,64.949920654,0.030000001,0.000000000,-1.304715872,-2.891321182,-95.196319580,-2.704369307,-3.566999197,-30.192047119,0.000000000,0.000000000,0.000000000,0.000000000,0.000000000,0.000000000,0.000000000,0.000000000,0.000000000,0.000000000,0.000000000,0.000000000
1751979495.405677,24.912000000,64.949920654,0.030000001,0.000000000,-1.304715872,-2.904823303,-96.006446838,-2.704369307,-3.566999197,-30.192047119,0.000000000,0.000000000,0.000000000,0.000000000,0.000000000,0.000000000,0.000000000,0.000000000,0.000000000,0.000000000,0.000000000,0.000000000
1751979495.408338,24.915000000,64.949920654,0.030000001,0.000000000,-1.304715872,-2.904823303,-96.006446838,-2.704369307,-3.584999561,-30.822059631,0.000000000,0.000000000,0.000000000,0.000000000,0.000000000,0.000000000,0.000000000,0.000000000,0.000000000,0.000000000,0.000000000,0.000000000
1751979495.410969,24.917000000,64.949920654,0.030000001,0.000000000,-1.304715872,-2.904823303,-96.006446838,-2.704369307,-3.602999687,-31.452062607,0.000000000,0.000000000,0.000000000,0.000000000,0.000000000,0.000000000,0.000000000,0.000000000,0.000000000,0.000000000,0.000000000,0.000000000
1751979495.413730,24.920000000,65.181579590,0.030000001,0.000000000,-1.339489102,-2.904823303,-93.920051575,-2.814383268,-3.621000051,-28.231586456,0.000000000,0.000000000,0.000000000,0.000000000,0.000000000,0.000000000,0.000000000,0.000000000,0.000000000,0.000000000,0.000000000,0.000000000
1751979495.416562,24.923000000,65.181579590,0.030000001,0.000000000,-1.339489102,-2.891321182,-93.109924316,-2.814383268,-3.612001181,-27.916625977,0.000000000,0.000000000,0.000000000,0.000000000,0.000000000,0.000000000,0.000000000,0.000000000,0.000000000,0.000000000,0.000000000,0.000000000
1751979495.419384,24.926000000,65.181579590,0.030000001,0.000000000,-1.339489102,-2.891321182,-93.109924316,-2.814383268,-3.621000051,-28.231586456,0.000000000,0.000000000,0.000000000,0.000000000,0.000000000,0.000000000,0.000000000,0.000000000,0.000000000,0.000000000,0.000000000,0.000000000
1751979495.422088,24.928000000,65.325157166,0.030000001,0.000000000,-1.359963179,-2.891321182,-91.881477356,-2.914253712,-3.639000416,-25.366134644,0.000000000,0.000000000,0.000000000,0.000000000,0.000000000,0.000000000,0.000000000,0.000000000,0.000000000,0.000000000,0.000000000,0.000000000
1751979495.424708,24.931000000,65.325157166,0.030000001,0.000000000,-1.359963179,-2.891321182,-91.881477356,-2.914253712,-3.629998922,-25.051082611,0.000000000,0.000000000,0.000000000,0.000000000,0.000000000,0.000000000,0.000000000,0.000000000,0.000000000,0.000000000,0.000000000,0.000000000
1751979495.427369,24.934000000,65.325157166,0.030000001,0.000000000,-1.359963179,-2.891321182,-91.881477356,-2.914253712,-3.647999287,-25.681095123,0.000000000,0.000000000,0.000000000,0.000000000,0.000000000,0.000000000,0.000000000,0.000000000,0.000000000,0.000000000,0.000000000,0.000000000
1751979495.429973,24.936000000,65.546157837,0.030000001,0.000000000,-1.387153149,-2.891321182,-90.250083923,-2.973732948,-3.647999287,-23.599321365,0.000000000,0.000000000,0.000000000,0.000000000,0.000000000,0.000000000,0.000000000,0.000000000,0.000000000,0.000000000,0.000000000,0.000000000
1751979495.432578,24.939000000,65.546157837,0.030000001,0.000000000,-1.387153149,-2.891321182,-90.250083923,-2.973732948,-3.647999287,-23.599321365,0.000000000,0.000000000,0.000000000,0.000000000,0.000000000,0.000000000,0.000000000,0.000000000,0.000000000,0.000000000,0.000000000,0.000000000
1751979495.435156,24.941000000,65.546157837,0.030000001,0.000000000,-1.387153149,-2.891321182,-90.250083923,-2.973732948,-3.647999287,-23.599321365,0.000000000,0.000000000,0.000000000,0.000000000,0.000000000,0.000000000,0.000000000,0.000000000,0.000000000,0.000000000,0.000000000,0.000000000
1751979495.437758,24.944000000,65.546157837,0.030000001,0.000000000,-1.387153149,-2.877821684,-89.440109253,-2.973732948,-3.647999287,-23.599321365,0.000000000,0.000000000,0.000000000,0.000000000,0.000000000,0.000000000,0.000000000,0.000000000,0.000000000,0.000000000,0.000000000,0.000000000
1751979495.440403,24.947000000,65.546157837,0.030000001,0.000000000,-1.387153149,-2.877821684,-89.440109253,-2.973732948,-3.647999287,-23.599321365,0.000000000,0.000000000,0.000000000,0.000000000,0.000000000,0.000000000,0.000000000,0.000000000,0.000000000,0.000000000,0.000000000,0.000000000
1751979495.443015,24.949000000,65.546157837,0.030000001,0.000000000,-1.387153149,-2.877821684,-89.440109253,-2.973732948,-3.647999287,-23.599321365,0.000000000,0.000000000,0.000000000,0.000000000,0.000000000,0.000000000,0.000000000,0.000000000,0.000000000,0.000000000,0.000000000,0.000000000
1751979495.445663,24.952000000,65.673248291,0.030000001,0.000000000,-1.429919362,-2.877821684,-86.874137878,-3.040966988,-3.647999287,-21.246129990,0.000000000,0.000000000,0.000000000,0.000000000,0.000000000,0.000000000,0.000000000,0.000000000,0.000000000,0.000000000,0.000000000,0.000000000
1751979495.448276,24.955000000,65.673248291,0.030000001,0.000000000,-1.429919362,-2.877821684,-86.874137878,-3.040966988,-3.657000542,-21.561174393,0.000000000,0.000000000,0.000000000,0.000000000,0.000000000,0.000000000,0.000000000,0.000000000,0.000000000,0.000000000,0.000000000,0.000000000
1751979495.450867,24.957000000,65.673248291,0.030000001,0.000000000,-1.429919362,-2.877821684,-86.874137878,-3.040966988,-3.657000542,-21.561174393,0.000000000,0.000000000,0.000000000,0.000000000,0.000000000,0.000000000,0.000000000,0.000000000,0.000000000,0.000000000,0.000000000,0.000000000
1751979495.453465,24.960000000,65.853820801,0.030000001,0.000000000,-1.467996240,-2.877821684,-84.589523315,-3.087145567,-3.657000542,-19.944923401,0.000000000,0.000000000,0.000000000,0.000000000,0.000000000,0.000000000,0.000000000,0.000000000,0.000000000,0.000000000,0.000000000,0.000000000
1751979495.456067,24.962000000,65.853820801,0.030000001,0.000000000,-1.467996240,-2.877821684,-84.589523315,-3.087145567,-3.657000542,-19.944923401,0.000000000,0.000000000,0.000000000,0.000000000,0.000000000,0.000000000,0.000000000,0.000000000,0.000000000,0.000000000,0.000000000,0.000000000
1751979495.458726,24.965000000,65.853820801,0.030000001,0.000000000,-1.467996240,-2.891321182,-85.399497986,-3.087145567,-3.665999413,-20.259883881,0.000000000,0.000000000,0.000000000,0.000000000,0.000000000,0.000000000,0.000000000,0.000000000,0.000000000,0.000000000,0.000000000,0.000000000
1751979495.461429,24.968000000,65.992012024,0.030000001,0.000000000,-1.506506205,-2.891321182,-83.088897705,-3.129822254,-3.665999413,-18.766201019,0.000000000,0.000000000,0.000000000,0.000000000,0.000000000,0.000000000,0.000000000,0.000000000,0.000000000,0.000000000,0.000000000,0.000000000
1751979495.464060,24.970000000,65.992012024,0.030000001,0.000000000,-1.506506205,-2.904823303,-83.899024963,-3.129822254,-3.665999413,-18.766201019,0.000000000,0.000000000,0.000000000,0.000000000,0.000000000,0.000000000,0.000000000,0.000000000,0.000000000,0.000000000,0.000000000,0.000000000
1751979495.466694,24.973000000,65.992012024,0.030000001,0.000000000,-1.506506205,-2.918323040,-84.709007263,-3.129822254,-3.665999413,-18.766201019,0.000000000,0.000000000,0.000000000,0.000000000,0.000000000,0.000000000,0.000000000,0.000000000,0.000000000,0.000000000,0.000000000,0.000000000
1751979495.469335,24.976000000,65.992012024,0.030000001,0.000000000,-1.506506205,-2.945324898,-86.329124451,-3.129822254,-3.665999413,-18.766201019,0.000000000,0.000000000,0.000000000,0.000000000,0.000000000,0.000000000,0.000000000,0.000000000,0.000000000,0.000000000,0.000000000,0.000000000
1751979495.471897,24.978000000,65.992012024,0.030000001,0.000000000,-1.506506205,-2.945324898,-86.329124451,-3.129822254,-3.665999413,-18.766201019,0.000000000,0.000000000,0.000000000,0.000000000,0.000000000,0.000000000,0.000000000,0.000000000,0.000000000,0.000000000,0.000000000,0.000000000
1751979495.474505,24.981000000,65.992012024,0.030000001,0.000000000,-1.506506205,-2.945324898,-86.329124451,-3.129822254,-3.665999413,-18.766201019,0.000000000,0.000000000,0.000000000,0.000000000,0.000000000,0.000000000,0.000000000,0.000000000,0.000000000,0.000000000,0.000000000,0.000000000
1751979495.477080,24.983000000,66.070159912,0.030000001,0.000000000,-1.498005152,-2.945324898,-86.839187622,-3.204421282,-3.665999413,-16.155235291,0.000000000,0.000000000,0.000000000,0.000000000,0.000000000,0.000000000,0.000000000,0.000000000,0.000000000,0.000000000,0.000000000,0.000000000
1751979495.479643,24.986000000,66.070159912,0.030000001,0.000000000,-1.498005152,-2.945324898,-86.839187622,-3.204421282,-3.665999413,-16.155235291,0.000000000,0.000000000,0.000000000,0.000000000,0.000000000,0.000000000,0.000000000,0.000000000,0.000000000,0.000000000,0.000000000,0.000000000
1751979495.482221,24.988000000,66.070159912,0.030000001,0.000000000,-1.498005152,-2.945324898,-86.839187622,-3.204421282,-3.665999413,-16.155235291,0.000000000,0.000000000,0.000000000,0.000000000,0.000000000,0.000000000,0.000000000,0.000000000,0.000000000,0.000000000,0.000000000,0.000000000
1751979495.484796,24.991000000,66.227539063,0.030000001,0.000000000,-1.534612775,-2.945324898,-84.642730713,-3.276359558,-3.665999413,-13.637394905,0.000000000,0.000000000,0.000000000,0.000000000,0.000000000,0.000000000,0.000000000,0.000000000,0.000000000,0.000000000,0.000000000,0.000000000
1751979495.487382,24.994000000,66.227539063,0.030000001,0.000000000,-1.534612775,-2.958824396,-85.452697754,-3.276359558,-3.665999413,-13.637394905,0.000000000,0.000000000,0.000000000,0.000000000,0.000000000,0.000000000,0.000000000,0.000000000,0.000000000,0.000000000,0.000000000,0.000000000
1751979495.489955,24.996000000,66.227539063,0.030000001,0.000000000,-1.534612775,-2.972323895,-86.262664795,-3.276359558,-3.665999413,-13.637394905,0.000000000,0.000000000,0.000000000,0.000000000,0.000000000,0.000000000,0.000000000,0.000000000,0.000000000,0.000000000,0.000000000,0.000000000
1751979495.492559,24.999000000,66.227539063,0.030000001,0.000000000,-1.534612775,-2.985823393,-87.072639465,-3.276359558,-3.665999413,-13.637394905,0.000000000,0.000000000,0.000000000,0.000000000,0.000000000,0.000000000,0.000000000,0.000000000,0.000000000,0.000000000,0.000000000,0.000000000
1751979495.495220,25.001000000,66.227539063,0.030000001,0.000000000,-1.534612775,-2.985823393,-87.072639465,-3.276359558,-3.665999413,-13.637394905,0.000000000,0.000000000,0.000000000,0.000000000,0.000000000,0.000000000,0.000000000,0.000000000,0.000000000,0.000000000,0.000000000,0.000000000
1751979495.497784,25.004000000,66.227539063,0.030000001,0.000000000,-1.534612775,-2.972323895,-86.262664795,-3.276359558,-3.665999413,-13.637394905,0.000000000,0.000000000,0.000000000,0.000000000,0.000000000,0.000000000,0.000000000,0.000000000,0.000000000,0.000000000,0.000000000,0.000000000
1751979495.500364,25.007000000,66.227539063,0.030000001,0.000000000,-1.534612775,-2.972323895,-86.262664795,-3.276359558,-3.665999413,-13.637394905,0.000000000,0.000000000,0.000000000,0.000000000,0.000000000,0.000000000,0.000000000,0.000000000,0.000000000,0.000000000,0.000000000,0.000000000
1751979495.502953,25.009000000,66.356353760,0.030000001,0.000000000,-1.548662782,-2.972323895,-85.419670105,-3.342291832,-3.657000542,-11.014804840,0.000000000,0.000000000,0.000000000,0.000000000,0.000000000,0.000000000,0.000000000,0.000000000,0.000000000,0.000000000,0.000000000,0.000000000
1751979495.505543,25.012000000,66.356353760,0.030000001,0.000000000,-1.548662782,-2.972323895,-85.419670105,-3.342291832,-3.657000542,-11.014804840,0.000000000,0.000000000,0.000000000,0.000000000,0.000000000,0.000000000,0.000000000,0.000000000,0.000000000,0.000000000,0.000000000,0.000000000
1751979495.508247,25.014000000,66.356353760,0.030000001,0.000000000,-1.548662782,-2.972323895,-85.419670105,-3.342291832,-3.657000542,-11.014804840,0.000000000,0.000000000,0.000000000,0.000000000,0.000000000,0.000000000,0.000000000,0.000000000,0.000000000,0.000000000,0.000000000,0.000000000
1751979495.510959,25.017000000,66.487594604,0.030000001,0.000000000,-1.582899451,-2.972323895,-83.365463257,-3.386551857,-3.657000542,-9.465703964,0.000000000,0.000000000,0.000000000,0.000000000,0.000000000,0.000000000,0.000000000,0.000000000,0.000000000,0.000000000,0.000000000,0.000000000
1751979495.513566,25.020000000,66.487594604,0.030000001,0.000000000,-1.582899451,-2.972323895,-83.365463257,-3.386551857,-3.657000542,-9.465703964,0.000000000,0.000000000,0.000000000,0.000000000,0.000000000,0.000000000,0.000000000,0.000000000,0.000000000,0.000000000,0.000000000,0.000000000
1751979495.516171,25.022000000,66.717315674,0.030000001,0.000000000,-1.637953877,-2.972323895,-80.062202454,-3.415533066,-3.657000542,-8.451361656,0.000000000,0.000000000,0.000000000,0.000000000,0.000000000,0.000000000,0.000000000,0.000000000,0.000000000,0.000000000,0.000000000,0.000000000
1751979495.518796,25.025000000,66.717315674,0.030000001,0.000000000,-1.637953877,-2.985823393,-80.872169495,-3.415533066,-3.657000542,-8.451361656,0.000000000,0.000000000,0.000000000,0.000000000,0.000000000,0.000000000,0.000000000,0.000000000,0.000000000,0.000000000,0.000000000,0.000000000
1751979495.521432,25.028000000,66.717315674,0.030000001,0.000000000,-1.637953877,-2.985823393,-80.872169495,-3.415533066,-3.657000542,-8.451361656,0.000000000,0.000000000,0.000000000,0.000000000,0.000000000,0.000000000,0.000000000,0.000000000,0.000000000,0.000000000,0.000000000,0.000000000
1751979495.524015,25.030000000,66.717315674,0.030000001,0.000000000,-1.637953877,-2.985823393,-80.872169495,-3.415533066,-3.657000542,-8.451361656,0.000000000,0.000000000,0.000000000,0.000000000,0.000000000,0.000000000,0.000000000,0.000000000,0.000000000,0.000000000,0.000000000,0.000000000
1751979495.526673,25.033000000,66.717315674,0.030000001,0.000000000,-1.637953877,-2.999325752,-81.682312012,-3.415533066,-3.657000542,-8.451361656,0.000000000,0.000000000,0.000000000,0.000000000,0.000000000,0.000000000,0.000000000,0.000000000,0.000000000,0.000000000,0.000000000,0.000000000
1751979495.529301,25.036000000,66.717315674,0.030000001,0.000000000,-1.637953877,-2.999325752,-81.682312012,-3.415533066,-3.647999287,-8.136318207,0.000000000,0.000000000,0.000000000,0.000000000,0.000000000,0.000000000,0.000000000,0.000000000,0.000000000,0.000000000,0.000000000,0.000000000
1751979495.531893,25.038000000,66.778244019,0.030000001,0.000000000,-1.666109085,-3.012825251,-80.802970886,-3.461534262,-3.647999287,-6.526275635,0.000000000,0.000000000,0.000000000,0.000000000,0.000000000,0.000000000,0.000000000,0.000000000,0.000000000,0.000000000,0.000000000,0.000000000
1751979495.534483,25.041000000,66.778244019,0.030000001,0.000000000,-1.666109085,-3.012825251,-80.802970886,-3.461534262,-3.647999287,-6.526275635,0.000000000,0.000000000,0.000000000,0.000000000,0.000000000,0.000000000,0.000000000,0.000000000,0.000000000,0.000000000,0.000000000,0.000000000
1751979495.537074,25.043000000,66.778244019,0.030000001,0.000000000,-1.666109085,-3.039827108,-82.423080444,-3.461534262,-3.647999287,-6.526275635,0.000000000,0.000000000,0.000000000,0.000000000,0.000000000,0.000000000,0.000000000,0.000000000,0.000000000,0.000000000,0.000000000,0.000000000
1751979495.539672,25.046000000,66.905494690,0.030000001,0.000000000,-1.699129939,-3.053326607,-81.251800537,-3.484428167,-3.639000416,-5.410028458,0.000000000,0.000000000,0.000000000,0.000000000,0.000000000,0.000000000,0.000000000,0.000000000,0.000000000,0.000000000,0.000000000,0.000000000
1751979495.542273,25.049000000,66.905494690,0.030000001,0.000000000,-1.699129939,-3.053326607,-81.251800537,-3.484428167,-3.639000416,-5.410028458,0.000000000,0.000000000,0.000000000,0.000000000,0.000000000,0.000000000,0.000000000,0.000000000,0.000000000,0.000000000,0.000000000,0.000000000
1751979495.545033,25.051000000,66.905494690,0.030000001,0.000000000,-1.699129939,-3.053326607,-81.251800537,-3.484428167,-3.639000416,-5.410028458,0.000000000,0.000000000,0.000000000,0.000000000,0.000000000,0.000000000,0.000000000,0.000000000,0.000000000,0.000000000,0.000000000,0.000000000
1751979495.547764,25.054000000,66.905494690,0.030000001,0.000000000,-1.699129939,-3.053326607,-81.251800537,-3.484428167,-3.629998922,-5.094976425,0.000000000,0.000000000,0.000000000,0.000000000,0.000000000,0.000000000,0.000000000,0.000000000,0.000000000,0.000000000,0.000000000,0.000000000
1751979495.550407,25.057000000,66.905494690,0.030000001,0.000000000,-1.699129939,-3.093827963,-83.681884766,-3.484428167,-3.629998922,-5.094976425,0.000000000,0.000000000,0.000000000,0.000000000,0.000000000,0.000000000,0.000000000,0.000000000,0.000000000,0.000000000,0.000000000,0.000000000
1751979495.553015,25.059000000,66.905494690,0.030000001,0.000000000,-1.699129939,-3.107327461,-84.491851807,-3.484428167,-3.621000051,-4.780015945,0.000000000,0.000000000,0.000000000,0.000000000,0.000000000,0.000000000,0.000000000,0.000000000,0.000000000,0.000000000,0.000000000,0.000000000
1751979495.555596,25.062000000,66.905494690,0.030000001,0.000000000,-1.699129939,-3.107327461,-84.491851807,-3.484428167,-3.621000051,-4.780015945,0.000000000,0.000000000,0.000000000,0.000000000,0.000000000,0.000000000,0.000000000,0.000000000,0.000000000,0.000000000,0.000000000,0.000000000
1751979495.558267,25.064000000,66.975959778,0.030000001,0.000000000,-1.681899071,-3.120827198,-86.335685730,-3.532185793,-3.621000051,-3.108499050,0.000000000,0.000000000,0.000000000,0.000000000,0.000000000,0.000000000,0.000000000,0.000000000,0.000000000,0.000000000,0.000000000,0.000000000
1751979495.561050,25.067000000,66.975959778,0.030000001,0.000000000,-1.681899071,-3.120827198,-86.335685730,-3.532185793,-3.612001181,-2.793538570,0.000000000,0.000000000,0.000000000,0.000000000,0.000000000,0.000000000,0.000000000,0.000000000,0.000000000,0.000000000,0.000000000,0.000000000
1751979495.563699,25.070000000,66.975959778,0.030000001,0.000000000,-1.681899071,-3.120827198,-86.335685730,-3.532185793,-3.612001181,-2.793538570,0.000000000,0.000000000,0.000000000,0.000000000,0.000000000,0.000000000,0.000000000,0.000000000,0.000000000,0.000000000,0.000000000,0.000000000
1751979495.566261,25.073000000,67.048377991,0.030000001,0.000000000,-1.693501234,-3.120827198,-85.639556885,-3.565513372,-3.602999687,-1.312021017,0.000000000,0.000000000,0.000000000,0.000000000,0.000000000,0.000000000,0.000000000,0.000000000,0.000000000,0.000000000,0.000000000,0.000000000
1751979495.568837,25.075000000,67.048377991,0.030000001,0.000000000,-1.693501234,-3.120827198,-85.639556885,-3.565513372,-3.594000816,-0.997060537,0.000000000,0.000000000,0.000000000,0.000000000,0.000000000,0.000000000,0.000000000,0.000000000,0.000000000,0.000000000,0.000000000,0.000000000
1751979495.571450,25.078000000,67.048377991,0.030000001,0.000000000,-1.693501234,-3.120827198,-85.639556885,-3.565513372,-3.584999561,-0.682016611,0.000000000,0.000000000,0.000000000,0.000000000,0.000000000,0.000000000,0.000000000,0.000000000,0.000000000,0.000000000,0.000000000,0.000000000
1751979495.574029,25.080000000,67.073684692,0.030000001,0.000000000,-1.705565333,-3.120827198,-84.915710449,-3.574318886,-3.584999561,-0.373823643,0.000000000,0.000000000,0.000000000,0.000000000,0.000000000,0.000000000,0.000000000,0.000000000,0.000000000,0.000000000,0.000000000,0.000000000
1751979495.576676,25.083000000,67.073684692,0.030000001,0.000000000,-1.705565333,-3.120827198,-84.915710449,-3.574318886,-3.576000690,-0.058863163,0.000000000,0.000000000,0.000000000,0.000000000,0.000000000,0.000000000,0.000000000,0.000000000,0.000000000,0.000000000,0.000000000,0.000000000
1751979495.579356,25.086000000,67.073684692,0.030000001,0.000000000,-1.705565333,-3.134329319,-85.725837708,-3.574318886,-3.566999197,0.256189108,0.000000000,0.000000000,0.000000000,0.000000000,0.000000000,0.000000000,0.000000000,0.000000000,0.000000000,0.000000000,0.000000000,0.000000000
1751979495.581956,25.088000000,67.073684692,0.030000001,0.000000000,-1.705565333,-3.134329319,-85.725837708,-3.574318886,-3.558000326,0.571149588,0.000000000,0.000000000,0.000000000,0.000000000,0.000000000,0.000000000,0.000000000,0.000000000,0.000000000,0.000000000,0.000000000,0.000000000
1751979495.584519,25.091000000,67.073684692,0.030000001,0.000000000,-1.705565333,-3.134329319,-85.725837708,-3.574318886,-3.548998833,0.886201859,0.000000000,0.000000000,0.000000000,0.000000000,0.000000000,0.000000000,0.000000000,0.000000000,0.000000000,0.000000000,0.000000000,0.000000000
1751979495.587092,25.093000000,67.073684692,0.030000001,0.000000000,-1.705565333,-3.120827198,-84.915710449,-3.574318886,-3.539999962,1.201162338,0.000000000,0.000000000,0.000000000,0.000000000,0.000000000,0.000000000,0.000000000,0.000000000,0.000000000,0.000000000,0.000000000,0.000000000
1751979495.589704,25.096000000,67.074348450,0.030000001,0.000000000,-1.710453033,-3.134329319,-85.432579041,-3.554590940,-3.531001091,0.825644732,0.000000000,0.000000000,0.000000000,0.000000000,0.000000000,0.000000000,0.000000000,0.000000000,0.000000000,0.000000000,0.000000000,0.000000000
1751979495.592325,25.099000000,67.074348450,0.030000001,0.000000000,-1.710453033,-3.120827198,-84.622451782,-3.554590940,-3.521999836,1.140688658,0.000000000,0.000000000,0.000000000,0.000000000,0.000000000,0.000000000,0.000000000,0.000000000,0.000000000,0.000000000,0.000000000,0.000000000
1751979495.594902,25.101000000,67.074348450,0.030000001,0.000000000,-1.710453033,-3.134329319,-85.432579041,-3.554590940,-3.513000965,1.455649137,0.000000000,0.000000000,0.000000000,0.000000000,0.000000000,0.000000000,0.000000000,0.000000000,0.000000000,0.000000000,0.000000000,0.000000000
1751979495.597491,25.104000000,67.093177795,0.030000001,0.000000000,-1.701690435,-3.134329319,-85.958335876,-3.544056892,-3.503999472,1.402009726,0.000000000,0.000000000,0.000000000,0.000000000,0.000000000,0.000000000,0.000000000,0.000000000,0.000000000,0.000000000,0.000000000,0.000000000
1751979495.600082,25.106000000,67.093177795,0.030000001,0.000000000,-1.701690435,-3.134329319,-85.958335876,-3.544056892,-3.495000601,1.716970205,0.000000000,0.000000000,0.000000000,0.000000000,0.000000000,0.000000000,0.000000000,0.000000000,0.000000000,0.000000000,0.000000000,0.000000000
1751979495.602663,25.109000000,67.093177795,0.030000001,0.000000000,-1.701690435,-3.134329319,-85.958335876,-3.544056892,-3.485999107,2.032022476,0.000000000,0.000000000,0.000000000,0.000000000,0.000000000,0.000000000,0.000000000,0.000000000,0.000000000,0.000000000,0.000000000,0.000000000
1751979495.605268,25.112000000,67.014877319,0.030000001,0.000000000,-1.667616248,-3.147828817,-88.812751770,-3.522913694,-3.467998743,1.922023296,0.000000000,0.000000000,0.000000000,0.000000000,0.000000000,0.000000000,0.000000000,0.000000000,0.000000000,0.000000000,0.000000000,0.000000000
1751979495.607850,25.114000000,67.014877319,0.030000001,0.000000000,-1.667616248,-3.147828817,-88.812751770,-3.522913694,-3.459000111,2.236975431,0.000000000,0.000000000,0.000000000,0.000000000,0.000000000,0.000000000,0.000000000,0.000000000,0.000000000,0.000000000,0.000000000,0.000000000
1751979495.610603,25.117000000,67.014877319,0.030000001,0.000000000,-1.667616248,-3.161328316,-89.622726440,-3.522913694,-3.450001240,2.551935911,0.000000000,0.000000000,0.000000000,0.000000000,0.000000000,0.000000000,0.000000000,0.000000000,0.000000000,0.000000000,0.000000000,0.000000000
1751979495.613367,25.120000000,67.014877319,0.030000001,0.000000000,-1.667616248,-3.174830675,-90.432868958,-3.522913694,-3.440999746,2.866988182,0.000000000,0.000000000,0.000000000,0.000000000,0.000000000,0.000000000,0.000000000,0.000000000,0.000000000,0.000000000,0.000000000,0.000000000
1751979495.616077,25.122000000,67.014877319,0.030000001,0.000000000,-1.667616248,-3.174830675,-90.432868958,-3.522913694,-3.432000875,3.181948662,0.000000000,0.000000000,0.000000000,0.000000000,0.000000000,0.000000000,0.000000000,0.000000000,0.000000000,0.000000000,0.000000000,0.000000000
1751979495.618658,25.125000000,67.014877319,0.030000001,0.000000000,-1.667616248,-3.188330173,-91.242835999,-3.522913694,-3.414000511,3.811961412,0.000000000,0.000000000,0.000000000,0.000000000,0.000000000,0.000000000,0.000000000,0.000000000,0.000000000,0.000000000,0.000000000,0.000000000
1751979495.621306,25.128000000,66.949401855,0.030000001,0.000000000,-1.650438070,-3.188330173,-92.273529053,-3.509361029,-3.404999018,3.652670383,0.000000000,0.000000000,0.000000000,0.000000000,0.000000000,0.000000000,0.000000000,0.000000000,0.000000000,0.000000000,0.000000000,0.000000000
1751979495.623889,25.130000000,66.949401855,0.030000001,0.000000000,-1.650438070,-3.188330173,-92.273529053,-3.509361029,-3.396000385,3.967622519,0.000000000,0.000000000,0.000000000,0.000000000,0.000000000,0.000000000,0.000000000,0.000000000,0.000000000,0.000000000,0.000000000,0.000000000
1751979495.626496,25.133000000,66.949401855,0.030000001,0.000000000,-1.650438070,-3.188330173,-92.273529053,-3.509361029,-3.386998653,4.282683372,0.000000000,0.000000000,0.000000000,0.000000000,0.000000000,0.000000000,0.000000000,0.000000000,0.000000000,0.000000000,0.000000000,0.000000000
1751979495.629101,25.135000000,66.898826599,0.030000001,0.000000000,-1.605763316,-3.201829910,-95.763992310,-3.477067232,-3.378000021,3.467352390,0.000000000,0.000000000,0.000000000,0.000000000,0.000000000,0.000000000,0.000000000,0.000000000,0.000000000,0.000000000,0.000000000,0.000000000
1751979495.631666,25.138000000,66.898826599,0.030000001,0.000000000,-1.605763316,-3.201829910,-95.763992310,-3.477067232,-3.369001150,3.782312870,0.000000000,0.000000000,0.000000000,0.000000000,0.000000000,0.000000000,0.000000000,0.000000000,0.000000000,0.000000000,0.000000000,0.000000000
1751979495.634277,25.141000000,66.898826599,0.030000001,0.000000000,-1.605763316,-3.201829910,-95.763992310,-3.477067232,-3.359999657,4.097365379,0.000000000,0.000000000,0.000000000,0.000000000,0.000000000,0.000000000,0.000000000,0.000000000,0.000000000,0.000000000,0.000000000,0.000000000
1751979495.636852,25.143000000,66.898826599,0.030000001,0.000000000,-1.605763316,-3.201829910,-95.763992310,-3.477067232,-3.359999657,4.097365379,0.000000000,0.000000000,0.000000000,0.000000000,0.000000000,0.000000000,0.000000000,0.000000000,0.000000000,0.000000000,0.000000000,0.000000000
1751979495.639475,25.146000000,66.898826599,0.030000001,0.000000000,-1.605763316,-3.201829910,-95.763992310,-3.477067232,-3.351000786,4.412325859,0.000000000,0.000000000,0.000000000,0.000000000,0.000000000,0.000000000,0.000000000,0.000000000,0.000000000,0.000000000,0.000000000,0.000000000
1751979495.642054,25.148000000,66.898826599,0.030000001,0.000000000,-1.605763316,-3.201829910,-95.763992310,-3.477067232,-3.341999292,4.727377892,0.000000000,0.000000000,0.000000000,0.000000000,0.000000000,0.000000000,0.000000000,0.000000000,0.000000000,0.000000000,0.000000000,0.000000000
1751979495.644660,25.151000000,66.788551331,0.030000001,0.000000000,-1.581680655,-3.201829910,-97.208953857,-3.431691647,-3.341999292,3.139232397,0.000000000,0.000000000,0.000000000,0.000000000,0.000000000,0.000000000,0.000000000,0.000000000,0.000000000,0.000000000,0.000000000,0.000000000
1751979495.647229,25.153000000,66.788551331,0.030000001,0.000000000,-1.581680655,-3.201829910,-97.208953857,-3.431691647,-3.333000660,3.454184532,0.000000000,0.000000000,0.000000000,0.000000000,0.000000000,0.000000000,0.000000000,0.000000000,0.000000000,0.000000000,0.000000000,0.000000000
1751979495.649840,25.156000000,66.788551331,0.030000001,0.000000000,-1.581680655,-3.188330173,-96.398971558,-3.431691647,-3.333000660,3.454184532,0.000000000,0.000000000,0.000000000,0.000000000,0.000000000,0.000000000,0.000000000,0.000000000,0.000000000,0.000000000,0.000000000,0.000000000
1751979495.652420,25.159000000,66.719673157,0.030000001,0.000000000,-1.575578094,-3.188330173,-96.765121460,-3.377129793,-3.323998928,1.859580278,0.000000000,0.000000000,0.000000000,0.000000000,0.000000000,0.000000000,0.000000000,0.000000000,0.000000000,0.000000000,0.000000000,0.000000000
1751979495.655058,25.161000000,66.719673157,0.030000001,0.000000000,-1.575578094,-3.188330173,-96.765121460,-3.377129793,-3.323998928,1.859580278,0.000000000,0.000000000,0.000000000,0.000000000,0.000000000,0.000000000,0.000000000,0.000000000,0.000000000,0.000000000,0.000000000,0.000000000
1751979495.657690,25.164000000,66.719673157,0.030000001,0.000000000,-1.575578094,-3.174830675,-95.955154419,-3.377129793,-3.323998928,1.859580278,0.000000000,0.000000000,0.000000000,0.000000000,0.000000000,0.000000000,0.000000000,0.000000000,0.000000000,0.000000000,0.000000000,0.000000000
1751979495.660316,25.167000000,66.585716248,0.030000001,0.000000000,-1.550764322,-3.174830675,-97.443984985,-3.303906202,-3.323998928,-0.703245401,0.000000000,0.000000000,0.000000000,0.000000000,0.000000000,0.000000000,0.000000000,0.000000000,0.000000000,0.000000000,0.000000000,0.000000000
1751979495.662982,25.169000000,66.585716248,0.030000001,0.000000000,-1.550764322,-3.174830675,-97.443984985,-3.303906202,-3.315000296,-0.388293266,0.000000000,0.000000000,0.000000000,0.000000000,0.000000000,0.000000000,0.000000000,0.000000000,0.000000000,0.000000000,0.000000000,0.000000000
1751979495.665511,25.172000000,66.585716248,0.030000001,0.000000000,-1.550764322,-3.174830675,-97.443984985,-3.303906202,-3.315000296,-0.388293266,0.000000000,0.000000000,0.000000000,0.000000000,0.000000000,0.000000000,0.000000000,0.000000000,0.000000000,0.000000000,0.000000000,0.000000000
1751979495.668092,25.174000000,66.585716248,0.030000001,0.000000000,-1.550764322,-3.174830675,-97.443984985,-3.303906202,-3.315000296,-0.388293266,0.000000000,0.000000000,0.000000000,0.000000000,0.000000000,0.000000000,0.000000000,0.000000000,0.000000000,0.000000000,0.000000000,0.000000000
1751979495.670662,25.177000000,66.585716248,0.030000001,0.000000000,-1.550764322,-3.174830675,-97.443984985,-3.303906202,-3.315000296,-0.388293266,0.000000000,0.000000000,0.000000000,0.000000000,0.000000000,0.000000000,0.000000000,0.000000000,0.000000000,0.000000000,0.000000000,0.000000000
1751979495.673266,25.180000000,66.585716248,0.030000001,0.000000000,-1.550764322,-3.174830675,-97.443984985,-3.303906202,-3.315000296,-0.388293266,0.000000000,0.000000000,0.000000000,0.000000000,0.000000000,0.000000000,0.000000000,0.000000000,0.000000000,0.000000000,0.000000000,0.000000000
1751979495.677602,25.182000000,66.585716248,0.030000001,0.000000000,-1.550764322,-3.174830675,-97.443984985,-3.303906202,-3.315000296,-0.388293266,0.000000000,0.000000000,0.000000000,0.000000000,0.000000000,0.000000000,0.000000000,0.000000000,0.000000000,0.000000000,0.000000000,0.000000000
1751979495.680369,25.187000000,66.540382385,0.030000001,0.000000000,-1.527536035,-3.174830675,-98.837677002,-3.246475935,-3.315000296,-2.398352623,0.000000000,0.000000000,0.000000000,0.000000000,0.000000000,0.000000000,0.000000000,0.000000000,0.000000000,0.000000000,0.000000000,0.000000000
1751979495.683099,25.189000000,66.540382385,0.030000001,0.000000000,-1.527536035,-3.174830675,-98.837677002,-3.246475935,-3.323998928,-2.713304758,0.000000000,0.000000000,0.000000000,0.000000000,0.000000000,0.000000000,0.000000000,0.000000000,0.000000000,0.000000000,0.000000000,0.000000000
1751979495.685862,25.192000000,66.454681396,0.030000001,0.000000000,-1.513274789,-3.174830675,-99.693351746,-3.237352848,-3.323998928,-3.032612801,0.000000000,0.000000000,0.000000000,0.000000000,0.000000000,0.000000000,0.000000000,0.000000000,0.000000000,0.000000000,0.000000000,0.000000000
1751979495.688435,25.195000000,66.454681396,0.030000001,0.000000000,-1.513274789,-3.174830675,-99.693351746,-3.237352848,-3.323998928,-3.032612801,0.000000000,0.000000000,0.000000000,0.000000000,0.000000000,0.000000000,0.000000000,0.000000000,0.000000000,0.000000000,0.000000000,0.000000000
1751979495.691033,25.197000000,66.454681396,0.030000001,0.000000000,-1.513274789,-3.174830675,-99.693351746,-3.237352848,-3.333000660,-3.347673416,0.000000000,0.000000000,0.000000000,0.000000000,0.000000000,0.000000000,0.000000000,0.000000000,0.000000000,0.000000000,0.000000000,0.000000000
1751979495.693626,25.200000000,66.454681396,0.030000001,0.000000000,-1.513274789,-3.174830675,-99.693351746,-3.237352848,-3.333000660,-3.347673416,0.000000000,0.000000000,0.000000000,0.000000000,0.000000000,0.000000000,0.000000000,0.000000000,0.000000000,0.000000000,0.000000000,0.000000000
1751979495.696249,25.202000000,66.454681396,0.030000001,0.000000000,-1.513274789,-3.174830675,-99.693351746,-3.237352848,-3.341999292,-3.662625551,0.000000000,0.000000000,0.000000000,0.000000000,0.000000000,0.000000000,0.000000000,0.000000000,0.000000000,0.000000000,0.000000000,0.000000000
1751979495.698811,25.205000000,66.454681396,0.030000001,0.000000000,-1.513274789,-3.174830675,-99.693351746,-3.237352848,-3.341999292,-3.662625551,0.000000000,0.000000000,0.000000000,0.000000000,0.000000000,0.000000000,0.000000000,0.000000000,0.000000000,0.000000000,0.000000000,0.000000000
1751979495.701395,25.208000000,66.330772400,0.030000001,0.000000000,-1.502836704,-3.174830675,-100.319641113,-3.204384327,-3.351000786,-5.131576061,0.000000000,0.000000000,0.000000000,0.000000000,0.000000000,0.000000000,0.000000000,0.000000000,0.000000000,0.000000000,0.000000000,0.000000000
1751979495.703998,25.210000000,66.330772400,0.030000001,0.000000000,-1.502836704,-3.161328316,-99.509498596,-3.204384327,-3.351000786,-5.131576061,0.000000000,0.000000000,0.000000000,0.000000000,0.000000000,0.000000000,0.000000000,0.000000000,0.000000000,0.000000000,0.000000000,0.000000000
1751979495.706593,25.213000000,66.330772400,0.030000001,0.000000000,-1.502836704,-3.161328316,-99.509498596,-3.204384327,-3.359999657,-5.446536541,0.000000000,0.000000000,0.000000000,0.000000000,0.000000000,0.000000000,0.000000000,0.000000000,0.000000000,0.000000000,0.000000000,0.000000000
1751979495.709244,25.215000000,66.155548096,0.030000001,0.000000000,-1.479621410,-3.161328316,-100.902412415,-3.156704426,-3.369001150,-7.430385590,0.000000000,0.000000000,0.000000000,0.000000000,0.000000000,0.000000000,0.000000000,0.000000000,0.000000000,0.000000000,0.000000000,0.000000000
1751979495.711923,25.218000000,66.155548096,0.030000001,0.000000000,-1.479621410,-3.161328316,-100.902412415,-3.156704426,-3.369001150,-7.430385590,0.000000000,0.000000000,0.000000000,0.000000000,0.000000000,0.000000000,0.000000000,0.000000000,0.000000000,0.000000000,0.000000000,0.000000000
1751979495.714505,25.221000000,66.155548096,0.030000001,0.000000000,-1.479621410,-3.147828817,-100.092445374,-3.156704426,-3.378000021,-7.745346069,0.000000000,0.000000000,0.000000000,0.000000000,0.000000000,0.000000000,0.000000000,0.000000000,0.000000000,0.000000000,0.000000000,0.000000000
1751979495.717097,25.223000000,66.155548096,0.030000001,0.000000000,-1.479621410,-3.147828817,-100.092445374,-3.156704426,-3.386998653,-8.060297966,0.000000000,0.000000000,0.000000000,0.000000000,0.000000000,0.000000000,0.000000000,0.000000000,0.000000000,0.000000000,0.000000000,0.000000000
1751979495.719699,25.226000000,66.155548096,0.030000001,0.000000000,-1.479621410,-3.134329319,-99.282470703,-3.156704426,-3.396000385,-8.375358582,0.000000000,0.000000000,0.000000000,0.000000000,0.000000000,0.000000000,0.000000000,0.000000000,0.000000000,0.000000000,0.000000000,0.000000000
1751979495.722295,25.229000000,66.155548096,0.030000001,0.000000000,-1.479621410,-3.134329319,-99.282470703,-3.156704426,-3.396000385,-8.375358582,0.000000000,0.000000000,0.000000000,0.000000000,0.000000000,0.000000000,0.000000000,0.000000000,0.000000000,0.000000000,0.000000000,0.000000000
1751979495.724892,25.231000000,66.069480896,0.030000001,0.000000000,-1.452933788,-3.134329319,-100.883728027,-3.117230177,-3.404999018,-10.071908951,0.000000000,0.000000000,0.000000000,0.000000000,0.000000000,0.000000000,0.000000000,0.000000000,0.000000000,0.000000000,0.000000000,0.000000000
1751979495.727538,25.234000000,66.069480896,0.030000001,0.000000000,-1.452933788,-3.120827198,-100.073608398,-3.117230177,-3.414000511,-10.386961937,0.000000000,0.000000000,0.000000000,0.000000000,0.000000000,0.000000000,0.000000000,0.000000000,0.000000000,0.000000000,0.000000000,0.000000000
1751979495.730166,25.236000000,66.069480896,0.030000001,0.000000000,-1.452933788,-3.120827198,-100.073608398,-3.117230177,-3.422999382,-10.701922417,0.000000000,0.000000000,0.000000000,0.000000000,0.000000000,0.000000000,0.000000000,0.000000000,0.000000000,0.000000000,0.000000000,0.000000000
1751979495.732759,25.239000000,66.030204773,0.030000001,0.000000000,-1.451809645,-3.107327461,-99.331069946,-3.057064056,-3.422999382,-12.807736397,0.000000000,0.000000000,0.000000000,0.000000000,0.000000000,0.000000000,0.000000000,0.000000000,0.000000000,0.000000000,0.000000000,0.000000000
1751979495.735404,25.242000000,66.030204773,0.030000001,0.000000000,-1.451809645,-3.107327461,-99.331069946,-3.057064056,-3.432000875,-13.122788429,0.000000000,0.000000000,0.000000000,0.000000000,0.000000000,0.000000000,0.000000000,0.000000000,0.000000000,0.000000000,0.000000000,0.000000000
1751979495.738006,25.244000000,66.030204773,0.030000001,0.000000000,-1.451809645,-3.093827963,-98.521102905,-3.057064056,-3.440999746,-13.437748909,0.000000000,0.000000000,0.000000000,0.000000000,0.000000000,0.000000000,0.000000000,0.000000000,0.000000000,0.000000000,0.000000000,0.000000000
1751979495.740619,25.247000000,65.906318665,0.030000001,0.000000000,-1.434755802,-3.080325603,-98.734191895,-3.007583857,-3.450001240,-15.484608650,0.000000000,0.000000000,0.000000000,0.000000000,0.000000000,0.000000000,0.000000000,0.000000000,0.000000000,0.000000000,0.000000000,0.000000000
1751979495.743290,25.249000000,65.906318665,0.030000001,0.000000000,-1.434755802,-3.080325603,-98.734191895,-3.007583857,-3.450001240,-15.484608650,0.000000000,0.000000000,0.000000000,0.000000000,0.000000000,0.000000000,0.000000000,0.000000000,0.000000000,0.000000000,0.000000000,0.000000000
1751979495.745947,25.252000000,65.906318665,0.030000001,0.000000000,-1.434755802,-3.080325603,-98.734191895,-3.007583857,-3.450001240,-15.484608650,0.000000000,0.000000000,0.000000000,0.000000000,0.000000000,0.000000000,0.000000000,0.000000000,0.000000000,0.000000000,0.000000000,0.000000000
1751979495.748526,25.255000000,65.906318665,0.030000001,0.000000000,-1.434755802,-3.066826105,-97.924217224,-3.007583857,-3.459000111,-15.799569130,0.000000000,0.000000000,0.000000000,0.000000000,0.000000000,0.000000000,0.000000000,0.000000000,0.000000000,0.000000000,0.000000000,0.000000000
1751979495.751135,25.257000000,65.906318665,0.030000001,0.000000000,-1.434755802,-3.066826105,-97.924217224,-3.007583857,-3.459000111,-15.799569130,0.000000000,0.000000000,0.000000000,0.000000000,0.000000000,0.000000000,0.000000000,0.000000000,0.000000000,0.000000000,0.000000000,0.000000000
1751979495.753734,25.260000000,65.906318665,0.030000001,0.000000000,-1.434755802,-3.066826105,-97.924217224,-3.007583857,-3.459000111,-15.799569130,0.000000000,0.000000000,0.000000000,0.000000000,0.000000000,0.000000000,0.000000000,0.000000000,0.000000000,0.000000000,0.000000000,0.000000000
1751979495.756333,25.263000000,65.800636292,0.030000001,0.000000000,-1.418707728,-3.066826105,-98.887100220,-2.958932877,-3.459000111,-17.502353668,0.000000000,0.000000000,0.000000000,0.000000000,0.000000000,0.000000000,0.000000000,0.000000000,0.000000000,0.000000000,0.000000000,0.000000000
1751979495.758964,25.265000000,65.800636292,0.030000001,0.000000000,-1.418707728,-3.053326607,-98.077133179,-2.958932877,-3.459000111,-17.502353668,0.000000000,0.000000000,0.000000000,0.000000000,0.000000000,0.000000000,0.000000000,0.000000000,0.000000000,0.000000000,0.000000000,0.000000000
1751979495.762002,25.268000000,65.800636292,0.030000001,0.000000000,-1.418707728,-3.039827108,-97.267166138,-2.958932877,-3.459000111,-17.502353668,0.000000000,0.000000000,0.000000000,0.000000000,0.000000000,0.000000000,0.000000000,0.000000000,0.000000000,0.000000000,0.000000000,0.000000000
1751979495.764529,25.271000000,65.754203796,0.030000001,0.000000000,-1.394100904,-3.039827108,-98.743576050,-2.936273098,-3.459000111,-18.295444489,0.000000000,0.000000000,0.000000000,0.000000000,0.000000000,0.000000000,0.000000000,0.000000000,0.000000000,0.000000000,0.000000000,0.000000000
1751979495.767153,25.273000000,65.754203796,0.030000001,0.000000000,-1.394100904,-3.026324749,-97.933433533,-2.936273098,-3.459000111,-18.295444489,0.000000000,0.000000000,0.000000000,0.000000000,0.000000000,0.000000000,0.000000000,0.000000000,0.000000000,0.000000000,0.000000000,0.000000000
1751979495.769779,25.276000000,65.754203796,0.030000001,0.000000000,-1.394100904,-3.026324749,-97.933433533,-2.936273098,-3.459000111,-18.295444489,0.000000000,0.000000000,0.000000000,0.000000000,0.000000000,0.000000000,0.000000000,0.000000000,0.000000000,0.000000000,0.000000000,0.000000000
1751979495.772361,25.279000000,65.754203796,0.030000001,0.000000000,-1.394100904,-3.012825251,-97.123458862,-2.936273098,-3.459000111,-18.295444489,0.000000000,0.000000000,0.000000000,0.000000000,0.000000000,0.000000000,0.000000000,0.000000000,0.000000000,0.000000000,0.000000000,0.000000000
1751979495.774948,25.281000000,65.682167053,0.030000001,0.000000000,-1.373759985,-3.012825251,-98.343917847,-2.872060776,-3.459000111,-20.542877197,0.000000000,0.000000000,0.000000000,0.000000000,0.000000000,0.000000000,0.000000000,0.000000000,0.000000000,0.000000000,0.000000000,0.000000000
1751979495.777699,25.284000000,65.682167053,0.030000001,0.000000000,-1.373759985,-2.999325752,-97.533943176,-2.872060776,-3.450001240,-20.227916718,0.000000000,0.000000000,0.000000000,0.000000000,0.000000000,0.000000000,0.000000000,0.000000000,0.000000000,0.000000000,0.000000000,0.000000000
1751979495.780423,25.287000000,65.682167053,0.030000001,0.000000000,-1.373759985,-2.999325752,-97.533943176,-2.872060776,-3.450001240,-20.227916718,0.000000000,0.000000000,0.000000000,0.000000000,0.000000000,0.000000000,0.000000000,0.000000000,0.000000000,0.000000000,0.000000000,0.000000000
1751979495.783024,25.289000000,65.682167053,0.030000001,0.000000000,-1.373759985,-2.985823393,-96.723800659,-2.872060776,-3.450001240,-20.227916718,0.000000000,0.000000000,0.000000000,0.000000000,0.000000000,0.000000000,0.000000000,0.000000000,0.000000000,0.000000000,0.000000000,0.000000000
1751979495.785594,25.292000000,65.682167053,0.030000001,0.000000000,-1.373759985,-2.985823393,-96.723800659,-2.872060776,-3.440999746,-19.912864685,0.000000000,0.000000000,0.000000000,0.000000000,0.000000000,0.000000000,0.000000000,0.000000000,0.000000000,0.000000000,0.000000000,0.000000000
1751979495.788329,25.295000000,65.484260559,0.030000001,0.000000000,-1.351330042,-2.985823393,-98.069602966,-2.788456202,-3.440999746,-22.839023590,0.000000000,0.000000000,0.000000000,0.000000000,0.000000000,0.000000000,0.000000000,0.000000000,0.000000000,0.000000000,0.000000000,0.000000000
1751979495.791080,25.297000000,65.484260559,0.030000001,0.000000000,-1.351330042,-2.972323895,-97.259628296,-2.788456202,-3.432000875,-22.524063110,0.000000000,0.000000000,0.000000000,0.000000000,0.000000000,0.000000000,0.000000000,0.000000000,0.000000000,0.000000000,0.000000000,0.000000000
1751979495.793789,25.300000000,65.484260559,0.030000001,0.000000000,-1.351330042,-2.958824396,-96.449661255,-2.788456202,-3.432000875,-22.524063110,0.000000000,0.000000000,0.000000000,0.000000000,0.000000000,0.000000000,0.000000000,0.000000000,0.000000000,0.000000000,0.000000000,0.000000000
1751979495.796522,25.303000000,65.375762939,0.030000001,0.000000000,-1.341067791,-2.945324898,-96.255424500,-2.708179235,-3.432000875,-25.333757401,0.000000000,0.000000000,0.000000000,0.000000000,0.000000000,0.000000000,0.000000000,0.000000000,0.000000000,0.000000000,0.000000000,0.000000000
1751979495.799221,25.305000000,65.375762939,0.030000001,0.000000000,-1.341067791,-2.945324898,-96.255424500,-2.708179235,-3.422999382,-25.018705368,0.000000000,0.000000000,0.000000000,0.000000000,0.000000000,0.000000000,0.000000000,0.000000000,0.000000000,0.000000000,0.000000000,0.000000000
1751979495.801953,25.308000000,65.375762939,0.030000001,0.000000000,-1.341067791,-2.931822538,-95.445281982,-2.708179235,-3.422999382,-25.018705368,0.000000000,0.000000000,0.000000000,0.000000000,0.000000000,0.000000000,0.000000000,0.000000000,0.000000000,0.000000000,0.000000000,0.000000000
1751979495.804708,25.311000000,65.375762939,0.030000001,0.000000000,-1.341067791,-2.918323040,-94.635314941,-2.708179235,-3.414000511,-24.703744888,0.000000000,0.000000000,0.000000000,0.000000000,0.000000000,0.000000000,0.000000000,0.000000000,0.000000000,0.000000000,0.000000000,0.000000000
1751979495.807378,25.314000000,65.201629639,0.030000001,0.000000000,-1.297447801,-2.918323040,-97.252517700,-2.639847517,-3.414000511,-27.095354080,0.000000000,0.000000000,0.000000000,0.000000000,0.000000000,0.000000000,0.000000000,0.000000000,0.000000000,0.000000000,0.000000000,0.000000000
1751979495.810153,25.316000000,65.201629639,0.030000001,0.000000000,-1.297447801,-2.918323040,-97.252517700,-2.639847517,-3.404999018,-26.780302048,0.000000000,0.000000000,0.000000000,0.000000000,0.000000000,0.000000000,0.000000000,0.000000000,0.000000000,0.000000000,0.000000000,0.000000000
1751979495.813026,25.319000000,65.201629639,0.030000001,0.000000000,-1.297447801,-2.904823303,-96.442527771,-2.639847517,-3.396000385,-26.465351105,0.000000000,0.000000000,0.000000000,0.000000000,0.000000000,0.000000000,0.000000000,0.000000000,0.000000000,0.000000000,0.000000000,0.000000000
1751979495.815551,25.322000000,65.201629639,0.030000001,0.000000000,-1.297447801,-2.904823303,-96.442527771,-2.639847517,-3.396000385,-26.465351105,0.000000000,0.000000000,0.000000000,0.000000000,0.000000000,0.000000000,0.000000000,0.000000000,0.000000000,0.000000000,0.000000000,0.000000000
1751979495.818118,25.324000000,65.201629639,0.030000001,0.000000000,-1.297447801,-2.904823303,-96.442527771,-2.639847517,-3.386998653,-26.150289536,0.000000000,0.000000000,0.000000000,0.000000000,0.000000000,0.000000000,0.000000000,0.000000000,0.000000000,0.000000000,0.000000000,0.000000000
1751979495.820731,25.327000000,65.112319946,0.030000001,0.000000000,-1.284999371,-2.891321182,-96.379310608,-2.549024820,-3.369001150,-28.699171066,0.000000000,0.000000000,0.000000000,0.000000000,0.000000000,0.000000000,0.000000000,0.000000000,0.000000000,0.000000000,0.000000000,0.000000000
1751979495.823373,25.330000000,65.112319946,0.030000001,0.000000000,-1.284999371,-2.864322186,-94.759368896,-2.549024820,-3.359999657,-28.384119034,0.000000000,0.000000000,0.000000000,0.000000000,0.000000000,0.000000000,0.000000000,0.000000000,0.000000000,0.000000000,0.000000000,0.000000000
1751979495.826087,25.332000000,65.112319946,0.030000001,0.000000000,-1.284999371,-2.864322186,-94.759368896,-2.549024820,-3.341999292,-27.754106522,0.000000000,0.000000000,0.000000000,0.000000000,0.000000000,0.000000000,0.000000000,0.000000000,0.000000000,0.000000000,0.000000000,0.000000000
1751979495.828705,25.335000000,64.827484131,0.030000001,0.000000000,-1.253618717,-2.850822449,-95.832221985,-2.469833851,-3.341999292,-30.525791168,0.000000000,0.000000000,0.000000000,0.000000000,0.000000000,0.000000000,0.000000000,0.000000000,0.000000000,0.000000000,0.000000000,0.000000000
1751979495.831319,25.338000000,64.827484131,0.030000001,0.000000000,-1.253618717,-2.850822449,-95.832221985,-2.469833851,-3.333000660,-30.210838318,0.000000000,0.000000000,0.000000000,0.000000000,0.000000000,0.000000000,0.000000000,0.000000000,0.000000000,0.000000000,0.000000000,0.000000000
1751979495.833898,25.340000000,64.827484131,0.030000001,0.000000000,-1.253618717,-2.850822449,-95.832221985,-2.469833851,-3.315000296,-29.580825806,0.000000000,0.000000000,0.000000000,0.000000000,0.000000000,0.000000000,0.000000000,0.000000000,0.000000000,0.000000000,0.000000000,0.000000000
1751979495.836458,25.343000000,64.827484131,0.030000001,0.000000000,-1.253618717,-2.837320328,-95.022094727,-2.469833851,-3.305998802,-29.265773773,0.000000000,0.000000000,0.000000000,0.000000000,0.000000000,0.000000000,0.000000000,0.000000000,0.000000000,0.000000000,0.000000000,0.000000000
1751979495.839020,25.345000000,64.827484131,0.030000001,0.000000000,-1.253618717,-2.837320328,-95.022094727,-2.469833851,-3.288001060,-28.635852814,0.000000000,0.000000000,0.000000000,0.000000000,0.000000000,0.000000000,0.000000000,0.000000000,0.000000000,0.000000000,0.000000000,0.000000000
1751979495.841610,25.348000000,64.827484131,0.030000001,0.000000000,-1.253618717,-2.810321093,-93.402145386,-2.469833851,-3.270000935,-28.005847931,0.000000000,0.000000000,0.000000000,0.000000000,0.000000000,0.000000000,0.000000000,0.000000000,0.000000000,0.000000000,0.000000000,0.000000000
1751979495.844229,25.350000000,64.827484131,0.030000001,0.000000000,-1.253618717,-2.810321093,-93.402145386,-2.469833851,-3.270000935,-28.005847931,0.000000000,0.000000000,0.000000000,0.000000000,0.000000000,0.000000000,0.000000000,0.000000000,0.000000000,0.000000000,0.000000000,0.000000000
1751979495.846809,25.353000000,64.586540222,0.030000001,0.000000000,-1.228612661,-2.796818972,-94.092376709,-2.396111012,-3.260999203,-30.271087646,0.000000000,0.000000000,0.000000000,0.000000000,0.000000000,0.000000000,0.000000000,0.000000000,0.000000000,0.000000000,0.000000000,0.000000000
1751979495.849465,25.356000000,64.586540222,0.030000001,0.000000000,-1.228612661,-2.783319473,-93.282409668,-2.396111012,-3.242999077,-29.641082764,0.000000000,0.000000000,0.000000000,0.000000000,0.000000000,0.000000000,0.000000000,0.000000000,0.000000000,0.000000000,0.000000000,0.000000000
1751979495.852115,25.358000000,64.586540222,0.030000001,0.000000000,-1.228612661,-2.783319473,-93.282409668,-2.396111012,-3.215999842,-28.696109772,0.000000000,0.000000000,0.000000000,0.000000000,0.000000000,0.000000000,0.000000000,0.000000000,0.000000000,0.000000000,0.000000000,0.000000000
1751979495.854784,25.361000000,64.423995972,0.030000001,0.000000000,-1.226195455,-2.769819736,-92.617454529,-2.316470861,-3.207001209,-31.168561935,0.000000000,0.000000000,0.000000000,0.000000000,0.000000000,0.000000000,0.000000000,0.000000000,0.000000000,0.000000000,0.000000000,0.000000000
1751979495.857439,25.364000000,64.423995972,0.030000001,0.000000000,-1.226195455,-2.769819736,-92.617454529,-2.316470861,-3.189000845,-30.538549423,0.000000000,0.000000000,0.000000000,0.000000000,0.000000000,0.000000000,0.000000000,0.000000000,0.000000000,0.000000000,0.000000000,0.000000000
1751979495.860093,25.366000000,64.423995972,0.030000001,0.000000000,-1.226195455,-2.756320238,-91.807487488,-2.316470861,-3.171000481,-29.908536911,0.000000000,0.000000000,0.000000000,0.000000000,0.000000000,0.000000000,0.000000000,0.000000000,0.000000000,0.000000000,0.000000000,0.000000000
1751979495.862748,25.369000000,64.423995972,0.030000001,0.000000000,-1.226195455,-2.729318380,-90.187377930,-2.316470861,-3.171000481,-29.908536911,0.000000000,0.000000000,0.000000000,0.000000000,0.000000000,0.000000000,0.000000000,0.000000000,0.000000000,0.000000000,0.000000000,0.000000000
1751979495.865324,25.372000000,64.423995972,0.030000001,0.000000000,-1.226195455,-2.729318380,-90.187377930,-2.316470861,-3.153000116,-29.278524399,0.000000000,0.000000000,0.000000000,0.000000000,0.000000000,0.000000000,0.000000000,0.000000000,0.000000000,0.000000000,0.000000000,0.000000000
1751979495.867930,25.374000000,64.309280396,0.030000001,0.000000000,-1.216989756,-2.715818882,-89.929748535,-2.219643354,-3.143998623,-32.352436066,0.000000000,0.000000000,0.000000000,0.000000000,0.000000000,0.000000000,0.000000000,0.000000000,0.000000000,0.000000000,0.000000000,0.000000000
1751979495.870505,25.377000000,64.309280396,0.030000001,0.000000000,-1.216989756,-2.702316761,-89.119621277,-2.219643354,-3.134999752,-32.037475586,0.000000000,0.000000000,0.000000000,0.000000000,0.000000000,0.000000000,0.000000000,0.000000000,0.000000000,0.000000000,0.000000000,0.000000000
1751979495.873091,25.379000000,64.309280396,0.030000001,0.000000000,-1.216989756,-2.702316761,-89.119621277,-2.219643354,-3.116999626,-31.407468796,0.000000000,0.000000000,0.000000000,0.000000000,0.000000000,0.000000000,0.000000000,0.000000000,0.000000000,0.000000000,0.000000000,0.000000000
1751979495.875714,25.382000000,64.309280396,0.030000001,0.000000000,-1.216989756,-2.688817024,-88.309638977,-2.219643354,-3.108000755,-31.092508316,0.000000000,0.000000000,0.000000000,0.000000000,0.000000000,0.000000000,0.000000000,0.000000000,0.000000000,0.000000000,0.000000000,0.000000000
1751979495.878357,25.385000000,64.218597412,0.030000001,0.000000000,-1.207077026,-2.688817024,-88.904403687,-2.117185116,-3.090000391,-34.048534393,0.000000000,0.000000000,0.000000000,0.000000000,0.000000000,0.000000000,0.000000000,0.000000000,0.000000000,0.000000000,0.000000000,0.000000000
1751979495.881006,25.387000000,64.218597412,0.030000001,0.000000000,-1.207077026,-2.675317526,-88.094429016,-2.117185116,-3.080998898,-33.733482361,0.000000000,0.000000000,0.000000000,0.000000000,0.000000000,0.000000000,0.000000000,0.000000000,0.000000000,0.000000000,0.000000000,0.000000000
1751979495.883575,25.390000000,64.218597412,0.030000001,0.000000000,-1.207077026,-2.675317526,-88.094429016,-2.117185116,-3.063001394,-33.103569031,0.000000000,0.000000000,0.000000000,0.000000000,0.000000000,0.000000000,0.000000000,0.000000000,0.000000000,0.000000000,0.000000000,0.000000000
1751979495.886173,25.392000000,64.109367371,0.030000001,0.000000000,-1.181282759,-2.661815166,-88.831947327,-2.019102812,-3.045001030,-35.906436920,0.000000000,0.000000000,0.000000000,0.000000000,0.000000000,0.000000000,0.000000000,0.000000000,0.000000000,0.000000000,0.000000000,0.000000000
1751979495.888763,25.395000000,64.109367371,0.030000001,0.000000000,-1.181282759,-2.661815166,-88.831947327,-2.019102812,-3.027000666,-35.276424408,0.000000000,0.000000000,0.000000000,0.000000000,0.000000000,0.000000000,0.000000000,0.000000000,0.000000000,0.000000000,0.000000000,0.000000000
1751979495.891390,25.398000000,64.109367371,0.030000001,0.000000000,-1.181282759,-2.675317526,-89.642089844,-2.019102812,-2.999999046,-34.331367493,0.000000000,0.000000000,0.000000000,0.000000000,0.000000000,0.000000000,0.000000000,0.000000000,0.000000000,0.000000000,0.000000000,0.000000000
1751979495.894083,25.400000000,64.109367371,0.030000001,0.000000000,-1.181282759,-2.661815166,-88.831947327,-2.019102812,-2.999999046,-34.331367493,0.000000000,0.000000000,0.000000000,0.000000000,0.000000000,0.000000000,0.000000000,0.000000000,0.000000000,0.000000000,0.000000000,0.000000000
1751979495.896717,25.403000000,64.109367371,0.030000001,0.000000000,-1.181282759,-2.661815166,-88.831947327,-2.019102812,-2.982001305,-33.701446533,0.000000000,0.000000000,0.000000000,0.000000000,0.000000000,0.000000000,0.000000000,0.000000000,0.000000000,0.000000000,0.000000000,0.000000000
1751979495.899316,25.406000000,64.109367371,0.030000001,0.000000000,-1.181282759,-2.648315668,-88.021972656,-2.019102812,-2.954999447,-32.756381989,0.000000000,0.000000000,0.000000000,0.000000000,0.000000000,0.000000000,0.000000000,0.000000000,0.000000000,0.000000000,0.000000000,0.000000000
1751979495.901896,25.408000000,63.919036865,0.030000001,0.000000000,-1.144267440,-2.648315668,-90.242897034,-1.938901305,-2.936999321,-34.933429718,0.000000000,0.000000000,0.000000000,0.000000000,0.000000000,0.000000000,0.000000000,0.000000000,0.000000000,0.000000000,0.000000000,0.000000000
1751979495.904556,25.411000000,63.919036865,0.030000001,0.000000000,-1.144267440,-2.648315668,-90.242897034,-1.938901305,-2.918998957,-34.303417206,0.000000000,0.000000000,0.000000000,0.000000000,0.000000000,0.000000000,0.000000000,0.000000000,0.000000000,0.000000000,0.000000000,0.000000000
1751979495.907341,25.414000000,63.919036865,0.030000001,0.000000000,-1.144267440,-2.634816170,-89.432922363,-1.938901305,-2.891999722,-33.358444214,0.000000000,0.000000000,0.000000000,0.000000000,0.000000000,0.000000000,0.000000000,0.000000000,0.000000000,0.000000000,0.000000000,0.000000000
1751979495.909997,25.416000000,63.770145416,0.030000001,0.000000000,-1.113504767,-2.634816170,-91.278686523,-1.828979850,-2.873999596,-36.575691223,0.000000000,0.000000000,0.000000000,0.000000000,0.000000000,0.000000000,0.000000000,0.000000000,0.000000000,0.000000000,0.000000000,0.000000000
1751979495.912624,25.419000000,63.770145416,0.030000001,0.000000000,-1.113504767,-2.634816170,-91.278686523,-1.828979850,-2.847000360,-35.630718231,0.000000000,0.000000000,0.000000000,0.000000000,0.000000000,0.000000000,0.000000000,0.000000000,0.000000000,0.000000000,0.000000000,0.000000000
1751979495.915196,25.421000000,63.770145416,0.030000001,0.000000000,-1.113504767,-2.621316671,-90.468711853,-1.828979850,-2.820001125,-34.685745239,0.000000000,0.000000000,0.000000000,0.000000000,0.000000000,0.000000000,0.000000000,0.000000000,0.000000000,0.000000000,0.000000000,0.000000000
1751979495.917773,25.424000000,63.592967987,0.030000001,0.000000000,-1.077556252,-2.607814312,-91.815483093,-1.728186011,-2.792999506,-37.268470764,0.000000000,0.000000000,0.000000000,0.000000000,0.000000000,0.000000000,0.000000000,0.000000000,0.000000000,0.000000000,0.000000000,0.000000000
1751979495.920383,25.427000000,63.592967987,0.030000001,0.000000000,-1.077556252,-2.607814312,-91.815483093,-1.728186011,-2.774999142,-36.638458252,0.000000000,0.000000000,0.000000000,0.000000000,0.000000000,0.000000000,0.000000000,0.000000000,0.000000000,0.000000000,0.000000000,0.000000000
1751979495.922986,25.429000000,63.592967987,0.030000001,0.000000000,-1.077556252,-2.607814312,-91.815483093,-1.728186011,-2.748000145,-35.693492889,0.000000000,0.000000000,0.000000000,0.000000000,0.000000000,0.000000000,0.000000000,0.000000000,0.000000000,0.000000000,0.000000000,0.000000000
1751979495.925587,25.432000000,63.592967987,0.030000001,0.000000000,-1.077556252,-2.607814312,-91.815483093,-1.728186011,-2.729999781,-35.063480377,0.000000000,0.000000000,0.000000000,0.000000000,0.000000000,0.000000000,0.000000000,0.000000000,0.000000000,0.000000000,0.000000000,0.000000000
1751979495.928235,25.434000000,63.592967987,0.030000001,0.000000000,-1.077556252,-2.594314814,-91.005516052,-1.728186011,-2.693999052,-33.803455353,0.000000000,0.000000000,0.000000000,0.000000000,0.000000000,0.000000000,0.000000000,0.000000000,0.000000000,0.000000000,0.000000000,0.000000000
1751979495.930835,25.437000000,63.592967987,0.030000001,0.000000000,-1.077556252,-2.594314814,-91.005516052,-1.728186011,-2.675998688,-33.173442841,0.000000000,0.000000000,0.000000000,0.000000000,0.000000000,0.000000000,0.000000000,0.000000000,0.000000000,0.000000000,0.000000000,0.000000000
1751979495.933461,25.440000000,63.449192047,0.030000001,0.000000000,-1.053974390,-2.594314814,-92.420425415,-1.589669347,-2.640000820,-36.761600494,0.000000000,0.000000000,0.000000000,0.000000000,0.000000000,0.000000000,0.000000000,0.000000000,0.000000000,0.000000000,0.000000000,0.000000000
1751979495.936053,25.442000000,63.449192047,0.030000001,0.000000000,-1.053974390,-2.567312956,-90.800315857,-1.589669347,-2.612998962,-35.816535950,0.000000000,0.000000000,0.000000000,0.000000000,0.000000000,0.000000000,0.000000000,0.000000000,0.000000000,0.000000000,0.000000000,0.000000000
1751979495.938634,25.445000000,63.449192047,0.030000001,0.000000000,-1.053974390,-2.567312956,-90.800315857,-1.589669347,-2.594998837,-35.186531067,0.000000000,0.000000000,0.000000000,0.000000000,0.000000000,0.000000000,0.000000000,0.000000000,0.000000000,0.000000000,0.000000000,0.000000000
1751979495.941286,25.448000000,63.259788513,0.030000001,0.000000000,-0.989711463,-2.567312956,-94.656082153,-1.451588988,-2.549999237,-38.444358826,0.000000000,0.000000000,0.000000000,0.000000000,0.000000000,0.000000000,0.000000000,0.000000000,0.000000000,0.000000000,0.000000000,0.000000000
1751979495.943965,25.450000000,63.259788513,0.030000001,0.000000000,-0.989711463,-2.553813457,-93.846115112,-1.451588988,-2.531999111,-37.814353943,0.000000000,0.000000000,0.000000000,0.000000000,0.000000000,0.000000000,0.000000000,0.000000000,0.000000000,0.000000000,0.000000000,0.000000000
1751979495.946569,25.453000000,63.259788513,0.030000001,0.000000000,-0.989711463,-2.526814461,-92.226173401,-1.451588988,-2.496001244,-36.554428101,0.000000000,0.000000000,0.000000000,0.000000000,0.000000000,0.000000000,0.000000000,0.000000000,0.000000000,0.000000000,0.000000000,0.000000000
1751979495.949169,25.455000000,63.038616180,0.030000001,0.000000000,-0.936283708,-2.526814461,-95.431846619,-1.346795797,-2.478000879,-39.592178345,0.000000000,0.000000000,0.000000000,0.000000000,0.000000000,0.000000000,0.000000000,0.000000000,0.000000000,0.000000000,0.000000000,0.000000000
1751979495.951765,25.458000000,63.038616180,0.030000001,0.000000000,-0.936283708,-2.513312101,-94.621704102,-1.346795797,-2.450999022,-38.647113800,0.000000000,0.000000000,0.000000000,0.000000000,0.000000000,0.000000000,0.000000000,0.000000000,0.000000000,0.000000000,0.000000000,0.000000000
1751979495.954365,25.461000000,63.038616180,0.030000001,0.000000000,-0.936283708,-2.513312101,-94.621704102,-1.346795797,-2.405999660,-37.072135925,0.000000000,0.000000000,0.000000000,0.000000000,0.000000000,0.000000000,0.000000000,0.000000000,0.000000000,0.000000000,0.000000000,0.000000000
1751979495.956994,25.463000000,63.038616180,0.030000001,0.000000000,-0.936283708,-2.499812603,-93.811737061,-1.346795797,-2.379000425,-36.127162933,0.000000000,0.000000000,0.000000000,0.000000000,0.000000000,0.000000000,0.000000000,0.000000000,0.000000000,0.000000000,0.000000000,0.000000000
1751979495.959734,25.466000000,63.038616180,0.030000001,0.000000000,-0.936283708,-2.499812603,-93.811737061,-1.346795797,-2.361000061,-35.497150421,0.000000000,0.000000000,0.000000000,0.000000000,0.000000000,0.000000000,0.000000000,0.000000000,0.000000000,0.000000000,0.000000000,0.000000000
1751979495.962383,25.469000000,63.038616180,0.030000001,0.000000000,-0.936283708,-2.499812603,-93.811737061,-1.346795797,-2.316000700,-33.922172546,0.000000000,0.000000000,0.000000000,0.000000000,0.000000000,0.000000000,0.000000000,0.000000000,0.000000000,0.000000000,0.000000000,0.000000000
1751979495.965060,25.471000000,62.787509918,0.030000001,0.000000000,-0.875415504,-2.486312866,-96.653839111,-1.216643810,-2.280000210,-37.217475891,0.000000000,0.000000000,0.000000000,0.000000000,0.000000000,0.000000000,0.000000000,0.000000000,0.000000000,0.000000000,0.000000000,0.000000000
1751979495.967721,25.474000000,62.787509918,0.030000001,0.000000000,-0.875415504,-2.486312866,-96.653839111,-1.216643810,-2.243999481,-35.957447052,0.000000000,0.000000000,0.000000000,0.000000000,0.000000000,0.000000000,0.000000000,0.000000000,0.000000000,0.000000000,0.000000000,0.000000000
1751979495.970324,25.477000000,62.787509918,0.030000001,0.000000000,-0.875415504,-2.486312866,-96.653839111,-1.216643810,-2.207998991,-34.697429657,0.000000000,0.000000000,0.000000000,0.000000000,0.000000000,0.000000000,0.000000000,0.000000000,0.000000000,0.000000000,0.000000000,0.000000000
1751979495.972917,25.479000000,62.491340637,0.030000001,0.000000000,-0.833575130,-2.472810745,-98.354133606,-1.106747746,-2.172000885,-37.283859253,0.000000000,0.000000000,0.000000000,0.000000000,0.000000000,0.000000000,0.000000000,0.000000000,0.000000000,0.000000000,0.000000000,0.000000000
1751979495.975513,25.482000000,62.491340637,0.030000001,0.000000000,-0.833575130,-2.472810745,-98.354133606,-1.106747746,-2.136000395,-36.023841858,0.000000000,0.000000000,0.000000000,0.000000000,0.000000000,0.000000000,0.000000000,0.000000000,0.000000000,0.000000000,0.000000000,0.000000000
1751979495.978075,25.484000000,62.491340637,0.030000001,0.000000000,-0.833575130,-2.459311247,-97.544166565,-1.106747746,-2.091001034,-34.448863983,0.000000000,0.000000000,0.000000000,0.000000000,0.000000000,0.000000000,0.000000000,0.000000000,0.000000000,0.000000000,0.000000000,0.000000000
1751979495.980690,25.487000000,62.491340637,0.030000001,0.000000000,-0.833575130,-2.459311247,-97.544166565,-1.106747746,-2.055000305,-33.188838959,0.000000000,0.000000000,0.000000000,0.000000000,0.000000000,0.000000000,0.000000000,0.000000000,0.000000000,0.000000000,0.000000000,0.000000000
1751979495.983277,25.490000000,62.491340637,0.030000001,0.000000000,-0.833575130,-2.445811749,-96.734199524,-1.106747746,-2.018999815,-31.928821564,0.000000000,0.000000000,0.000000000,0.000000000,0.000000000,0.000000000,0.000000000,0.000000000,0.000000000,0.000000000,0.000000000,0.000000000
1751979495.985944,25.492000000,62.491340637,0.030000001,0.000000000,-0.833575130,-2.445811749,-96.734199524,-1.106747746,-1.974000335,-30.353839874,0.000000000,0.000000000,0.000000000,0.000000000,0.000000000,0.000000000,0.000000000,0.000000000,0.000000000,0.000000000,0.000000000,0.000000000
1751979495.988546,25.495000000,62.264457703,0.030000001,0.000000000,-0.794693828,-2.432312012,-98.257087708,-0.968075752,-1.929000854,-33.632377625,0.000000000,0.000000000,0.000000000,0.000000000,0.000000000,0.000000000,0.000000000,0.000000000,0.000000000,0.000000000,0.000000000,0.000000000
1751979495.991108,25.497000000,62.264457703,0.030000001,0.000000000,-0.794693828,-2.418809891,-97.446960449,-0.968075752,-1.883998871,-32.057308197,0.000000000,0.000000000,0.000000000,0.000000000,0.000000000,0.000000000,0.000000000,0.000000000,0.000000000,0.000000000,0.000000000,0.000000000
1751979495.993733,25.500000000,62.264457703,0.030000001,0.000000000,-0.794693828,-2.418809891,-97.446960449,-0.968075752,-1.838999391,-30.482326508,0.000000000,0.000000000,0.000000000,0.000000000,0.000000000,0.000000000,0.000000000,0.000000000,0.000000000,0.000000000,0.000000000,0.000000000
1751979495.996357,25.503000000,62.036392212,0.030000001,0.000000000,-0.732400954,-2.418809891,-101.184539795,-0.859326124,-1.793999910,-32.713581085,0.000000000,0.000000000,0.000000000,0.000000000,0.000000000,0.000000000,0.000000000,0.000000000,0.000000000,0.000000000,0.000000000,0.000000000
1751979495.998979,25.505000000,62.036392212,0.030000001,0.000000000,-0.732400954,-2.391810656,-99.564582825,-0.859326124,-1.767000914,-31.768617630,0.000000000,0.000000000,0.000000000,0.000000000,0.000000000,0.000000000,0.000000000,0.000000000,0.000000000,0.000000000,0.000000000,0.000000000
1751979496.001576,25.508000000,62.036392212,0.030000001,0.000000000,-0.732400954,-2.391810656,-99.564582825,-0.859326124,-1.731000185,-30.508592606,0.000000000,0.000000000,0.000000000,0.000000000,0.000000000,0.000000000,0.000000000,0.000000000,0.000000000,0.000000000,0.000000000,0.000000000
1751979496.004142,25.510000000,62.036392212,0.030000001,0.000000000,-0.732400954,-2.391810656,-99.564582825,-0.859326124,-1.676999331,-28.618562698,0.000000000,0.000000000,0.000000000,0.000000000,0.000000000,0.000000000,0.000000000,0.000000000,0.000000000,0.000000000,0.000000000,0.000000000
1751979496.006721,25.513000000,61.636928558,0.030000001,0.000000000,-0.651714623,-2.364809036,-102.785667419,-0.706564307,-1.631999969,-32.390247345,0.000000000,0.000000000,0.000000000,0.000000000,0.000000000,0.000000000,0.000000000,0.000000000,0.000000000,0.000000000,0.000000000,0.000000000
1751979496.009357,25.516000000,61.636928558,0.030000001,0.000000000,-0.651714623,-2.351309299,-101.975685120,-0.706564307,-1.605000734,-31.445274353,0.000000000,0.000000000,0.000000000,0.000000000,0.000000000,0.000000000,0.000000000,0.000000000,0.000000000,0.000000000,0.000000000,0.000000000
1751979496.012066,25.518000000,61.636928558,0.030000001,0.000000000,-0.651714623,-2.351309299,-101.975685120,-0.706564307,-1.542001009,-29.240283966,0.000000000,0.000000000,0.000000000,0.000000000,0.000000000,0.000000000,0.000000000,0.000000000,0.000000000,0.000000000,0.000000000,0.000000000
1751979496.014662,25.521000000,61.636928558,0.030000001,0.000000000,-0.651714623,-2.337807178,-101.165557861,-0.706564307,-1.496999025,-27.665214539,0.000000000,0.000000000,0.000000000,0.000000000,0.000000000,0.000000000,0.000000000,0.000000000,0.000000000,0.000000000,0.000000000,0.000000000
1751979496.017290,25.524000000,61.636928558,0.030000001,0.000000000,-0.651714623,-2.337807178,-101.165557861,-0.706564307,-1.478998661,-27.035202026,0.000000000,0.000000000,0.000000000,0.000000000,0.000000000,0.000000000,0.000000000,0.000000000,0.000000000,0.000000000,0.000000000,0.000000000
1751979496.019854,25.526000000,61.636928558,0.030000001,0.000000000,-0.651714623,-2.337807178,-101.165557861,-0.706564307,-1.425000429,-25.145263672,0.000000000,0.000000000,0.000000000,0.000000000,0.000000000,0.000000000,0.000000000,0.000000000,0.000000000,0.000000000,0.000000000,0.000000000
1751979496.022440,25.529000000,61.433834076,0.030000001,0.000000000,-0.599708557,-2.324307442,-103.475936890,-0.593104541,-1.370999575,-27.226325989,0.000000000,0.000000000,0.000000000,0.000000000,0.000000000,0.000000000,0.000000000,0.000000000,0.000000000,0.000000000,0.000000000,0.000000000
1751979496.025040,25.531000000,61.433834076,0.030000001,0.000000000,-0.599708557,-2.324307442,-103.475936890,-0.593104541,-1.334998846,-25.966300964,0.000000000,0.000000000,0.000000000,0.000000000,0.000000000,0.000000000,0.000000000,0.000000000,0.000000000,0.000000000,0.000000000,0.000000000
1751979496.027623,25.534000000,61.336204529,0.030000001,0.000000000,-0.542192698,-2.297308445,-105.306945801,-0.499008238,-1.299000978,-27.999746323,0.000000000,0.000000000,0.000000000,0.000000000,0.000000000,0.000000000,0.000000000,0.000000000,0.000000000,0.000000000,0.000000000,0.000000000
1751979496.030181,25.536000000,61.336204529,0.030000001,0.000000000,-0.542192698,-2.283806324,-104.496818542,-0.499008238,-1.253998876,-26.424673080,0.000000000,0.000000000,0.000000000,0.000000000,0.000000000,0.000000000,0.000000000,0.000000000,0.000000000,0.000000000,0.000000000,0.000000000
1751979496.032710,25.539000000,61.336204529,0.030000001,0.000000000,-0.542192698,-2.270306587,-103.686836243,-0.499008238,-1.218000889,-25.164743423,0.000000000,0.000000000,0.000000000,0.000000000,0.000000000,0.000000000,0.000000000,0.000000000,0.000000000,0.000000000,0.000000000,0.000000000
1751979496.035332,25.542000000,61.336204529,0.030000001,0.000000000,-0.542192698,-2.256807089,-102.876861572,-0.499008238,-1.172998905,-23.589673996,0.000000000,0.000000000,0.000000000,0.000000000,0.000000000,0.000000000,0.000000000,0.000000000,0.000000000,0.000000000,0.000000000,0.000000000
1751979496.037872,25.544000000,61.140502930,0.030000001,0.000000000,-0.475765079,-2.256807089,-106.862518311,-0.403643370,-1.127999425,-25.352462769,0.000000000,0.000000000,0.000000000,0.000000000,0.000000000,0.000000000,0.000000000,0.000000000,0.000000000,0.000000000,0.000000000,0.000000000
1751979496.040414,25.547000000,61.140502930,0.030000001,0.000000000,-0.475765079,-2.243304729,-106.052375793,-0.403643370,-1.082999945,-23.777481079,0.000000000,0.000000000,0.000000000,0.000000000,0.000000000,0.000000000,0.000000000,0.000000000,0.000000000,0.000000000,0.000000000,0.000000000
1751979496.042979,25.549000000,61.140502930,0.030000001,0.000000000,-0.475765079,-2.229805231,-105.242408752,-0.403643370,-1.046999454,-22.517463684,0.000000000,0.000000000,0.000000000,0.000000000,0.000000000,0.000000000,0.000000000,0.000000000,0.000000000,0.000000000,0.000000000,0.000000000
1751979496.045516,25.552000000,61.140502930,0.030000001,0.000000000,-0.475765079,-2.229805231,-105.242408752,-0.403643370,-1.010998726,-21.257436752,0.000000000,0.000000000,0.000000000,0.000000000,0.000000000,0.000000000,0.000000000,0.000000000,0.000000000,0.000000000,0.000000000,0.000000000
1751979496.048092,25.554000000,61.140502930,0.030000001,0.000000000,-0.475765079,-2.216305733,-104.432434082,-0.403643370,-0.965999365,-19.682460785,0.000000000,0.000000000,0.000000000,0.000000000,0.000000000,0.000000000,0.000000000,0.000000000,0.000000000,0.000000000,0.000000000,0.000000000
1751979496.050724,25.557000000,61.140502930,0.030000001,0.000000000,-0.475765079,-2.202806234,-103.622467041,-0.403643370,-0.929998755,-18.422437668,0.000000000,0.000000000,0.000000000,0.000000000,0.000000000,0.000000000,0.000000000,0.000000000,0.000000000,0.000000000,0.000000000,0.000000000
1751979496.053246,25.560000000,60.919940948,0.030000001,0.000000000,-0.418114573,-2.202806234,-107.081504822,-0.303084821,-0.884999335,-20.367008209,0.000000000,0.000000000,0.000000000,0.000000000,0.000000000,0.000000000,0.000000000,0.000000000,0.000000000,0.000000000,0.000000000,0.000000000
1751979496.055862,25.562000000,60.919940948,0.030000001,0.000000000,-0.418114573,-2.189303875,-106.271362305,-0.303084821,-0.848998725,-19.106987000,0.000000000,0.000000000,0.000000000,0.000000000,0.000000000,0.000000000,0.000000000,0.000000000,0.000000000,0.000000000,0.000000000,0.000000000
1751979496.058466,25.565000000,60.919940948,0.030000001,0.000000000,-0.418114573,-2.175804377,-105.461387634,-0.303084821,-0.813000798,-17.847057343,0.000000000,0.000000000,0.000000000,0.000000000,0.000000000,0.000000000,0.000000000,0.000000000,0.000000000,0.000000000,0.000000000,0.000000000
1751979496.060985,25.567000000,60.825321198,0.030000001,0.000000000,-0.381598532,-2.162304878,-106.842384338,-0.204212099,-0.777000189,-20.047584534,0.000000000,0.000000000,0.000000000,0.000000000,0.000000000,0.000000000,0.000000000,0.000000000,0.000000000,0.000000000,0.000000000,0.000000000
1751979496.063587,25.570000000,60.825321198,0.030000001,0.000000000,-0.381598532,-2.135303020,-105.222274780,-0.204212099,-0.732000768,-18.472602844,0.000000000,0.000000000,0.000000000,0.000000000,0.000000000,0.000000000,0.000000000,0.000000000,0.000000000,0.000000000,0.000000000,0.000000000
1751979496.066165,25.572000000,60.825321198,0.030000001,0.000000000,-0.381598532,-2.121803522,-104.412300110,-0.204212099,-0.696000159,-17.212581635,0.000000000,0.000000000,0.000000000,0.000000000,0.000000000,0.000000000,0.000000000,0.000000000,0.000000000,0.000000000,0.000000000,0.000000000
1751979496.068751,25.575000000,60.825321198,0.030000001,0.000000000,-0.381598532,-2.108304024,-103.602333069,-0.204212099,-0.651000738,-15.637602806,0.000000000,0.000000000,0.000000000,0.000000000,0.000000000,0.000000000,0.000000000,0.000000000,0.000000000,0.000000000,0.000000000,0.000000000
1751979496.071369,25.578000000,60.825321198,0.030000001,0.000000000,-0.381598532,-2.094801664,-102.792190552,-0.204212099,-0.615000129,-14.377580643,0.000000000,0.000000000,0.000000000,0.000000000,0.000000000,0.000000000,0.000000000,0.000000000,0.000000000,0.000000000,0.000000000,0.000000000
1751979496.073923,25.580000000,60.825321198,0.030000001,0.000000000,-0.381598532,-2.081302166,-101.982223511,-0.204212099,-0.578999519,-13.117559433,0.000000000,0.000000000,0.000000000,0.000000000,0.000000000,0.000000000,0.000000000,0.000000000,0.000000000,0.000000000,0.000000000,0.000000000
1751979496.076467,25.583000000,60.796413422,0.030000001,0.000000000,-0.346498758,-2.040800810,-101.658126831,-0.089339428,-0.542998910,-15.878081322,0.000000000,0.000000000,0.000000000,0.000000000,0.000000000,0.000000000,0.000000000,0.000000000,0.000000000,0.000000000,0.000000000,0.000000000
1751979496.079066,25.585000000,60.796413422,0.030000001,0.000000000,-0.346498758,-2.040800810,-101.658126831,-0.089339428,-0.507000983,-14.618154526,0.000000000,0.000000000,0.000000000,0.000000000,0.000000000,0.000000000,0.000000000,0.000000000,0.000000000,0.000000000,0.000000000,0.000000000
1751979496.081637,25.588000000,60.796413422,0.030000001,0.000000000,-0.346498758,-2.027301311,-100.848152161,-0.089339428,-0.471000373,-13.358133316,0.000000000,0.000000000,0.000000000,0.000000000,0.000000000,0.000000000,0.000000000,0.000000000,0.000000000,0.000000000,0.000000000,0.000000000
1751979496.084274,25.591000000,60.517543793,0.030000001,0.000000000,-0.283981889,-2.013801575,-103.789176941,0.039416101,-0.434999764,-16.604555130,0.000000000,0.000000000,0.000000000,0.000000000,0.000000000,0.000000000,0.000000000,0.000000000,0.000000000,0.000000000,0.000000000,0.000000000
1751979496.086847,25.593000000,60.517543793,0.030000001,0.000000000,-0.283981889,-1.986799836,-102.169075012,0.039416101,-0.390000343,-15.029575348,0.000000000,0.000000000,0.000000000,0.000000000,0.000000000,0.000000000,0.000000000,0.000000000,0.000000000,0.000000000,0.000000000,0.000000000
1751979496.089441,25.596000000,60.517543793,0.030000001,0.000000000,-0.283981889,-1.973300219,-101.359100342,0.039416101,-0.353999734,-13.769554138,0.000000000,0.000000000,0.000000000,0.000000000,0.000000000,0.000000000,0.000000000,0.000000000,0.000000000,0.000000000,0.000000000,0.000000000
1751979496.092065,25.598000000,60.517543793,0.030000001,0.000000000,-0.283981889,-1.959798098,-100.548973083,0.039416101,-0.317999125,-12.509532928,0.000000000,0.000000000,0.000000000,0.000000000,0.000000000,0.000000000,0.000000000,0.000000000,0.000000000,0.000000000,0.000000000,0.000000000
1751979496.094696,25.601000000,60.517543793,0.030000001,0.000000000,-0.283981889,-1.946298480,-99.738990784,0.039416101,-0.291000009,-11.564563751,0.000000000,0.000000000,0.000000000,0.000000000,0.000000000,0.000000000,0.000000000,0.000000000,0.000000000,0.000000000,0.000000000,0.000000000
1751979496.097347,25.604000000,60.517543793,0.030000001,0.000000000,-0.283981889,-1.946298480,-99.738990784,0.039416101,-0.246000588,-9.989583969,0.000000000,0.000000000,0.000000000,0.000000000,0.000000000,0.000000000,0.000000000,0.000000000,0.000000000,0.000000000,0.000000000,0.000000000
1751979496.100013,25.606000000,60.517543793,0.030000001,0.000000000,-0.283981889,-1.932798862,-98.929016113,0.039416101,-0.209999979,-8.729562759,0.000000000,0.000000000,0.000000000,0.000000000,0.000000000,0.000000000,0.000000000,0.000000000,0.000000000,0.000000000,0.000000000,0.000000000
1751979496.102674,25.609000000,60.435371399,0.030000001,0.000000000,-0.222186923,-1.905797124,-101.016609192,0.183755755,-0.173999369,-12.521429062,0.000000000,0.000000000,0.000000000,0.000000000,0.000000000,0.000000000,0.000000000,0.000000000,0.000000000,0.000000000,0.000000000,0.000000000
1751979496.105282,25.612000000,60.435371399,0.030000001,0.000000000,-0.222186923,-1.892297506,-100.206634521,0.183755755,-0.137998760,-11.261407852,0.000000000,0.000000000,0.000000000,0.000000000,0.000000000,0.000000000,0.000000000,0.000000000,0.000000000,0.000000000,0.000000000,0.000000000
1751979496.107892,25.614000000,60.287918091,0.030000001,0.000000000,-0.132002562,-1.878798008,-104.807723999,0.365110844,-0.092999339,-16.033857346,0.000000000,0.000000000,0.000000000,0.000000000,0.000000000,0.000000000,0.000000000,0.000000000,0.000000000,0.000000000,0.000000000,0.000000000
1751979496.110438,25.617000000,60.287918091,0.030000001,0.000000000,-0.132002562,-1.851796150,-103.187614441,0.365110844,-0.056998730,-14.773835182,0.000000000,0.000000000,0.000000000,0.000000000,0.000000000,0.000000000,0.000000000,0.000000000,0.000000000,0.000000000,0.000000000,0.000000000
1751979496.112988,25.619000000,60.287918091,0.030000001,0.000000000,-0.132002562,-1.824794412,-101.567512512,0.365110844,-0.021000803,-13.513907433,0.000000000,0.000000000,0.000000000,0.000000000,0.000000000,0.000000000,0.000000000,0.000000000,0.000000000,0.000000000,0.000000000,0.000000000
1751979496.115579,25.622000000,60.287918091,0.030000001,0.000000000,-0.132002562,-1.824794412,-101.567512512,0.365110844,0.014999807,-12.253886223,0.000000000,0.000000000,0.000000000,0.000000000,0.000000000,0.000000000,0.000000000,0.000000000,0.000000000,0.000000000,0.000000000,0.000000000
1751979496.118173,25.624000000,60.287918091,0.030000001,0.000000000,-0.132002562,-1.797795296,-99.947563171,0.365110844,0.051000416,-10.993865013,0.000000000,0.000000000,0.000000000,0.000000000,0.000000000,0.000000000,0.000000000,0.000000000,0.000000000,0.000000000,0.000000000,0.000000000
1751979496.120746,25.627000000,60.287918091,0.030000001,0.000000000,-0.132002562,-1.784295797,-99.137588501,0.365110844,0.087001026,-9.733843803,0.000000000,0.000000000,0.000000000,0.000000000,0.000000000,0.000000000,0.000000000,0.000000000,0.000000000,0.000000000,0.000000000,0.000000000
1751979496.123411,25.630000000,60.287918091,0.030000001,0.000000000,-0.132002562,-1.770793438,-98.327453613,0.365110844,0.122998953,-8.473916054,0.000000000,0.000000000,0.000000000,0.000000000,0.000000000,0.000000000,0.000000000,0.000000000,0.000000000,0.000000000,0.000000000,0.000000000
1751979496.126052,25.632000000,59.915290833,0.030000001,0.000000000,-0.036355156,-1.757293940,-103.256324768,0.542293370,0.168001056,-13.100231171,0.000000000,0.000000000,0.000000000,0.000000000,0.000000000,0.000000000,0.000000000,0.000000000,0.000000000,0.000000000,0.000000000,0.000000000
1751979496.128730,25.635000000,59.915290833,0.030000001,0.000000000,-0.036355156,-1.730292082,-101.636215210,0.542293370,0.203998983,-11.840303421,0.000000000,0.000000000,0.000000000,0.000000000,0.000000000,0.000000000,0.000000000,0.000000000,0.000000000,0.000000000,0.000000000,0.000000000
1751979496.131342,25.638000000,59.915290833,0.030000001,0.000000000,-0.036355156,-1.703293085,-100.016273499,0.542293370,0.249001086,-10.265230179,0.000000000,0.000000000,0.000000000,0.000000000,0.000000000,0.000000000,0.000000000,0.000000000,0.000000000,0.000000000,0.000000000,0.000000000
1751979496.133936,25.640000000,59.685859680,0.030000001,0.000000000,0.057650052,-1.689793468,-104.846611023,0.779921949,0.276000202,-17.637260437,0.000000000,0.000000000,0.000000000,0.000000000,0.000000000,0.000000000,0.000000000,0.000000000,0.000000000,0.000000000,0.000000000,0.000000000
1751979496.136548,25.643000000,59.685859680,0.030000001,0.000000000,0.057650052,-1.662791729,-103.226509094,0.779921949,0.320999622,-16.062280655,0.000000000,0.000000000,0.000000000,0.000000000,0.000000000,0.000000000,0.000000000,0.000000000,0.000000000,0.000000000,0.000000000,0.000000000
1751979496.139194,25.645000000,59.685859680,0.030000001,0.000000000,0.057650052,-1.622290373,-100.796424866,0.779921949,0.357000232,-14.802260399,0.000000000,0.000000000,0.000000000,0.000000000,0.000000000,0.000000000,0.000000000,0.000000000,0.000000000,0.000000000,0.000000000,0.000000000
1751979496.141948,25.648000000,59.685859680,0.030000001,0.000000000,0.057650052,-1.608790755,-99.986450195,0.779921949,0.393000841,-13.542239189,0.000000000,0.000000000,0.000000000,0.000000000,0.000000000,0.000000000,0.000000000,0.000000000,0.000000000,0.000000000,0.000000000,0.000000000
1751979496.144666,25.651000000,59.685859680,0.030000001,0.000000000,0.057650052,-1.581789017,-98.366348267,0.779921949,0.428998768,-12.282311440,0.000000000,0.000000000,0.000000000,0.000000000,0.000000000,0.000000000,0.000000000,0.000000000,0.000000000,0.000000000,0.000000000,0.000000000
1751979496.147373,25.654000000,59.685859680,0.030000001,0.000000000,0.057650052,-1.554789782,-96.746391296,0.779921949,0.474000871,-10.707237244,0.000000000,0.000000000,0.000000000,0.000000000,0.000000000,0.000000000,0.000000000,0.000000000,0.000000000,0.000000000,0.000000000,0.000000000
1751979496.150045,25.656000000,59.485984802,0.030000001,0.000000000,0.134229094,-1.541287661,-100.531005859,0.991413772,0.509998798,-16.849523544,0.000000000,0.000000000,0.000000000,0.000000000,0.000000000,0.000000000,0.000000000,0.000000000,0.000000000,0.000000000,0.000000000,0.000000000
1751979496.152606,25.659000000,59.485984802,0.030000001,0.000000000,0.134229094,-1.500786304,-98.100921631,0.991413772,0.545999408,-15.589502335,0.000000000,0.000000000,0.000000000,0.000000000,0.000000000,0.000000000,0.000000000,0.000000000,0.000000000,0.000000000,0.000000000,0.000000000
1751979496.155237,25.661000000,59.485984802,0.030000001,0.000000000,0.134229094,-1.460287571,-95.670997620,0.991413772,0.582000017,-14.329481125,0.000000000,0.000000000,0.000000000,0.000000000,0.000000000,0.000000000,0.000000000,0.000000000,0.000000000,0.000000000,0.000000000,0.000000000
1751979496.157914,25.664000000,59.250362396,0.030000001,0.000000000,0.237001583,-1.460287571,-101.837348938,1.200994611,0.618000627,-20.404788971,0.000000000,0.000000000,0.000000000,0.000000000,0.000000000,0.000000000,0.000000000,0.000000000,0.000000000,0.000000000,0.000000000,0.000000000
1751979496.160437,25.667000000,59.250362396,0.030000001,0.000000000,0.237001583,-1.419786215,-99.407264709,1.200994611,0.654001236,-19.144767761,0.000000000,0.000000000,0.000000000,0.000000000,0.000000000,0.000000000,0.000000000,0.000000000,0.000000000,0.000000000,0.000000000,0.000000000
1751979496.163018,25.669000000,59.250362396,0.030000001,0.000000000,0.237001583,-1.406283975,-98.597129822,1.200994611,0.689999163,-17.884840012,0.000000000,0.000000000,0.000000000,0.000000000,0.000000000,0.000000000,0.000000000,0.000000000,0.000000000,0.000000000,0.000000000,0.000000000
1751979496.165543,25.672000000,59.250362396,0.030000001,0.000000000,0.237001583,-1.392784357,-97.787155151,1.200994611,0.725999773,-16.624818802,0.000000000,0.000000000,0.000000000,0.000000000,0.000000000,0.000000000,0.000000000,0.000000000,0.000000000,0.000000000,0.000000000,0.000000000
1751979496.168125,25.674000000,59.250362396,0.030000001,0.000000000,0.237001583,-1.365785360,-96.167213440,1.200994611,0.762000382,-15.364797592,0.000000000,0.000000000,0.000000000,0.000000000,0.000000000,0.000000000,0.000000000,0.000000000,0.000000000,0.000000000,0.000000000,0.000000000
1751979496.170707,25.677000000,59.250362396,0.030000001,0.000000000,0.237001583,-1.311781645,-92.926994324,1.200994611,0.798000991,-14.104776382,0.000000000,0.000000000,0.000000000,0.000000000,0.000000000,0.000000000,0.000000000,0.000000000,0.000000000,0.000000000,0.000000000,0.000000000
1751979496.173325,25.680000000,59.146446228,0.030000001,0.000000000,0.290820152,-1.298282146,-95.346138000,1.413382649,0.833998919,-20.278430939,0.000000000,0.000000000,0.000000000,0.000000000,0.000000000,0.000000000,0.000000000,0.000000000,0.000000000,0.000000000,0.000000000,0.000000000
1751979496.175899,25.682000000,59.146446228,0.030000001,0.000000000,0.290820152,-1.271283031,-93.726188660,1.413382649,0.879001021,-18.703357697,0.000000000,0.000000000,0.000000000,0.000000000,0.000000000,0.000000000,0.000000000,0.000000000,0.000000000,0.000000000,0.000000000,0.000000000
1751979496.178564,25.685000000,59.146446228,0.030000001,0.000000000,0.290820152,-1.217279434,-90.485977173,1.413382649,0.914998949,-17.443429947,0.000000000,0.000000000,0.000000000,0.000000000,0.000000000,0.000000000,0.000000000,0.000000000,0.000000000,0.000000000,0.000000000,0.000000000
1751979496.181139,25.687000000,58.959922791,0.030000001,0.000000000,0.387397647,-1.230781674,-97.090759277,1.615055561,0.950999558,-23.241960526,0.000000000,0.000000000,0.000000000,0.000000000,0.000000000,0.000000000,0.000000000,0.000000000,0.000000000,0.000000000,0.000000000,0.000000000
1751979496.183825,25.690000000,58.959922791,0.030000001,0.000000000,0.387397647,-1.190280318,-94.660675049,1.615055561,0.987000167,-21.981939316,0.000000000,0.000000000,0.000000000,0.000000000,0.000000000,0.000000000,0.000000000,0.000000000,0.000000000,0.000000000,0.000000000,0.000000000
1751979496.186512,25.693000000,58.959922791,0.030000001,0.000000000,0.387397647,-1.176780701,-93.850700378,1.615055561,1.023000717,-20.721920013,0.000000000,0.000000000,0.000000000,0.000000000,0.000000000,0.000000000,0.000000000,0.000000000,0.000000000,0.000000000,0.000000000,0.000000000
1751979496.189177,25.695000000,58.745544434,0.030000001,0.000000000,0.477389455,-1.163278580,-98.440078735,1.788600683,1.058998704,-25.536069870,0.000000000,0.000000000,0.000000000,0.000000000,0.000000000,0.000000000,0.000000000,0.000000000,0.000000000,0.000000000,0.000000000,0.000000000
1751979496.191802,25.698000000,58.745544434,0.030000001,0.000000000,0.477389455,-1.149778962,-97.630104065,1.788600683,1.104000807,-23.960994720,0.000000000,0.000000000,0.000000000,0.000000000,0.000000000,0.000000000,0.000000000,0.000000000,0.000000000,0.000000000,0.000000000,0.000000000
1751979496.194367,25.701000000,58.745544434,0.030000001,0.000000000,0.477389455,-1.122777224,-96.010002136,1.788600683,1.139998674,-22.701070786,0.000000000,0.000000000,0.000000000,0.000000000,0.000000000,0.000000000,0.000000000,0.000000000,0.000000000,0.000000000,0.000000000,0.000000000
1751979496.196912,25.703000000,58.745544434,0.030000001,0.000000000,0.477389455,-1.109277606,-95.200027466,1.788600683,1.175999403,-21.441043854,0.000000000,0.000000000,0.000000000,0.000000000,0.000000000,0.000000000,0.000000000,0.000000000,0.000000000,0.000000000,0.000000000,0.000000000
1751979496.199540,25.706000000,58.745544434,0.030000001,0.000000000,0.477389455,-1.082275867,-93.579917908,1.788600683,1.211999893,-20.181028366,0.000000000,0.000000000,0.000000000,0.000000000,0.000000000,0.000000000,0.000000000,0.000000000,0.000000000,0.000000000,0.000000000,0.000000000
1751979496.202119,25.708000000,58.745544434,0.030000001,0.000000000,0.477389455,-1.068776250,-92.769943237,1.788600683,1.256999373,-18.606046677,0.000000000,0.000000000,0.000000000,0.000000000,0.000000000,0.000000000,0.000000000,0.000000000,0.000000000,0.000000000,0.000000000,0.000000000
1751979496.204722,25.711000000,58.636989594,0.030000001,0.000000000,0.523415864,-1.055276632,-94.721542358,1.941264033,1.284001112,-23.004201889,0.000000000,0.000000000,0.000000000,0.000000000,0.000000000,0.000000000,0.000000000,0.000000000,0.000000000,0.000000000,0.000000000,0.000000000
1751979496.207268,25.713000000,58.636989594,0.030000001,0.000000000,0.523415864,-1.014775276,-92.291465759,1.941264033,1.319999099,-21.744272232,0.000000000,0.000000000,0.000000000,0.000000000,0.000000000,0.000000000,0.000000000,0.000000000,0.000000000,0.000000000,0.000000000,0.000000000
1751979496.209851,25.716000000,58.636989594,0.030000001,0.000000000,0.523415864,-0.974273980,-89.861389160,1.941264033,1.365001202,-20.169198990,0.000000000,0.000000000,0.000000000,0.000000000,0.000000000,0.000000000,0.000000000,0.000000000,0.000000000,0.000000000,0.000000000,0.000000000
1751979496.212447,25.719000000,58.638626099,0.030000001,0.000000000,0.554890215,-0.974273980,-91.749855042,2.103976965,1.392000318,-24.919181824,0.000000000,0.000000000,0.000000000,0.000000000,0.000000000,0.000000000,0.000000000,0.000000000,0.000000000,0.000000000,0.000000000,0.000000000
1751979496.215068,25.721000000,58.638626099,0.030000001,0.000000000,0.554890215,-0.947274864,-90.129905701,2.103976965,1.428000927,-23.659160614,0.000000000,0.000000000,0.000000000,0.000000000,0.000000000,0.000000000,0.000000000,0.000000000,0.000000000,0.000000000,0.000000000,0.000000000
1751979496.217686,25.724000000,58.638626099,0.030000001,0.000000000,0.554890215,-0.947274864,-90.129905701,2.103976965,1.473000288,-22.084182739,0.000000000,0.000000000,0.000000000,0.000000000,0.000000000,0.000000000,0.000000000,0.000000000,0.000000000,0.000000000,0.000000000,0.000000000
1751979496.220296,25.726000000,58.638626099,0.030000001,0.000000000,0.554890215,-0.933772624,-89.319770813,2.103976965,1.509001017,-20.824157715,0.000000000,0.000000000,0.000000000,0.000000000,0.000000000,0.000000000,0.000000000,0.000000000,0.000000000,0.000000000,0.000000000,0.000000000
1751979496.222887,25.729000000,58.638626099,0.030000001,0.000000000,0.554890215,-0.893271267,-86.889686584,2.103976965,1.527001262,-20.194149017,0.000000000,0.000000000,0.000000000,0.000000000,0.000000000,0.000000000,0.000000000,0.000000000,0.000000000,0.000000000,0.000000000,0.000000000
1751979496.225459,25.732000000,58.638626099,0.030000001,0.000000000,0.554890215,-0.879771709,-86.079711914,2.103976965,1.554000378,-19.249179840,0.000000000,0.000000000,0.000000000,0.000000000,0.000000000,0.000000000,0.000000000,0.000000000,0.000000000,0.000000000,0.000000000,0.000000000
1751979496.228123,25.734000000,58.638626099,0.030000001,0.000000000,0.554890215,-0.866272151,-85.269744873,2.103976965,1.598999739,-17.674201965,0.000000000,0.000000000,0.000000000,0.000000000,0.000000000,0.000000000,0.000000000,0.000000000,0.000000000,0.000000000,0.000000000,0.000000000
1751979496.230718,25.737000000,58.623401642,0.030000001,0.000000000,0.613466740,-0.852772593,-87.974357605,2.221125126,1.625998974,-20.829414368,0.000000000,0.000000000,0.000000000,0.000000000,0.000000000,0.000000000,0.000000000,0.000000000,0.000000000,0.000000000,0.000000000,0.000000000
1751979496.233322,25.740000000,58.623401642,0.030000001,0.000000000,0.613466740,-0.839270353,-87.164222717,2.221125126,1.653000712,-19.884353638,0.000000000,0.000000000,0.000000000,0.000000000,0.000000000,0.000000000,0.000000000,0.000000000,0.000000000,0.000000000,0.000000000,0.000000000
1751979496.235953,25.742000000,58.560600281,0.030000001,0.000000000,0.656681657,-0.771769881,-85.707092285,2.331063032,1.689001322,-22.472160339,0.000000000,0.000000000,0.000000000,0.000000000,0.000000000,0.000000000,0.000000000,0.000000000,0.000000000,0.000000000,0.000000000,0.000000000
1751979496.238590,25.745000000,58.560600281,0.030000001,0.000000000,0.656681657,-0.758267641,-84.896957397,2.331063032,1.716000438,-21.527191162,0.000000000,0.000000000,0.000000000,0.000000000,0.000000000,0.000000000,0.000000000,0.000000000,0.000000000,0.000000000,0.000000000,0.000000000
1751979496.241425,25.748000000,58.560600281,0.030000001,0.000000000,0.656681657,-0.758267641,-84.896957397,2.331063032,1.742999554,-20.582221985,0.000000000,0.000000000,0.000000000,0.000000000,0.000000000,0.000000000,0.000000000,0.000000000,0.000000000,0.000000000,0.000000000,0.000000000
1751979496.244387,25.750000000,58.505802155,0.030000001,0.000000000,0.699698389,-0.731268525,-85.858009338,2.417560816,1.769998670,-22.664674759,0.000000000,0.000000000,0.000000000,0.000000000,0.000000000,0.000000000,0.000000000,0.000000000,0.000000000,0.000000000,0.000000000,0.000000000
1751979496.247037,25.753000000,58.505802155,0.030000001,0.000000000,0.699698389,-0.704266727,-84.237907410,2.417560816,1.815000772,-21.089601517,0.000000000,0.000000000,0.000000000,0.000000000,0.000000000,0.000000000,0.000000000,0.000000000,0.000000000,0.000000000,0.000000000,0.000000000
1751979496.249693,25.756000000,58.505802155,0.030000001,0.000000000,0.699698389,-0.650265813,-80.997848511,2.417560816,1.841999888,-20.144632339,0.000000000,0.000000000,0.000000000,0.000000000,0.000000000,0.000000000,0.000000000,0.000000000,0.000000000,0.000000000,0.000000000,0.000000000
1751979496.252353,25.759000000,58.505802155,0.030000001,0.000000000,0.699698389,-0.663765371,-81.807823181,2.417560816,1.860000134,-19.514623642,0.000000000,0.000000000,0.000000000,0.000000000,0.000000000,0.000000000,0.000000000,0.000000000,0.000000000,0.000000000,0.000000000,0.000000000
1751979496.255003,25.761000000,58.505802155,0.030000001,0.000000000,0.699698389,-0.636766255,-80.187881470,2.417560816,1.896000862,-18.254598618,0.000000000,0.000000000,0.000000000,0.000000000,0.000000000,0.000000000,0.000000000,0.000000000,0.000000000,0.000000000,0.000000000,0.000000000
1751979496.257659,25.764000000,58.505802155,0.030000001,0.000000000,0.699698389,-0.609764457,-78.567764282,2.417560816,1.922999859,-17.309633255,0.000000000,0.000000000,0.000000000,0.000000000,0.000000000,0.000000000,0.000000000,0.000000000,0.000000000,0.000000000,0.000000000,0.000000000
1751979496.260287,25.766000000,58.515933990,0.030000001,0.000000000,0.710011601,-0.596264899,-78.376594543,2.525956869,1.949999094,-20.158521652,0.000000000,0.000000000,0.000000000,0.000000000,0.000000000,0.000000000,0.000000000,0.000000000,0.000000000,0.000000000,0.000000000,0.000000000
1751979496.262934,25.769000000,58.515933990,0.030000001,0.000000000,0.710011601,-0.582765341,-77.566619873,2.525956869,1.977000833,-19.213460922,0.000000000,0.000000000,0.000000000,0.000000000,0.000000000,0.000000000,0.000000000,0.000000000,0.000000000,0.000000000,0.000000000,0.000000000
1751979496.265491,25.772000000,58.515933990,0.030000001,0.000000000,0.710011601,-0.555763543,-75.946510315,2.525956869,2.003999949,-18.268491745,0.000000000,0.000000000,0.000000000,0.000000000,0.000000000,0.000000000,0.000000000,0.000000000,0.000000000,0.000000000,0.000000000,0.000000000
1751979496.268076,25.774000000,58.560134888,0.030000001,0.000000000,0.734595239,-0.555763543,-77.421524048,2.667552471,2.030999184,-22.279365540,0.000000000,0.000000000,0.000000000,0.000000000,0.000000000,0.000000000,0.000000000,0.000000000,0.000000000,0.000000000,0.000000000,0.000000000
1751979496.270655,25.777000000,58.560134888,0.030000001,0.000000000,0.734595239,-0.542263985,-76.611557007,2.667552471,2.048999310,-21.649360657,0.000000000,0.000000000,0.000000000,0.000000000,0.000000000,0.000000000,0.000000000,0.000000000,0.000000000,0.000000000,0.000000000,0.000000000
1751979496.273255,25.780000000,58.560134888,0.030000001,0.000000000,0.734595239,-0.515262187,-74.991447449,2.667552471,2.085000038,-20.389335632,0.000000000,0.000000000,0.000000000,0.000000000,0.000000000,0.000000000,0.000000000,0.000000000,0.000000000,0.000000000,0.000000000,0.000000000
1751979496.275856,25.782000000,58.560134888,0.030000001,0.000000000,0.734595239,-0.515262187,-74.991447449,2.667552471,2.111999035,-19.444370270,0.000000000,0.000000000,0.000000000,0.000000000,0.000000000,0.000000000,0.000000000,0.000000000,0.000000000,0.000000000,0.000000000,0.000000000
1751979496.278534,25.785000000,58.560134888,0.030000001,0.000000000,0.734595239,-0.501762629,-74.181472778,2.667552471,2.129999399,-18.814357758,0.000000000,0.000000000,0.000000000,0.000000000,0.000000000,0.000000000,0.000000000,0.000000000,0.000000000,0.000000000,0.000000000,0.000000000
1751979496.281142,25.787000000,58.560134888,0.030000001,0.000000000,0.734595239,-0.488263071,-73.371498108,2.667552471,2.147999763,-18.184345245,0.000000000,0.000000000,0.000000000,0.000000000,0.000000000,0.000000000,0.000000000,0.000000000,0.000000000,0.000000000,0.000000000,0.000000000
1751979496.283793,25.790000000,58.560134888,0.030000001,0.000000000,0.734595239,-0.488263071,-73.371498108,2.667552471,2.174998760,-17.239379883,0.000000000,0.000000000,0.000000000,0.000000000,0.000000000,0.000000000,0.000000000,0.000000000,0.000000000,0.000000000,0.000000000,0.000000000
1751979496.286403,25.793000000,58.504207611,0.030000001,0.000000000,0.796232522,-0.488263071,-77.069732666,2.797968864,2.202000618,-20.858888626,0.000000000,0.000000000,0.000000000,0.000000000,0.000000000,0.000000000,0.000000000,0.000000000,0.000000000,0.000000000,0.000000000,0.000000000
1751979496.289060,25.795000000,58.504207611,0.030000001,0.000000000,0.796232522,-0.474760830,-76.259597778,2.797968864,2.220000982,-20.228876114,0.000000000,0.000000000,0.000000000,0.000000000,0.000000000,0.000000000,0.000000000,0.000000000,0.000000000,0.000000000,0.000000000,0.000000000
1751979496.291659,25.798000000,58.504207611,0.030000001,0.000000000,0.796232522,-0.461261272,-75.449623108,2.797968864,2.246999979,-19.283910751,0.000000000,0.000000000,0.000000000,0.000000000,0.000000000,0.000000000,0.000000000,0.000000000,0.000000000,0.000000000,0.000000000,0.000000000
1751979496.294259,25.800000000,58.478302002,0.030000001,0.000000000,0.828160524,-0.461261272,-77.365310669,2.977248669,2.265000343,-24.928691864,0.000000000,0.000000000,0.000000000,0.000000000,0.000000000,0.000000000,0.000000000,0.000000000,0.000000000,0.000000000,0.000000000,0.000000000
1751979496.296763,25.803000000,58.478302002,0.030000001,0.000000000,0.828160524,-0.447761714,-76.555335999,2.977248669,2.291999340,-23.983726501,0.000000000,0.000000000,0.000000000,0.000000000,0.000000000,0.000000000,0.000000000,0.000000000,0.000000000,0.000000000,0.000000000,0.000000000
1751979496.299369,25.806000000,58.478302002,0.030000001,0.000000000,0.828160524,-0.447761714,-76.555335999,2.977248669,2.309999704,-23.353713989,0.000000000,0.000000000,0.000000000,0.000000000,0.000000000,0.000000000,0.000000000,0.000000000,0.000000000,0.000000000,0.000000000,0.000000000
1751979496.301984,25.808000000,58.616950989,0.030000001,0.000000000,0.838592649,-0.434262156,-76.371292114,3.115636826,2.328000069,-27.567287445,0.000000000,0.000000000,0.000000000,0.000000000,0.000000000,0.000000000,0.000000000,0.000000000,0.000000000,0.000000000,0.000000000,0.000000000
1751979496.304576,25.811000000,58.616950989,0.030000001,0.000000000,0.838592649,-0.420759916,-75.561157227,3.115636826,2.354999065,-26.622322083,0.000000000,0.000000000,0.000000000,0.000000000,0.000000000,0.000000000,0.000000000,0.000000000,0.000000000,0.000000000,0.000000000,0.000000000
1751979496.307167,25.813000000,58.616950989,0.030000001,0.000000000,0.838592649,-0.407260358,-74.751174927,3.115636826,2.382000923,-25.677257538,0.000000000,0.000000000,0.000000000,0.000000000,0.000000000,0.000000000,0.000000000,0.000000000,0.000000000,0.000000000,0.000000000,0.000000000
1751979496.309826,25.816000000,58.616950989,0.030000001,0.000000000,0.838592649,-0.407260358,-74.751174927,3.115636826,2.390999794,-25.362297058,0.000000000,0.000000000,0.000000000,0.000000000,0.000000000,0.000000000,0.000000000,0.000000000,0.000000000,0.000000000,0.000000000,0.000000000
1751979496.312572,25.819000000,58.616950989,0.030000001,0.000000000,0.838592649,-0.407260358,-74.751174927,3.115636826,2.400001287,-25.047243118,0.000000000,0.000000000,0.000000000,0.000000000,0.000000000,0.000000000,0.000000000,0.000000000,0.000000000,0.000000000,0.000000000,0.000000000
1751979496.315176,25.821000000,58.616950989,0.030000001,0.000000000,0.838592649,-0.393760800,-73.941207886,3.115636826,2.435999155,-23.787319183,0.000000000,0.000000000,0.000000000,0.000000000,0.000000000,0.000000000,0.000000000,0.000000000,0.000000000,0.000000000,0.000000000,0.000000000
1751979496.317752,25.824000000,58.556549072,0.030000001,0.000000000,0.910767078,-0.380258560,-77.461540222,3.288199663,2.463001013,-28.881952286,0.000000000,0.000000000,0.000000000,0.000000000,0.000000000,0.000000000,0.000000000,0.000000000,0.000000000,0.000000000,0.000000000,0.000000000
1751979496.320356,25.827000000,58.556549072,0.030000001,0.000000000,0.910767078,-0.380258560,-77.461540222,3.288199663,2.471999884,-28.566991806,0.000000000,0.000000000,0.000000000,0.000000000,0.000000000,0.000000000,0.000000000,0.000000000,0.000000000,0.000000000,0.000000000,0.000000000
1751979496.323067,25.829000000,58.556549072,0.030000001,0.000000000,0.910767078,-0.353259444,-75.841590881,3.288199663,2.490000248,-27.936979294,0.000000000,0.000000000,0.000000000,0.000000000,0.000000000,0.000000000,0.000000000,0.000000000,0.000000000,0.000000000,0.000000000,0.000000000
1751979496.325738,25.832000000,58.511455536,0.030000001,0.000000000,0.958754718,-0.353259444,-78.720848083,3.438096762,2.526000738,-31.923360825,0.000000000,0.000000000,0.000000000,0.000000000,0.000000000,0.000000000,0.000000000,0.000000000,0.000000000,0.000000000,0.000000000,0.000000000
1751979496.328463,25.835000000,58.511455536,0.030000001,0.000000000,0.958754718,-0.339757204,-77.910720825,3.438096762,2.552999973,-30.978387833,0.000000000,0.000000000,0.000000000,0.000000000,0.000000000,0.000000000,0.000000000,0.000000000,0.000000000,0.000000000,0.000000000,0.000000000
1751979496.331203,25.837000000,58.511455536,0.030000001,0.000000000,0.958754718,-0.326257646,-77.100738525,3.438096762,2.579998970,-30.033422470,0.000000000,0.000000000,0.000000000,0.000000000,0.000000000,0.000000000,0.000000000,0.000000000,0.000000000,0.000000000,0.000000000,0.000000000
1751979496.333987,25.840000000,58.511455536,0.030000001,0.000000000,0.958754718,-0.326257646,-77.100738525,3.438096762,2.607000828,-29.088357925,0.000000000,0.000000000,0.000000000,0.000000000,0.000000000,0.000000000,0.000000000,0.000000000,0.000000000,0.000000000,0.000000000,0.000000000
1751979496.336727,25.843000000,58.511455536,0.030000001,0.000000000,0.958754718,-0.312758088,-76.290763855,3.438096762,2.633999825,-28.143392563,0.000000000,0.000000000,0.000000000,0.000000000,0.000000000,0.000000000,0.000000000,0.000000000,0.000000000,0.000000000,0.000000000,0.000000000
1751979496.339346,25.846000000,58.511455536,0.030000001,0.000000000,0.958754718,-0.312758088,-76.290763855,3.438096762,2.670000553,-26.883367538,0.000000000,0.000000000,0.000000000,0.000000000,0.000000000,0.000000000,0.000000000,0.000000000,0.000000000,0.000000000,0.000000000,0.000000000
1751979496.341942,25.848000000,58.586372375,0.030000001,0.000000000,0.993019044,-0.299258530,-77.536651611,3.569233179,2.688000679,-30.843137741,0.000000000,0.000000000,0.000000000,0.000000000,0.000000000,0.000000000,0.000000000,0.000000000,0.000000000,0.000000000,0.000000000,0.000000000
1751979496.344516,25.851000000,58.586372375,0.030000001,0.000000000,0.993019044,-0.299258530,-77.536651611,3.569233179,2.723998785,-29.583204269,0.000000000,0.000000000,0.000000000,0.000000000,0.000000000,0.000000000,0.000000000,0.000000000,0.000000000,0.000000000,0.000000000,0.000000000
1751979496.347041,25.853000000,58.586372375,0.030000001,0.000000000,0.993019044,-0.299258530,-77.536651611,3.569233179,2.751000404,-28.638147354,0.000000000,0.000000000,0.000000000,0.000000000,0.000000000,0.000000000,0.000000000,0.000000000,0.000000000,0.000000000,0.000000000,0.000000000
1751979496.349647,25.856000000,58.645156860,0.030000001,0.000000000,1.026500940,-0.299258530,-79.545562744,3.737677097,2.777999640,-33.588710785,0.000000000,0.000000000,0.000000000,0.000000000,0.000000000,0.000000000,0.000000000,0.000000000,0.000000000,0.000000000,0.000000000,0.000000000
1751979496.352272,25.859000000,58.645156860,0.030000001,0.000000000,1.026500940,-0.299258530,-79.545562744,3.737677097,2.814000130,-32.328693390,0.000000000,0.000000000,0.000000000,0.000000000,0.000000000,0.000000000,0.000000000,0.000000000,0.000000000,0.000000000,0.000000000,0.000000000
1751979496.354857,25.861000000,58.645156860,0.030000001,0.000000000,1.026500940,-0.299258530,-79.545562744,3.737677097,2.850000858,-31.068668365,0.000000000,0.000000000,0.000000000,0.000000000,0.000000000,0.000000000,0.000000000,0.000000000,0.000000000,0.000000000,0.000000000,0.000000000
1751979496.357432,25.864000000,58.683174133,0.030000001,0.000000000,1.038672209,-0.299258530,-80.275840759,3.815173149,2.868001223,-33.151016235,0.000000000,0.000000000,0.000000000,0.000000000,0.000000000,0.000000000,0.000000000,0.000000000,0.000000000,0.000000000,0.000000000,0.000000000
1751979496.360080,25.866000000,58.683174133,0.030000001,0.000000000,1.038672209,-0.299258530,-80.275840759,3.815173149,2.895000219,-32.206050873,0.000000000,0.000000000,0.000000000,0.000000000,0.000000000,0.000000000,0.000000000,0.000000000,0.000000000,0.000000000,0.000000000,0.000000000
1751979496.362842,25.869000000,58.683174133,0.030000001,0.000000000,1.038672209,-0.299258530,-80.275840759,3.815173149,2.939999580,-30.631074905,0.000000000,0.000000000,0.000000000,0.000000000,0.000000000,0.000000000,0.000000000,0.000000000,0.000000000,0.000000000,0.000000000,0.000000000
1751979496.365411,25.872000000,58.683174133,0.030000001,0.000000000,1.038672209,-0.299258530,-80.275840759,3.815173149,2.966998816,-29.686101913,0.000000000,0.000000000,0.000000000,0.000000000,0.000000000,0.000000000,0.000000000,0.000000000,0.000000000,0.000000000,0.000000000,0.000000000
1751979496.368021,25.874000000,58.683174133,0.030000001,0.000000000,1.038672209,-0.299258530,-80.275840759,3.815173149,2.976000309,-29.371049881,0.000000000,0.000000000,0.000000000,0.000000000,0.000000000,0.000000000,0.000000000,0.000000000,0.000000000,0.000000000,0.000000000,0.000000000
1751979496.370616,25.877000000,58.683174133,0.030000001,0.000000000,1.038672209,-0.299258530,-80.275840759,3.815173149,3.012001038,-28.111022949,0.000000000,0.000000000,0.000000000,0.000000000,0.000000000,0.000000000,0.000000000,0.000000000,0.000000000,0.000000000,0.000000000,0.000000000
1751979496.373208,25.879000000,58.655967712,0.030000001,0.000000000,1.060046315,-0.299258530,-81.558296204,3.895533800,3.057000399,-29.348669052,0.000000000,0.000000000,0.000000000,0.000000000,0.000000000,0.000000000,0.000000000,0.000000000,0.000000000,0.000000000,0.000000000,0.000000000
1751979496.375869,25.882000000,58.655967712,0.030000001,0.000000000,1.060046315,-0.299258530,-81.558296204,3.895533800,3.083999395,-28.403703690,0.000000000,0.000000000,0.000000000,0.000000000,0.000000000,0.000000000,0.000000000,0.000000000,0.000000000,0.000000000,0.000000000,0.000000000
1751979496.378601,25.885000000,58.655967712,0.030000001,0.000000000,1.060046315,-0.299258530,-81.558296204,3.895533800,3.101999760,-27.773691177,0.000000000,0.000000000,0.000000000,0.000000000,0.000000000,0.000000000,0.000000000,0.000000000,0.000000000,0.000000000,0.000000000,0.000000000
1751979496.381131,25.887000000,58.697086334,0.030000001,0.000000000,1.061830997,-0.299258530,-81.665367126,3.956802845,3.138000488,-28.658082962,0.000000000,0.000000000,0.000000000,0.000000000,0.000000000,0.000000000,0.000000000,0.000000000,0.000000000,0.000000000,0.000000000,0.000000000
1751979496.383650,25.890000000,58.697086334,0.030000001,0.000000000,1.061830997,-0.299258530,-81.665367126,3.956802845,3.174000978,-27.398065567,0.000000000,0.000000000,0.000000000,0.000000000,0.000000000,0.000000000,0.000000000,0.000000000,0.000000000,0.000000000,0.000000000,0.000000000
1751979496.386175,25.892000000,58.697086334,0.030000001,0.000000000,1.061830997,-0.299258530,-81.665367126,3.956802845,3.192001343,-26.768053055,0.000000000,0.000000000,0.000000000,0.000000000,0.000000000,0.000000000,0.000000000,0.000000000,0.000000000,0.000000000,0.000000000,0.000000000
1751979496.388775,25.895000000,58.697086334,0.030000001,0.000000000,1.061830997,-0.299258530,-81.665367126,3.956802845,3.219000340,-25.823087692,0.000000000,0.000000000,0.000000000,0.000000000,0.000000000,0.000000000,0.000000000,0.000000000,0.000000000,0.000000000,0.000000000,0.000000000
1751979496.391423,25.898000000,58.697086334,0.030000001,0.000000000,1.061830997,-0.299258530,-81.665367126,3.956802845,3.255001068,-24.563062668,0.000000000,0.000000000,0.000000000,0.000000000,0.000000000,0.000000000,0.000000000,0.000000000,0.000000000,0.000000000,0.000000000,0.000000000
1751979496.393948,25.900000000,58.697086334,0.030000001,0.000000000,1.061830997,-0.299258530,-81.665367126,3.956802845,3.273001194,-23.933057785,0.000000000,0.000000000,0.000000000,0.000000000,0.000000000,0.000000000,0.000000000,0.000000000,0.000000000,0.000000000,0.000000000,0.000000000
1751979496.396535,25.903000000,58.751464844,0.030000001,0.000000000,1.085225105,-0.299258530,-83.069015503,4.041948795,3.300000429,-25.968193054,0.000000000,0.000000000,0.000000000,0.000000000,0.000000000,0.000000000,0.000000000,0.000000000,0.000000000,0.000000000,0.000000000,0.000000000
1751979496.399127,25.905000000,58.751464844,0.030000001,0.000000000,1.085225105,-0.299258530,-83.069015503,4.041948795,3.336000919,-24.708175659,0.000000000,0.000000000,0.000000000,0.000000000,0.000000000,0.000000000,0.000000000,0.000000000,0.000000000,0.000000000,0.000000000,0.000000000
1751979496.401705,25.908000000,58.751464844,0.030000001,0.000000000,1.085225105,-0.299258530,-83.069015503,4.041948795,3.363000154,-23.763202667,0.000000000,0.000000000,0.000000000,0.000000000,0.000000000,0.000000000,0.000000000,0.000000000,0.000000000,0.000000000,0.000000000,0.000000000
1751979496.404284,25.911000000,58.811401367,0.030000001,0.000000000,1.079454780,-0.299258530,-82.722801208,4.109367371,3.381000519,-25.492839813,0.000000000,0.000000000,0.000000000,0.000000000,0.000000000,0.000000000,0.000000000,0.000000000,0.000000000,0.000000000,0.000000000,0.000000000
1751979496.406848,25.913000000,58.811401367,0.030000001,0.000000000,1.079454780,-0.299258530,-82.722801208,4.109367371,3.417001009,-24.232822418,0.000000000,0.000000000,0.000000000,0.000000000,0.000000000,0.000000000,0.000000000,0.000000000,0.000000000,0.000000000,0.000000000,0.000000000
1751979496.409474,25.916000000,58.811401367,0.030000001,0.000000000,1.079454780,-0.299258530,-82.722801208,4.109367371,3.444000244,-23.287849426,0.000000000,0.000000000,0.000000000,0.000000000,0.000000000,0.000000000,0.000000000,0.000000000,0.000000000,0.000000000,0.000000000,0.000000000
1751979496.412105,25.918000000,58.888813019,0.030000001,0.000000000,1.095614314,-0.299258530,-83.692375183,4.165729046,3.470999241,-24.315544128,0.000000000,0.000000000,0.000000000,0.000000000,0.000000000,0.000000000,0.000000000,0.000000000,0.000000000,0.000000000,0.000000000,0.000000000
1751979496.414719,25.921000000,58.888813019,0.030000001,0.000000000,1.095614314,-0.299258530,-83.692375183,4.165729046,3.498001099,-23.370477676,0.000000000,0.000000000,0.000000000,0.000000000,0.000000000,0.000000000,0.000000000,0.000000000,0.000000000,0.000000000,0.000000000,0.000000000
1751979496.417342,25.924000000,58.888813019,0.030000001,0.000000000,1.095614314,-0.299258530,-83.692375183,4.165729046,3.525000095,-22.425514221,0.000000000,0.000000000,0.000000000,0.000000000,0.000000000,0.000000000,0.000000000,0.000000000,0.000000000,0.000000000,0.000000000,0.000000000
1751979496.419984,25.926000000,58.888813019,0.030000001,0.000000000,1.095614314,-0.299258530,-83.692375183,4.165729046,3.543000460,-21.795499802,0.000000000,0.000000000,0.000000000,0.000000000,0.000000000,0.000000000,0.000000000,0.000000000,0.000000000,0.000000000,0.000000000,0.000000000
1751979496.422587,25.929000000,58.888813019,0.030000001,0.000000000,1.095614314,-0.299258530,-83.692375183,4.165729046,3.569999695,-20.850526810,0.000000000,0.000000000,0.000000000,0.000000000,0.000000000,0.000000000,0.000000000,0.000000000,0.000000000,0.000000000,0.000000000,0.000000000
1751979496.425156,25.931000000,58.888813019,0.030000001,0.000000000,1.095614314,-0.312758088,-84.502342224,4.165729046,3.596998692,-19.905563354,0.000000000,0.000000000,0.000000000,0.000000000,0.000000000,0.000000000,0.000000000,0.000000000,0.000000000,0.000000000,0.000000000,0.000000000
1751979496.427729,25.934000000,58.954090118,0.030000001,0.000000000,1.094869971,-0.312758088,-84.457687378,4.214530468,3.614999056,-20.983598709,0.000000000,0.000000000,0.000000000,0.000000000,0.000000000,0.000000000,0.000000000,0.000000000,0.000000000,0.000000000,0.000000000,0.000000000
1751979496.430312,25.937000000,58.954090118,0.030000001,0.000000000,1.094869971,-0.312758088,-84.457687378,4.214530468,3.632999420,-20.353586197,0.000000000,0.000000000,0.000000000,0.000000000,0.000000000,0.000000000,0.000000000,0.000000000,0.000000000,0.000000000,0.000000000,0.000000000
1751979496.432870,25.939000000,58.954090118,0.030000001,0.000000000,1.094869971,-0.312758088,-84.457687378,4.214530468,3.660001278,-19.408521652,0.000000000,0.000000000,0.000000000,0.000000000,0.000000000,0.000000000,0.000000000,0.000000000,0.000000000,0.000000000,0.000000000,0.000000000
1751979496.435475,25.942000000,58.954090118,0.030000001,0.000000000,1.094869971,-0.312758088,-84.457687378,4.214530468,3.677998781,-18.778608322,0.000000000,0.000000000,0.000000000,0.000000000,0.000000000,0.000000000,0.000000000,0.000000000,0.000000000,0.000000000,0.000000000,0.000000000
1751979496.438079,25.944000000,59.066284180,0.030000001,0.000000000,1.092171788,-0.312758088,-84.295791626,4.275105000,3.695999146,-20.268705368,0.000000000,0.000000000,0.000000000,0.000000000,0.000000000,0.000000000,0.000000000,0.000000000,0.000000000,0.000000000,0.000000000,0.000000000
1751979496.440685,25.947000000,59.066284180,0.030000001,0.000000000,1.092171788,-0.312758088,-84.295791626,4.275105000,3.713999271,-19.638700485,0.000000000,0.000000000,0.000000000,0.000000000,0.000000000,0.000000000,0.000000000,0.000000000,0.000000000,0.000000000,0.000000000,0.000000000
1751979496.443255,25.950000000,59.066284180,0.030000001,0.000000000,1.092171788,-0.312758088,-84.295791626,4.275105000,3.741001129,-18.693635941,0.000000000,0.000000000,0.000000000,0.000000000,0.000000000,0.000000000,0.000000000,0.000000000,0.000000000,0.000000000,0.000000000,0.000000000
1751979496.445842,25.952000000,59.066284180,0.030000001,0.000000000,1.092171788,-0.312758088,-84.295791626,4.275105000,3.750000000,-18.378675461,0.000000000,0.000000000,0.000000000,0.000000000,0.000000000,0.000000000,0.000000000,0.000000000,0.000000000,0.000000000,0.000000000,0.000000000
1751979496.448470,25.955000000,59.066284180,0.030000001,0.000000000,1.092171788,-0.312758088,-84.295791626,4.275105000,3.768000364,-17.748662949,0.000000000,0.000000000,0.000000000,0.000000000,0.000000000,0.000000000,0.000000000,0.000000000,0.000000000,0.000000000,0.000000000,0.000000000
1751979496.451100,25.957000000,59.066284180,0.030000001,0.000000000,1.092171788,-0.312758088,-84.295791626,4.275105000,3.786000729,-17.118648529,0.000000000,0.000000000,0.000000000,0.000000000,0.000000000,0.000000000,0.000000000,0.000000000,0.000000000,0.000000000,0.000000000,0.000000000
1751979496.453719,25.960000000,59.164951324,0.030000001,0.000000000,1.085706949,-0.312758088,-83.907905579,4.333933830,3.804000854,-18.547653198,0.000000000,0.000000000,0.000000000,0.000000000,0.000000000,0.000000000,0.000000000,0.000000000,0.000000000,0.000000000,0.000000000,0.000000000
1751979496.456363,25.963000000,59.164951324,0.030000001,0.000000000,1.085706949,-0.312758088,-83.907905579,4.333933830,3.822001219,-17.917640686,0.000000000,0.000000000,0.000000000,0.000000000,0.000000000,0.000000000,0.000000000,0.000000000,0.000000000,0.000000000,0.000000000,0.000000000
1751979496.459062,25.965000000,59.164951324,0.030000001,0.000000000,1.085706949,-0.312758088,-83.907905579,4.333933830,3.839998722,-17.287729263,0.000000000,0.000000000,0.000000000,0.000000000,0.000000000,0.000000000,0.000000000,0.000000000,0.000000000,0.000000000,0.000000000,0.000000000
1751979496.461751,25.968000000,59.141452789,0.030000001,0.000000000,1.083866000,-0.312758088,-83.797447205,4.375659466,3.857999086,-18.118112564,0.000000000,0.000000000,0.000000000,0.000000000,0.000000000,0.000000000,0.000000000,0.000000000,0.000000000,0.000000000,0.000000000,0.000000000
1751979496.464361,25.971000000,59.141452789,0.030000001,0.000000000,1.083866000,-0.312758088,-83.797447205,4.375659466,3.867000580,-17.803060532,0.000000000,0.000000000,0.000000000,0.000000000,0.000000000,0.000000000,0.000000000,0.000000000,0.000000000,0.000000000,0.000000000,0.000000000
1751979496.467039,25.973000000,59.141452789,0.030000001,0.000000000,1.083866000,-0.312758088,-83.797447205,4.375659466,3.885000944,-17.173048019,0.000000000,0.000000000,0.000000000,0.000000000,0.000000000,0.000000000,0.000000000,0.000000000,0.000000000,0.000000000,0.000000000,0.000000000
1751979496.469765,25.976000000,59.210357666,0.030000001,0.000000000,1.104686856,-0.312758088,-85.046699524,4.441051483,3.903001308,-18.831756592,0.000000000,0.000000000,0.000000000,0.000000000,0.000000000,0.000000000,0.000000000,0.000000000,0.000000000,0.000000000,0.000000000,0.000000000
1751979496.472383,25.979000000,59.210357666,0.030000001,0.000000000,1.104686856,-0.312758088,-85.046699524,4.441051483,3.920998812,-18.201843262,0.000000000,0.000000000,0.000000000,0.000000000,0.000000000,0.000000000,0.000000000,0.000000000,0.000000000,0.000000000,0.000000000,0.000000000
1751979496.475119,25.981000000,59.210357666,0.030000001,0.000000000,1.104686856,-0.312758088,-85.046699524,4.441051483,3.938999176,-17.571830750,0.000000000,0.000000000,0.000000000,0.000000000,0.000000000,0.000000000,0.000000000,0.000000000,0.000000000,0.000000000,0.000000000,0.000000000
1751979496.477839,25.984000000,59.210357666,0.030000001,0.000000000,1.104686856,-0.312758088,-85.046699524,4.441051483,3.956999540,-16.941818237,0.000000000,0.000000000,0.000000000,0.000000000,0.000000000,0.000000000,0.000000000,0.000000000,0.000000000,0.000000000,0.000000000,0.000000000
1751979496.480479,25.987000000,59.210357666,0.030000001,0.000000000,1.104686856,-0.312758088,-85.046699524,4.441051483,3.966001034,-16.626766205,0.000000000,0.000000000,0.000000000,0.000000000,0.000000000,0.000000000,0.000000000,0.000000000,0.000000000,0.000000000,0.000000000,0.000000000
1751979496.482999,25.989000000,59.210357666,0.030000001,0.000000000,1.104686856,-0.312758088,-85.046699524,4.441051483,3.974999905,-16.311805725,0.000000000,0.000000000,0.000000000,0.000000000,0.000000000,0.000000000,0.000000000,0.000000000,0.000000000,0.000000000,0.000000000,0.000000000
1751979496.485551,25.992000000,59.238681793,0.030000001,0.000000000,1.125002027,-0.312758088,-86.265609741,4.485589504,3.993000031,-17.240631104,0.000000000,0.000000000,0.000000000,0.000000000,0.000000000,0.000000000,0.000000000,0.000000000,0.000000000,0.000000000,0.000000000,0.000000000
1751979496.488165,25.994000000,59.238681793,0.030000001,0.000000000,1.125002027,-0.312758088,-86.265609741,4.485589504,4.011000633,-16.610610962,0.000000000,0.000000000,0.000000000,0.000000000,0.000000000,0.000000000,0.000000000,0.000000000,0.000000000,0.000000000,0.000000000,0.000000000
1751979496.490723,25.997000000,59.238681793,0.030000001,0.000000000,1.125002027,-0.312758088,-86.265609741,4.485589504,4.019999027,-16.295665741,0.000000000,0.000000000,0.000000000,0.000000000,0.000000000,0.000000000,0.000000000,0.000000000,0.000000000,0.000000000,0.000000000,0.000000000
1751979496.493386,26.000000000,59.260208130,0.030000001,0.000000000,1.132333398,-0.312758088,-86.705490112,4.564077377,4.029000759,-18.727682114,0.000000000,0.000000000,0.000000000,0.000000000,0.000000000,0.000000000,0.000000000,0.000000000,0.000000000,0.000000000,0.000000000,0.000000000
1751979496.496080,26.002000000,59.260208130,0.030000001,0.000000000,1.132333398,-0.312758088,-86.705490112,4.564077377,4.047000885,-18.097677231,0.000000000,0.000000000,0.000000000,0.000000000,0.000000000,0.000000000,0.000000000,0.000000000,0.000000000,0.000000000,0.000000000,0.000000000
1751979496.498739,26.005000000,59.260208130,0.030000001,0.000000000,1.132333398,-0.312758088,-86.705490112,4.564077377,4.065001488,-17.467655182,0.000000000,0.000000000,0.000000000,0.000000000,0.000000000,0.000000000,0.000000000,0.000000000,0.000000000,0.000000000,0.000000000,0.000000000
1751979496.501354,26.008000000,59.303119659,0.030000001,0.000000000,1.168191791,-0.312758088,-88.856994629,4.693980694,4.074000359,-21.699312210,0.000000000,0.000000000,0.000000000,0.000000000,0.000000000,0.000000000,0.000000000,0.000000000,0.000000000,0.000000000,0.000000000,0.000000000
1751979496.503979,26.010000000,59.303119659,0.030000001,0.000000000,1.168191791,-0.312758088,-88.856994629,4.693980694,4.082998753,-21.384368896,0.000000000,0.000000000,0.000000000,0.000000000,0.000000000,0.000000000,0.000000000,0.000000000,0.000000000,0.000000000,0.000000000,0.000000000
1751979496.506594,26.013000000,59.303119659,0.030000001,0.000000000,1.168191791,-0.299258530,-88.047019958,4.693980694,4.110000610,-20.439302444,0.000000000,0.000000000,0.000000000,0.000000000,0.000000000,0.000000000,0.000000000,0.000000000,0.000000000,0.000000000,0.000000000,0.000000000
1751979496.509424,26.016000000,59.303119659,0.030000001,0.000000000,1.168191791,-0.299258530,-88.047019958,4.693980694,4.110000610,-20.439302444,0.000000000,0.000000000,0.000000000,0.000000000,0.000000000,0.000000000,0.000000000,0.000000000,0.000000000,0.000000000,0.000000000,0.000000000
1751979496.512383,26.018000000,59.303119659,0.030000001,0.000000000,1.168191791,-0.299258530,-88.047019958,4.693980694,4.118999481,-20.124341965,0.000000000,0.000000000,0.000000000,0.000000000,0.000000000,0.000000000,0.000000000,0.000000000,0.000000000,0.000000000,0.000000000,0.000000000
1751979496.514814,26.021000000,59.303119659,0.030000001,0.000000000,1.168191791,-0.299258530,-88.047019958,4.693980694,4.146001339,-19.179277420,0.000000000,0.000000000,0.000000000,0.000000000,0.000000000,0.000000000,0.000000000,0.000000000,0.000000000,0.000000000,0.000000000,0.000000000
1751979496.517432,26.024000000,59.321708679,0.030000001,0.000000000,1.184013247,-0.299258530,-88.996307373,4.779044151,4.155000210,-21.841537476,0.000000000,0.000000000,0.000000000,0.000000000,0.000000000,0.000000000,0.000000000,0.000000000,0.000000000,0.000000000,0.000000000,0.000000000
1751979496.520061,26.026000000,59.321708679,0.030000001,0.000000000,1.184013247,-0.299258530,-88.996307373,4.779044151,4.163999081,-21.526576996,0.000000000,0.000000000,0.000000000,0.000000000,0.000000000,0.000000000,0.000000000,0.000000000,0.000000000,0.000000000,0.000000000,0.000000000
1751979496.522691,26.029000000,59.321708679,0.030000001,0.000000000,1.184013247,-0.299258530,-88.996307373,4.779044151,4.181999207,-20.896572113,0.000000000,0.000000000,0.000000000,0.000000000,0.000000000,0.000000000,0.000000000,0.000000000,0.000000000,0.000000000,0.000000000,0.000000000
1751979496.525354,26.032000000,59.445663452,0.030000001,0.000000000,1.197643518,-0.299258530,-89.814117432,4.845586300,4.191000938,-22.910488129,0.000000000,0.000000000,0.000000000,0.000000000,0.000000000,0.000000000,0.000000000,0.000000000,0.000000000,0.000000000,0.000000000,0.000000000
1751979496.528127,26.034000000,59.445663452,0.030000001,0.000000000,1.197643518,-0.299258530,-89.814117432,4.845586300,4.209001064,-22.280483246,0.000000000,0.000000000,0.000000000,0.000000000,0.000000000,0.000000000,0.000000000,0.000000000,0.000000000,0.000000000,0.000000000,0.000000000
1751979496.530676,26.037000000,59.445663452,0.030000001,0.000000000,1.197643518,-0.299258530,-89.814117432,4.845586300,4.226998806,-21.650562286,0.000000000,0.000000000,0.000000000,0.000000000,0.000000000,0.000000000,0.000000000,0.000000000,0.000000000,0.000000000,0.000000000,0.000000000
1751979496.533255,26.039000000,59.461292267,0.030000001,0.000000000,1.223779440,-0.299258530,-91.382278442,4.924520016,4.236000061,-24.098197937,0.000000000,0.000000000,0.000000000,0.000000000,0.000000000,0.000000000,0.000000000,0.000000000,0.000000000,0.000000000,0.000000000,0.000000000
1751979496.535882,26.042000000,59.461292267,0.030000001,0.000000000,1.223779440,-0.285756290,-90.572143555,4.924520016,4.254000664,-23.468177795,0.000000000,0.000000000,0.000000000,0.000000000,0.000000000,0.000000000,0.000000000,0.000000000,0.000000000,0.000000000,0.000000000,0.000000000
1751979496.538495,26.045000000,59.461292267,0.030000001,0.000000000,1.223779440,-0.285756290,-90.572143555,4.924520016,4.272000790,-22.838172913,0.000000000,0.000000000,0.000000000,0.000000000,0.000000000,0.000000000,0.000000000,0.000000000,0.000000000,0.000000000,0.000000000,0.000000000
1751979496.541086,26.047000000,59.461292267,0.030000001,0.000000000,1.223779440,-0.285756290,-90.572143555,4.924520016,4.280999660,-22.523212433,0.000000000,0.000000000,0.000000000,0.000000000,0.000000000,0.000000000,0.000000000,0.000000000,0.000000000,0.000000000,0.000000000,0.000000000
1751979496.543784,26.050000000,59.461292267,0.030000001,0.000000000,1.223779440,-0.285756290,-90.572143555,4.924520016,4.298999786,-21.893207550,0.000000000,0.000000000,0.000000000,0.000000000,0.000000000,0.000000000,0.000000000,0.000000000,0.000000000,0.000000000,0.000000000,0.000000000
1751979496.546473,26.053000000,59.461292267,0.030000001,0.000000000,1.223779440,-0.285756290,-90.572143555,4.924520016,4.317000389,-21.263187408,0.000000000,0.000000000,0.000000000,0.000000000,0.000000000,0.000000000,0.000000000,0.000000000,0.000000000,0.000000000,0.000000000,0.000000000
1751979496.549227,26.055000000,59.481681824,0.030000001,0.000000000,1.242344022,-0.285756290,-91.686012268,4.969368935,4.325999260,-22.517938614,0.000000000,0.000000000,0.000000000,0.000000000,0.000000000,0.000000000,0.000000000,0.000000000,0.000000000,0.000000000,0.000000000,0.000000000
1751979496.551981,26.058000000,59.481681824,0.030000001,0.000000000,1.242344022,-0.272256732,-90.876045227,4.969368935,4.343999386,-21.887933731,0.000000000,0.000000000,0.000000000,0.000000000,0.000000000,0.000000000,0.000000000,0.000000000,0.000000000,0.000000000,0.000000000,0.000000000
1751979496.554709,26.061000000,59.481681824,0.030000001,0.000000000,1.242344022,-0.272256732,-90.876045227,4.969368935,4.361999512,-21.257930756,0.000000000,0.000000000,0.000000000,0.000000000,0.000000000,0.000000000,0.000000000,0.000000000,0.000000000,0.000000000,0.000000000,0.000000000
1751979496.557370,26.064000000,59.494281769,0.030000001,0.000000000,1.236861825,-0.272256732,-90.547111511,5.030210495,4.371001244,-23.072322845,0.000000000,0.000000000,0.000000000,0.000000000,0.000000000,0.000000000,0.000000000,0.000000000,0.000000000,0.000000000,0.000000000,0.000000000
1751979496.559929,26.066000000,59.494281769,0.030000001,0.000000000,1.236861825,-0.272256732,-90.547111511,5.030210495,4.388998985,-22.442401886,0.000000000,0.000000000,0.000000000,0.000000000,0.000000000,0.000000000,0.000000000,0.000000000,0.000000000,0.000000000,0.000000000,0.000000000
1751979496.562623,26.069000000,59.494281769,0.030000001,0.000000000,1.236861825,-0.258757174,-89.737144470,5.030210495,4.406999111,-21.812398911,0.000000000,0.000000000,0.000000000,0.000000000,0.000000000,0.000000000,0.000000000,0.000000000,0.000000000,0.000000000,0.000000000,0.000000000
1751979496.565231,26.071000000,59.528724670,0.030000001,0.000000000,1.245774269,-0.258757174,-90.271881104,5.076842308,4.416000366,-23.129467010,0.000000000,0.000000000,0.000000000,0.000000000,0.000000000,0.000000000,0.000000000,0.000000000,0.000000000,0.000000000,0.000000000,0.000000000
1751979496.567828,26.074000000,59.528724670,0.030000001,0.000000000,1.245774269,-0.258757174,-90.271881104,5.076842308,4.434000969,-22.499446869,0.000000000,0.000000000,0.000000000,0.000000000,0.000000000,0.000000000,0.000000000,0.000000000,0.000000000,0.000000000,0.000000000,0.000000000
1751979496.570443,26.077000000,59.528724670,0.030000001,0.000000000,1.245774269,-0.258757174,-90.271881104,5.076842308,4.452001095,-21.869441986,0.000000000,0.000000000,0.000000000,0.000000000,0.000000000,0.000000000,0.000000000,0.000000000,0.000000000,0.000000000,0.000000000,0.000000000
1751979496.573048,26.079000000,59.528724670,0.030000001,0.000000000,1.245774269,-0.245254934,-89.461753845,5.076842308,4.460999966,-21.554481506,0.000000000,0.000000000,0.000000000,0.000000000,0.000000000,0.000000000,0.000000000,0.000000000,0.000000000,0.000000000,0.000000000,0.000000000
1751979496.575646,26.082000000,59.528724670,0.030000001,0.000000000,1.245774269,-0.245254934,-89.461753845,5.076842308,4.469998837,-21.239521027,0.000000000,0.000000000,0.000000000,0.000000000,0.000000000,0.000000000,0.000000000,0.000000000,0.000000000,0.000000000,0.000000000,0.000000000
1751979496.578412,26.085000000,59.528724670,0.030000001,0.000000000,1.245774269,-0.245254934,-89.461753845,5.076842308,4.487998962,-20.609516144,0.000000000,0.000000000,0.000000000,0.000000000,0.000000000,0.000000000,0.000000000,0.000000000,0.000000000,0.000000000,0.000000000,0.000000000
1751979496.580960,26.087000000,59.585857391,0.030000001,0.000000000,1.229889512,-0.245254934,-88.508666992,5.096720695,4.497000694,-20.990200043,0.000000000,0.000000000,0.000000000,0.000000000,0.000000000,0.000000000,0.000000000,0.000000000,0.000000000,0.000000000,0.000000000,0.000000000
1751979496.583557,26.090000000,59.585857391,0.030000001,0.000000000,1.229889512,-0.245254934,-88.508666992,5.096720695,4.505999565,-20.675239563,0.000000000,0.000000000,0.000000000,0.000000000,0.000000000,0.000000000,0.000000000,0.000000000,0.000000000,0.000000000,0.000000000,0.000000000
1751979496.586140,26.092000000,59.585857391,0.030000001,0.000000000,1.229889512,-0.231755376,-87.698692322,5.096720695,4.523999691,-20.045234680,0.000000000,0.000000000,0.000000000,0.000000000,0.000000000,0.000000000,0.000000000,0.000000000,0.000000000,0.000000000,0.000000000,0.000000000
1751979496.588753,26.095000000,59.677688599,0.030000001,0.000000000,1.216683745,-0.231755376,-86.906349182,5.132735252,4.533000946,-20.990699768,0.000000000,0.000000000,0.000000000,0.000000000,0.000000000,0.000000000,0.000000000,0.000000000,0.000000000,0.000000000,0.000000000,0.000000000
1751979496.591374,26.098000000,59.677688599,0.030000001,0.000000000,1.216683745,-0.231755376,-86.906349182,5.132735252,4.541999817,-20.675739288,0.000000000,0.000000000,0.000000000,0.000000000,0.000000000,0.000000000,0.000000000,0.000000000,0.000000000,0.000000000,0.000000000,0.000000000
1751979496.594114,26.100000000,59.677688599,0.030000001,0.000000000,1.216683745,-0.231755376,-86.906349182,5.132735252,4.550998688,-20.360778809,0.000000000,0.000000000,0.000000000,0.000000000,0.000000000,0.000000000,0.000000000,0.000000000,0.000000000,0.000000000,0.000000000,0.000000000
1751979496.596678,26.103000000,59.697296143,0.030000001,0.000000000,1.221895576,-0.231755376,-87.219055176,5.151583195,4.560000420,-20.705396652,0.000000000,0.000000000,0.000000000,0.000000000,0.000000000,0.000000000,0.000000000,0.000000000,0.000000000,0.000000000,0.000000000,0.000000000
1751979496.599258,26.105000000,59.697296143,0.030000001,0.000000000,1.221895576,-0.231755376,-87.219055176,5.151583195,4.578000546,-20.075393677,0.000000000,0.000000000,0.000000000,0.000000000,0.000000000,0.000000000,0.000000000,0.000000000,0.000000000,0.000000000,0.000000000,0.000000000
1751979496.601859,26.108000000,59.697296143,0.030000001,0.000000000,1.221895576,-0.231755376,-87.219055176,5.151583195,4.578000546,-20.075393677,0.000000000,0.000000000,0.000000000,0.000000000,0.000000000,0.000000000,0.000000000,0.000000000,0.000000000,0.000000000,0.000000000,0.000000000
1751979496.604479,26.111000000,59.697296143,0.030000001,0.000000000,1.221895576,-0.231755376,-87.219055176,5.151583195,4.586999416,-19.760433197,0.000000000,0.000000000,0.000000000,0.000000000,0.000000000,0.000000000,0.000000000,0.000000000,0.000000000,0.000000000,0.000000000,0.000000000
1751979496.607078,26.113000000,59.697296143,0.030000001,0.000000000,1.221895576,-0.231755376,-87.219055176,5.151583195,4.604999542,-19.130428314,0.000000000,0.000000000,0.000000000,0.000000000,0.000000000,0.000000000,0.000000000,0.000000000,0.000000000,0.000000000,0.000000000,0.000000000
1751979496.609705,26.116000000,59.697296143,0.030000001,0.000000000,1.221895576,-0.231755376,-87.219055176,5.151583195,4.604999542,-19.130428314,0.000000000,0.000000000,0.000000000,0.000000000,0.000000000,0.000000000,0.000000000,0.000000000,0.000000000,0.000000000,0.000000000,0.000000000
1751979496.612341,26.119000000,59.742095947,0.030000001,0.000000000,1.214849949,-0.231755376,-86.796318054,5.165822029,4.614001274,-19.313726425,0.000000000,0.000000000,0.000000000,0.000000000,0.000000000,0.000000000,0.000000000,0.000000000,0.000000000,0.000000000,0.000000000,0.000000000
1751979496.614892,26.121000000,59.742095947,0.030000001,0.000000000,1.214849949,-0.231755376,-86.796318054,5.165822029,4.623000145,-18.998765945,0.000000000,0.000000000,0.000000000,0.000000000,0.000000000,0.000000000,0.000000000,0.000000000,0.000000000,0.000000000,0.000000000,0.000000000
1751979496.617486,26.124000000,59.742095947,0.030000001,0.000000000,1.214849949,-0.231755376,-86.796318054,5.165822029,4.631999016,-18.683805466,0.000000000,0.000000000,0.000000000,0.000000000,0.000000000,0.000000000,0.000000000,0.000000000,0.000000000,0.000000000,0.000000000,0.000000000
1751979496.620080,26.126000000,59.742095947,0.030000001,0.000000000,1.214849949,-0.231755376,-86.796318054,5.165822029,4.631999016,-18.683805466,0.000000000,0.000000000,0.000000000,0.000000000,0.000000000,0.000000000,0.000000000,0.000000000,0.000000000,0.000000000,0.000000000,0.000000000
1751979496.622731,26.129000000,59.857780457,0.030000001,0.000000000,1.218477726,-0.231755376,-87.013984680,5.208398342,4.641000271,-19.858932495,0.000000000,0.000000000,0.000000000,0.000000000,0.000000000,0.000000000,0.000000000,0.000000000,0.000000000,0.000000000,0.000000000,0.000000000
1751979496.625490,26.132000000,59.857780457,0.030000001,0.000000000,1.218477726,-0.231755376,-87.013984680,5.208398342,4.649999142,-19.543972015,0.000000000,0.000000000,0.000000000,0.000000000,0.000000000,0.000000000,0.000000000,0.000000000,0.000000000,0.000000000,0.000000000,0.000000000
1751979496.628157,26.134000000,59.858093262,0.030000001,0.000000000,1.239794135,-0.231755376,-88.292968750,5.273517609,4.649999142,-21.823146820,0.000000000,0.000000000,0.000000000,0.000000000,0.000000000,0.000000000,0.000000000,0.000000000,0.000000000,0.000000000,0.000000000,0.000000000
1751979496.630728,26.137000000,59.858093262,0.030000001,0.000000000,1.239794135,-0.231755376,-88.292968750,5.273517609,4.659000397,-21.508102417,0.000000000,0.000000000,0.000000000,0.000000000,0.000000000,0.000000000,0.000000000,0.000000000,0.000000000,0.000000000,0.000000000,0.000000000
1751979496.633332,26.140000000,59.858093262,0.030000001,0.000000000,1.239794135,-0.231755376,-88.292968750,5.273517609,4.659000397,-21.508102417,0.000000000,0.000000000,0.000000000,0.000000000,0.000000000,0.000000000,0.000000000,0.000000000,0.000000000,0.000000000,0.000000000,0.000000000
1751979496.635929,26.142000000,59.858093262,0.030000001,0.000000000,1.239794135,-0.231755376,-88.292968750,5.273517609,4.667999268,-21.193141937,0.000000000,0.000000000,0.000000000,0.000000000,0.000000000,0.000000000,0.000000000,0.000000000,0.000000000,0.000000000,0.000000000,0.000000000
1751979496.638512,26.145000000,59.858093262,0.030000001,0.000000000,1.239794135,-0.231755376,-88.292968750,5.273517609,4.667999268,-21.193141937,0.000000000,0.000000000,0.000000000,0.000000000,0.000000000,0.000000000,0.000000000,0.000000000,0.000000000,0.000000000,0.000000000,0.000000000
1751979496.641106,26.147000000,59.858093262,0.030000001,0.000000000,1.239794135,-0.231755376,-88.292968750,5.273517609,4.667999268,-21.193141937,0.000000000,0.000000000,0.000000000,0.000000000,0.000000000,0.000000000,0.000000000,0.000000000,0.000000000,0.000000000,0.000000000,0.000000000
1751979496.643979,26.150000000,59.989295959,0.030000001,0.000000000,1.227028251,-0.231755376,-87.527015686,5.321307182,4.667999268,-22.865776062,0.000000000,0.000000000,0.000000000,0.000000000,0.000000000,0.000000000,0.000000000,0.000000000,0.000000000,0.000000000,0.000000000,0.000000000
1751979496.646543,26.153000000,59.989295959,0.030000001,0.000000000,1.227028251,-0.231755376,-87.527015686,5.321307182,4.667999268,-22.865776062,0.000000000,0.000000000,0.000000000,0.000000000,0.000000000,0.000000000,0.000000000,0.000000000,0.000000000,0.000000000,0.000000000,0.000000000
1751979496.649111,26.155000000,59.989295959,0.030000001,0.000000000,1.227028251,-0.231755376,-87.527015686,5.321307182,4.677000999,-22.550716400,0.000000000,0.000000000,0.000000000,0.000000000,0.000000000,0.000000000,0.000000000,0.000000000,0.000000000,0.000000000,0.000000000,0.000000000
1751979496.651716,26.158000000,60.072113037,0.030000001,0.000000000,1.253142476,-0.231755376,-89.093872070,5.384256840,4.677000999,-24.753953934,0.000000000,0.000000000,0.000000000,0.000000000,0.000000000,0.000000000,0.000000000,0.000000000,0.000000000,0.000000000,0.000000000,0.000000000
1751979496.654287,26.161000000,60.072113037,0.030000001,0.000000000,1.253142476,-0.231755376,-89.093872070,5.384256840,4.677000999,-24.753953934,0.000000000,0.000000000,0.000000000,0.000000000,0.000000000,0.000000000,0.000000000,0.000000000,0.000000000,0.000000000,0.000000000,0.000000000
1751979496.656890,26.163000000,60.072113037,0.030000001,0.000000000,1.253142476,-0.231755376,-89.093872070,5.384256840,4.677000999,-24.753953934,0.000000000,0.000000000,0.000000000,0.000000000,0.000000000,0.000000000,0.000000000,0.000000000,0.000000000,0.000000000,0.000000000,0.000000000
1751979496.659587,26.166000000,60.072113037,0.030000001,0.000000000,1.253142476,-0.231755376,-89.093872070,5.384256840,4.677000999,-24.753953934,0.000000000,0.000000000,0.000000000,0.000000000,0.000000000,0.000000000,0.000000000,0.000000000,0.000000000,0.000000000,0.000000000,0.000000000
1751979496.662246,26.168000000,60.106544495,0.030000001,0.000000000,1.269832015,-0.231755376,-90.095245361,5.455531120,4.677000999,-27.248554230,0.000000000,0.000000000,0.000000000,0.000000000,0.000000000,0.000000000,0.000000000,0.000000000,0.000000000,0.000000000,0.000000000,0.000000000
1751979496.664804,26.171000000,60.106544495,0.030000001,0.000000000,1.269832015,-0.231755376,-90.095245361,5.455531120,4.677000999,-27.248554230,0.000000000,0.000000000,0.000000000,0.000000000,0.000000000,0.000000000,0.000000000,0.000000000,0.000000000,0.000000000,0.000000000,0.000000000
1751979496.667390,26.174000000,60.106544495,0.030000001,0.000000000,1.269832015,-0.231755376,-90.095245361,5.455531120,4.677000999,-27.248554230,0.000000000,0.000000000,0.000000000,0.000000000,0.000000000,0.000000000,0.000000000,0.000000000,0.000000000,0.000000000,0.000000000,0.000000000
1751979496.670000,26.176000000,60.106544495,0.030000001,0.000000000,1.269832015,-0.231755376,-90.095245361,5.455531120,4.677000999,-27.248554230,0.000000000,0.000000000,0.000000000,0.000000000,0.000000000,0.000000000,0.000000000,0.000000000,0.000000000,0.000000000,0.000000000,0.000000000
1751979496.672580,26.179000000,60.106544495,0.030000001,0.000000000,1.269832015,-0.231755376,-90.095245361,5.455531120,4.677000999,-27.248554230,0.000000000,0.000000000,0.000000000,0.000000000,0.000000000,0.000000000,0.000000000,0.000000000,0.000000000,0.000000000,0.000000000,0.000000000
1751979496.675249,26.181000000,60.106544495,0.030000001,0.000000000,1.269832015,-0.231755376,-90.095245361,5.455531120,4.677000999,-27.248554230,0.000000000,0.000000000,0.000000000,0.000000000,0.000000000,0.000000000,0.000000000,0.000000000,0.000000000,0.000000000,0.000000000,0.000000000
1751979496.677850,26.184000000,60.272068024,0.030000001,0.000000000,1.259832263,-0.231755376,-89.495254517,5.538318157,4.677000999,-30.146100998,0.000000000,0.000000000,0.000000000,0.000000000,0.000000000,0.000000000,0.000000000,0.000000000,0.000000000,0.000000000,0.000000000,0.000000000
1751979496.680449,26.187000000,60.272068024,0.030000001,0.000000000,1.259832263,-0.231755376,-89.495254517,5.538318157,4.677000999,-30.146100998,0.000000000,0.000000000,0.000000000,0.000000000,0.000000000,0.000000000,0.000000000,0.000000000,0.000000000,0.000000000,0.000000000,0.000000000
1751979496.683013,26.189000000,60.272068024,0.030000001,0.000000000,1.259832263,-0.231755376,-89.495254517,5.538318157,4.685999870,-29.831140518,0.000000000,0.000000000,0.000000000,0.000000000,0.000000000,0.000000000,0.000000000,0.000000000,0.000000000,0.000000000,0.000000000,0.000000000
1751979496.685626,26.192000000,60.338985443,0.030000001,0.000000000,1.300172925,-0.231755376,-91.915695190,5.649517536,4.685999870,-33.723117828,0.000000000,0.000000000,0.000000000,0.000000000,0.000000000,0.000000000,0.000000000,0.000000000,0.000000000,0.000000000,0.000000000,0.000000000
1751979496.688268,26.195000000,60.338985443,0.030000001,0.000000000,1.300172925,-0.231755376,-91.915695190,5.649517536,4.695001125,-33.408073425,0.000000000,0.000000000,0.000000000,0.000000000,0.000000000,0.000000000,0.000000000,0.000000000,0.000000000,0.000000000,0.000000000,0.000000000
1751979496.690885,26.197000000,60.338985443,0.030000001,0.000000000,1.300172925,-0.231755376,-91.915695190,5.649517536,4.695001125,-33.408073425,0.000000000,0.000000000,0.000000000,0.000000000,0.000000000,0.000000000,0.000000000,0.000000000,0.000000000,0.000000000,0.000000000,0.000000000
1751979496.693484,26.200000000,60.338985443,0.030000001,0.000000000,1.300172925,-0.218255818,-91.105728149,5.649517536,4.703999996,-33.093112946,0.000000000,0.000000000,0.000000000,0.000000000,0.000000000,0.000000000,0.000000000,0.000000000,0.000000000,0.000000000,0.000000000,0.000000000
1751979496.696068,26.202000000,60.338985443,0.030000001,0.000000000,1.300172925,-0.218255818,-91.105728149,5.649517536,4.703999996,-33.093112946,0.000000000,0.000000000,0.000000000,0.000000000,0.000000000,0.000000000,0.000000000,0.000000000,0.000000000,0.000000000,0.000000000,0.000000000
1751979496.698681,26.205000000,60.338985443,0.030000001,0.000000000,1.300172925,-0.218255818,-91.105728149,5.649517536,4.712998867,-32.778152466,0.000000000,0.000000000,0.000000000,0.000000000,0.000000000,0.000000000,0.000000000,0.000000000,0.000000000,0.000000000,0.000000000,0.000000000
1751979496.701250,26.208000000,60.413074493,0.030000001,0.000000000,1.320253849,-0.218255818,-92.310577393,5.775578499,4.722000122,-36.875244141,0.000000000,0.000000000,0.000000000,0.000000000,0.000000000,0.000000000,0.000000000,0.000000000,0.000000000,0.000000000,0.000000000,0.000000000
1751979496.703846,26.210000000,60.413074493,0.030000001,0.000000000,1.320253849,-0.218255818,-92.310577393,5.775578499,4.730998993,-36.560283661,0.000000000,0.000000000,0.000000000,0.000000000,0.000000000,0.000000000,0.000000000,0.000000000,0.000000000,0.000000000,0.000000000,0.000000000
1751979496.706484,26.213000000,60.413074493,0.030000001,0.000000000,1.320253849,-0.218255818,-92.310577393,5.775578499,4.740000725,-36.245223999,0.000000000,0.000000000,0.000000000,0.000000000,0.000000000,0.000000000,0.000000000,0.000000000,0.000000000,0.000000000,0.000000000,0.000000000
1751979496.709114,26.215000000,60.589054108,0.030000001,0.000000000,1.340517402,-0.218255818,-93.526397705,5.903323650,4.748999596,-40.401340485,0.000000000,0.000000000,0.000000000,0.000000000,0.000000000,0.000000000,0.000000000,0.000000000,0.000000000,0.000000000,0.000000000,0.000000000
1751979496.711677,26.218000000,60.589054108,0.030000001,0.000000000,1.340517402,-0.204756260,-92.716423035,5.903323650,4.766999722,-39.771339417,0.000000000,0.000000000,0.000000000,0.000000000,0.000000000,0.000000000,0.000000000,0.000000000,0.000000000,0.000000000,0.000000000,0.000000000
1751979496.714246,26.220000000,60.589054108,0.030000001,0.000000000,1.340517402,-0.204756260,-92.716423035,5.903323650,4.784999847,-39.141334534,0.000000000,0.000000000,0.000000000,0.000000000,0.000000000,0.000000000,0.000000000,0.000000000,0.000000000,0.000000000,0.000000000,0.000000000
1751979496.716820,26.223000000,60.589054108,0.030000001,0.000000000,1.340517402,-0.204756260,-92.716423035,5.903323650,4.793998718,-38.826374054,0.000000000,0.000000000,0.000000000,0.000000000,0.000000000,0.000000000,0.000000000,0.000000000,0.000000000,0.000000000,0.000000000,0.000000000
1751979496.719394,26.226000000,60.589054108,0.030000001,0.000000000,1.340517402,-0.191254020,-91.906288147,5.903323650,4.811999321,-38.196350098,0.000000000,0.000000000,0.000000000,0.000000000,0.000000000,0.000000000,0.000000000,0.000000000,0.000000000,0.000000000,0.000000000,0.000000000
1751979496.721996,26.228000000,60.589054108,0.030000001,0.000000000,1.340517402,-0.191254020,-91.906288147,5.903323650,4.829999447,-37.566345215,0.000000000,0.000000000,0.000000000,0.000000000,0.000000000,0.000000000,0.000000000,0.000000000,0.000000000,0.000000000,0.000000000,0.000000000
1751979496.724590,26.231000000,60.770431519,0.030000001,0.000000000,1.350236654,-0.191254020,-92.489440918,6.000829220,4.839001179,-40.663982391,0.000000000,0.000000000,0.000000000,0.000000000,0.000000000,0.000000000,0.000000000,0.000000000,0.000000000,0.000000000,0.000000000,0.000000000
1751979496.727239,26.233000000,60.770431519,0.030000001,0.000000000,1.350236654,-0.191254020,-92.489440918,6.000829220,4.857001305,-40.033977509,0.000000000,0.000000000,0.000000000,0.000000000,0.000000000,0.000000000,0.000000000,0.000000000,0.000000000,0.000000000,0.000000000,0.000000000
1751979496.729839,26.236000000,60.770431519,0.030000001,0.000000000,1.350236654,-0.191254020,-92.489440918,6.000829220,4.884000301,-39.089012146,0.000000000,0.000000000,0.000000000,0.000000000,0.000000000,0.000000000,0.000000000,0.000000000,0.000000000,0.000000000,0.000000000,0.000000000
1751979496.732453,26.239000000,60.844444275,0.030000001,0.000000000,1.363300323,-0.191254020,-93.273262024,6.079065800,4.902000904,-41.197273254,0.000000000,0.000000000,0.000000000,0.000000000,0.000000000,0.000000000,0.000000000,0.000000000,0.000000000,0.000000000,0.000000000,0.000000000
1751979496.735098,26.241000000,60.844444275,0.030000001,0.000000000,1.363300323,-0.177754462,-92.463287354,6.079065800,4.910999298,-40.882328033,0.000000000,0.000000000,0.000000000,0.000000000,0.000000000,0.000000000,0.000000000,0.000000000,0.000000000,0.000000000,0.000000000,0.000000000
1751979496.737701,26.244000000,60.844444275,0.030000001,0.000000000,1.363300323,-0.177754462,-92.463287354,6.079065800,4.938001156,-39.937263489,0.000000000,0.000000000,0.000000000,0.000000000,0.000000000,0.000000000,0.000000000,0.000000000,0.000000000,0.000000000,0.000000000,0.000000000
1751979496.740289,26.247000000,60.844444275,0.030000001,0.000000000,1.363300323,-0.177754462,-92.463287354,6.079065800,4.955998898,-39.307342529,0.000000000,0.000000000,0.000000000,0.000000000,0.000000000,0.000000000,0.000000000,0.000000000,0.000000000,0.000000000,0.000000000,0.000000000
1751979496.742958,26.249000000,60.844444275,0.030000001,0.000000000,1.363300323,-0.177754462,-92.463287354,6.079065800,4.973999023,-38.677337646,0.000000000,0.000000000,0.000000000,0.000000000,0.000000000,0.000000000,0.000000000,0.000000000,0.000000000,0.000000000,0.000000000,0.000000000
1751979496.745720,26.252000000,60.844444275,0.030000001,0.000000000,1.363300323,-0.177754462,-92.463287354,6.079065800,4.991999626,-38.047317505,0.000000000,0.000000000,0.000000000,0.000000000,0.000000000,0.000000000,0.000000000,0.000000000,0.000000000,0.000000000,0.000000000,0.000000000
1751979496.748273,26.255000000,60.933254242,0.030000001,0.000000000,1.382949233,-0.177754462,-93.642227173,6.118863583,5.009999752,-38.810234070,0.000000000,0.000000000,0.000000000,0.000000000,0.000000000,0.000000000,0.000000000,0.000000000,0.000000000,0.000000000,0.000000000,0.000000000
1751979496.750835,26.257000000,60.933254242,0.030000001,0.000000000,1.382949233,-0.177754462,-93.642227173,6.118863583,5.028000355,-38.180213928,0.000000000,0.000000000,0.000000000,0.000000000,0.000000000,0.000000000,0.000000000,0.000000000,0.000000000,0.000000000,0.000000000,0.000000000
1751979496.753461,26.260000000,60.933254242,0.030000001,0.000000000,1.382949233,-0.177754462,-93.642227173,6.118863583,5.046000481,-37.550209045,0.000000000,0.000000000,0.000000000,0.000000000,0.000000000,0.000000000,0.000000000,0.000000000,0.000000000,0.000000000,0.000000000,0.000000000
1751979496.756089,26.262000000,60.955249786,0.030000001,0.000000000,1.354240060,-0.177754462,-91.919677734,6.162782669,5.064000607,-38.457370758,0.000000000,0.000000000,0.000000000,0.000000000,0.000000000,0.000000000,0.000000000,0.000000000,0.000000000,0.000000000,0.000000000,0.000000000
1751979496.758989,26.265000000,60.955249786,0.030000001,0.000000000,1.354240060,-0.177754462,-91.919677734,6.162782669,5.082001209,-37.827350616,0.000000000,0.000000000,0.000000000,0.000000000,0.000000000,0.000000000,0.000000000,0.000000000,0.000000000,0.000000000,0.000000000,0.000000000
1751979496.761935,26.268000000,60.955249786,0.030000001,0.000000000,1.354240060,-0.177754462,-91.919677734,6.162782669,5.109000206,-36.882385254,0.000000000,0.000000000,0.000000000,0.000000000,0.000000000,0.000000000,0.000000000,0.000000000,0.000000000,0.000000000,0.000000000,0.000000000
1751979496.764435,26.271000000,61.053363800,0.030000001,0.000000000,1.323131680,-0.164254904,-89.243194580,6.196443081,5.127000332,-37.430496216,0.000000000,0.000000000,0.000000000,0.000000000,0.000000000,0.000000000,0.000000000,0.000000000,0.000000000,0.000000000,0.000000000,0.000000000
1751979496.767040,26.273000000,61.053363800,0.030000001,0.000000000,1.323131680,-0.177754462,-90.053169250,6.196443081,5.145000935,-36.800476074,0.000000000,0.000000000,0.000000000,0.000000000,0.000000000,0.000000000,0.000000000,0.000000000,0.000000000,0.000000000,0.000000000,0.000000000
1751979496.769640,26.276000000,61.053363800,0.030000001,0.000000000,1.323131680,-0.164254904,-89.243194580,6.196443081,5.153999805,-36.485515594,0.000000000,0.000000000,0.000000000,0.000000000,0.000000000,0.000000000,0.000000000,0.000000000,0.000000000,0.000000000,0.000000000,0.000000000
1751979496.772365,26.279000000,61.053363800,0.030000001,0.000000000,1.323131680,-0.164254904,-89.243194580,6.196443081,5.171999931,-35.855510712,0.000000000,0.000000000,0.000000000,0.000000000,0.000000000,0.000000000,0.000000000,0.000000000,0.000000000,0.000000000,0.000000000,0.000000000
1751979496.775167,26.281000000,61.053363800,0.030000001,0.000000000,1.323131680,-0.164254904,-89.243194580,6.196443081,5.180998802,-35.540550232,0.000000000,0.000000000,0.000000000,0.000000000,0.000000000,0.000000000,0.000000000,0.000000000,0.000000000,0.000000000,0.000000000,0.000000000
1751979496.777786,26.284000000,61.053363800,0.030000001,0.000000000,1.323131680,-0.164254904,-89.243194580,6.196443081,5.198998928,-34.910545349,0.000000000,0.000000000,0.000000000,0.000000000,0.000000000,0.000000000,0.000000000,0.000000000,0.000000000,0.000000000,0.000000000,0.000000000
1751979496.780422,26.287000000,61.079589844,0.030000001,0.000000000,1.320560336,-0.164254904,-89.088912964,6.226817131,5.216999531,-35.343616486,0.000000000,0.000000000,0.000000000,0.000000000,0.000000000,0.000000000,0.000000000,0.000000000,0.000000000,0.000000000,0.000000000,0.000000000
1751979496.783015,26.289000000,61.079589844,0.030000001,0.000000000,1.320560336,-0.164254904,-89.088912964,6.226817131,5.216999531,-35.343616486,0.000000000,0.000000000,0.000000000,0.000000000,0.000000000,0.000000000,0.000000000,0.000000000,0.000000000,0.000000000,0.000000000,0.000000000
1751979496.785618,26.292000000,61.079589844,0.030000001,0.000000000,1.320560336,-0.164254904,-89.088912964,6.226817131,5.244001389,-34.398551941,0.000000000,0.000000000,0.000000000,0.000000000,0.000000000,0.000000000,0.000000000,0.000000000,0.000000000,0.000000000,0.000000000,0.000000000
1751979496.788208,26.294000000,61.137886047,0.030000001,0.000000000,1.307096124,-0.164254904,-88.281059265,6.240899086,5.244001389,-34.891418457,0.000000000,0.000000000,0.000000000,0.000000000,0.000000000,0.000000000,0.000000000,0.000000000,0.000000000,0.000000000,0.000000000,0.000000000
1751979496.790776,26.297000000,61.137886047,0.030000001,0.000000000,1.307096124,-0.164254904,-88.281059265,6.240899086,5.252999783,-34.576477051,0.000000000,0.000000000,0.000000000,0.000000000,0.000000000,0.000000000,0.000000000,0.000000000,0.000000000,0.000000000,0.000000000,0.000000000
1751979496.793462,26.300000000,61.137886047,0.030000001,0.000000000,1.307096124,-0.164254904,-88.281059265,6.240899086,5.271000385,-33.946453094,0.000000000,0.000000000,0.000000000,0.000000000,0.000000000,0.000000000,0.000000000,0.000000000,0.000000000,0.000000000,0.000000000,0.000000000
1751979496.796112,26.302000000,61.137886047,0.030000001,0.000000000,1.307096124,-0.164254904,-88.281059265,6.240899086,5.271000385,-33.946453094,0.000000000,0.000000000,0.000000000,0.000000000,0.000000000,0.000000000,0.000000000,0.000000000,0.000000000,0.000000000,0.000000000,0.000000000
1751979496.798702,26.305000000,61.224601746,0.030000001,0.000000000,1.285868406,-0.164254904,-87.007400513,6.285582066,5.289000511,-34.880355835,0.000000000,0.000000000,0.000000000,0.000000000,0.000000000,0.000000000,0.000000000,0.000000000,0.000000000,0.000000000,0.000000000,0.000000000
1751979496.801278,26.308000000,61.224601746,0.030000001,0.000000000,1.285868406,-0.164254904,-87.007400513,6.285582066,5.315999508,-33.935390472,0.000000000,0.000000000,0.000000000,0.000000000,0.000000000,0.000000000,0.000000000,0.000000000,0.000000000,0.000000000,0.000000000,0.000000000
1751979496.803894,26.310000000,61.224601746,0.030000001,0.000000000,1.285868406,-0.164254904,-87.007400513,6.285582066,5.325001240,-33.620330811,0.000000000,0.000000000,0.000000000,0.000000000,0.000000000,0.000000000,0.000000000,0.000000000,0.000000000,0.000000000,0.000000000,0.000000000
1751979496.806565,26.313000000,61.224601746,0.030000001,0.000000000,1.285868406,-0.164254904,-87.007400513,6.285582066,5.334000111,-33.305366516,0.000000000,0.000000000,0.000000000,0.000000000,0.000000000,0.000000000,0.000000000,0.000000000,0.000000000,0.000000000,0.000000000,0.000000000
1751979496.809464,26.316000000,61.224601746,0.030000001,0.000000000,1.285868406,-0.164254904,-87.007400513,6.285582066,5.342998981,-32.990409851,0.000000000,0.000000000,0.000000000,0.000000000,0.000000000,0.000000000,0.000000000,0.000000000,0.000000000,0.000000000,0.000000000,0.000000000
1751979496.812630,26.319000000,61.292041779,0.030000001,0.000000000,1.293101907,-0.164254904,-87.441406250,6.322090626,5.360999107,-33.638202667,0.000000000,0.000000000,0.000000000,0.000000000,0.000000000,0.000000000,0.000000000,0.000000000,0.000000000,0.000000000,0.000000000,0.000000000
1751979496.815323,26.321000000,61.292041779,0.030000001,0.000000000,1.293101907,-0.164254904,-87.441406250,6.322090626,5.378999233,-33.008197784,0.000000000,0.000000000,0.000000000,0.000000000,0.000000000,0.000000000,0.000000000,0.000000000,0.000000000,0.000000000,0.000000000,0.000000000
1751979496.818079,26.324000000,61.292041779,0.030000001,0.000000000,1.293101907,-0.164254904,-87.441406250,6.322090626,5.388000965,-32.693138123,0.000000000,0.000000000,0.000000000,0.000000000,0.000000000,0.000000000,0.000000000,0.000000000,0.000000000,0.000000000,0.000000000,0.000000000
1751979496.820853,26.327000000,61.435955048,0.030000001,0.000000000,1.307286859,-0.164254904,-88.292503357,6.382648468,5.414999962,-33.867698669,0.000000000,0.000000000,0.000000000,0.000000000,0.000000000,0.000000000,0.000000000,0.000000000,0.000000000,0.000000000,0.000000000,0.000000000
1751979496.823497,26.330000000,61.435955048,0.030000001,0.000000000,1.307286859,-0.164254904,-88.292503357,6.382648468,5.423998833,-33.552738190,0.000000000,0.000000000,0.000000000,0.000000000,0.000000000,0.000000000,0.000000000,0.000000000,0.000000000,0.000000000,0.000000000,0.000000000
1751979496.826193,26.332000000,61.435955048,0.030000001,0.000000000,1.307286859,-0.164254904,-88.292503357,6.382648468,5.451000690,-32.607673645,0.000000000,0.000000000,0.000000000,0.000000000,0.000000000,0.000000000,0.000000000,0.000000000,0.000000000,0.000000000,0.000000000,0.000000000
1751979496.828819,26.335000000,61.519985199,0.030000001,0.000000000,1.309970975,-0.164254904,-88.453552246,6.443462372,5.451000690,-34.736160278,0.000000000,0.000000000,0.000000000,0.000000000,0.000000000,0.000000000,0.000000000,0.000000000,0.000000000,0.000000000,0.000000000,0.000000000
1751979496.831382,26.338000000,61.519985199,0.030000001,0.000000000,1.309970975,-0.164254904,-88.453552246,6.443462372,5.477999687,-33.791194916,0.000000000,0.000000000,0.000000000,0.000000000,0.000000000,0.000000000,0.000000000,0.000000000,0.000000000,0.000000000,0.000000000,0.000000000
1751979496.833963,26.340000000,61.519985199,0.030000001,0.000000000,1.309970975,-0.164254904,-88.453552246,6.443462372,5.504998684,-32.846229553,0.000000000,0.000000000,0.000000000,0.000000000,0.000000000,0.000000000,0.000000000,0.000000000,0.000000000,0.000000000,0.000000000,0.000000000
1751979496.836537,26.343000000,61.519985199,0.030000001,0.000000000,1.309970975,-0.164254904,-88.453552246,6.443462372,5.504998684,-32.846229553,0.000000000,0.000000000,0.000000000,0.000000000,0.000000000,0.000000000,0.000000000,0.000000000,0.000000000,0.000000000,0.000000000,0.000000000
1751979496.839132,26.345000000,61.519985199,0.030000001,0.000000000,1.309970975,-0.164254904,-88.453552246,6.443462372,5.522999287,-32.216209412,0.000000000,0.000000000,0.000000000,0.000000000,0.000000000,0.000000000,0.000000000,0.000000000,0.000000000,0.000000000,0.000000000,0.000000000
1751979496.841744,26.348000000,61.519985199,0.030000001,0.000000000,1.309970975,-0.164254904,-88.453552246,6.443462372,5.540999413,-31.586204529,0.000000000,0.000000000,0.000000000,0.000000000,0.000000000,0.000000000,0.000000000,0.000000000,0.000000000,0.000000000,0.000000000,0.000000000
1751979496.844353,26.351000000,61.684101105,0.030000001,0.000000000,1.288949132,-0.164254904,-87.192245483,6.506494045,5.550001144,-33.477252960,0.000000000,0.000000000,0.000000000,0.000000000,0.000000000,0.000000000,0.000000000,0.000000000,0.000000000,0.000000000,0.000000000,0.000000000
1751979496.846941,26.353000000,61.684101105,0.030000001,0.000000000,1.288949132,-0.164254904,-87.192245483,6.506494045,5.568001270,-32.847248077,0.000000000,0.000000000,0.000000000,0.000000000,0.000000000,0.000000000,0.000000000,0.000000000,0.000000000,0.000000000,0.000000000,0.000000000
1751979496.849552,26.356000000,61.684101105,0.030000001,0.000000000,1.288949132,-0.164254904,-87.192245483,6.506494045,5.585999012,-32.217327118,0.000000000,0.000000000,0.000000000,0.000000000,0.000000000,0.000000000,0.000000000,0.000000000,0.000000000,0.000000000,0.000000000,0.000000000
1751979496.852195,26.358000000,61.684101105,0.030000001,0.000000000,1.288949132,-0.164254904,-87.192245483,6.506494045,5.603999138,-31.587322235,0.000000000,0.000000000,0.000000000,0.000000000,0.000000000,0.000000000,0.000000000,0.000000000,0.000000000,0.000000000,0.000000000,0.000000000
1751979496.854816,26.361000000,61.799068451,0.030000001,0.000000000,1.287224412,-0.164254904,-87.088760376,6.565419197,5.631000996,-32.704635620,0.000000000,0.000000000,0.000000000,0.000000000,0.000000000,0.000000000,0.000000000,0.000000000,0.000000000,0.000000000,0.000000000,0.000000000
1751979496.857405,26.364000000,61.799068451,0.030000001,0.000000000,1.287224412,-0.164254904,-87.088760376,6.565419197,5.639999866,-32.389675140,0.000000000,0.000000000,0.000000000,0.000000000,0.000000000,0.000000000,0.000000000,0.000000000,0.000000000,0.000000000,0.000000000,0.000000000
1751979496.860069,26.366000000,61.799068451,0.030000001,0.000000000,1.287224412,-0.164254904,-87.088760376,6.565419197,5.657999992,-31.759672165,0.000000000,0.000000000,0.000000000,0.000000000,0.000000000,0.000000000,0.000000000,0.000000000,0.000000000,0.000000000,0.000000000,0.000000000
1751979496.862813,26.369000000,61.895263672,0.030000001,0.000000000,1.302778602,-0.164254904,-88.022010803,6.626131535,5.676000595,-33.254581451,0.000000000,0.000000000,0.000000000,0.000000000,0.000000000,0.000000000,0.000000000,0.000000000,0.000000000,0.000000000,0.000000000,0.000000000
1751979496.865365,26.372000000,61.895263672,0.030000001,0.000000000,1.302778602,-0.164254904,-88.022010803,6.626131535,5.694000721,-32.624580383,0.000000000,0.000000000,0.000000000,0.000000000,0.000000000,0.000000000,0.000000000,0.000000000,0.000000000,0.000000000,0.000000000,0.000000000
1751979496.867992,26.374000000,61.895263672,0.030000001,0.000000000,1.302778602,-0.164254904,-88.022010803,6.626131535,5.712000847,-31.994573593,0.000000000,0.000000000,0.000000000,0.000000000,0.000000000,0.000000000,0.000000000,0.000000000,0.000000000,0.000000000,0.000000000,0.000000000
1751979496.870601,26.377000000,61.895263672,0.030000001,0.000000000,1.302778602,-0.164254904,-88.022010803,6.626131535,5.730001450,-31.364553452,0.000000000,0.000000000,0.000000000,0.000000000,0.000000000,0.000000000,0.000000000,0.000000000,0.000000000,0.000000000,0.000000000,0.000000000
1751979496.873221,26.379000000,61.895263672,0.030000001,0.000000000,1.302778602,-0.164254904,-88.022010803,6.626131535,5.739000320,-31.049592972,0.000000000,0.000000000,0.000000000,0.000000000,0.000000000,0.000000000,0.000000000,0.000000000,0.000000000,0.000000000,0.000000000,0.000000000
1751979496.875867,26.382000000,61.895263672,0.030000001,0.000000000,1.302778602,-0.164254904,-88.022010803,6.626131535,5.765999317,-30.104627609,0.000000000,0.000000000,0.000000000,0.000000000,0.000000000,0.000000000,0.000000000,0.000000000,0.000000000,0.000000000,0.000000000,0.000000000
1751979496.878488,26.385000000,61.983181000,0.030000001,0.000000000,1.317248583,-0.164254904,-88.890213013,6.685256481,5.783999443,-31.543996811,0.000000000,0.000000000,0.000000000,0.000000000,0.000000000,0.000000000,0.000000000,0.000000000,0.000000000,0.000000000,0.000000000,0.000000000
1751979496.881066,26.387000000,61.983181000,0.030000001,0.000000000,1.317248583,-0.164254904,-88.890213013,6.685256481,5.802000046,-30.913974762,0.000000000,0.000000000,0.000000000,0.000000000,0.000000000,0.000000000,0.000000000,0.000000000,0.000000000,0.000000000,0.000000000,0.000000000
1751979496.883634,26.390000000,62.050895691,0.030000001,0.000000000,1.353788733,-0.164254904,-91.082618713,6.747413635,5.828999043,-32.144512177,0.000000000,0.000000000,0.000000000,0.000000000,0.000000000,0.000000000,0.000000000,0.000000000,0.000000000,0.000000000,0.000000000,0.000000000
1751979496.886217,26.392000000,62.050895691,0.030000001,0.000000000,1.353788733,-0.164254904,-91.082618713,6.747413635,5.846999168,-31.514507294,0.000000000,0.000000000,0.000000000,0.000000000,0.000000000,0.000000000,0.000000000,0.000000000,0.000000000,0.000000000,0.000000000,0.000000000
1751979496.888875,26.395000000,62.050895691,0.030000001,0.000000000,1.353788733,-0.164254904,-91.082618713,6.747413635,5.864999771,-30.884485245,0.000000000,0.000000000,0.000000000,0.000000000,0.000000000,0.000000000,0.000000000,0.000000000,0.000000000,0.000000000,0.000000000,0.000000000
1751979496.891557,26.398000000,62.050895691,0.030000001,0.000000000,1.353788733,-0.164254904,-91.082618713,6.747413635,5.891998768,-29.939519882,0.000000000,0.000000000,0.000000000,0.000000000,0.000000000,0.000000000,0.000000000,0.000000000,0.000000000,0.000000000,0.000000000,0.000000000
1751979496.894395,26.401000000,62.223613739,0.030000001,0.000000000,1.318485379,-0.164254904,-88.964416504,6.795929909,5.909998894,-31.007585526,0.000000000,0.000000000,0.000000000,0.000000000,0.000000000,0.000000000,0.000000000,0.000000000,0.000000000,0.000000000,0.000000000,0.000000000
1751979496.897231,26.403000000,62.223613739,0.030000001,0.000000000,1.318485379,-0.164254904,-88.964416504,6.795929909,5.945999622,-29.747560501,0.000000000,0.000000000,0.000000000,0.000000000,0.000000000,0.000000000,0.000000000,0.000000000,0.000000000,0.000000000,0.000000000,0.000000000
1751979496.899919,26.406000000,62.223613739,0.030000001,0.000000000,1.318485379,-0.164254904,-88.964416504,6.795929909,5.963999748,-29.117555618,0.000000000,0.000000000,0.000000000,0.000000000,0.000000000,0.000000000,0.000000000,0.000000000,0.000000000,0.000000000,0.000000000,0.000000000
1751979496.902586,26.409000000,62.223613739,0.030000001,0.000000000,1.318485379,-0.150752664,-88.154281616,6.795929909,5.982000351,-28.487533569,0.000000000,0.000000000,0.000000000,0.000000000,0.000000000,0.000000000,0.000000000,0.000000000,0.000000000,0.000000000,0.000000000,0.000000000
1751979496.905303,26.412000000,62.223613739,0.030000001,0.000000000,1.318485379,-0.150752664,-88.154281616,6.795929909,6.026999474,-26.912565231,0.000000000,0.000000000,0.000000000,0.000000000,0.000000000,0.000000000,0.000000000,0.000000000,0.000000000,0.000000000,0.000000000,0.000000000
1751979496.907912,26.414000000,62.223613739,0.030000001,0.000000000,1.318485379,-0.150752664,-88.154281616,6.795929909,6.036001205,-26.597503662,0.000000000,0.000000000,0.000000000,0.000000000,0.000000000,0.000000000,0.000000000,0.000000000,0.000000000,0.000000000,0.000000000,0.000000000
1751979496.910622,26.417000000,62.194236755,0.030000001,0.000000000,1.326621771,-0.150752664,-88.642463684,6.858203888,6.063000202,-27.832128525,0.000000000,0.000000000,0.000000000,0.000000000,0.000000000,0.000000000,0.000000000,0.000000000,0.000000000,0.000000000,0.000000000,0.000000000
1751979496.913224,26.419000000,62.194236755,0.030000001,0.000000000,1.326621771,-0.150752664,-88.642463684,6.858203888,6.099000931,-26.572103500,0.000000000,0.000000000,0.000000000,0.000000000,0.000000000,0.000000000,0.000000000,0.000000000,0.000000000,0.000000000,0.000000000,0.000000000
1751979496.915802,26.422000000,62.249595642,0.030000001,0.000000000,1.329303026,-0.150752664,-88.803344727,6.918910503,6.117001057,-28.066829681,0.000000000,0.000000000,0.000000000,0.000000000,0.000000000,0.000000000,0.000000000,0.000000000,0.000000000,0.000000000,0.000000000,0.000000000
1751979496.918388,26.425000000,62.249595642,0.030000001,0.000000000,1.329303026,-0.150752664,-88.803344727,6.918910503,6.144000053,-27.121866226,0.000000000,0.000000000,0.000000000,0.000000000,0.000000000,0.000000000,0.000000000,0.000000000,0.000000000,0.000000000,0.000000000,0.000000000
1751979496.920991,26.427000000,62.249595642,0.030000001,0.000000000,1.329303026,-0.150752664,-88.803344727,6.918910503,6.170999527,-26.176883698,0.000000000,0.000000000,0.000000000,0.000000000,0.000000000,0.000000000,0.000000000,0.000000000,0.000000000,0.000000000,0.000000000,0.000000000
1751979496.923575,26.430000000,62.249595642,0.030000001,0.000000000,1.329303026,-0.150752664,-88.803344727,6.918910503,6.198001385,-25.231819153,0.000000000,0.000000000,0.000000000,0.000000000,0.000000000,0.000000000,0.000000000,0.000000000,0.000000000,0.000000000,0.000000000,0.000000000
1751979496.926234,26.432000000,62.375381470,0.030000001,0.000000000,1.309655666,-0.150752664,-87.624496460,6.963776588,6.233999252,-25.542205811,0.000000000,0.000000000,0.000000000,0.000000000,0.000000000,0.000000000,0.000000000,0.000000000,0.000000000,0.000000000,0.000000000,0.000000000
1751979496.928923,26.435000000,62.375381470,0.030000001,0.000000000,1.309655666,-0.150752664,-87.624496460,6.963776588,6.251999378,-24.912202835,0.000000000,0.000000000,0.000000000,0.000000000,0.000000000,0.000000000,0.000000000,0.000000000,0.000000000,0.000000000,0.000000000,0.000000000
1751979496.931486,26.438000000,62.375381470,0.030000001,0.000000000,1.309655666,-0.150752664,-87.624496460,6.963776588,6.279001236,-23.967136383,0.000000000,0.000000000,0.000000000,0.000000000,0.000000000,0.000000000,0.000000000,0.000000000,0.000000000,0.000000000,0.000000000,0.000000000
1751979496.934228,26.440000000,62.375381470,0.030000001,0.000000000,1.309655666,-0.150752664,-87.624496460,6.963776588,6.314999104,-22.707212448,0.000000000,0.000000000,0.000000000,0.000000000,0.000000000,0.000000000,0.000000000,0.000000000,0.000000000,0.000000000,0.000000000,0.000000000
1751979496.936844,26.443000000,62.375381470,0.030000001,0.000000000,1.309655666,-0.150752664,-87.624496460,6.963776588,6.332999229,-22.077207565,0.000000000,0.000000000,0.000000000,0.000000000,0.000000000,0.000000000,0.000000000,0.000000000,0.000000000,0.000000000,0.000000000,0.000000000
1751979496.939510,26.446000000,62.375381470,0.030000001,0.000000000,1.309655666,-0.150752664,-87.624496460,6.963776588,6.360001087,-21.132143021,0.000000000,0.000000000,0.000000000,0.000000000,0.000000000,0.000000000,0.000000000,0.000000000,0.000000000,0.000000000,0.000000000,0.000000000
1751979496.942134,26.448000000,62.398307800,0.030000001,0.000000000,1.328319669,-0.150752664,-88.744338989,7.016558170,6.405000687,-21.404512405,0.000000000,0.000000000,0.000000000,0.000000000,0.000000000,0.000000000,0.000000000,0.000000000,0.000000000,0.000000000,0.000000000,0.000000000
1751979496.944815,26.451000000,62.398307800,0.030000001,0.000000000,1.328319669,-0.150752664,-88.744338989,7.016558170,6.413999557,-21.089551926,0.000000000,0.000000000,0.000000000,0.000000000,0.000000000,0.000000000,0.000000000,0.000000000,0.000000000,0.000000000,0.000000000,0.000000000
1751979496.947427,26.454000000,62.398307800,0.030000001,0.000000000,1.328319669,-0.150752664,-88.744338989,7.016558170,6.450000286,-19.829524994,0.000000000,0.000000000,0.000000000,0.000000000,0.000000000,0.000000000,0.000000000,0.000000000,0.000000000,0.000000000,0.000000000,0.000000000
1751979496.950057,26.456000000,62.554821014,0.030000001,0.000000000,1.308354497,-0.150752664,-87.546432495,7.037662506,6.486000538,-19.308168411,0.000000000,0.000000000,0.000000000,0.000000000,0.000000000,0.000000000,0.000000000,0.000000000,0.000000000,0.000000000,0.000000000,0.000000000
1751979496.952643,26.459000000,62.554821014,0.030000001,0.000000000,1.308354497,-0.150752664,-87.546432495,7.037662506,6.504001141,-18.678148270,0.000000000,0.000000000,0.000000000,0.000000000,0.000000000,0.000000000,0.000000000,0.000000000,0.000000000,0.000000000,0.000000000,0.000000000
1751979496.955235,26.461000000,62.554821014,0.030000001,0.000000000,1.308354497,-0.150752664,-87.546432495,7.037662506,6.522001266,-18.048143387,0.000000000,0.000000000,0.000000000,0.000000000,0.000000000,0.000000000,0.000000000,0.000000000,0.000000000,0.000000000,0.000000000,0.000000000
1751979496.957834,26.464000000,62.554821014,0.030000001,0.000000000,1.308354497,-0.137253106,-86.736457825,7.037662506,6.549000263,-17.103178024,0.000000000,0.000000000,0.000000000,0.000000000,0.000000000,0.000000000,0.000000000,0.000000000,0.000000000,0.000000000,0.000000000,0.000000000
1751979496.960534,26.467000000,62.554821014,0.030000001,0.000000000,1.308354497,-0.137253106,-86.736457825,7.037662506,6.575999737,-16.158197403,0.000000000,0.000000000,0.000000000,0.000000000,0.000000000,0.000000000,0.000000000,0.000000000,0.000000000,0.000000000,0.000000000,0.000000000
1751979496.963253,26.469000000,62.554821014,0.030000001,0.000000000,1.308354497,-0.137253106,-86.736457825,7.037662506,6.602998734,-15.213232040,0.000000000,0.000000000,0.000000000,0.000000000,0.000000000,0.000000000,0.000000000,0.000000000,0.000000000,0.000000000,0.000000000,0.000000000
1751979496.965878,26.472000000,62.642387390,0.030000001,0.000000000,1.323036909,-0.137253106,-87.617401123,7.079319477,6.620998859,-16.041221619,0.000000000,0.000000000,0.000000000,0.000000000,0.000000000,0.000000000,0.000000000,0.000000000,0.000000000,0.000000000,0.000000000,0.000000000
1751979496.968470,26.475000000,62.642387390,0.030000001,0.000000000,1.323036909,-0.137253106,-87.617401123,7.079319477,6.638999462,-15.411200523,0.000000000,0.000000000,0.000000000,0.000000000,0.000000000,0.000000000,0.000000000,0.000000000,0.000000000,0.000000000,0.000000000,0.000000000
1751979496.971033,26.477000000,62.642387390,0.030000001,0.000000000,1.323036909,-0.137253106,-87.617401123,7.079319477,6.666001320,-14.466135025,0.000000000,0.000000000,0.000000000,0.000000000,0.000000000,0.000000000,0.000000000,0.000000000,0.000000000,0.000000000,0.000000000,0.000000000
1751979496.973605,26.480000000,62.713653564,0.030000001,0.000000000,1.329383016,-0.137253106,-87.998168945,7.113197327,6.674999714,-15.336915970,0.000000000,0.000000000,0.000000000,0.000000000,0.000000000,0.000000000,0.000000000,0.000000000,0.000000000,0.000000000,0.000000000,0.000000000
1751979496.976220,26.482000000,62.713653564,0.030000001,0.000000000,1.329383016,-0.137253106,-87.998168945,7.113197327,6.693000317,-14.706895828,0.000000000,0.000000000,0.000000000,0.000000000,0.000000000,0.000000000,0.000000000,0.000000000,0.000000000,0.000000000,0.000000000,0.000000000
1751979496.978823,26.485000000,62.713653564,0.030000001,0.000000000,1.329383016,-0.137253106,-87.998168945,7.113197327,6.719999313,-13.761930466,0.000000000,0.000000000,0.000000000,0.000000000,0.000000000,0.000000000,0.000000000,0.000000000,0.000000000,0.000000000,0.000000000,0.000000000
1751979496.981402,26.488000000,62.713653564,0.030000001,0.000000000,1.329383016,-0.137253106,-87.998168945,7.113197327,6.729001045,-13.446869850,0.000000000,0.000000000,0.000000000,0.000000000,0.000000000,0.000000000,0.000000000,0.000000000,0.000000000,0.000000000,0.000000000,0.000000000
1751979496.984107,26.490000000,62.713653564,0.030000001,0.000000000,1.329383016,-0.137253106,-87.998168945,7.113197327,6.737999439,-13.131925583,0.000000000,0.000000000,0.000000000,0.000000000,0.000000000,0.000000000,0.000000000,0.000000000,0.000000000,0.000000000,0.000000000,0.000000000
1751979496.986659,26.493000000,62.713653564,0.030000001,0.000000000,1.329383016,-0.137253106,-87.998168945,7.113197327,6.756000042,-12.501905441,0.000000000,0.000000000,0.000000000,0.000000000,0.000000000,0.000000000,0.000000000,0.000000000,0.000000000,0.000000000,0.000000000,0.000000000
1751979496.989288,26.496000000,62.726783752,0.030000001,0.000000000,1.331875563,-0.137253106,-88.147720337,7.142382622,6.764998913,-13.208429337,0.000000000,0.000000000,0.000000000,0.000000000,0.000000000,0.000000000,0.000000000,0.000000000,0.000000000,0.000000000,0.000000000,0.000000000
1751979496.992016,26.498000000,62.726783752,0.030000001,0.000000000,1.331875563,-0.137253106,-88.147720337,7.142382622,6.774000168,-12.893385887,0.000000000,0.000000000,0.000000000,0.000000000,0.000000000,0.000000000,0.000000000,0.000000000,0.000000000,0.000000000,0.000000000,0.000000000
1751979496.994787,26.501000000,62.726783752,0.030000001,0.000000000,1.331875563,-0.137253106,-88.147720337,7.142382622,6.792000771,-12.263364792,0.000000000,0.000000000,0.000000000,0.000000000,0.000000000,0.000000000,0.000000000,0.000000000,0.000000000,0.000000000,0.000000000,0.000000000
1751979496.997457,26.504000000,62.732437134,0.030000001,0.000000000,1.346130133,-0.137253106,-89.002990723,7.149268150,6.800999165,-12.189414978,0.000000000,0.000000000,0.000000000,0.000000000,0.000000000,0.000000000,0.000000000,0.000000000,0.000000000,0.000000000,0.000000000,0.000000000
1751979497.000042,26.506000000,62.732437134,0.030000001,0.000000000,1.346130133,-0.137253106,-89.002990723,7.149268150,6.810000896,-11.874353409,0.000000000,0.000000000,0.000000000,0.000000000,0.000000000,0.000000000,0.000000000,0.000000000,0.000000000,0.000000000,0.000000000,0.000000000
1751979497.002647,26.509000000,62.732437134,0.030000001,0.000000000,1.346130133,-0.137253106,-89.002990723,7.149268150,6.818999767,-11.559392929,0.000000000,0.000000000,0.000000000,0.000000000,0.000000000,0.000000000,0.000000000,0.000000000,0.000000000,0.000000000,0.000000000,0.000000000
1751979497.005215,26.511000000,62.768993378,0.030000001,0.000000000,1.345850945,-0.137253106,-88.986236572,7.171253681,6.828001022,-12.013843536,0.000000000,0.000000000,0.000000000,0.000000000,0.000000000,0.000000000,0.000000000,0.000000000,0.000000000,0.000000000,0.000000000,0.000000000
1751979497.007814,26.514000000,62.768993378,0.030000001,0.000000000,1.345850945,-0.137253106,-88.986236572,7.171253681,6.836999893,-11.698883057,0.000000000,0.000000000,0.000000000,0.000000000,0.000000000,0.000000000,0.000000000,0.000000000,0.000000000,0.000000000,0.000000000,0.000000000
1751979497.010514,26.517000000,62.768993378,0.030000001,0.000000000,1.345850945,-0.137253106,-88.986236572,7.171253681,6.836999893,-11.698883057,0.000000000,0.000000000,0.000000000,0.000000000,0.000000000,0.000000000,0.000000000,0.000000000,0.000000000,0.000000000,0.000000000,0.000000000
1751979497.013168,26.519000000,62.768993378,0.030000001,0.000000000,1.345850945,-0.137253106,-88.986236572,7.171253681,6.855000496,-11.068861008,0.000000000,0.000000000,0.000000000,0.000000000,0.000000000,0.000000000,0.000000000,0.000000000,0.000000000,0.000000000,0.000000000,0.000000000
1751979497.015729,26.522000000,62.768993378,0.030000001,0.000000000,1.345850945,-0.137253106,-88.986236572,7.171253681,6.855000496,-11.068861008,0.000000000,0.000000000,0.000000000,0.000000000,0.000000000,0.000000000,0.000000000,0.000000000,0.000000000,0.000000000,0.000000000,0.000000000
1751979497.018322,26.525000000,62.768993378,0.030000001,0.000000000,1.345850945,-0.137253106,-88.986236572,7.171253681,6.863998890,-10.753917694,0.000000000,0.000000000,0.000000000,0.000000000,0.000000000,0.000000000,0.000000000,0.000000000,0.000000000,0.000000000,0.000000000,0.000000000
1751979497.020896,26.527000000,62.782405853,0.030000001,0.000000000,1.361299753,-0.137253106,-89.913169861,7.204919815,6.873000622,-11.617172241,0.000000000,0.000000000,0.000000000,0.000000000,0.000000000,0.000000000,0.000000000,0.000000000,0.000000000,0.000000000,0.000000000,0.000000000
1751979497.023509,26.530000000,62.782405853,0.030000001,0.000000000,1.361299753,-0.137253106,-89.913169861,7.204919815,6.873000622,-11.617172241,0.000000000,0.000000000,0.000000000,0.000000000,0.000000000,0.000000000,0.000000000,0.000000000,0.000000000,0.000000000,0.000000000,0.000000000
1751979497.026208,26.532000000,62.782405853,0.030000001,0.000000000,1.361299753,-0.137253106,-89.913169861,7.204919815,6.881999493,-11.302211761,0.000000000,0.000000000,0.000000000,0.000000000,0.000000000,0.000000000,0.000000000,0.000000000,0.000000000,0.000000000,0.000000000,0.000000000
1751979497.028787,26.535000000,62.792510986,0.030000001,0.000000000,1.387721896,-0.137253106,-91.498504639,7.216939449,6.881999493,-11.722898483,0.000000000,0.000000000,0.000000000,0.000000000,0.000000000,0.000000000,0.000000000,0.000000000,0.000000000,0.000000000,0.000000000,0.000000000
1751979497.031395,26.538000000,62.792510986,0.030000001,0.000000000,1.387721896,-0.137253106,-91.498504639,7.216939449,6.891000748,-11.407854080,0.000000000,0.000000000,0.000000000,0.000000000,0.000000000,0.000000000,0.000000000,0.000000000,0.000000000,0.000000000,0.000000000,0.000000000
1751979497.034001,26.540000000,62.792510986,0.030000001,0.000000000,1.387721896,-0.137253106,-91.498504639,7.216939449,6.891000748,-11.407854080,0.000000000,0.000000000,0.000000000,0.000000000,0.000000000,0.000000000,0.000000000,0.000000000,0.000000000,0.000000000,0.000000000,0.000000000
1751979497.036583,26.543000000,62.842742920,0.030000001,0.000000000,1.436464071,-0.123753548,-93.613059998,7.245522499,6.899999619,-12.093300819,0.000000000,0.000000000,0.000000000,0.000000000,0.000000000,0.000000000,0.000000000,0.000000000,0.000000000,0.000000000,0.000000000,0.000000000
1751979497.039176,26.545000000,62.842742920,0.030000001,0.000000000,1.436464071,-0.123753548,-93.613059998,7.245522499,6.899999619,-12.093300819,0.000000000,0.000000000,0.000000000,0.000000000,0.000000000,0.000000000,0.000000000,0.000000000,0.000000000,0.000000000,0.000000000,0.000000000
1751979497.041792,26.548000000,62.842742920,0.030000001,0.000000000,1.436464071,-0.123753548,-93.613059998,7.245522499,6.899999619,-12.093300819,0.000000000,0.000000000,0.000000000,0.000000000,0.000000000,0.000000000,0.000000000,0.000000000,0.000000000,0.000000000,0.000000000,0.000000000
1751979497.044584,26.551000000,62.842742920,0.030000001,0.000000000,1.436464071,-0.123753548,-93.613059998,7.245522499,6.899999619,-12.093300819,0.000000000,0.000000000,0.000000000,0.000000000,0.000000000,0.000000000,0.000000000,0.000000000,0.000000000,0.000000000,0.000000000,0.000000000
1751979497.047173,26.553000000,62.842742920,0.030000001,0.000000000,1.436464071,-0.123753548,-93.613059998,7.245522499,6.899999619,-12.093300819,0.000000000,0.000000000,0.000000000,0.000000000,0.000000000,0.000000000,0.000000000,0.000000000,0.000000000,0.000000000,0.000000000,0.000000000
1751979497.049779,26.556000000,62.842742920,0.030000001,0.000000000,1.436464071,-0.123753548,-93.613059998,7.245522499,6.909001350,-11.778240204,0.000000000,0.000000000,0.000000000,0.000000000,0.000000000,0.000000000,0.000000000,0.000000000,0.000000000,0.000000000,0.000000000,0.000000000
1751979497.052423,26.559000000,62.769100189,0.030000001,0.000000000,1.495480061,-0.110253990,-96.344047546,7.264126778,6.909001350,-12.429389954,0.000000000,0.000000000,0.000000000,0.000000000,0.000000000,0.000000000,0.000000000,0.000000000,0.000000000,0.000000000,0.000000000,0.000000000
1751979497.055055,26.561000000,62.769100189,0.030000001,0.000000000,1.495480061,-0.110253990,-96.344047546,7.264126778,6.909001350,-12.429389954,0.000000000,0.000000000,0.000000000,0.000000000,0.000000000,0.000000000,0.000000000,0.000000000,0.000000000,0.000000000,0.000000000,0.000000000
1751979497.057699,26.564000000,62.769100189,0.030000001,0.000000000,1.495480061,-0.096751750,-95.533905029,7.264126778,6.909001350,-12.429389954,0.000000000,0.000000000,0.000000000,0.000000000,0.000000000,0.000000000,0.000000000,0.000000000,0.000000000,0.000000000,0.000000000,0.000000000
1751979497.060276,26.566000000,62.769100189,0.030000001,0.000000000,1.495480061,-0.096751750,-95.533905029,7.264126778,6.909001350,-12.429389954,0.000000000,0.000000000,0.000000000,0.000000000,0.000000000,0.000000000,0.000000000,0.000000000,0.000000000,0.000000000,0.000000000,0.000000000
1751979497.062888,26.569000000,62.761447906,0.030000001,0.000000000,1.554789186,-0.083252192,-98.282485962,7.266674519,6.909001350,-12.518560410,0.000000000,0.000000000,0.000000000,0.000000000,0.000000000,0.000000000,0.000000000,0.000000000,0.000000000,0.000000000,0.000000000,0.000000000
1751979497.065408,26.572000000,62.761447906,0.030000001,0.000000000,1.554789186,-0.083252192,-98.282485962,7.266674519,6.909001350,-12.518560410,0.000000000,0.000000000,0.000000000,0.000000000,0.000000000,0.000000000,0.000000000,0.000000000,0.000000000,0.000000000,0.000000000,0.000000000
1751979497.067981,26.574000000,62.761447906,0.030000001,0.000000000,1.554789186,-0.083252192,-98.282485962,7.266674519,6.909001350,-12.518560410,0.000000000,0.000000000,0.000000000,0.000000000,0.000000000,0.000000000,0.000000000,0.000000000,0.000000000,0.000000000,0.000000000,0.000000000
1751979497.070573,26.577000000,62.761447906,0.030000001,0.000000000,1.554789186,-0.069752634,-97.472503662,7.266674519,6.909001350,-12.518560410,0.000000000,0.000000000,0.000000000,0.000000000,0.000000000,0.000000000,0.000000000,0.000000000,0.000000000,0.000000000,0.000000000,0.000000000
1751979497.073175,26.579000000,62.761447906,0.030000001,0.000000000,1.554789186,-0.056250393,-96.662376404,7.266674519,6.909001350,-12.518560410,0.000000000,0.000000000,0.000000000,0.000000000,0.000000000,0.000000000,0.000000000,0.000000000,0.000000000,0.000000000,0.000000000,0.000000000
1751979497.075780,26.582000000,62.761447906,0.030000001,0.000000000,1.554789186,-0.056250393,-96.662376404,7.266674519,6.909001350,-12.518560410,0.000000000,0.000000000,0.000000000,0.000000000,0.000000000,0.000000000,0.000000000,0.000000000,0.000000000,0.000000000,0.000000000,0.000000000
1751979497.078417,26.585000000,62.676410675,0.030000001,0.000000000,1.589424491,-0.056250393,-98.740493774,7.231338024,6.909001350,-11.281784058,0.000000000,0.000000000,0.000000000,0.000000000,0.000000000,0.000000000,0.000000000,0.000000000,0.000000000,0.000000000,0.000000000,0.000000000
1751979497.081233,26.587000000,62.676410675,0.030000001,0.000000000,1.589424491,-0.056250393,-98.740493774,7.231338024,6.909001350,-11.281784058,0.000000000,0.000000000,0.000000000,0.000000000,0.000000000,0.000000000,0.000000000,0.000000000,0.000000000,0.000000000,0.000000000,0.000000000
1751979497.083860,26.590000000,62.533538818,0.030000001,0.000000000,1.630913734,-0.056250393,-101.229843140,7.202740669,6.909001350,-10.280876160,0.000000000,0.000000000,0.000000000,0.000000000,0.000000000,0.000000000,0.000000000,0.000000000,0.000000000,0.000000000,0.000000000,0.000000000
1751979497.086554,26.593000000,62.533538818,0.030000001,0.000000000,1.630913734,-0.042750835,-100.419876099,7.202740669,6.909001350,-10.280876160,0.000000000,0.000000000,0.000000000,0.000000000,0.000000000,0.000000000,0.000000000,0.000000000,0.000000000,0.000000000,0.000000000,0.000000000
1751979497.089168,26.595000000,62.533538818,0.030000001,0.000000000,1.630913734,-0.029251277,-99.609901428,7.202740669,6.909001350,-10.280876160,0.000000000,0.000000000,0.000000000,0.000000000,0.000000000,0.000000000,0.000000000,0.000000000,0.000000000,0.000000000,0.000000000,0.000000000
1751979497.091809,26.598000000,62.533538818,0.030000001,0.000000000,1.630913734,-0.029251277,-99.609901428,7.202740669,6.909001350,-10.280876160,0.000000000,0.000000000,0.000000000,0.000000000,0.000000000,0.000000000,0.000000000,0.000000000,0.000000000,0.000000000,0.000000000,0.000000000
1751979497.094431,26.601000000,62.533538818,0.030000001,0.000000000,1.630913734,-0.015751719,-98.799926758,7.202740669,6.909001350,-10.280876160,0.000000000,0.000000000,0.000000000,0.000000000,0.000000000,0.000000000,0.000000000,0.000000000,0.000000000,0.000000000,0.000000000,0.000000000
1751979497.097043,26.603000000,62.533538818,0.030000001,0.000000000,1.630913734,-0.002249479,-97.989791870,7.202740669,6.909001350,-10.280876160,0.000000000,0.000000000,0.000000000,0.000000000,0.000000000,0.000000000,0.000000000,0.000000000,0.000000000,0.000000000,0.000000000,0.000000000
1751979497.099662,26.606000000,62.533538818,0.030000001,0.000000000,1.630913734,-0.002249479,-97.989791870,7.202740669,6.909001350,-10.280876160,0.000000000,0.000000000,0.000000000,0.000000000,0.000000000,0.000000000,0.000000000,0.000000000,0.000000000,0.000000000,0.000000000,0.000000000
1751979497.102324,26.609000000,62.362922668,0.030000001,0.000000000,1.690960884,-0.002249479,-101.592620850,7.172136784,6.909001350,-9.209739685,0.000000000,0.000000000,0.000000000,0.000000000,0.000000000,0.000000000,0.000000000,0.000000000,0.000000000,0.000000000,0.000000000,0.000000000
1751979497.104884,26.611000000,62.362922668,0.030000001,0.000000000,1.690960884,0.011250079,-100.782653809,7.172136784,6.909001350,-9.209739685,0.000000000,0.000000000,0.000000000,0.000000000,0.000000000,0.000000000,0.000000000,0.000000000,0.000000000,0.000000000,0.000000000,0.000000000
1751979497.107466,26.614000000,62.362922668,0.030000001,0.000000000,1.690960884,0.011250079,-100.782653809,7.172136784,6.909001350,-9.209739685,0.000000000,0.000000000,0.000000000,0.000000000,0.000000000,0.000000000,0.000000000,0.000000000,0.000000000,0.000000000,0.000000000,0.000000000
1751979497.110051,26.616000000,62.305156708,0.030000001,0.000000000,1.704743385,0.024749637,-100.799621582,7.134824753,6.909001350,-7.903819084,0.000000000,0.000000000,0.000000000,0.000000000,0.000000000,0.000000000,0.000000000,0.000000000,0.000000000,0.000000000,0.000000000,0.000000000
1751979497.112614,26.619000000,62.305156708,0.030000001,0.000000000,1.704743385,0.024749637,-100.799621582,7.134824753,6.909001350,-7.903819084,0.000000000,0.000000000,0.000000000,0.000000000,0.000000000,0.000000000,0.000000000,0.000000000,0.000000000,0.000000000,0.000000000,0.000000000
1751979497.115198,26.621000000,62.305156708,0.030000001,0.000000000,1.704743385,0.038251877,-99.989486694,7.134824753,6.909001350,-7.903819084,0.000000000,0.000000000,0.000000000,0.000000000,0.000000000,0.000000000,0.000000000,0.000000000,0.000000000,0.000000000,0.000000000,0.000000000
1751979497.117769,26.624000000,62.237564087,0.030000001,0.000000000,1.751026392,0.038251877,-102.766471863,7.059561729,6.909001350,-5.269613266,0.000000000,0.000000000,0.000000000,0.000000000,0.000000000,0.000000000,0.000000000,0.000000000,0.000000000,0.000000000,0.000000000,0.000000000
1751979497.120417,26.627000000,62.237564087,0.030000001,0.000000000,1.751026392,0.051751435,-101.956497192,7.059561729,6.909001350,-5.269613266,0.000000000,0.000000000,0.000000000,0.000000000,0.000000000,0.000000000,0.000000000,0.000000000,0.000000000,0.000000000,0.000000000,0.000000000
1751979497.123341,26.630000000,62.237564087,0.030000001,0.000000000,1.751026392,0.051751435,-101.956497192,7.059561729,6.909001350,-5.269613266,0.000000000,0.000000000,0.000000000,0.000000000,0.000000000,0.000000000,0.000000000,0.000000000,0.000000000,0.000000000,0.000000000,0.000000000
1751979497.125994,26.632000000,62.237564087,0.030000001,0.000000000,1.751026392,0.065250993,-101.146522522,7.059561729,6.909001350,-5.269613266,0.000000000,0.000000000,0.000000000,0.000000000,0.000000000,0.000000000,0.000000000,0.000000000,0.000000000,0.000000000,0.000000000,0.000000000
1751979497.128592,26.635000000,62.237564087,0.030000001,0.000000000,1.751026392,0.078753233,-100.336387634,7.059561729,6.899999619,-5.584673882,0.000000000,0.000000000,0.000000000,0.000000000,0.000000000,0.000000000,0.000000000,0.000000000,0.000000000,0.000000000,0.000000000,0.000000000
1751979497.131174,26.637000000,62.237564087,0.030000001,0.000000000,1.751026392,0.078753233,-100.336387634,7.059561729,6.899999619,-5.584673882,0.000000000,0.000000000,0.000000000,0.000000000,0.000000000,0.000000000,0.000000000,0.000000000,0.000000000,0.000000000,0.000000000,0.000000000
1751979497.133764,26.640000000,62.124370575,0.030000001,0.000000000,1.835104346,0.092252791,-104.571090698,7.015943050,6.899999619,-4.058020115,0.000000000,0.000000000,0.000000000,0.000000000,0.000000000,0.000000000,0.000000000,0.000000000,0.000000000,0.000000000,0.000000000,0.000000000
1751979497.136410,26.643000000,62.124370575,0.030000001,0.000000000,1.835104346,0.105752349,-103.761123657,7.015943050,6.899999619,-4.058020115,0.000000000,0.000000000,0.000000000,0.000000000,0.000000000,0.000000000,0.000000000,0.000000000,0.000000000,0.000000000,0.000000000,0.000000000
1751979497.139017,26.645000000,62.124370575,0.030000001,0.000000000,1.835104346,0.132754147,-102.141006470,7.015943050,6.891000748,-4.372980595,0.000000000,0.000000000,0.000000000,0.000000000,0.000000000,0.000000000,0.000000000,0.000000000,0.000000000,0.000000000,0.000000000,0.000000000
1751979497.141634,26.648000000,62.048854828,0.030000001,0.000000000,1.910136938,0.146253705,-105.832992554,6.982136726,6.891000748,-3.189759254,0.000000000,0.000000000,0.000000000,0.000000000,0.000000000,0.000000000,0.000000000,0.000000000,0.000000000,0.000000000,0.000000000,0.000000000
1751979497.144440,26.651000000,62.048854828,0.030000001,0.000000000,1.910136938,0.159753263,-105.023017883,6.982136726,6.881999493,-3.504803181,0.000000000,0.000000000,0.000000000,0.000000000,0.000000000,0.000000000,0.000000000,0.000000000,0.000000000,0.000000000,0.000000000,0.000000000
1751979497.147034,26.653000000,62.048854828,0.030000001,0.000000000,1.910136938,0.173255503,-104.212890625,6.982136726,6.881999493,-3.504803181,0.000000000,0.000000000,0.000000000,0.000000000,0.000000000,0.000000000,0.000000000,0.000000000,0.000000000,0.000000000,0.000000000,0.000000000
1751979497.149676,26.656000000,62.048854828,0.030000001,0.000000000,1.910136938,0.173255503,-104.212890625,6.982136726,6.873000622,-3.819763660,0.000000000,0.000000000,0.000000000,0.000000000,0.000000000,0.000000000,0.000000000,0.000000000,0.000000000,0.000000000,0.000000000,0.000000000
1751979497.152364,26.659000000,62.048854828,0.030000001,0.000000000,1.910136938,0.213754177,-101.782966614,6.982136726,6.873000622,-3.819763660,0.000000000,0.000000000,0.000000000,0.000000000,0.000000000,0.000000000,0.000000000,0.000000000,0.000000000,0.000000000,0.000000000,0.000000000
1751979497.154993,26.661000000,62.048854828,0.030000001,0.000000000,1.910136938,0.227256417,-100.972831726,6.982136726,6.863998890,-4.134824276,0.000000000,0.000000000,0.000000000,0.000000000,0.000000000,0.000000000,0.000000000,0.000000000,0.000000000,0.000000000,0.000000000,0.000000000
1751979497.157532,26.664000000,62.033061981,0.030000001,0.000000000,1.960233450,0.240755975,-103.168647766,6.929762363,6.855000496,-2.616665363,0.000000000,0.000000000,0.000000000,0.000000000,0.000000000,0.000000000,0.000000000,0.000000000,0.000000000,0.000000000,0.000000000,0.000000000
1751979497.160159,26.666000000,62.033061981,0.030000001,0.000000000,1.960233450,0.254255533,-102.358673096,6.929762363,6.845998764,-2.931725979,0.000000000,0.000000000,0.000000000,0.000000000,0.000000000,0.000000000,0.000000000,0.000000000,0.000000000,0.000000000,0.000000000,0.000000000
1751979497.162923,26.669000000,62.033061981,0.030000001,0.000000000,1.960233450,0.294756889,-99.928596497,6.929762363,6.836999893,-3.246686459,0.000000000,0.000000000,0.000000000,0.000000000,0.000000000,0.000000000,0.000000000,0.000000000,0.000000000,0.000000000,0.000000000,0.000000000
1751979497.165456,26.672000000,61.917137146,0.030000001,0.000000000,2.022424459,0.294756889,-103.660057068,6.886502743,6.828001022,-2.047560215,0.000000000,0.000000000,0.000000000,0.000000000,0.000000000,0.000000000,0.000000000,0.000000000,0.000000000,0.000000000,0.000000000,0.000000000
1751979497.168033,26.674000000,61.917137146,0.030000001,0.000000000,2.022424459,0.321758687,-102.039939880,6.886502743,6.810000896,-2.677564621,0.000000000,0.000000000,0.000000000,0.000000000,0.000000000,0.000000000,0.000000000,0.000000000,0.000000000,0.000000000,0.000000000,0.000000000
1751979497.170614,26.677000000,61.917137146,0.030000001,0.000000000,2.022424459,0.335258245,-101.229972839,6.886502743,6.800999165,-2.992625237,0.000000000,0.000000000,0.000000000,0.000000000,0.000000000,0.000000000,0.000000000,0.000000000,0.000000000,0.000000000,0.000000000,0.000000000
1751979497.173222,26.679000000,61.840290070,0.030000001,0.000000000,2.080048084,0.335258245,-104.687393188,6.841434002,6.792000771,-1.730163097,0.000000000,0.000000000,0.000000000,0.000000000,0.000000000,0.000000000,0.000000000,0.000000000,0.000000000,0.000000000,0.000000000,0.000000000
1751979497.175834,26.682000000,61.840290070,0.030000001,0.000000000,2.080048084,0.362260044,-103.067276001,6.841434002,6.774000168,-2.360184193,0.000000000,0.000000000,0.000000000,0.000000000,0.000000000,0.000000000,0.000000000,0.000000000,0.000000000,0.000000000,0.000000000,0.000000000
1751979497.178533,26.685000000,61.840290070,0.030000001,0.000000000,2.080048084,0.389259160,-101.447341919,6.841434002,6.764998913,-2.675228119,0.000000000,0.000000000,0.000000000,0.000000000,0.000000000,0.000000000,0.000000000,0.000000000,0.000000000,0.000000000,0.000000000,0.000000000
1751979497.181219,26.687000000,61.840290070,0.030000001,0.000000000,2.080048084,0.389259160,-101.447341919,6.841434002,6.747001171,-3.305149078,0.000000000,0.000000000,0.000000000,0.000000000,0.000000000,0.000000000,0.000000000,0.000000000,0.000000000,0.000000000,0.000000000,0.000000000
1751979497.183896,26.690000000,61.840290070,0.030000001,0.000000000,2.080048084,0.402761400,-100.637199402,6.841434002,6.729001045,-3.935153484,0.000000000,0.000000000,0.000000000,0.000000000,0.000000000,0.000000000,0.000000000,0.000000000,0.000000000,0.000000000,0.000000000,0.000000000
1751979497.186586,26.693000000,61.840290070,0.030000001,0.000000000,2.080048084,0.402761400,-100.637199402,6.841434002,6.711000443,-4.565174580,0.000000000,0.000000000,0.000000000,0.000000000,0.000000000,0.000000000,0.000000000,0.000000000,0.000000000,0.000000000,0.000000000,0.000000000
1751979497.189300,26.696000000,61.838882446,0.030000001,0.000000000,2.132202864,0.416260958,-102.956512451,6.809140205,6.693000317,-4.064896107,0.000000000,0.000000000,0.000000000,0.000000000,0.000000000,0.000000000,0.000000000,0.000000000,0.000000000,0.000000000,0.000000000,0.000000000
1751979497.192101,26.698000000,61.838882446,0.030000001,0.000000000,2.132202864,0.443260074,-101.336570740,6.809140205,6.674999714,-4.694917202,0.000000000,0.000000000,0.000000000,0.000000000,0.000000000,0.000000000,0.000000000,0.000000000,0.000000000,0.000000000,0.000000000,0.000000000
1751979497.194819,26.701000000,61.838882446,0.030000001,0.000000000,2.132202864,0.456762314,-100.526435852,6.809140205,6.648000717,-5.639882088,0.000000000,0.000000000,0.000000000,0.000000000,0.000000000,0.000000000,0.000000000,0.000000000,0.000000000,0.000000000,0.000000000,0.000000000
1751979497.197446,26.704000000,61.737609863,0.030000001,0.000000000,2.232271671,0.470261872,-105.720588684,6.768196106,6.630000591,-4.836843014,0.000000000,0.000000000,0.000000000,0.000000000,0.000000000,0.000000000,0.000000000,0.000000000,0.000000000,0.000000000,0.000000000,0.000000000
1751979497.200041,26.706000000,61.737609863,0.030000001,0.000000000,2.232271671,0.497263670,-104.100479126,6.768196106,6.611999989,-5.466864109,0.000000000,0.000000000,0.000000000,0.000000000,0.000000000,0.000000000,0.000000000,0.000000000,0.000000000,0.000000000,0.000000000,0.000000000
1751979497.202691,26.709000000,61.737609863,0.030000001,0.000000000,2.232271671,0.510763228,-103.290512085,6.768196106,6.593999863,-6.096868515,0.000000000,0.000000000,0.000000000,0.000000000,0.000000000,0.000000000,0.000000000,0.000000000,0.000000000,0.000000000,0.000000000,0.000000000
1751979497.205246,26.712000000,61.737609863,0.030000001,0.000000000,2.232271671,0.524262786,-102.480529785,6.768196106,6.567000866,-7.041833401,0.000000000,0.000000000,0.000000000,0.000000000,0.000000000,0.000000000,0.000000000,0.000000000,0.000000000,0.000000000,0.000000000,0.000000000
1751979497.207748,26.714000000,61.737609863,0.030000001,0.000000000,2.232271671,0.537762344,-101.670555115,6.768196106,6.549000263,-7.671854496,0.000000000,0.000000000,0.000000000,0.000000000,0.000000000,0.000000000,0.000000000,0.000000000,0.000000000,0.000000000,0.000000000,0.000000000
1751979497.210368,26.717000000,61.737609863,0.030000001,0.000000000,2.232271671,0.551264584,-100.860427856,6.768196106,6.522001266,-8.616819382,0.000000000,0.000000000,0.000000000,0.000000000,0.000000000,0.000000000,0.000000000,0.000000000,0.000000000,0.000000000,0.000000000,0.000000000
1751979497.212981,26.719000000,61.760021210,0.030000001,0.000000000,2.322482109,0.564764142,-105.463081360,6.742470741,6.504001141,-8.346435547,0.000000000,0.000000000,0.000000000,0.000000000,0.000000000,0.000000000,0.000000000,0.000000000,0.000000000,0.000000000,0.000000000,0.000000000
1751979497.215499,26.722000000,61.760021210,0.030000001,0.000000000,2.322482109,0.578263700,-104.653099060,6.742470741,6.486000538,-8.976457596,0.000000000,0.000000000,0.000000000,0.000000000,0.000000000,0.000000000,0.000000000,0.000000000,0.000000000,0.000000000,0.000000000,0.000000000
1751979497.218043,26.724000000,61.760021210,0.030000001,0.000000000,2.322482109,0.605265498,-103.032997131,6.742470741,6.458998680,-9.921522141,0.000000000,0.000000000,0.000000000,0.000000000,0.000000000,0.000000000,0.000000000,0.000000000,0.000000000,0.000000000,0.000000000,0.000000000
1751979497.220560,26.727000000,61.755126953,0.030000001,0.000000000,2.389280796,0.618765056,-106.230941772,6.735584736,6.441001415,-10.310416222,0.000000000,0.000000000,0.000000000,0.000000000,0.000000000,0.000000000,0.000000000,0.000000000,0.000000000,0.000000000,0.000000000,0.000000000
1751979497.223085,26.729000000,61.755126953,0.030000001,0.000000000,2.389280796,0.659266412,-103.800857544,6.735584736,6.423000813,-10.940437317,0.000000000,0.000000000,0.000000000,0.000000000,0.000000000,0.000000000,0.000000000,0.000000000,0.000000000,0.000000000,0.000000000,0.000000000
1751979497.225659,26.732000000,61.755126953,0.030000001,0.000000000,2.389280796,0.699767768,-101.370780945,6.735584736,6.395998955,-11.885501862,0.000000000,0.000000000,0.000000000,0.000000000,0.000000000,0.000000000,0.000000000,0.000000000,0.000000000,0.000000000,0.000000000,0.000000000
1751979497.228256,26.734000000,61.770721436,0.030000001,0.000000000,2.454066753,0.713267326,-104.447967529,6.700410366,6.377998829,-11.284403801,0.000000000,0.000000000,0.000000000,0.000000000,0.000000000,0.000000000,0.000000000,0.000000000,0.000000000,0.000000000,0.000000000,0.000000000
1751979497.230771,26.737000000,61.770721436,0.030000001,0.000000000,2.454066753,0.740269125,-102.827850342,6.700410366,6.360001087,-11.914324760,0.000000000,0.000000000,0.000000000,0.000000000,0.000000000,0.000000000,0.000000000,0.000000000,0.000000000,0.000000000,0.000000000,0.000000000
1751979497.233319,26.740000000,61.770721436,0.030000001,0.000000000,2.454066753,0.780770481,-100.397773743,6.700410366,6.332999229,-12.859390259,0.000000000,0.000000000,0.000000000,0.000000000,0.000000000,0.000000000,0.000000000,0.000000000,0.000000000,0.000000000,0.000000000,0.000000000
1751979497.235912,26.742000000,61.770721436,0.030000001,0.000000000,2.454066753,0.807769597,-98.777832031,6.700410366,6.314999104,-13.489394188,0.000000000,0.000000000,0.000000000,0.000000000,0.000000000,0.000000000,0.000000000,0.000000000,0.000000000,0.000000000,0.000000000,0.000000000
1751979497.238573,26.745000000,61.770721436,0.030000001,0.000000000,2.454066753,0.834771395,-97.157722473,6.700410366,6.296998978,-14.119398117,0.000000000,0.000000000,0.000000000,0.000000000,0.000000000,0.000000000,0.000000000,0.000000000,0.000000000,0.000000000,0.000000000,0.000000000
1751979497.241084,26.747000000,61.770721436,0.030000001,0.000000000,2.454066753,0.848270953,-96.347747803,6.700410366,6.269999504,-15.064380646,0.000000000,0.000000000,0.000000000,0.000000000,0.000000000,0.000000000,0.000000000,0.000000000,0.000000000,0.000000000,0.000000000,0.000000000
1751979497.243711,26.750000000,61.770721436,0.030000001,0.000000000,2.454066753,0.875272751,-94.727638245,6.700410366,6.251999378,-15.694384575,0.000000000,0.000000000,0.000000000,0.000000000,0.000000000,0.000000000,0.000000000,0.000000000,0.000000000,0.000000000,0.000000000,0.000000000
1751979497.246316,26.753000000,61.731132507,0.030000001,0.000000000,2.540229559,0.888772309,-99.087440491,6.675082207,6.233999252,-15.437903404,0.000000000,0.000000000,0.000000000,0.000000000,0.000000000,0.000000000,0.000000000,0.000000000,0.000000000,0.000000000,0.000000000,0.000000000
1751979497.248887,26.755000000,61.731132507,0.030000001,0.000000000,2.540229559,0.902271867,-98.277458191,6.675082207,6.206999779,-16.382884979,0.000000000,0.000000000,0.000000000,0.000000000,0.000000000,0.000000000,0.000000000,0.000000000,0.000000000,0.000000000,0.000000000,0.000000000
1751979497.251467,26.758000000,61.731132507,0.030000001,0.000000000,2.540229559,0.942773223,-95.847381592,6.675082207,6.188999653,-17.012889862,0.000000000,0.000000000,0.000000000,0.000000000,0.000000000,0.000000000,0.000000000,0.000000000,0.000000000,0.000000000,0.000000000,0.000000000
1751979497.254076,26.760000000,61.674633026,0.030000001,0.000000000,2.605970144,0.956272781,-98.981842041,6.627722263,6.170999527,-15.985296249,0.000000000,0.000000000,0.000000000,0.000000000,0.000000000,0.000000000,0.000000000,0.000000000,0.000000000,0.000000000,0.000000000,0.000000000
1751979497.256718,26.763000000,61.674633026,0.030000001,0.000000000,2.605970144,0.969775021,-98.171707153,6.627722263,6.144000053,-16.930276871,0.000000000,0.000000000,0.000000000,0.000000000,0.000000000,0.000000000,0.000000000,0.000000000,0.000000000,0.000000000,0.000000000,0.000000000
1751979497.259434,26.766000000,61.674633026,0.030000001,0.000000000,2.605970144,1.010276318,-95.741630554,6.627722263,6.125999928,-17.560281754,0.000000000,0.000000000,0.000000000,0.000000000,0.000000000,0.000000000,0.000000000,0.000000000,0.000000000,0.000000000,0.000000000,0.000000000
1751979497.262165,26.768000000,61.674633026,0.030000001,0.000000000,2.605970144,1.010276318,-95.741630554,6.627722263,6.107999802,-18.190286636,0.000000000,0.000000000,0.000000000,0.000000000,0.000000000,0.000000000,0.000000000,0.000000000,0.000000000,0.000000000,0.000000000,0.000000000
1751979497.264707,26.771000000,61.674633026,0.030000001,0.000000000,2.605970144,1.037275553,-94.121673584,6.627722263,6.081000328,-19.135267258,0.000000000,0.000000000,0.000000000,0.000000000,0.000000000,0.000000000,0.000000000,0.000000000,0.000000000,0.000000000,0.000000000,0.000000000
1751979497.267315,26.774000000,61.674633026,0.030000001,0.000000000,2.605970144,1.050775051,-93.311706543,6.627722263,6.053998947,-20.080316544,0.000000000,0.000000000,0.000000000,0.000000000,0.000000000,0.000000000,0.000000000,0.000000000,0.000000000,0.000000000,0.000000000,0.000000000
1751979497.269927,26.776000000,61.593441010,0.030000001,0.000000000,2.660247326,1.064277291,-95.758201599,6.578892708,6.036001205,-19.001201630,0.000000000,0.000000000,0.000000000,0.000000000,0.000000000,0.000000000,0.000000000,0.000000000,0.000000000,0.000000000,0.000000000,0.000000000
1751979497.272524,26.779000000,61.593441010,0.030000001,0.000000000,2.660247326,1.091276407,-94.138252258,6.578892708,6.018000603,-19.631223679,0.000000000,0.000000000,0.000000000,0.000000000,0.000000000,0.000000000,0.000000000,0.000000000,0.000000000,0.000000000,0.000000000,0.000000000
1751979497.275290,26.782000000,61.593441010,0.030000001,0.000000000,2.660247326,1.104778647,-93.328117371,6.578892708,5.990999222,-20.576271057,0.000000000,0.000000000,0.000000000,0.000000000,0.000000000,0.000000000,0.000000000,0.000000000,0.000000000,0.000000000,0.000000000,0.000000000
1751979497.277945,26.784000000,61.552944183,0.030000001,0.000000000,2.713430166,1.104778647,-96.519088745,6.527960300,5.972998619,-19.423658371,0.000000000,0.000000000,0.000000000,0.000000000,0.000000000,0.000000000,0.000000000,0.000000000,0.000000000,0.000000000,0.000000000,0.000000000
1751979497.280534,26.787000000,61.552944183,0.030000001,0.000000000,2.713430166,1.118278265,-95.709114075,6.527960300,5.945999622,-20.368623734,0.000000000,0.000000000,0.000000000,0.000000000,0.000000000,0.000000000,0.000000000,0.000000000,0.000000000,0.000000000,0.000000000,0.000000000
1751979497.283189,26.789000000,61.552944183,0.030000001,0.000000000,2.713430166,1.158779621,-93.279029846,6.527960300,5.919000626,-21.313589096,0.000000000,0.000000000,0.000000000,0.000000000,0.000000000,0.000000000,0.000000000,0.000000000,0.000000000,0.000000000,0.000000000,0.000000000
1751979497.285782,26.792000000,61.552944183,0.030000001,0.000000000,2.713430166,1.185778618,-91.659095764,6.527960300,5.901000023,-21.943609238,0.000000000,0.000000000,0.000000000,0.000000000,0.000000000,0.000000000,0.000000000,0.000000000,0.000000000,0.000000000,0.000000000,0.000000000
1751979497.288400,26.795000000,61.552944183,0.030000001,0.000000000,2.713430166,1.199280977,-90.848953247,6.527960300,5.882999897,-22.573614120,0.000000000,0.000000000,0.000000000,0.000000000,0.000000000,0.000000000,0.000000000,0.000000000,0.000000000,0.000000000,0.000000000,0.000000000
1751979497.290991,26.797000000,61.552944183,0.030000001,0.000000000,2.713430166,1.226279974,-89.229011536,6.527960300,5.856000900,-23.518579483,0.000000000,0.000000000,0.000000000,0.000000000,0.000000000,0.000000000,0.000000000,0.000000000,0.000000000,0.000000000,0.000000000,0.000000000
1751979497.293600,26.800000000,61.457443237,0.030000001,0.000000000,2.774207115,1.239782333,-92.065490723,6.484826088,5.838000298,-22.638902664,0.000000000,0.000000000,0.000000000,0.000000000,0.000000000,0.000000000,0.000000000,0.000000000,0.000000000,0.000000000,0.000000000,0.000000000
1751979497.296259,26.802000000,61.457443237,0.030000001,0.000000000,2.774207115,1.280280948,-89.635566711,6.484826088,5.828999043,-22.953947067,0.000000000,0.000000000,0.000000000,0.000000000,0.000000000,0.000000000,0.000000000,0.000000000,0.000000000,0.000000000,0.000000000,0.000000000
1751979497.298823,26.805000000,61.457443237,0.030000001,0.000000000,2.774207115,1.307282686,-88.015464783,6.484826088,5.793001175,-24.213871002,0.000000000,0.000000000,0.000000000,0.000000000,0.000000000,0.000000000,0.000000000,0.000000000,0.000000000,0.000000000,0.000000000,0.000000000
1751979497.301540,26.808000000,61.459388733,0.030000001,0.000000000,2.822141171,1.320782304,-90.081535339,6.448964596,5.765999317,-23.903785706,0.000000000,0.000000000,0.000000000,0.000000000,0.000000000,0.000000000,0.000000000,0.000000000,0.000000000,0.000000000,0.000000000,0.000000000
1751979497.304285,26.811000000,61.459388733,0.030000001,0.000000000,2.822141171,1.347784042,-88.461425781,6.448964596,5.757000446,-24.218746185,0.000000000,0.000000000,0.000000000,0.000000000,0.000000000,0.000000000,0.000000000,0.000000000,0.000000000,0.000000000,0.000000000,0.000000000
1751979497.306930,26.813000000,61.459388733,0.030000001,0.000000000,2.822141171,1.374783278,-86.841476440,6.448964596,5.739000320,-24.848749161,0.000000000,0.000000000,0.000000000,0.000000000,0.000000000,0.000000000,0.000000000,0.000000000,0.000000000,0.000000000,0.000000000,0.000000000
1751979497.309536,26.816000000,61.459388733,0.030000001,0.000000000,2.822141171,1.388285398,-86.031349182,6.448964596,5.720999718,-25.478771210,0.000000000,0.000000000,0.000000000,0.000000000,0.000000000,0.000000000,0.000000000,0.000000000,0.000000000,0.000000000,0.000000000,0.000000000
1751979497.312168,26.818000000,61.459388733,0.030000001,0.000000000,2.822141171,1.415284634,-84.411392212,6.448964596,5.720999718,-25.478771210,0.000000000,0.000000000,0.000000000,0.000000000,0.000000000,0.000000000,0.000000000,0.000000000,0.000000000,0.000000000,0.000000000,0.000000000
1751979497.314767,26.821000000,61.459388733,0.030000001,0.000000000,2.822141171,1.415284634,-84.411392212,6.448964596,5.712000847,-25.793731689,0.000000000,0.000000000,0.000000000,0.000000000,0.000000000,0.000000000,0.000000000,0.000000000,0.000000000,0.000000000,0.000000000,0.000000000
1751979497.317355,26.824000000,61.428474426,0.030000001,0.000000000,2.873535395,1.455785990,-85.064964294,6.397716522,5.666998863,-25.575119019,0.000000000,0.000000000,0.000000000,0.000000000,0.000000000,0.000000000,0.000000000,0.000000000,0.000000000,0.000000000,0.000000000,0.000000000
1751979497.319960,26.826000000,61.428474426,0.030000001,0.000000000,2.873535395,1.509786844,-81.824913025,6.397716522,5.676000595,-25.260057449,0.000000000,0.000000000,0.000000000,0.000000000,0.000000000,0.000000000,0.000000000,0.000000000,0.000000000,0.000000000,0.000000000,0.000000000
1751979497.322663,26.829000000,61.428474426,0.030000001,0.000000000,2.873535395,1.509786844,-81.824913025,6.397716522,5.666998863,-25.575119019,0.000000000,0.000000000,0.000000000,0.000000000,0.000000000,0.000000000,0.000000000,0.000000000,0.000000000,0.000000000,0.000000000,0.000000000
1751979497.325399,26.832000000,61.360584259,0.030000001,0.000000000,2.912721872,1.536788702,-82.555992126,6.356582165,5.639999866,-25.080379486,0.000000000,0.000000000,0.000000000,0.000000000,0.000000000,0.000000000,0.000000000,0.000000000,0.000000000,0.000000000,0.000000000,0.000000000
1751979497.328256,26.834000000,61.360584259,0.030000001,0.000000000,2.912721872,1.563787699,-80.936050415,6.356582165,5.639999866,-25.080379486,0.000000000,0.000000000,0.000000000,0.000000000,0.000000000,0.000000000,0.000000000,0.000000000,0.000000000,0.000000000,0.000000000,0.000000000
1751979497.330872,26.837000000,61.360584259,0.030000001,0.000000000,2.912721872,1.577290058,-80.125907898,6.356582165,5.639999866,-25.080379486,0.000000000,0.000000000,0.000000000,0.000000000,0.000000000,0.000000000,0.000000000,0.000000000,0.000000000,0.000000000,0.000000000,0.000000000
1751979497.333555,26.840000000,61.323135376,0.030000001,0.000000000,2.953928947,1.590789557,-81.788360596,6.317219257,5.621999741,-24.332683563,0.000000000,0.000000000,0.000000000,0.000000000,0.000000000,0.000000000,0.000000000,0.000000000,0.000000000,0.000000000,0.000000000,0.000000000
1751979497.336126,26.842000000,61.323135376,0.030000001,0.000000000,2.953928947,1.604289055,-80.978393555,6.317219257,5.631000996,-24.017639160,0.000000000,0.000000000,0.000000000,0.000000000,0.000000000,0.000000000,0.000000000,0.000000000,0.000000000,0.000000000,0.000000000,0.000000000
1751979497.338657,26.845000000,61.323135376,0.030000001,0.000000000,2.953928947,1.617791414,-80.168251038,6.317219257,5.621999741,-24.332683563,0.000000000,0.000000000,0.000000000,0.000000000,0.000000000,0.000000000,0.000000000,0.000000000,0.000000000,0.000000000,0.000000000,0.000000000
1751979497.341249,26.847000000,61.323135376,0.030000001,0.000000000,2.953928947,1.617791414,-80.168251038,6.317219257,5.603999138,-24.962703705,0.000000000,0.000000000,0.000000000,0.000000000,0.000000000,0.000000000,0.000000000,0.000000000,0.000000000,0.000000000,0.000000000,0.000000000
1751979497.343813,26.850000000,61.323135376,0.030000001,0.000000000,2.953928947,1.631290913,-79.358283997,6.317219257,5.585999012,-25.592708588,0.000000000,0.000000000,0.000000000,0.000000000,0.000000000,0.000000000,0.000000000,0.000000000,0.000000000,0.000000000,0.000000000,0.000000000
1751979497.346377,26.853000000,61.323135376,0.030000001,0.000000000,2.953928947,1.658292770,-77.738174438,6.317219257,5.585999012,-25.592708588,0.000000000,0.000000000,0.000000000,0.000000000,0.000000000,0.000000000,0.000000000,0.000000000,0.000000000,0.000000000,0.000000000,0.000000000
1751979497.349014,26.855000000,61.304069519,0.030000001,0.000000000,3.021457911,1.658292770,-81.789909363,6.262205601,5.585999012,-23.667230606,0.000000000,0.000000000,0.000000000,0.000000000,0.000000000,0.000000000,0.000000000,0.000000000,0.000000000,0.000000000,0.000000000,0.000000000
1751979497.351628,26.858000000,61.304069519,0.030000001,0.000000000,3.021457911,1.671792269,-80.979934692,6.262205601,5.568001270,-24.297151566,0.000000000,0.000000000,0.000000000,0.000000000,0.000000000,0.000000000,0.000000000,0.000000000,0.000000000,0.000000000,0.000000000,0.000000000
1751979497.354206,26.860000000,61.304069519,0.030000001,0.000000000,3.021457911,1.685291767,-80.169967651,6.262205601,5.550001144,-24.927156448,0.000000000,0.000000000,0.000000000,0.000000000,0.000000000,0.000000000,0.000000000,0.000000000,0.000000000,0.000000000,0.000000000,0.000000000
1751979497.356880,26.863000000,61.298294067,0.030000001,0.000000000,3.085499048,1.698791385,-83.202461243,6.225944042,5.550001144,-23.658000946,0.000000000,0.000000000,0.000000000,0.000000000,0.000000000,0.000000000,0.000000000,0.000000000,0.000000000,0.000000000,0.000000000,0.000000000
1751979497.359520,26.866000000,61.298294067,0.030000001,0.000000000,3.085499048,1.712293625,-82.392326355,6.225944042,5.532000542,-24.288022995,0.000000000,0.000000000,0.000000000,0.000000000,0.000000000,0.000000000,0.000000000,0.000000000,0.000000000,0.000000000,0.000000000,0.000000000
1751979497.362299,26.868000000,61.298294067,0.030000001,0.000000000,3.085499048,1.739292741,-80.772377014,6.225944042,5.514000416,-24.918025970,0.000000000,0.000000000,0.000000000,0.000000000,0.000000000,0.000000000,0.000000000,0.000000000,0.000000000,0.000000000,0.000000000,0.000000000
1751979497.364807,26.871000000,61.298294067,0.030000001,0.000000000,3.085499048,1.739292741,-80.772377014,6.225944042,5.514000416,-24.918025970,0.000000000,0.000000000,0.000000000,0.000000000,0.000000000,0.000000000,0.000000000,0.000000000,0.000000000,0.000000000,0.000000000,0.000000000
1751979497.367388,26.874000000,61.298294067,0.030000001,0.000000000,3.085499048,1.752794981,-79.962242126,6.225944042,5.504998684,-25.233087540,0.000000000,0.000000000,0.000000000,0.000000000,0.000000000,0.000000000,0.000000000,0.000000000,0.000000000,0.000000000,0.000000000,0.000000000
1751979497.369977,26.876000000,61.298294067,0.030000001,0.000000000,3.085499048,1.779794097,-78.342300415,6.225944042,5.487001419,-25.862991333,0.000000000,0.000000000,0.000000000,0.000000000,0.000000000,0.000000000,0.000000000,0.000000000,0.000000000,0.000000000,0.000000000,0.000000000
1751979497.372582,26.879000000,61.298294067,0.030000001,0.000000000,3.085499048,1.793293715,-77.532318115,6.225944042,5.459999561,-26.808055878,0.000000000,0.000000000,0.000000000,0.000000000,0.000000000,0.000000000,0.000000000,0.000000000,0.000000000,0.000000000,0.000000000,0.000000000
1751979497.375223,26.881000000,61.258613586,0.030000001,0.000000000,3.128862381,1.806795835,-79.323989868,6.181206703,5.451000690,-25.557210922,0.000000000,0.000000000,0.000000000,0.000000000,0.000000000,0.000000000,0.000000000,0.000000000,0.000000000,0.000000000,0.000000000,0.000000000
1751979497.377843,26.884000000,61.258613586,0.030000001,0.000000000,3.128862381,1.820295453,-78.514015198,6.181206703,5.441998959,-25.872270584,0.000000000,0.000000000,0.000000000,0.000000000,0.000000000,0.000000000,0.000000000,0.000000000,0.000000000,0.000000000,0.000000000,0.000000000
1751979497.380433,26.887000000,61.299011230,0.030000001,0.000000000,3.204585075,1.833795071,-82.247398376,6.165584564,5.423998833,-25.955501556,0.000000000,0.000000000,0.000000000,0.000000000,0.000000000,0.000000000,0.000000000,0.000000000,0.000000000,0.000000000,0.000000000,0.000000000
1751979497.383012,26.889000000,61.299011230,0.030000001,0.000000000,3.204585075,1.860796809,-80.627296448,6.165584564,5.406001091,-26.585422516,0.000000000,0.000000000,0.000000000,0.000000000,0.000000000,0.000000000,0.000000000,0.000000000,0.000000000,0.000000000,0.000000000,0.000000000
1751979497.385579,26.892000000,61.299011230,0.030000001,0.000000000,3.204585075,1.874296427,-79.817321777,6.165584564,5.396999836,-26.900465012,0.000000000,0.000000000,0.000000000,0.000000000,0.000000000,0.000000000,0.000000000,0.000000000,0.000000000,0.000000000,0.000000000,0.000000000
1751979497.388171,26.894000000,61.299011230,0.030000001,0.000000000,3.204585075,1.887795925,-79.007347107,6.165584564,5.378999233,-27.530487061,0.000000000,0.000000000,0.000000000,0.000000000,0.000000000,0.000000000,0.000000000,0.000000000,0.000000000,0.000000000,0.000000000,0.000000000
1751979497.390757,26.897000000,61.299011230,0.030000001,0.000000000,3.204585075,1.887795925,-79.007347107,6.165584564,5.360999107,-28.160491943,0.000000000,0.000000000,0.000000000,0.000000000,0.000000000,0.000000000,0.000000000,0.000000000,0.000000000,0.000000000,0.000000000,0.000000000
1751979497.393484,26.900000000,61.299011230,0.030000001,0.000000000,3.204585075,1.901298165,-78.197212219,6.165584564,5.352000237,-28.475452423,0.000000000,0.000000000,0.000000000,0.000000000,0.000000000,0.000000000,0.000000000,0.000000000,0.000000000,0.000000000,0.000000000,0.000000000
1751979497.396148,26.902000000,61.357368469,0.030000001,0.000000000,3.268132925,1.901298165,-82.010086060,6.147196293,5.342998981,-28.146905899,0.000000000,0.000000000,0.000000000,0.000000000,0.000000000,0.000000000,0.000000000,0.000000000,0.000000000,0.000000000,0.000000000,0.000000000
1751979497.398709,26.905000000,61.357368469,0.030000001,0.000000000,3.268132925,1.928297281,-80.390136719,6.147196293,5.325001240,-28.776826859,0.000000000,0.000000000,0.000000000,0.000000000,0.000000000,0.000000000,0.000000000,0.000000000,0.000000000,0.000000000,0.000000000,0.000000000
1751979497.401273,26.908000000,61.357368469,0.030000001,0.000000000,3.268132925,1.941799521,-79.580001831,6.147196293,5.315999508,-29.091888428,0.000000000,0.000000000,0.000000000,0.000000000,0.000000000,0.000000000,0.000000000,0.000000000,0.000000000,0.000000000,0.000000000,0.000000000
1751979497.403875,26.910000000,61.357368469,0.030000001,0.000000000,3.268132925,1.955299139,-78.770027161,6.147196293,5.307001114,-29.406831741,0.000000000,0.000000000,0.000000000,0.000000000,0.000000000,0.000000000,0.000000000,0.000000000,0.000000000,0.000000000,0.000000000,0.000000000
1751979497.406461,26.913000000,61.359710693,0.030000001,0.000000000,3.330788612,1.955299139,-82.529365540,6.102506161,5.297999382,-28.157737732,0.000000000,0.000000000,0.000000000,0.000000000,0.000000000,0.000000000,0.000000000,0.000000000,0.000000000,0.000000000,0.000000000,0.000000000
1751979497.409047,26.915000000,61.359710693,0.030000001,0.000000000,3.330788612,1.982300878,-80.909263611,6.102506161,5.279999256,-28.787742615,0.000000000,0.000000000,0.000000000,0.000000000,0.000000000,0.000000000,0.000000000,0.000000000,0.000000000,0.000000000,0.000000000,0.000000000
1751979497.411798,26.918000000,61.361843109,0.030000001,0.000000000,3.404250860,1.995800495,-84.507019043,6.074562550,5.271000385,-28.124675751,0.000000000,0.000000000,0.000000000,0.000000000,0.000000000,0.000000000,0.000000000,0.000000000,0.000000000,0.000000000,0.000000000,0.000000000
1751979497.414565,26.921000000,61.361843109,0.030000001,0.000000000,3.404250860,1.995800495,-84.507019043,6.074562550,5.252999783,-28.754695892,0.000000000,0.000000000,0.000000000,0.000000000,0.000000000,0.000000000,0.000000000,0.000000000,0.000000000,0.000000000,0.000000000,0.000000000
1751979497.417390,26.924000000,61.361843109,0.030000001,0.000000000,3.404250860,2.009299994,-83.697052002,6.074562550,5.244001389,-29.069641113,0.000000000,0.000000000,0.000000000,0.000000000,0.000000000,0.000000000,0.000000000,0.000000000,0.000000000,0.000000000,0.000000000,0.000000000
1751979497.420136,26.926000000,61.361843109,0.030000001,0.000000000,3.404250860,2.009299994,-83.697052002,6.074562550,5.234999657,-29.384700775,0.000000000,0.000000000,0.000000000,0.000000000,0.000000000,0.000000000,0.000000000,0.000000000,0.000000000,0.000000000,0.000000000,0.000000000
1751979497.422821,26.929000000,61.361843109,0.030000001,0.000000000,3.404250860,2.022799492,-82.887084961,6.074562550,5.216999531,-30.014705658,0.000000000,0.000000000,0.000000000,0.000000000,0.000000000,0.000000000,0.000000000,0.000000000,0.000000000,0.000000000,0.000000000,0.000000000
1751979497.425515,26.932000000,61.361843109,0.030000001,0.000000000,3.404250860,2.022799492,-82.887084961,6.074562550,5.208000660,-30.329666138,0.000000000,0.000000000,0.000000000,0.000000000,0.000000000,0.000000000,0.000000000,0.000000000,0.000000000,0.000000000,0.000000000,0.000000000
1751979497.428231,26.934000000,61.333164215,0.030000001,0.000000000,3.446710110,2.022799492,-85.434638977,6.033529282,5.190000057,-29.523523331,0.000000000,0.000000000,0.000000000,0.000000000,0.000000000,0.000000000,0.000000000,0.000000000,0.000000000,0.000000000,0.000000000,0.000000000
1751979497.430817,26.937000000,61.333164215,0.030000001,0.000000000,3.446710110,2.036301851,-84.624496460,6.033529282,5.180998802,-29.838565826,0.000000000,0.000000000,0.000000000,0.000000000,0.000000000,0.000000000,0.000000000,0.000000000,0.000000000,0.000000000,0.000000000,0.000000000
1751979497.433412,26.940000000,61.333164215,0.030000001,0.000000000,3.446710110,2.036301851,-84.624496460,6.033529282,5.163001060,-30.468486786,0.000000000,0.000000000,0.000000000,0.000000000,0.000000000,0.000000000,0.000000000,0.000000000,0.000000000,0.000000000,0.000000000,0.000000000
1751979497.436030,26.942000000,61.333164215,0.030000001,0.000000000,3.446710110,2.036301851,-84.624496460,6.033529282,5.153999805,-30.783531189,0.000000000,0.000000000,0.000000000,0.000000000,0.000000000,0.000000000,0.000000000,0.000000000,0.000000000,0.000000000,0.000000000,0.000000000
1751979497.438592,26.945000000,61.396102905,0.030000001,0.000000000,3.483419657,2.036301851,-86.827072144,5.991112709,5.163001060,-28.983907700,0.000000000,0.000000000,0.000000000,0.000000000,0.000000000,0.000000000,0.000000000,0.000000000,0.000000000,0.000000000,0.000000000,0.000000000
1751979497.441206,26.947000000,61.396102905,0.030000001,0.000000000,3.483419657,2.049801350,-86.017097473,5.991112709,5.145000935,-29.613912582,0.000000000,0.000000000,0.000000000,0.000000000,0.000000000,0.000000000,0.000000000,0.000000000,0.000000000,0.000000000,0.000000000,0.000000000
1751979497.443881,26.950000000,61.396102905,0.030000001,0.000000000,3.483419657,2.049801350,-86.017097473,5.991112709,5.127000332,-30.243932724,0.000000000,0.000000000,0.000000000,0.000000000,0.000000000,0.000000000,0.000000000,0.000000000,0.000000000,0.000000000,0.000000000,0.000000000
1751979497.446529,26.953000000,61.396102905,0.030000001,0.000000000,3.483419657,2.049801350,-86.017097473,5.991112709,5.127000332,-30.243932724,0.000000000,0.000000000,0.000000000,0.000000000,0.000000000,0.000000000,0.000000000,0.000000000,0.000000000,0.000000000,0.000000000,0.000000000
1751979497.449105,26.955000000,61.396102905,0.030000001,0.000000000,3.483419657,2.049801350,-86.017097473,5.991112709,5.127000332,-30.243932724,0.000000000,0.000000000,0.000000000,0.000000000,0.000000000,0.000000000,0.000000000,0.000000000,0.000000000,0.000000000,0.000000000,0.000000000
1751979497.451712,26.958000000,61.321155548,0.030000001,0.000000000,3.540964603,2.049801350,-89.469795227,5.945654869,5.109000206,-29.282913208,0.000000000,0.000000000,0.000000000,0.000000000,0.000000000,0.000000000,0.000000000,0.000000000,0.000000000,0.000000000,0.000000000,0.000000000
1751979497.454292,26.961000000,61.321155548,0.030000001,0.000000000,3.540964603,2.049801350,-89.469795227,5.945654869,5.099998474,-29.597972870,0.000000000,0.000000000,0.000000000,0.000000000,0.000000000,0.000000000,0.000000000,0.000000000,0.000000000,0.000000000,0.000000000,0.000000000
1751979497.456928,26.963000000,61.321155548,0.030000001,0.000000000,3.540964603,2.049801350,-89.469795227,5.945654869,5.091000080,-29.912918091,0.000000000,0.000000000,0.000000000,0.000000000,0.000000000,0.000000000,0.000000000,0.000000000,0.000000000,0.000000000,0.000000000,0.000000000
1751979497.459666,26.966000000,61.321155548,0.030000001,0.000000000,3.540964603,2.049801350,-89.469795227,5.945654869,5.099998474,-29.597972870,0.000000000,0.000000000,0.000000000,0.000000000,0.000000000,0.000000000,0.000000000,0.000000000,0.000000000,0.000000000,0.000000000,0.000000000
1751979497.462544,26.969000000,61.344898224,0.030000001,0.000000000,3.569660902,2.049801350,-91.191574097,5.897120476,5.091000080,-28.214214325,0.000000000,0.000000000,0.000000000,0.000000000,0.000000000,0.000000000,0.000000000,0.000000000,0.000000000,0.000000000,0.000000000,0.000000000
1751979497.465225,26.971000000,61.344898224,0.030000001,0.000000000,3.569660902,2.049801350,-91.191574097,5.897120476,5.091000080,-28.214214325,0.000000000,0.000000000,0.000000000,0.000000000,0.000000000,0.000000000,0.000000000,0.000000000,0.000000000,0.000000000,0.000000000,0.000000000
1751979497.467937,26.974000000,61.344898224,0.030000001,0.000000000,3.569660902,2.049801350,-91.191574097,5.897120476,5.091000080,-28.214214325,0.000000000,0.000000000,0.000000000,0.000000000,0.000000000,0.000000000,0.000000000,0.000000000,0.000000000,0.000000000,0.000000000,0.000000000
1751979497.470545,26.977000000,61.376682281,0.030000001,0.000000000,3.616193295,2.049801350,-93.983520508,5.836489677,5.091000080,-26.092136383,0.000000000,0.000000000,0.000000000,0.000000000,0.000000000,0.000000000,0.000000000,0.000000000,0.000000000,0.000000000,0.000000000,0.000000000
1751979497.473213,26.979000000,61.376682281,0.030000001,0.000000000,3.616193295,2.049801350,-93.983520508,5.836489677,5.091000080,-26.092136383,0.000000000,0.000000000,0.000000000,0.000000000,0.000000000,0.000000000,0.000000000,0.000000000,0.000000000,0.000000000,0.000000000,0.000000000
1751979497.475830,26.982000000,61.376682281,0.030000001,0.000000000,3.616193295,2.063300848,-93.173545837,5.836489677,5.091000080,-26.092136383,0.000000000,0.000000000,0.000000000,0.000000000,0.000000000,0.000000000,0.000000000,0.000000000,0.000000000,0.000000000,0.000000000,0.000000000
1751979497.478472,26.985000000,61.376682281,0.030000001,0.000000000,3.616193295,2.063300848,-93.173545837,5.836489677,5.091000080,-26.092136383,0.000000000,0.000000000,0.000000000,0.000000000,0.000000000,0.000000000,0.000000000,0.000000000,0.000000000,0.000000000,0.000000000,0.000000000
1751979497.481207,26.987000000,61.376682281,0.030000001,0.000000000,3.616193295,2.063300848,-93.173545837,5.836489677,5.091000080,-26.092136383,0.000000000,0.000000000,0.000000000,0.000000000,0.000000000,0.000000000,0.000000000,0.000000000,0.000000000,0.000000000,0.000000000,0.000000000
1751979497.483887,26.990000000,61.434673309,0.030000001,0.000000000,3.662941217,2.063300848,-95.978424072,5.773762703,5.091000080,-23.896692276,0.000000000,0.000000000,0.000000000,0.000000000,0.000000000,0.000000000,0.000000000,0.000000000,0.000000000,0.000000000,0.000000000,0.000000000
1751979497.486590,26.993000000,61.434673309,0.030000001,0.000000000,3.662941217,2.063300848,-95.978424072,5.773762703,5.099998474,-23.581748962,0.000000000,0.000000000,0.000000000,0.000000000,0.000000000,0.000000000,0.000000000,0.000000000,0.000000000,0.000000000,0.000000000,0.000000000
1751979497.489352,26.996000000,61.434673309,0.030000001,0.000000000,3.662941217,2.063300848,-95.978424072,5.773762703,5.099998474,-23.581748962,0.000000000,0.000000000,0.000000000,0.000000000,0.000000000,0.000000000,0.000000000,0.000000000,0.000000000,0.000000000,0.000000000,0.000000000
1751979497.492020,26.998000000,61.434673309,0.030000001,0.000000000,3.662941217,2.063300848,-95.978424072,5.773762703,5.099998474,-23.581748962,0.000000000,0.000000000,0.000000000,0.000000000,0.000000000,0.000000000,0.000000000,0.000000000,0.000000000,0.000000000,0.000000000,0.000000000
1751979497.494615,27.001000000,61.410911560,0.030000001,0.000000000,3.667278051,2.063300848,-96.238632202,5.713473320,5.099998474,-21.471618652,0.000000000,0.000000000,0.000000000,0.000000000,0.000000000,0.000000000,0.000000000,0.000000000,0.000000000,0.000000000,0.000000000,0.000000000
1751979497.497248,27.003000000,61.410911560,0.030000001,0.000000000,3.667278051,2.076803207,-95.428489685,5.713473320,5.099998474,-21.471618652,0.000000000,0.000000000,0.000000000,0.000000000,0.000000000,0.000000000,0.000000000,0.000000000,0.000000000,0.000000000,0.000000000,0.000000000
1751979497.499851,27.006000000,61.365318298,0.030000001,0.000000000,3.679537773,2.076803207,-96.164077759,5.640915394,5.099998474,-18.932092667,0.000000000,0.000000000,0.000000000,0.000000000,0.000000000,0.000000000,0.000000000,0.000000000,0.000000000,0.000000000,0.000000000,0.000000000
1751979497.502455,27.009000000,61.365318298,0.030000001,0.000000000,3.679537773,2.076803207,-96.164077759,5.640915394,5.099998474,-18.932092667,0.000000000,0.000000000,0.000000000,0.000000000,0.000000000,0.000000000,0.000000000,0.000000000,0.000000000,0.000000000,0.000000000,0.000000000
1751979497.505049,27.011000000,61.365318298,0.030000001,0.000000000,3.679537773,2.076803207,-96.164077759,5.640915394,5.099998474,-18.932092667,0.000000000,0.000000000,0.000000000,0.000000000,0.000000000,0.000000000,0.000000000,0.000000000,0.000000000,0.000000000,0.000000000,0.000000000
1751979497.507642,27.014000000,61.365318298,0.030000001,0.000000000,3.679537773,2.076803207,-96.164077759,5.640915394,5.099998474,-18.932092667,0.000000000,0.000000000,0.000000000,0.000000000,0.000000000,0.000000000,0.000000000,0.000000000,0.000000000,0.000000000,0.000000000,0.000000000
1751979497.510447,27.017000000,61.365318298,0.030000001,0.000000000,3.679537773,2.076803207,-96.164077759,5.640915394,5.099998474,-18.932092667,0.000000000,0.000000000,0.000000000,0.000000000,0.000000000,0.000000000,0.000000000,0.000000000,0.000000000,0.000000000,0.000000000,0.000000000
1751979497.513360,27.019000000,61.365318298,0.030000001,0.000000000,3.679537773,2.076803207,-96.164077759,5.640915394,5.099998474,-18.932092667,0.000000000,0.000000000,0.000000000,0.000000000,0.000000000,0.000000000,0.000000000,0.000000000,0.000000000,0.000000000,0.000000000,0.000000000
1751979497.516011,27.022000000,61.365318298,0.030000001,0.000000000,3.679537773,2.076803207,-96.164077759,5.640915394,5.099998474,-18.932092667,0.000000000,0.000000000,0.000000000,0.000000000,0.000000000,0.000000000,0.000000000,0.000000000,0.000000000,0.000000000,0.000000000,0.000000000
1751979497.518620,27.025000000,61.297557831,0.030000001,0.000000000,3.708414555,2.076803207,-97.896682739,5.568582058,5.099998474,-16.400424957,0.000000000,0.000000000,0.000000000,0.000000000,0.000000000,0.000000000,0.000000000,0.000000000,0.000000000,0.000000000,0.000000000,0.000000000
1751979497.521267,27.027000000,61.297557831,0.030000001,0.000000000,3.708414555,2.076803207,-97.896682739,5.568582058,5.099998474,-16.400424957,0.000000000,0.000000000,0.000000000,0.000000000,0.000000000,0.000000000,0.000000000,0.000000000,0.000000000,0.000000000,0.000000000,0.000000000
1751979497.523880,27.030000000,61.324047089,0.030000001,0.000000000,3.730199575,2.076803207,-99.203781128,5.509389400,5.099998474,-14.328681946,0.000000000,0.000000000,0.000000000,0.000000000,0.000000000,0.000000000,0.000000000,0.000000000,0.000000000,0.000000000,0.000000000,0.000000000
1751979497.526503,27.033000000,61.324047089,0.030000001,0.000000000,3.730199575,2.090302706,-98.393814087,5.509389400,5.099998474,-14.328681946,0.000000000,0.000000000,0.000000000,0.000000000,0.000000000,0.000000000,0.000000000,0.000000000,0.000000000,0.000000000,0.000000000,0.000000000
1751979497.529177,27.035000000,61.324047089,0.030000001,0.000000000,3.730199575,2.090302706,-98.393814087,5.509389400,5.099998474,-14.328681946,0.000000000,0.000000000,0.000000000,0.000000000,0.000000000,0.000000000,0.000000000,0.000000000,0.000000000,0.000000000,0.000000000,0.000000000
1751979497.531782,27.038000000,61.324047089,0.030000001,0.000000000,3.730199575,2.090302706,-98.393814087,5.509389400,5.099998474,-14.328681946,0.000000000,0.000000000,0.000000000,0.000000000,0.000000000,0.000000000,0.000000000,0.000000000,0.000000000,0.000000000,0.000000000,0.000000000
1751979497.534391,27.041000000,61.324047089,0.030000001,0.000000000,3.730199575,2.090302706,-98.393814087,5.509389400,5.099998474,-14.328681946,0.000000000,0.000000000,0.000000000,0.000000000,0.000000000,0.000000000,0.000000000,0.000000000,0.000000000,0.000000000,0.000000000,0.000000000
1751979497.536983,27.043000000,61.324047089,0.030000001,0.000000000,3.730199575,2.090302706,-98.393814087,5.509389400,5.099998474,-14.328681946,0.000000000,0.000000000,0.000000000,0.000000000,0.000000000,0.000000000,0.000000000,0.000000000,0.000000000,0.000000000,0.000000000,0.000000000
1751979497.539590,27.046000000,61.324047089,0.030000001,0.000000000,3.730199575,2.090302706,-98.393814087,5.509389400,5.099998474,-14.328681946,0.000000000,0.000000000,0.000000000,0.000000000,0.000000000,0.000000000,0.000000000,0.000000000,0.000000000,0.000000000,0.000000000,0.000000000
1751979497.542199,27.048000000,61.327415466,0.030000001,0.000000000,3.757288933,2.090302706,-100.019172668,5.440698147,5.099998474,-11.924488068,0.000000000,0.000000000,0.000000000,0.000000000,0.000000000,0.000000000,0.000000000,0.000000000,0.000000000,0.000000000,0.000000000,0.000000000
1751979497.544789,27.051000000,61.327415466,0.030000001,0.000000000,3.757288933,2.090302706,-100.019172668,5.440698147,5.099998474,-11.924488068,0.000000000,0.000000000,0.000000000,0.000000000,0.000000000,0.000000000,0.000000000,0.000000000,0.000000000,0.000000000,0.000000000,0.000000000
1751979497.547398,27.054000000,61.327415466,0.030000001,0.000000000,3.757288933,2.090302706,-100.019172668,5.440698147,5.099998474,-11.924488068,0.000000000,0.000000000,0.000000000,0.000000000,0.000000000,0.000000000,0.000000000,0.000000000,0.000000000,0.000000000,0.000000000,0.000000000
1751979497.550022,27.056000000,61.267166138,0.030000001,0.000000000,3.765344620,2.090302706,-100.502517700,5.383020878,5.099998474,-9.905784607,0.000000000,0.000000000,0.000000000,0.000000000,0.000000000,0.000000000,0.000000000,0.000000000,0.000000000,0.000000000,0.000000000,0.000000000
1751979497.552624,27.059000000,61.267166138,0.030000001,0.000000000,3.765344620,2.090302706,-100.502517700,5.383020878,5.099998474,-9.905784607,0.000000000,0.000000000,0.000000000,0.000000000,0.000000000,0.000000000,0.000000000,0.000000000,0.000000000,0.000000000,0.000000000,0.000000000
1751979497.555220,27.061000000,61.267166138,0.030000001,0.000000000,3.765344620,2.090302706,-100.502517700,5.383020878,5.099998474,-9.905784607,0.000000000,0.000000000,0.000000000,0.000000000,0.000000000,0.000000000,0.000000000,0.000000000,0.000000000,0.000000000,0.000000000,0.000000000
1751979497.557808,27.064000000,61.311607361,0.030000001,0.000000000,3.778356552,2.090302706,-101.283233643,5.347981930,5.091000080,-8.994364738,0.000000000,0.000000000,0.000000000,0.000000000,0.000000000,0.000000000,0.000000000,0.000000000,0.000000000,0.000000000,0.000000000,0.000000000
1751979497.560485,27.067000000,61.311607361,0.030000001,0.000000000,3.778356552,2.090302706,-101.283233643,5.347981930,5.091000080,-8.994364738,0.000000000,0.000000000,0.000000000,0.000000000,0.000000000,0.000000000,0.000000000,0.000000000,0.000000000,0.000000000,0.000000000,0.000000000
1751979497.563302,27.069000000,61.311607361,0.030000001,0.000000000,3.778356552,2.090302706,-101.283233643,5.347981930,5.091000080,-8.994364738,0.000000000,0.000000000,0.000000000,0.000000000,0.000000000,0.000000000,0.000000000,0.000000000,0.000000000,0.000000000,0.000000000,0.000000000
1751979497.565857,27.072000000,61.311607361,0.030000001,0.000000000,3.778356552,2.103802204,-100.473258972,5.347981930,5.082001209,-9.309325218,0.000000000,0.000000000,0.000000000,0.000000000,0.000000000,0.000000000,0.000000000,0.000000000,0.000000000,0.000000000,0.000000000,0.000000000
1751979497.568537,27.075000000,61.311607361,0.030000001,0.000000000,3.778356552,2.103802204,-100.473258972,5.347981930,5.082001209,-9.309325218,0.000000000,0.000000000,0.000000000,0.000000000,0.000000000,0.000000000,0.000000000,0.000000000,0.000000000,0.000000000,0.000000000,0.000000000
1751979497.571196,27.077000000,61.311607361,0.030000001,0.000000000,3.778356552,2.103802204,-100.473258972,5.347981930,5.072999477,-9.624385834,0.000000000,0.000000000,0.000000000,0.000000000,0.000000000,0.000000000,0.000000000,0.000000000,0.000000000,0.000000000,0.000000000,0.000000000
1751979497.573781,27.080000000,61.288387299,0.030000001,0.000000000,3.810418367,2.103802204,-102.396972656,5.303334713,5.072999477,-8.061733246,0.000000000,0.000000000,0.000000000,0.000000000,0.000000000,0.000000000,0.000000000,0.000000000,0.000000000,0.000000000,0.000000000,0.000000000
1751979497.576466,27.083000000,61.288387299,0.030000001,0.000000000,3.810418367,2.117301941,-101.586982727,5.303334713,5.072999477,-8.061733246,0.000000000,0.000000000,0.000000000,0.000000000,0.000000000,0.000000000,0.000000000,0.000000000,0.000000000,0.000000000,0.000000000,0.000000000
1751979497.579148,27.085000000,61.288387299,0.030000001,0.000000000,3.810418367,2.144303560,-99.966888428,5.303334713,5.064000607,-8.376693726,0.000000000,0.000000000,0.000000000,0.000000000,0.000000000,0.000000000,0.000000000,0.000000000,0.000000000,0.000000000,0.000000000,0.000000000
1751979497.581827,27.088000000,61.234344482,0.030000001,0.000000000,3.874141693,2.144303560,-103.790290833,5.260627747,5.064000607,-6.881949902,0.000000000,0.000000000,0.000000000,0.000000000,0.000000000,0.000000000,0.000000000,0.000000000,0.000000000,0.000000000,0.000000000,0.000000000
1751979497.584520,27.091000000,61.234344482,0.030000001,0.000000000,3.874141693,2.157803059,-102.980316162,5.260627747,5.054999352,-7.196993828,0.000000000,0.000000000,0.000000000,0.000000000,0.000000000,0.000000000,0.000000000,0.000000000,0.000000000,0.000000000,0.000000000,0.000000000
1751979497.587233,27.093000000,61.234344482,0.030000001,0.000000000,3.874141693,2.171305418,-102.170173645,5.260627747,5.046000481,-7.511954308,0.000000000,0.000000000,0.000000000,0.000000000,0.000000000,0.000000000,0.000000000,0.000000000,0.000000000,0.000000000,0.000000000,0.000000000
1751979497.589988,27.096000000,61.234344482,0.030000001,0.000000000,3.874141693,2.184804916,-101.360206604,5.260627747,5.046000481,-7.511954308,0.000000000,0.000000000,0.000000000,0.000000000,0.000000000,0.000000000,0.000000000,0.000000000,0.000000000,0.000000000,0.000000000,0.000000000
1751979497.592705,27.099000000,61.234344482,0.030000001,0.000000000,3.874141693,2.184804916,-101.360206604,5.260627747,5.036998749,-7.827014923,0.000000000,0.000000000,0.000000000,0.000000000,0.000000000,0.000000000,0.000000000,0.000000000,0.000000000,0.000000000,0.000000000,0.000000000
1751979497.595463,27.102000000,61.234344482,0.030000001,0.000000000,3.874141693,2.198304653,-100.550224304,5.260627747,5.028000355,-8.141958237,0.000000000,0.000000000,0.000000000,0.000000000,0.000000000,0.000000000,0.000000000,0.000000000,0.000000000,0.000000000,0.000000000,0.000000000
1751979497.598192,27.104000000,61.279571533,0.030000001,0.000000000,3.885445118,2.211804152,-100.418457031,5.219816208,5.028000355,-6.713554859,0.000000000,0.000000000,0.000000000,0.000000000,0.000000000,0.000000000,0.000000000,0.000000000,0.000000000,0.000000000,0.000000000,0.000000000
1751979497.600918,27.107000000,61.279571533,0.030000001,0.000000000,3.885445118,2.211804152,-100.418457031,5.219816208,5.018998623,-7.028615475,0.000000000,0.000000000,0.000000000,0.000000000,0.000000000,0.000000000,0.000000000,0.000000000,0.000000000,0.000000000,0.000000000,0.000000000
1751979497.603610,27.110000000,61.279571533,0.030000001,0.000000000,3.885445118,2.225306273,-99.608329773,5.219816208,5.009999752,-7.343575954,0.000000000,0.000000000,0.000000000,0.000000000,0.000000000,0.000000000,0.000000000,0.000000000,0.000000000,0.000000000,0.000000000,0.000000000
1751979497.606202,27.112000000,61.226013184,0.030000001,0.000000000,3.923896313,2.238805771,-101.105430603,5.174654007,5.001000881,-6.077859402,0.000000000,0.000000000,0.000000000,0.000000000,0.000000000,0.000000000,0.000000000,0.000000000,0.000000000,0.000000000,0.000000000,0.000000000
1751979497.608837,27.115000000,61.226013184,0.030000001,0.000000000,3.923896313,2.252305508,-100.295448303,5.174654007,5.001000881,-6.077859402,0.000000000,0.000000000,0.000000000,0.000000000,0.000000000,0.000000000,0.000000000,0.000000000,0.000000000,0.000000000,0.000000000,0.000000000
1751979497.611402,27.118000000,61.226013184,0.030000001,0.000000000,3.923896313,2.252305508,-100.295448303,5.174654007,4.983000755,-6.707863808,0.000000000,0.000000000,0.000000000,0.000000000,0.000000000,0.000000000,0.000000000,0.000000000,0.000000000,0.000000000,0.000000000,0.000000000
1751979497.614061,27.120000000,61.226013184,0.030000001,0.000000000,3.923896313,2.265807629,-99.485321045,5.174654007,4.983000755,-6.707863808,0.000000000,0.000000000,0.000000000,0.000000000,0.000000000,0.000000000,0.000000000,0.000000000,0.000000000,0.000000000,0.000000000,0.000000000
1751979497.616671,27.123000000,61.226013184,0.030000001,0.000000000,3.923896313,2.265807629,-99.485321045,5.174654007,4.973999023,-7.022924423,0.000000000,0.000000000,0.000000000,0.000000000,0.000000000,0.000000000,0.000000000,0.000000000,0.000000000,0.000000000,0.000000000,0.000000000
1751979497.619297,27.126000000,61.226013184,0.030000001,0.000000000,3.923896313,2.279307365,-98.675338745,5.174654007,4.973999023,-7.022924423,0.000000000,0.000000000,0.000000000,0.000000000,0.000000000,0.000000000,0.000000000,0.000000000,0.000000000,0.000000000,0.000000000,0.000000000
1751979497.621938,27.128000000,61.281375885,0.030000001,0.000000000,3.926861525,2.279307365,-98.853248596,5.143323898,4.965000629,-6.241314411,0.000000000,0.000000000,0.000000000,0.000000000,0.000000000,0.000000000,0.000000000,0.000000000,0.000000000,0.000000000,0.000000000,0.000000000
1751979497.624543,27.131000000,61.281375885,0.030000001,0.000000000,3.926861525,2.292806864,-98.043281555,5.143323898,4.955998898,-6.556375027,0.000000000,0.000000000,0.000000000,0.000000000,0.000000000,0.000000000,0.000000000,0.000000000,0.000000000,0.000000000,0.000000000,0.000000000
1751979497.627264,27.133000000,61.281375885,0.030000001,0.000000000,3.926861525,2.292806864,-98.043281555,5.143323898,4.947000027,-6.871335506,0.000000000,0.000000000,0.000000000,0.000000000,0.000000000,0.000000000,0.000000000,0.000000000,0.000000000,0.000000000,0.000000000,0.000000000
1751979497.629882,27.136000000,61.214340210,0.030000001,0.000000000,3.960483313,2.306306362,-99.250617981,5.069700241,4.938001156,-4.609467983,0.000000000,0.000000000,0.000000000,0.000000000,0.000000000,0.000000000,0.000000000,0.000000000,0.000000000,0.000000000,0.000000000,0.000000000
1751979497.632456,27.139000000,61.214340210,0.030000001,0.000000000,3.960483313,2.306306362,-99.250617981,5.069700241,4.928999901,-4.924511909,0.000000000,0.000000000,0.000000000,0.000000000,0.000000000,0.000000000,0.000000000,0.000000000,0.000000000,0.000000000,0.000000000,0.000000000
1751979497.635054,27.141000000,61.214340210,0.030000001,0.000000000,3.960483313,2.319808483,-98.440490723,5.069700241,4.920001030,-5.239472389,0.000000000,0.000000000,0.000000000,0.000000000,0.000000000,0.000000000,0.000000000,0.000000000,0.000000000,0.000000000,0.000000000,0.000000000
1751979497.637672,27.144000000,61.174770355,0.030000001,0.000000000,3.972081661,2.319808483,-99.136390686,5.028520584,4.910999298,-4.113245010,0.000000000,0.000000000,0.000000000,0.000000000,0.000000000,0.000000000,0.000000000,0.000000000,0.000000000,0.000000000,0.000000000,0.000000000
1751979497.640290,27.147000000,61.174770355,0.030000001,0.000000000,3.972081661,2.333308220,-98.326408386,5.028520584,4.902000904,-4.428188801,0.000000000,0.000000000,0.000000000,0.000000000,0.000000000,0.000000000,0.000000000,0.000000000,0.000000000,0.000000000,0.000000000,0.000000000
1751979497.642985,27.149000000,61.174770355,0.030000001,0.000000000,3.972081661,2.333308220,-98.326408386,5.028520584,4.892999172,-4.743249416,0.000000000,0.000000000,0.000000000,0.000000000,0.000000000,0.000000000,0.000000000,0.000000000,0.000000000,0.000000000,0.000000000,0.000000000
1751979497.645594,27.152000000,61.174770355,0.030000001,0.000000000,3.972081661,2.346807718,-97.516433716,5.028520584,4.884000301,-5.058209896,0.000000000,0.000000000,0.000000000,0.000000000,0.000000000,0.000000000,0.000000000,0.000000000,0.000000000,0.000000000,0.000000000,0.000000000
1751979497.648170,27.154000000,61.174770355,0.030000001,0.000000000,3.972081661,2.360310078,-96.706298828,5.028520584,4.874999046,-5.373253822,0.000000000,0.000000000,0.000000000,0.000000000,0.000000000,0.000000000,0.000000000,0.000000000,0.000000000,0.000000000,0.000000000,0.000000000
1751979497.650763,27.157000000,61.174770355,0.030000001,0.000000000,3.972081661,2.360310078,-96.706298828,5.028520584,4.866000175,-5.688214302,0.000000000,0.000000000,0.000000000,0.000000000,0.000000000,0.000000000,0.000000000,0.000000000,0.000000000,0.000000000,0.000000000,0.000000000
1751979497.653373,27.160000000,61.221366882,0.030000001,0.000000000,4.010082722,2.373809576,-98.176391602,5.000803471,4.857001305,-5.033075809,0.000000000,0.000000000,0.000000000,0.000000000,0.000000000,0.000000000,0.000000000,0.000000000,0.000000000,0.000000000,0.000000000,0.000000000
1751979497.655963,27.162000000,61.221366882,0.030000001,0.000000000,4.010082722,2.387309074,-97.366416931,5.000803471,4.847999573,-5.348136425,0.000000000,0.000000000,0.000000000,0.000000000,0.000000000,0.000000000,0.000000000,0.000000000,0.000000000,0.000000000,0.000000000,0.000000000
1751979497.658609,27.165000000,61.221366882,0.030000001,0.000000000,4.010082722,2.400811195,-96.556289673,5.000803471,4.839001179,-5.663080215,0.000000000,0.000000000,0.000000000,0.000000000,0.000000000,0.000000000,0.000000000,0.000000000,0.000000000,0.000000000,0.000000000,0.000000000
1751979497.661308,27.168000000,61.242954254,0.030000001,0.000000000,3.996922970,2.414310932,-94.956726074,4.940429211,4.821000576,-4.180002213,0.000000000,0.000000000,0.000000000,0.000000000,0.000000000,0.000000000,0.000000000,0.000000000,0.000000000,0.000000000,0.000000000,0.000000000
1751979497.663879,27.170000000,61.242954254,0.030000001,0.000000000,3.996922970,2.427810431,-94.146751404,4.940429211,4.811999321,-4.495046139,0.000000000,0.000000000,0.000000000,0.000000000,0.000000000,0.000000000,0.000000000,0.000000000,0.000000000,0.000000000,0.000000000,0.000000000
1751979497.666538,27.173000000,61.242954254,0.030000001,0.000000000,3.996922970,2.441309929,-93.336784363,4.940429211,4.803000450,-4.810006618,0.000000000,0.000000000,0.000000000,0.000000000,0.000000000,0.000000000,0.000000000,0.000000000,0.000000000,0.000000000,0.000000000,0.000000000
1751979497.669261,27.175000000,61.242954254,0.030000001,0.000000000,3.996922970,2.454812288,-92.526641846,4.940429211,4.793998718,-5.125067234,0.000000000,0.000000000,0.000000000,0.000000000,0.000000000,0.000000000,0.000000000,0.000000000,0.000000000,0.000000000,0.000000000,0.000000000
1751979497.671961,27.178000000,61.242954254,0.030000001,0.000000000,3.996922970,2.468311787,-91.716674805,4.940429211,4.784999847,-5.440027714,0.000000000,0.000000000,0.000000000,0.000000000,0.000000000,0.000000000,0.000000000,0.000000000,0.000000000,0.000000000,0.000000000,0.000000000
1751979497.674623,27.181000000,61.242954254,0.030000001,0.000000000,3.996922970,2.481811285,-90.906700134,4.940429211,4.766999722,-6.070032120,0.000000000,0.000000000,0.000000000,0.000000000,0.000000000,0.000000000,0.000000000,0.000000000,0.000000000,0.000000000,0.000000000,0.000000000
1751979497.677270,27.183000000,61.251274109,0.030000001,0.000000000,4.010270596,2.495313644,-90.897415161,4.879512787,4.758000851,-4.252917767,0.000000000,0.000000000,0.000000000,0.000000000,0.000000000,0.000000000,0.000000000,0.000000000,0.000000000,0.000000000,0.000000000,0.000000000
1751979497.679849,27.186000000,61.251274109,0.030000001,0.000000000,4.010270596,2.508813143,-90.087448120,4.879512787,4.748999596,-4.567961693,0.000000000,0.000000000,0.000000000,0.000000000,0.000000000,0.000000000,0.000000000,0.000000000,0.000000000,0.000000000,0.000000000,0.000000000
1751979497.682466,27.189000000,61.251274109,0.030000001,0.000000000,4.010270596,2.535812378,-88.467491150,4.879512787,4.730998993,-5.197982788,0.000000000,0.000000000,0.000000000,0.000000000,0.000000000,0.000000000,0.000000000,0.000000000,0.000000000,0.000000000,0.000000000,0.000000000
1751979497.685062,27.191000000,61.316696167,0.030000001,0.000000000,4.029515266,2.535812378,-89.622177124,4.853034973,4.722000122,-4.586219788,0.000000000,0.000000000,0.000000000,0.000000000,0.000000000,0.000000000,0.000000000,0.000000000,0.000000000,0.000000000,0.000000000,0.000000000
1751979497.687681,27.194000000,61.316696167,0.030000001,0.000000000,4.029515266,2.549314499,-88.812042236,4.853034973,4.712998867,-4.901263714,0.000000000,0.000000000,0.000000000,0.000000000,0.000000000,0.000000000,0.000000000,0.000000000,0.000000000,0.000000000,0.000000000,0.000000000
1751979497.690295,27.197000000,61.316696167,0.030000001,0.000000000,4.029515266,2.549314499,-88.812042236,4.853034973,4.703999996,-5.216224194,0.000000000,0.000000000,0.000000000,0.000000000,0.000000000,0.000000000,0.000000000,0.000000000,0.000000000,0.000000000,0.000000000,0.000000000
1751979497.692953,27.199000000,61.352550507,0.030000001,0.000000000,4.007915497,2.549314499,-87.516059875,4.800509453,4.695001125,-3.692791462,0.000000000,0.000000000,0.000000000,0.000000000,0.000000000,0.000000000,0.000000000,0.000000000,0.000000000,0.000000000,0.000000000,0.000000000
1751979497.695598,27.202000000,61.352550507,0.030000001,0.000000000,4.007915497,2.576313496,-85.896118164,4.800509453,4.677000999,-4.322795868,0.000000000,0.000000000,0.000000000,0.000000000,0.000000000,0.000000000,0.000000000,0.000000000,0.000000000,0.000000000,0.000000000,0.000000000
1751979497.698213,27.204000000,61.352550507,0.030000001,0.000000000,4.007915497,2.603315353,-84.276008606,4.800509453,4.667999268,-4.637856483,0.000000000,0.000000000,0.000000000,0.000000000,0.000000000,0.000000000,0.000000000,0.000000000,0.000000000,0.000000000,0.000000000,0.000000000
1751979497.700922,27.207000000,61.352550507,0.030000001,0.000000000,4.007915497,2.603315353,-84.276008606,4.800509453,4.659000397,-4.952816963,0.000000000,0.000000000,0.000000000,0.000000000,0.000000000,0.000000000,0.000000000,0.000000000,0.000000000,0.000000000,0.000000000,0.000000000
1751979497.703505,27.210000000,61.352550507,0.030000001,0.000000000,4.007915497,2.616815090,-83.466026306,4.800509453,4.641000271,-5.582821369,0.000000000,0.000000000,0.000000000,0.000000000,0.000000000,0.000000000,0.000000000,0.000000000,0.000000000,0.000000000,0.000000000,0.000000000
1751979497.706115,27.212000000,61.352550507,0.030000001,0.000000000,4.007915497,2.630314589,-82.656051636,4.800509453,4.631999016,-5.897865295,0.000000000,0.000000000,0.000000000,0.000000000,0.000000000,0.000000000,0.000000000,0.000000000,0.000000000,0.000000000,0.000000000,0.000000000
1751979497.708726,27.215000000,61.370998383,0.030000001,0.000000000,4.034074306,2.643816710,-83.415458679,4.729809761,4.623000145,-3.738336563,0.000000000,0.000000000,0.000000000,0.000000000,0.000000000,0.000000000,0.000000000,0.000000000,0.000000000,0.000000000,0.000000000,0.000000000
1751979497.711425,27.218000000,61.370998383,0.030000001,0.000000000,4.034074306,2.657316208,-82.605484009,4.729809761,4.604999542,-4.368357658,0.000000000,0.000000000,0.000000000,0.000000000,0.000000000,0.000000000,0.000000000,0.000000000,0.000000000,0.000000000,0.000000000,0.000000000
1751979497.714056,27.220000000,61.370998383,0.030000001,0.000000000,4.034074306,2.670815945,-81.795501709,4.729809761,4.586999416,-4.998362064,0.000000000,0.000000000,0.000000000,0.000000000,0.000000000,0.000000000,0.000000000,0.000000000,0.000000000,0.000000000,0.000000000,0.000000000
1751979497.716665,27.223000000,61.357162476,0.030000001,0.000000000,4.041183949,2.684318066,-81.411956787,4.680976391,4.578000546,-3.604154587,0.000000000,0.000000000,0.000000000,0.000000000,0.000000000,0.000000000,0.000000000,0.000000000,0.000000000,0.000000000,0.000000000,0.000000000
1751979497.719393,27.226000000,61.357162476,0.030000001,0.000000000,4.041183949,2.697817802,-80.601966858,4.680976391,4.560000420,-4.234158993,0.000000000,0.000000000,0.000000000,0.000000000,0.000000000,0.000000000,0.000000000,0.000000000,0.000000000,0.000000000,0.000000000,0.000000000
1751979497.722149,27.228000000,61.357162476,0.030000001,0.000000000,4.041183949,2.697817802,-80.601966858,4.680976391,4.550998688,-4.549219608,0.000000000,0.000000000,0.000000000,0.000000000,0.000000000,0.000000000,0.000000000,0.000000000,0.000000000,0.000000000,0.000000000,0.000000000
1751979497.724944,27.231000000,61.375019073,0.030000001,0.000000000,4.051571369,2.711317301,-80.415245056,4.655261517,4.533000946,-4.279119968,0.000000000,0.000000000,0.000000000,0.000000000,0.000000000,0.000000000,0.000000000,0.000000000,0.000000000,0.000000000,0.000000000,0.000000000
1751979497.727659,27.234000000,61.375019073,0.030000001,0.000000000,4.051571369,2.724816799,-79.605270386,4.655261517,4.515000820,-4.909124374,0.000000000,0.000000000,0.000000000,0.000000000,0.000000000,0.000000000,0.000000000,0.000000000,0.000000000,0.000000000,0.000000000,0.000000000
1751979497.730284,27.237000000,61.375019073,0.030000001,0.000000000,4.051571369,2.738318920,-78.795150757,4.655261517,4.497000694,-5.539128780,0.000000000,0.000000000,0.000000000,0.000000000,0.000000000,0.000000000,0.000000000,0.000000000,0.000000000,0.000000000,0.000000000,0.000000000
1751979497.732897,27.239000000,61.375019073,0.030000001,0.000000000,4.051571369,2.751818657,-77.985160828,4.655261517,4.479000092,-6.169149876,0.000000000,0.000000000,0.000000000,0.000000000,0.000000000,0.000000000,0.000000000,0.000000000,0.000000000,0.000000000,0.000000000,0.000000000
1751979497.735466,27.242000000,61.375019073,0.030000001,0.000000000,4.051571369,2.751818657,-77.985160828,4.655261517,4.460999966,-6.799154282,0.000000000,0.000000000,0.000000000,0.000000000,0.000000000,0.000000000,0.000000000,0.000000000,0.000000000,0.000000000,0.000000000,0.000000000
1751979497.738074,27.244000000,61.375019073,0.030000001,0.000000000,4.051571369,2.765318155,-77.175193787,4.655261517,4.442999840,-7.429158688,0.000000000,0.000000000,0.000000000,0.000000000,0.000000000,0.000000000,0.000000000,0.000000000,0.000000000,0.000000000,0.000000000,0.000000000
1751979497.740656,27.247000000,61.378192902,0.030000001,0.000000000,4.044449329,2.778820515,-75.937728882,4.636520386,4.424999237,-7.403240204,0.000000000,0.000000000,0.000000000,0.000000000,0.000000000,0.000000000,0.000000000,0.000000000,0.000000000,0.000000000,0.000000000,0.000000000
1751979497.743344,27.250000000,61.378192902,0.030000001,0.000000000,4.044449329,2.792320013,-75.127761841,4.636520386,4.406999111,-8.033245087,0.000000000,0.000000000,0.000000000,0.000000000,0.000000000,0.000000000,0.000000000,0.000000000,0.000000000,0.000000000,0.000000000,0.000000000
1751979497.745951,27.252000000,61.378192902,0.030000001,0.000000000,4.044449329,2.792320013,-75.127761841,4.636520386,4.388998985,-8.663249016,0.000000000,0.000000000,0.000000000,0.000000000,0.000000000,0.000000000,0.000000000,0.000000000,0.000000000,0.000000000,0.000000000,0.000000000
1751979497.748538,27.255000000,61.356884003,0.030000001,0.000000000,4.061927319,2.805819511,-75.366470337,4.641601563,4.371001244,-9.471011162,0.000000000,0.000000000,0.000000000,0.000000000,0.000000000,0.000000000,0.000000000,0.000000000,0.000000000,0.000000000,0.000000000,0.000000000
1751979497.751159,27.257000000,61.356884003,0.030000001,0.000000000,4.061927319,2.819321632,-74.556343079,4.641601563,4.353000641,-10.101032257,0.000000000,0.000000000,0.000000000,0.000000000,0.000000000,0.000000000,0.000000000,0.000000000,0.000000000,0.000000000,0.000000000,0.000000000
1751979497.753771,27.260000000,61.356884003,0.030000001,0.000000000,4.061927319,2.805819511,-75.366470337,4.641601563,4.335000515,-10.731037140,0.000000000,0.000000000,0.000000000,0.000000000,0.000000000,0.000000000,0.000000000,0.000000000,0.000000000,0.000000000,0.000000000,0.000000000
1751979497.756397,27.263000000,61.356884003,0.030000001,0.000000000,4.061927319,2.832821369,-73.746353149,4.641601563,4.317000389,-11.361041069,0.000000000,0.000000000,0.000000000,0.000000000,0.000000000,0.000000000,0.000000000,0.000000000,0.000000000,0.000000000,0.000000000,0.000000000
1751979497.759089,27.265000000,61.356884003,0.030000001,0.000000000,4.061927319,2.832821369,-73.746353149,4.641601563,4.298999786,-11.991062164,0.000000000,0.000000000,0.000000000,0.000000000,0.000000000,0.000000000,0.000000000,0.000000000,0.000000000,0.000000000,0.000000000,0.000000000
1751979497.761733,27.268000000,61.356884003,0.030000001,0.000000000,4.061927319,2.846320868,-72.936386108,4.641601563,4.280999660,-12.621067047,0.000000000,0.000000000,0.000000000,0.000000000,0.000000000,0.000000000,0.000000000,0.000000000,0.000000000,0.000000000,0.000000000,0.000000000
1751979497.764379,27.271000000,61.430564880,0.030000001,0.000000000,4.068253040,2.832821369,-74.125900269,4.612202644,4.254000664,-12.537069321,0.000000000,0.000000000,0.000000000,0.000000000,0.000000000,0.000000000,0.000000000,0.000000000,0.000000000,0.000000000,0.000000000,0.000000000
1751979497.766972,27.273000000,61.430564880,0.030000001,0.000000000,4.068253040,2.846320868,-73.315933228,4.612202644,4.236000061,-13.167090416,0.000000000,0.000000000,0.000000000,0.000000000,0.000000000,0.000000000,0.000000000,0.000000000,0.000000000,0.000000000,0.000000000,0.000000000
1751979497.769618,27.276000000,61.430564880,0.030000001,0.000000000,4.068253040,2.846320868,-73.315933228,4.612202644,4.217999935,-13.797094345,0.000000000,0.000000000,0.000000000,0.000000000,0.000000000,0.000000000,0.000000000,0.000000000,0.000000000,0.000000000,0.000000000,0.000000000
1751979497.772271,27.278000000,61.406993866,0.030000001,0.000000000,4.041430950,2.859820366,-70.896636963,4.591975212,4.199999809,-13.719139099,0.000000000,0.000000000,0.000000000,0.000000000,0.000000000,0.000000000,0.000000000,0.000000000,0.000000000,0.000000000,0.000000000,0.000000000
1751979497.774934,27.281000000,61.406993866,0.030000001,0.000000000,4.041430950,2.859820366,-70.896636963,4.591975212,4.181999207,-14.349160194,0.000000000,0.000000000,0.000000000,0.000000000,0.000000000,0.000000000,0.000000000,0.000000000,0.000000000,0.000000000,0.000000000,0.000000000
1751979497.777628,27.284000000,61.406993866,0.030000001,0.000000000,4.041430950,2.859820366,-70.896636963,4.591975212,4.155000210,-15.294124603,0.000000000,0.000000000,0.000000000,0.000000000,0.000000000,0.000000000,0.000000000,0.000000000,0.000000000,0.000000000,0.000000000,0.000000000
1751979497.780266,27.286000000,61.406993866,0.030000001,0.000000000,4.041430950,2.859820366,-70.896636963,4.591975212,4.137000084,-15.924129486,0.000000000,0.000000000,0.000000000,0.000000000,0.000000000,0.000000000,0.000000000,0.000000000,0.000000000,0.000000000,0.000000000,0.000000000
1751979497.782887,27.289000000,61.406993866,0.030000001,0.000000000,4.041430950,2.859820366,-70.896636963,4.591975212,4.118999481,-16.554149628,0.000000000,0.000000000,0.000000000,0.000000000,0.000000000,0.000000000,0.000000000,0.000000000,0.000000000,0.000000000,0.000000000,0.000000000
1751979497.785474,27.292000000,61.406993866,0.030000001,0.000000000,4.041430950,2.859820366,-70.896636963,4.591975212,4.092000484,-17.499114990,0.000000000,0.000000000,0.000000000,0.000000000,0.000000000,0.000000000,0.000000000,0.000000000,0.000000000,0.000000000,0.000000000,0.000000000
1751979497.788065,27.294000000,61.406993866,0.030000001,0.000000000,4.041430950,2.859820366,-70.896636963,4.591975212,4.074000359,-18.129119873,0.000000000,0.000000000,0.000000000,0.000000000,0.000000000,0.000000000,0.000000000,0.000000000,0.000000000,0.000000000,0.000000000,0.000000000
1751979497.790654,27.297000000,61.411933899,0.030000001,0.000000000,4.073127270,2.859820366,-72.798416138,4.579500675,4.055999756,-18.322532654,0.000000000,0.000000000,0.000000000,0.000000000,0.000000000,0.000000000,0.000000000,0.000000000,0.000000000,0.000000000,0.000000000,0.000000000
1751979497.793279,27.300000000,61.411933899,0.030000001,0.000000000,4.073127270,2.859820366,-72.798416138,4.579500675,4.037999630,-18.952537537,0.000000000,0.000000000,0.000000000,0.000000000,0.000000000,0.000000000,0.000000000,0.000000000,0.000000000,0.000000000,0.000000000,0.000000000
1751979497.795878,27.302000000,61.349052429,0.030000001,0.000000000,4.101722240,2.873322725,-73.703971863,4.561471462,4.019999027,-18.951534271,0.000000000,0.000000000,0.000000000,0.000000000,0.000000000,0.000000000,0.000000000,0.000000000,0.000000000,0.000000000,0.000000000,0.000000000
1751979497.798454,27.305000000,61.349052429,0.030000001,0.000000000,4.101722240,2.886822224,-72.893997192,4.561471462,3.993000031,-19.896499634,0.000000000,0.000000000,0.000000000,0.000000000,0.000000000,0.000000000,0.000000000,0.000000000,0.000000000,0.000000000,0.000000000,0.000000000
1751979497.801017,27.307000000,61.349052429,0.030000001,0.000000000,4.101722240,2.900321722,-72.084030151,4.561471462,3.984001160,-20.211460114,0.000000000,0.000000000,0.000000000,0.000000000,0.000000000,0.000000000,0.000000000,0.000000000,0.000000000,0.000000000,0.000000000,0.000000000
1751979497.803601,27.310000000,61.349052429,0.030000001,0.000000000,4.101722240,2.900321722,-72.084030151,4.561471462,3.966001034,-20.841464996,0.000000000,0.000000000,0.000000000,0.000000000,0.000000000,0.000000000,0.000000000,0.000000000,0.000000000,0.000000000,0.000000000,0.000000000
1751979497.806208,27.312000000,61.349052429,0.030000001,0.000000000,4.101722240,2.900321722,-72.084030151,4.561471462,3.948000669,-21.471477509,0.000000000,0.000000000,0.000000000,0.000000000,0.000000000,0.000000000,0.000000000,0.000000000,0.000000000,0.000000000,0.000000000,0.000000000
1751979497.808969,27.315000000,61.349052429,0.030000001,0.000000000,4.101722240,2.913824081,-71.273887634,4.561471462,3.920998812,-22.416542053,0.000000000,0.000000000,0.000000000,0.000000000,0.000000000,0.000000000,0.000000000,0.000000000,0.000000000,0.000000000,0.000000000,0.000000000
1751979497.811726,27.318000000,61.349052429,0.030000001,0.000000000,4.101722240,2.913824081,-71.273887634,4.561471462,3.912000179,-22.731494904,0.000000000,0.000000000,0.000000000,0.000000000,0.000000000,0.000000000,0.000000000,0.000000000,0.000000000,0.000000000,0.000000000,0.000000000
1751979497.814296,27.321000000,61.306289673,0.030000001,0.000000000,4.098412037,2.913824081,-71.075279236,4.527441025,3.893999815,-22.170442581,0.000000000,0.000000000,0.000000000,0.000000000,0.000000000,0.000000000,0.000000000,0.000000000,0.000000000,0.000000000,0.000000000,0.000000000
1751979497.816928,27.323000000,61.306289673,0.030000001,0.000000000,4.098412037,2.913824081,-71.075279236,4.527441025,3.875999451,-22.800455093,0.000000000,0.000000000,0.000000000,0.000000000,0.000000000,0.000000000,0.000000000,0.000000000,0.000000000,0.000000000,0.000000000,0.000000000
1751979497.819464,27.326000000,61.306289673,0.030000001,0.000000000,4.098412037,2.913824081,-71.075279236,4.527441025,3.867000580,-23.115415573,0.000000000,0.000000000,0.000000000,0.000000000,0.000000000,0.000000000,0.000000000,0.000000000,0.000000000,0.000000000,0.000000000,0.000000000
1751979497.822067,27.328000000,61.335113525,0.030000001,0.000000000,4.094603539,2.913824081,-70.846771240,4.520856380,3.849000454,-23.514957428,0.000000000,0.000000000,0.000000000,0.000000000,0.000000000,0.000000000,0.000000000,0.000000000,0.000000000,0.000000000,0.000000000,0.000000000
1751979497.824648,27.331000000,61.335113525,0.030000001,0.000000000,4.094603539,2.927323580,-70.036796570,4.520856380,3.831000090,-24.144969940,0.000000000,0.000000000,0.000000000,0.000000000,0.000000000,0.000000000,0.000000000,0.000000000,0.000000000,0.000000000,0.000000000,0.000000000
1751979497.827275,27.334000000,61.335113525,0.030000001,0.000000000,4.094603539,2.927323580,-70.036796570,4.520856380,3.822001219,-24.459930420,0.000000000,0.000000000,0.000000000,0.000000000,0.000000000,0.000000000,0.000000000,0.000000000,0.000000000,0.000000000,0.000000000,0.000000000
1751979497.829855,27.336000000,61.344764709,0.030000001,0.000000000,4.108700275,2.927323580,-70.882598877,4.517624855,3.812999725,-24.661880493,0.000000000,0.000000000,0.000000000,0.000000000,0.000000000,0.000000000,0.000000000,0.000000000,0.000000000,0.000000000,0.000000000,0.000000000
1751979497.832459,27.339000000,61.344764709,0.030000001,0.000000000,4.108700275,2.927323580,-70.882598877,4.517624855,3.794999361,-25.291893005,0.000000000,0.000000000,0.000000000,0.000000000,0.000000000,0.000000000,0.000000000,0.000000000,0.000000000,0.000000000,0.000000000,0.000000000
1751979497.835037,27.341000000,61.344764709,0.030000001,0.000000000,4.108700275,2.927323580,-70.882598877,4.517624855,3.786000729,-25.606843948,0.000000000,0.000000000,0.000000000,0.000000000,0.000000000,0.000000000,0.000000000,0.000000000,0.000000000,0.000000000,0.000000000,0.000000000
1751979497.837640,27.344000000,61.344764709,0.030000001,0.000000000,4.108700275,2.927323580,-70.882598877,4.517624855,3.786000729,-25.606843948,0.000000000,0.000000000,0.000000000,0.000000000,0.000000000,0.000000000,0.000000000,0.000000000,0.000000000,0.000000000,0.000000000,0.000000000
1751979497.840283,27.347000000,61.344764709,0.030000001,0.000000000,4.108700275,2.927323580,-70.882598877,4.517624855,3.768000364,-26.236856461,0.000000000,0.000000000,0.000000000,0.000000000,0.000000000,0.000000000,0.000000000,0.000000000,0.000000000,0.000000000,0.000000000,0.000000000
1751979497.843024,27.349000000,61.344764709,0.030000001,0.000000000,4.108700275,2.927323580,-70.882598877,4.517624855,3.758998871,-26.551910400,0.000000000,0.000000000,0.000000000,0.000000000,0.000000000,0.000000000,0.000000000,0.000000000,0.000000000,0.000000000,0.000000000,0.000000000
1751979497.845607,27.352000000,61.389797211,0.030000001,0.000000000,4.094954014,2.927323580,-70.057823181,4.510821342,3.758998871,-26.313785553,0.000000000,0.000000000,0.000000000,0.000000000,0.000000000,0.000000000,0.000000000,0.000000000,0.000000000,0.000000000,0.000000000,0.000000000
1751979497.848190,27.354000000,61.389797211,0.030000001,0.000000000,4.094954014,2.927323580,-70.057823181,4.510821342,3.750000000,-26.628746033,0.000000000,0.000000000,0.000000000,0.000000000,0.000000000,0.000000000,0.000000000,0.000000000,0.000000000,0.000000000,0.000000000,0.000000000
1751979497.850782,27.357000000,61.389797211,0.030000001,0.000000000,4.094954014,2.913824081,-70.867797852,4.510821342,3.750000000,-26.628746033,0.000000000,0.000000000,0.000000000,0.000000000,0.000000000,0.000000000,0.000000000,0.000000000,0.000000000,0.000000000,0.000000000,0.000000000
1751979497.853395,27.360000000,61.424957275,0.030000001,0.000000000,4.113348007,2.913824081,-71.971435547,4.506740093,3.741001129,-26.800863266,0.000000000,0.000000000,0.000000000,0.000000000,0.000000000,0.000000000,0.000000000,0.000000000,0.000000000,0.000000000,0.000000000,0.000000000
1751979497.856037,27.362000000,61.424957275,0.030000001,0.000000000,4.113348007,2.900321722,-72.781578064,4.506740093,3.741001129,-26.800863266,0.000000000,0.000000000,0.000000000,0.000000000,0.000000000,0.000000000,0.000000000,0.000000000,0.000000000,0.000000000,0.000000000,0.000000000
1751979497.858825,27.365000000,61.424957275,0.030000001,0.000000000,4.113348007,2.900321722,-72.781578064,4.506740093,3.741001129,-26.800863266,0.000000000,0.000000000,0.000000000,0.000000000,0.000000000,0.000000000,0.000000000,0.000000000,0.000000000,0.000000000,0.000000000,0.000000000
1751979497.861631,27.368000000,61.388149261,0.030000001,0.000000000,4.156104565,2.900321722,-75.346969604,4.495936394,3.723001003,-27.052738190,0.000000000,0.000000000,0.000000000,0.000000000,0.000000000,0.000000000,0.000000000,0.000000000,0.000000000,0.000000000,0.000000000,0.000000000
1751979497.864317,27.370000000,61.388149261,0.030000001,0.000000000,4.156104565,2.900321722,-75.346969604,4.495936394,3.731999636,-26.737787247,0.000000000,0.000000000,0.000000000,0.000000000,0.000000000,0.000000000,0.000000000,0.000000000,0.000000000,0.000000000,0.000000000,0.000000000
1751979497.866827,27.373000000,61.388149261,0.030000001,0.000000000,4.156104565,2.900321722,-75.346969604,4.495936394,3.723001003,-27.052738190,0.000000000,0.000000000,0.000000000,0.000000000,0.000000000,0.000000000,0.000000000,0.000000000,0.000000000,0.000000000,0.000000000,0.000000000
1751979497.869498,27.376000000,61.388149261,0.030000001,0.000000000,4.156104565,2.900321722,-75.346969604,4.495936394,3.723001003,-27.052738190,0.000000000,0.000000000,0.000000000,0.000000000,0.000000000,0.000000000,0.000000000,0.000000000,0.000000000,0.000000000,0.000000000,0.000000000
1751979497.872114,27.378000000,61.388149261,0.030000001,0.000000000,4.156104565,2.900321722,-75.346969604,4.495936394,3.723001003,-27.052738190,0.000000000,0.000000000,0.000000000,0.000000000,0.000000000,0.000000000,0.000000000,0.000000000,0.000000000,0.000000000,0.000000000,0.000000000
1751979497.874696,27.381000000,61.388149261,0.030000001,0.000000000,4.156104565,2.900321722,-75.346969604,4.495936394,3.723001003,-27.052738190,0.000000000,0.000000000,0.000000000,0.000000000,0.000000000,0.000000000,0.000000000,0.000000000,0.000000000,0.000000000,0.000000000,0.000000000
1751979497.877270,27.384000000,61.431678772,0.030000001,0.000000000,4.137834549,2.900321722,-74.250770569,4.451952457,3.723001003,-25.513301849,0.000000000,0.000000000,0.000000000,0.000000000,0.000000000,0.000000000,0.000000000,0.000000000,0.000000000,0.000000000,0.000000000,0.000000000
1751979497.879804,27.386000000,61.431678772,0.030000001,0.000000000,4.137834549,2.900321722,-74.250770569,4.451952457,3.723001003,-25.513301849,0.000000000,0.000000000,0.000000000,0.000000000,0.000000000,0.000000000,0.000000000,0.000000000,0.000000000,0.000000000,0.000000000,0.000000000
1751979497.882378,27.389000000,61.431678772,0.030000001,0.000000000,4.137834549,2.900321722,-74.250770569,4.451952457,3.713999271,-25.828361511,0.000000000,0.000000000,0.000000000,0.000000000,0.000000000,0.000000000,0.000000000,0.000000000,0.000000000,0.000000000,0.000000000,0.000000000
1751979497.885003,27.391000000,61.435348511,0.030000001,0.000000000,4.100826263,2.900321722,-72.030273438,4.440472126,3.723001003,-25.111488342,0.000000000,0.000000000,0.000000000,0.000000000,0.000000000,0.000000000,0.000000000,0.000000000,0.000000000,0.000000000,0.000000000,0.000000000
1751979497.887581,27.394000000,61.435348511,0.030000001,0.000000000,4.100826263,2.900321722,-72.030273438,4.440472126,3.713999271,-25.426549911,0.000000000,0.000000000,0.000000000,0.000000000,0.000000000,0.000000000,0.000000000,0.000000000,0.000000000,0.000000000,0.000000000,0.000000000
1751979497.890217,27.396000000,61.435348511,0.030000001,0.000000000,4.100826263,2.900321722,-72.030273438,4.440472126,3.723001003,-25.111488342,0.000000000,0.000000000,0.000000000,0.000000000,0.000000000,0.000000000,0.000000000,0.000000000,0.000000000,0.000000000,0.000000000,0.000000000
1751979497.892853,27.399000000,61.372867584,0.030000001,0.000000000,4.106491566,2.900321722,-72.370193481,4.444936752,3.713999271,-25.582811356,0.000000000,0.000000000,0.000000000,0.000000000,0.000000000,0.000000000,0.000000000,0.000000000,0.000000000,0.000000000,0.000000000,0.000000000
1751979497.895472,27.402000000,61.372867584,0.030000001,0.000000000,4.106491566,2.900321722,-72.370193481,4.444936752,3.713999271,-25.582811356,0.000000000,0.000000000,0.000000000,0.000000000,0.000000000,0.000000000,0.000000000,0.000000000,0.000000000,0.000000000,0.000000000,0.000000000
1751979497.898062,27.404000000,61.372867584,0.030000001,0.000000000,4.106491566,2.900321722,-72.370193481,4.444936752,3.713999271,-25.582811356,0.000000000,0.000000000,0.000000000,0.000000000,0.000000000,0.000000000,0.000000000,0.000000000,0.000000000,0.000000000,0.000000000,0.000000000
1751979497.900679,27.407000000,61.372867584,0.030000001,0.000000000,4.106491566,2.900321722,-72.370193481,4.444936752,3.713999271,-25.582811356,0.000000000,0.000000000,0.000000000,0.000000000,0.000000000,0.000000000,0.000000000,0.000000000,0.000000000,0.000000000,0.000000000,0.000000000
1751979497.903315,27.410000000,61.372867584,0.030000001,0.000000000,4.106491566,2.900321722,-72.370193481,4.444936752,3.713999271,-25.582811356,0.000000000,0.000000000,0.000000000,0.000000000,0.000000000,0.000000000,0.000000000,0.000000000,0.000000000,0.000000000,0.000000000,0.000000000
1751979497.905915,27.412000000,61.372867584,0.030000001,0.000000000,4.106491566,2.900321722,-72.370193481,4.444936752,3.713999271,-25.582811356,0.000000000,0.000000000,0.000000000,0.000000000,0.000000000,0.000000000,0.000000000,0.000000000,0.000000000,0.000000000,0.000000000,0.000000000
1751979497.908537,27.415000000,61.372867584,0.030000001,0.000000000,4.106491566,2.900321722,-72.370193481,4.444936752,3.713999271,-25.582811356,0.000000000,0.000000000,0.000000000,0.000000000,0.000000000,0.000000000,0.000000000,0.000000000,0.000000000,0.000000000,0.000000000,0.000000000
1751979497.911287,27.417000000,61.382938385,0.030000001,0.000000000,4.085836887,2.886822224,-71.940879822,4.438939095,3.713999271,-25.372894287,0.000000000,0.000000000,0.000000000,0.000000000,0.000000000,0.000000000,0.000000000,0.000000000,0.000000000,0.000000000,0.000000000,0.000000000
1751979497.913875,27.420000000,61.382938385,0.030000001,0.000000000,4.085836887,2.886822224,-71.940879822,4.438939095,3.713999271,-25.372894287,0.000000000,0.000000000,0.000000000,0.000000000,0.000000000,0.000000000,0.000000000,0.000000000,0.000000000,0.000000000,0.000000000,0.000000000
1751979497.916462,27.423000000,61.350833893,0.030000001,0.000000000,4.082690239,2.886822224,-71.752082825,4.445543289,3.713999271,-25.604040146,0.000000000,0.000000000,0.000000000,0.000000000,0.000000000,0.000000000,0.000000000,0.000000000,0.000000000,0.000000000,0.000000000,0.000000000
1751979497.919159,27.425000000,61.350833893,0.030000001,0.000000000,4.082690239,2.873322725,-72.562049866,4.445543289,3.713999271,-25.604040146,0.000000000,0.000000000,0.000000000,0.000000000,0.000000000,0.000000000,0.000000000,0.000000000,0.000000000,0.000000000,0.000000000,0.000000000
1751979497.921808,27.428000000,61.350833893,0.030000001,0.000000000,4.082690239,2.859820366,-73.372192383,4.445543289,3.713999271,-25.604040146,0.000000000,0.000000000,0.000000000,0.000000000,0.000000000,0.000000000,0.000000000,0.000000000,0.000000000,0.000000000,0.000000000,0.000000000
1751979497.924552,27.431000000,61.350833893,0.030000001,0.000000000,4.082690239,2.859820366,-73.372192383,4.445543289,3.713999271,-25.604040146,0.000000000,0.000000000,0.000000000,0.000000000,0.000000000,0.000000000,0.000000000,0.000000000,0.000000000,0.000000000,0.000000000,0.000000000
1751979497.927174,27.433000000,61.350833893,0.030000001,0.000000000,4.082690239,2.846320868,-74.182159424,4.445543289,3.713999271,-25.604040146,0.000000000,0.000000000,0.000000000,0.000000000,0.000000000,0.000000000,0.000000000,0.000000000,0.000000000,0.000000000,0.000000000,0.000000000
1751979497.929779,27.436000000,61.350833893,0.030000001,0.000000000,4.082690239,2.832821369,-74.992134094,4.445543289,3.713999271,-25.604040146,0.000000000,0.000000000,0.000000000,0.000000000,0.000000000,0.000000000,0.000000000,0.000000000,0.000000000,0.000000000,0.000000000,0.000000000
1751979497.932393,27.439000000,61.350833893,0.030000001,0.000000000,4.082690239,2.846320868,-74.182159424,4.445543289,3.713999271,-25.604040146,0.000000000,0.000000000,0.000000000,0.000000000,0.000000000,0.000000000,0.000000000,0.000000000,0.000000000,0.000000000,0.000000000,0.000000000
1751979497.934974,27.441000000,61.335994720,0.030000001,0.000000000,4.075408459,2.832821369,-74.555221558,4.447752476,3.713999271,-25.681362152,0.000000000,0.000000000,0.000000000,0.000000000,0.000000000,0.000000000,0.000000000,0.000000000,0.000000000,0.000000000,0.000000000,0.000000000
1751979497.937585,27.444000000,61.335994720,0.030000001,0.000000000,4.075408459,2.832821369,-74.555221558,4.447752476,3.723001003,-25.366302490,0.000000000,0.000000000,0.000000000,0.000000000,0.000000000,0.000000000,0.000000000,0.000000000,0.000000000,0.000000000,0.000000000,0.000000000
1751979497.940243,27.446000000,61.335994720,0.030000001,0.000000000,4.075408459,2.832821369,-74.555221558,4.447752476,3.723001003,-25.366302490,0.000000000,0.000000000,0.000000000,0.000000000,0.000000000,0.000000000,0.000000000,0.000000000,0.000000000,0.000000000,0.000000000,0.000000000
1751979497.942883,27.449000000,61.350933075,0.030000001,0.000000000,4.067140579,2.819321632,-74.869140625,4.449594021,3.713999271,-25.745815277,0.000000000,0.000000000,0.000000000,0.000000000,0.000000000,0.000000000,0.000000000,0.000000000,0.000000000,0.000000000,0.000000000,0.000000000
1751979497.945516,27.452000000,61.350933075,0.030000001,0.000000000,4.067140579,2.819321632,-74.869140625,4.449594021,3.723001003,-25.430755615,0.000000000,0.000000000,0.000000000,0.000000000,0.000000000,0.000000000,0.000000000,0.000000000,0.000000000,0.000000000,0.000000000,0.000000000
1751979497.948114,27.454000000,61.350933075,0.030000001,0.000000000,4.067140579,2.805819511,-75.679260254,4.449594021,3.713999271,-25.745815277,0.000000000,0.000000000,0.000000000,0.000000000,0.000000000,0.000000000,0.000000000,0.000000000,0.000000000,0.000000000,0.000000000,0.000000000
1751979497.950680,27.457000000,61.359737396,0.030000001,0.000000000,4.053471565,2.805819511,-74.859123230,4.458503246,3.713999271,-26.057640076,0.000000000,0.000000000,0.000000000,0.000000000,0.000000000,0.000000000,0.000000000,0.000000000,0.000000000,0.000000000,0.000000000,0.000000000
1751979497.953269,27.460000000,61.359737396,0.030000001,0.000000000,4.053471565,2.805819511,-74.859123230,4.458503246,3.723001003,-25.742578506,0.000000000,0.000000000,0.000000000,0.000000000,0.000000000,0.000000000,0.000000000,0.000000000,0.000000000,0.000000000,0.000000000,0.000000000
1751979497.955903,27.462000000,61.359737396,0.030000001,0.000000000,4.053471565,2.805819511,-74.859123230,4.458503246,3.713999271,-26.057640076,0.000000000,0.000000000,0.000000000,0.000000000,0.000000000,0.000000000,0.000000000,0.000000000,0.000000000,0.000000000,0.000000000,0.000000000
1751979497.958515,27.465000000,61.359737396,0.030000001,0.000000000,4.053471565,2.792320013,-75.669090271,4.458503246,3.723001003,-25.742578506,0.000000000,0.000000000,0.000000000,0.000000000,0.000000000,0.000000000,0.000000000,0.000000000,0.000000000,0.000000000,0.000000000,0.000000000
1751979497.961252,27.467000000,61.359737396,0.030000001,0.000000000,4.053471565,2.805819511,-74.859123230,4.458503246,3.723001003,-25.742578506,0.000000000,0.000000000,0.000000000,0.000000000,0.000000000,0.000000000,0.000000000,0.000000000,0.000000000,0.000000000,0.000000000,0.000000000
1751979497.963874,27.470000000,61.287914276,0.030000001,0.000000000,3.995742559,2.805819511,-71.395385742,4.455053329,3.723001003,-25.621831894,0.000000000,0.000000000,0.000000000,0.000000000,0.000000000,0.000000000,0.000000000,0.000000000,0.000000000,0.000000000,0.000000000,0.000000000
1751979497.966492,27.473000000,61.287914276,0.030000001,0.000000000,3.995742559,2.792320013,-72.205352783,4.455053329,3.723001003,-25.621831894,0.000000000,0.000000000,0.000000000,0.000000000,0.000000000,0.000000000,0.000000000,0.000000000,0.000000000,0.000000000,0.000000000,0.000000000
1751979497.969135,27.475000000,61.287914276,0.030000001,0.000000000,3.995742559,2.792320013,-72.205352783,4.455053329,3.723001003,-25.621831894,0.000000000,0.000000000,0.000000000,0.000000000,0.000000000,0.000000000,0.000000000,0.000000000,0.000000000,0.000000000,0.000000000,0.000000000
1751979497.971720,27.478000000,61.299762726,0.030000001,0.000000000,3.968856096,2.792320013,-70.592163086,4.452033520,3.723001003,-25.516138077,0.000000000,0.000000000,0.000000000,0.000000000,0.000000000,0.000000000,0.000000000,0.000000000,0.000000000,0.000000000,0.000000000,0.000000000
1751979497.974327,27.481000000,61.299762726,0.030000001,0.000000000,3.968856096,2.792320013,-70.592163086,4.452033520,3.731999636,-25.201185226,0.000000000,0.000000000,0.000000000,0.000000000,0.000000000,0.000000000,0.000000000,0.000000000,0.000000000,0.000000000,0.000000000,0.000000000
1751979497.976971,27.483000000,61.299762726,0.030000001,0.000000000,3.968856096,2.778820515,-71.402137756,4.452033520,3.731999636,-25.201185226,0.000000000,0.000000000,0.000000000,0.000000000,0.000000000,0.000000000,0.000000000,0.000000000,0.000000000,0.000000000,0.000000000,0.000000000
1751979497.979591,27.486000000,61.299762726,0.030000001,0.000000000,3.968856096,2.778820515,-71.402137756,4.452033520,3.731999636,-25.201185226,0.000000000,0.000000000,0.000000000,0.000000000,0.000000000,0.000000000,0.000000000,0.000000000,0.000000000,0.000000000,0.000000000,0.000000000
1751979497.982177,27.488000000,61.299762726,0.030000001,0.000000000,3.968856096,2.778820515,-71.402137756,4.452033520,3.731999636,-25.201185226,0.000000000,0.000000000,0.000000000,0.000000000,0.000000000,0.000000000,0.000000000,0.000000000,0.000000000,0.000000000,0.000000000,0.000000000
1751979497.984777,27.491000000,61.299762726,0.030000001,0.000000000,3.968856096,2.765318155,-72.212280273,4.452033520,3.741001129,-24.886133194,0.000000000,0.000000000,0.000000000,0.000000000,0.000000000,0.000000000,0.000000000,0.000000000,0.000000000,0.000000000,0.000000000,0.000000000
1751979497.987447,27.494000000,61.299762726,0.030000001,0.000000000,3.968856096,2.765318155,-72.212280273,4.452033520,3.741001129,-24.886133194,0.000000000,0.000000000,0.000000000,0.000000000,0.000000000,0.000000000,0.000000000,0.000000000,0.000000000,0.000000000,0.000000000,0.000000000
1751979497.990076,27.496000000,61.208534241,0.030000001,0.000000000,3.930641413,2.751818657,-70.729362488,4.460754871,3.741001129,-25.191381454,0.000000000,0.000000000,0.000000000,0.000000000,0.000000000,0.000000000,0.000000000,0.000000000,0.000000000,0.000000000,0.000000000,0.000000000
1751979497.992695,27.499000000,61.208534241,0.030000001,0.000000000,3.930641413,2.751818657,-70.729362488,4.460754871,3.750000000,-24.876420975,0.000000000,0.000000000,0.000000000,0.000000000,0.000000000,0.000000000,0.000000000,0.000000000,0.000000000,0.000000000,0.000000000,0.000000000
1751979497.995337,27.502000000,61.208534241,0.030000001,0.000000000,3.930641413,2.724816799,-72.349479675,4.460754871,3.758998871,-24.561460495,0.000000000,0.000000000,0.000000000,0.000000000,0.000000000,0.000000000,0.000000000,0.000000000,0.000000000,0.000000000,0.000000000,0.000000000
1751979497.997944,27.504000000,61.088924408,0.030000001,0.000000000,3.870389223,2.724816799,-68.734344482,4.459885597,3.758998871,-24.531036377,0.000000000,0.000000000,0.000000000,0.000000000,0.000000000,0.000000000,0.000000000,0.000000000,0.000000000,0.000000000,0.000000000,0.000000000
1751979498.000624,27.507000000,61.088924408,0.030000001,0.000000000,3.870389223,2.724816799,-68.734344482,4.459885597,3.758998871,-24.531036377,0.000000000,0.000000000,0.000000000,0.000000000,0.000000000,0.000000000,0.000000000,0.000000000,0.000000000,0.000000000,0.000000000,0.000000000
1751979498.003548,27.510000000,61.088924408,0.030000001,0.000000000,3.870389223,2.697817802,-70.354286194,4.459885597,3.768000364,-24.215982437,0.000000000,0.000000000,0.000000000,0.000000000,0.000000000,0.000000000,0.000000000,0.000000000,0.000000000,0.000000000,0.000000000,0.000000000
1751979498.006311,27.513000000,61.088924408,0.030000001,0.000000000,3.870389223,2.697817802,-70.354286194,4.459885597,3.768000364,-24.215982437,0.000000000,0.000000000,0.000000000,0.000000000,0.000000000,0.000000000,0.000000000,0.000000000,0.000000000,0.000000000,0.000000000,0.000000000
1751979498.008996,27.515000000,61.088924408,0.030000001,0.000000000,3.870389223,2.697817802,-70.354286194,4.459885597,3.776998997,-23.901031494,0.000000000,0.000000000,0.000000000,0.000000000,0.000000000,0.000000000,0.000000000,0.000000000,0.000000000,0.000000000,0.000000000,0.000000000
1751979498.011616,27.518000000,61.088924408,0.030000001,0.000000000,3.870389223,2.684318066,-71.164268494,4.459885597,3.786000729,-23.585969925,0.000000000,0.000000000,0.000000000,0.000000000,0.000000000,0.000000000,0.000000000,0.000000000,0.000000000,0.000000000,0.000000000,0.000000000
1751979498.014279,27.521000000,61.023620605,0.030000001,0.000000000,3.835897923,2.670815945,-69.904922485,4.458745956,3.786000729,-23.546083450,0.000000000,0.000000000,0.000000000,0.000000000,0.000000000,0.000000000,0.000000000,0.000000000,0.000000000,0.000000000,0.000000000,0.000000000
1751979498.016883,27.523000000,61.023620605,0.030000001,0.000000000,3.835897923,2.670815945,-69.904922485,4.458745956,3.786000729,-23.546083450,0.000000000,0.000000000,0.000000000,0.000000000,0.000000000,0.000000000,0.000000000,0.000000000,0.000000000,0.000000000,0.000000000,0.000000000
1751979498.019466,27.526000000,61.023620605,0.030000001,0.000000000,3.835897923,2.657316208,-70.714904785,4.458745956,3.794999361,-23.231130600,0.000000000,0.000000000,0.000000000,0.000000000,0.000000000,0.000000000,0.000000000,0.000000000,0.000000000,0.000000000,0.000000000,0.000000000
1751979498.022073,27.528000000,60.970546722,0.030000001,0.000000000,3.779200315,2.643816710,-68.123016357,4.446966171,3.794999361,-22.818838120,0.000000000,0.000000000,0.000000000,0.000000000,0.000000000,0.000000000,0.000000000,0.000000000,0.000000000,0.000000000,0.000000000,0.000000000
1751979498.024673,27.531000000,60.970546722,0.030000001,0.000000000,3.779200315,2.643816710,-68.123016357,4.446966171,3.804000854,-22.503786087,0.000000000,0.000000000,0.000000000,0.000000000,0.000000000,0.000000000,0.000000000,0.000000000,0.000000000,0.000000000,0.000000000,0.000000000
1751979498.027349,27.534000000,60.970546722,0.030000001,0.000000000,3.779200315,2.630314589,-68.933143616,4.446966171,3.812999725,-22.188825607,0.000000000,0.000000000,0.000000000,0.000000000,0.000000000,0.000000000,0.000000000,0.000000000,0.000000000,0.000000000,0.000000000,0.000000000
1751979498.029913,27.536000000,60.892448425,0.030000001,0.000000000,3.690214634,2.616815090,-64.403976440,4.455317497,3.822001219,-22.166069031,0.000000000,0.000000000,0.000000000,0.000000000,0.000000000,0.000000000,0.000000000,0.000000000,0.000000000,0.000000000,0.000000000,0.000000000
1751979498.032465,27.539000000,60.892448425,0.030000001,0.000000000,3.690214634,2.603315353,-65.213958740,4.455317497,3.822001219,-22.166069031,0.000000000,0.000000000,0.000000000,0.000000000,0.000000000,0.000000000,0.000000000,0.000000000,0.000000000,0.000000000,0.000000000,0.000000000
1751979498.035047,27.541000000,60.892448425,0.030000001,0.000000000,3.690214634,2.603315353,-65.213958740,4.455317497,3.831000090,-21.851108551,0.000000000,0.000000000,0.000000000,0.000000000,0.000000000,0.000000000,0.000000000,0.000000000,0.000000000,0.000000000,0.000000000,0.000000000
1751979498.037644,27.544000000,60.892448425,0.030000001,0.000000000,3.690214634,2.589815855,-66.023925781,4.455317497,3.839998722,-21.536157608,0.000000000,0.000000000,0.000000000,0.000000000,0.000000000,0.000000000,0.000000000,0.000000000,0.000000000,0.000000000,0.000000000,0.000000000
1751979498.040279,27.546000000,60.892448425,0.030000001,0.000000000,3.690214634,2.576313496,-66.834068298,4.455317497,3.849000454,-21.221096039,0.000000000,0.000000000,0.000000000,0.000000000,0.000000000,0.000000000,0.000000000,0.000000000,0.000000000,0.000000000,0.000000000,0.000000000
1751979498.042889,27.549000000,60.892448425,0.030000001,0.000000000,3.690214634,2.576313496,-66.834068298,4.455317497,3.849000454,-21.221096039,0.000000000,0.000000000,0.000000000,0.000000000,0.000000000,0.000000000,0.000000000,0.000000000,0.000000000,0.000000000,0.000000000,0.000000000
1751979498.045496,27.552000000,60.846500397,0.030000001,0.000000000,3.581918001,2.562813997,-61.146240234,4.452835083,3.867000580,-20.504207611,0.000000000,0.000000000,0.000000000,0.000000000,0.000000000,0.000000000,0.000000000,0.000000000,0.000000000,0.000000000,0.000000000,0.000000000
1751979498.048096,27.554000000,60.846500397,0.030000001,0.000000000,3.581918001,2.549314499,-61.956211090,4.452835083,3.875999451,-20.189247131,0.000000000,0.000000000,0.000000000,0.000000000,0.000000000,0.000000000,0.000000000,0.000000000,0.000000000,0.000000000,0.000000000,0.000000000
1751979498.050681,27.557000000,60.846500397,0.030000001,0.000000000,3.581918001,2.535812378,-62.766338348,4.452835083,3.885000944,-19.874195099,0.000000000,0.000000000,0.000000000,0.000000000,0.000000000,0.000000000,0.000000000,0.000000000,0.000000000,0.000000000,0.000000000,0.000000000
1751979498.053312,27.560000000,60.736209869,0.030000001,0.000000000,3.498657227,2.535812378,-57.770690918,4.451852322,3.893999815,-19.524837494,0.000000000,0.000000000,0.000000000,0.000000000,0.000000000,0.000000000,0.000000000,0.000000000,0.000000000,0.000000000,0.000000000,0.000000000
1751979498.055876,27.562000000,60.736209869,0.030000001,0.000000000,3.498657227,2.522312641,-58.580673218,4.451852322,3.903001308,-19.209785461,0.000000000,0.000000000,0.000000000,0.000000000,0.000000000,0.000000000,0.000000000,0.000000000,0.000000000,0.000000000,0.000000000,0.000000000
1751979498.058495,27.565000000,60.736209869,0.030000001,0.000000000,3.498657227,2.495313644,-60.200614929,4.451852322,3.920998812,-18.579872131,0.000000000,0.000000000,0.000000000,0.000000000,0.000000000,0.000000000,0.000000000,0.000000000,0.000000000,0.000000000,0.000000000,0.000000000
1751979498.061179,27.567000000,60.736209869,0.030000001,0.000000000,3.498657227,2.495313644,-60.200614929,4.451852322,3.938999176,-17.949859619,0.000000000,0.000000000,0.000000000,0.000000000,0.000000000,0.000000000,0.000000000,0.000000000,0.000000000,0.000000000,0.000000000,0.000000000
1751979498.063647,27.570000000,60.736209869,0.030000001,0.000000000,3.498657227,2.481811285,-61.010757446,4.451852322,3.948000669,-17.634807587,0.000000000,0.000000000,0.000000000,0.000000000,0.000000000,0.000000000,0.000000000,0.000000000,0.000000000,0.000000000,0.000000000,0.000000000
1751979498.066247,27.572000000,60.736209869,0.030000001,0.000000000,3.498657227,2.454812288,-62.630695343,4.451852322,3.956999540,-17.319847107,0.000000000,0.000000000,0.000000000,0.000000000,0.000000000,0.000000000,0.000000000,0.000000000,0.000000000,0.000000000,0.000000000,0.000000000
1751979498.068834,27.575000000,60.513442993,0.030000001,0.000000000,3.378937483,2.441309929,-56.257652283,4.458488941,3.974999905,-16.922115326,0.000000000,0.000000000,0.000000000,0.000000000,0.000000000,0.000000000,0.000000000,0.000000000,0.000000000,0.000000000,0.000000000,0.000000000
1751979498.071411,27.578000000,60.513442993,0.030000001,0.000000000,3.378937483,2.427810431,-57.067623138,4.458488941,3.984001160,-16.607072830,0.000000000,0.000000000,0.000000000,0.000000000,0.000000000,0.000000000,0.000000000,0.000000000,0.000000000,0.000000000,0.000000000,0.000000000
1751979498.074008,27.580000000,60.513442993,0.030000001,0.000000000,3.378937483,2.400811195,-58.687576294,4.458488941,4.001998901,-15.977151871,0.000000000,0.000000000,0.000000000,0.000000000,0.000000000,0.000000000,0.000000000,0.000000000,0.000000000,0.000000000,0.000000000,0.000000000
1751979498.076626,27.583000000,60.513442993,0.030000001,0.000000000,3.378937483,2.387309074,-59.497703552,4.458488941,4.011000633,-15.662090302,0.000000000,0.000000000,0.000000000,0.000000000,0.000000000,0.000000000,0.000000000,0.000000000,0.000000000,0.000000000,0.000000000,0.000000000
1751979498.079231,27.585000000,60.345726013,0.030000001,0.000000000,3.258618832,2.387309074,-52.278587341,4.444624901,4.029000759,-14.546844482,0.000000000,0.000000000,0.000000000,0.000000000,0.000000000,0.000000000,0.000000000,0.000000000,0.000000000,0.000000000,0.000000000,0.000000000
1751979498.081836,27.588000000,60.345726013,0.030000001,0.000000000,3.258618832,2.346807718,-54.708667755,4.444624901,4.037999630,-14.231884003,0.000000000,0.000000000,0.000000000,0.000000000,0.000000000,0.000000000,0.000000000,0.000000000,0.000000000,0.000000000,0.000000000,0.000000000
1751979498.084410,27.591000000,60.112869263,0.030000001,0.000000000,3.142954350,2.306306362,-50.198879242,4.448759079,4.055999756,-13.746576309,0.000000000,0.000000000,0.000000000,0.000000000,0.000000000,0.000000000,0.000000000,0.000000000,0.000000000,0.000000000,0.000000000,0.000000000
1751979498.087024,27.593000000,60.112869263,0.030000001,0.000000000,3.142954350,2.279307365,-51.818817139,4.448759079,4.065001488,-13.431515694,0.000000000,0.000000000,0.000000000,0.000000000,0.000000000,0.000000000,0.000000000,0.000000000,0.000000000,0.000000000,0.000000000,0.000000000
1751979498.089593,27.596000000,60.112869263,0.030000001,0.000000000,3.142954350,2.279307365,-51.818817139,4.448759079,4.074000359,-13.116555214,0.000000000,0.000000000,0.000000000,0.000000000,0.000000000,0.000000000,0.000000000,0.000000000,0.000000000,0.000000000,0.000000000,0.000000000
1751979498.092298,27.599000000,60.112869263,0.030000001,0.000000000,3.142954350,2.252305508,-53.438930511,4.448759079,4.082998753,-12.801610947,0.000000000,0.000000000,0.000000000,0.000000000,0.000000000,0.000000000,0.000000000,0.000000000,0.000000000,0.000000000,0.000000000,0.000000000
1751979498.094980,27.601000000,60.112869263,0.030000001,0.000000000,3.142954350,2.211804152,-55.869010925,4.448759079,4.100999355,-12.171590805,0.000000000,0.000000000,0.000000000,0.000000000,0.000000000,0.000000000,0.000000000,0.000000000,0.000000000,0.000000000,0.000000000,0.000000000
1751979498.097559,27.604000000,60.112869263,0.030000001,0.000000000,3.142954350,2.211804152,-55.869010925,4.448759079,4.100999355,-12.171590805,0.000000000,0.000000000,0.000000000,0.000000000,0.000000000,0.000000000,0.000000000,0.000000000,0.000000000,0.000000000,0.000000000,0.000000000
1751979498.100178,27.606000000,60.112869263,0.030000001,0.000000000,3.142954350,2.198304653,-56.678981781,4.448759079,4.110000610,-11.856546402,0.000000000,0.000000000,0.000000000,0.000000000,0.000000000,0.000000000,0.000000000,0.000000000,0.000000000,0.000000000,0.000000000,0.000000000
1751979498.102804,27.609000000,59.920490265,0.030000001,0.000000000,3.066907644,2.157803059,-54.546276093,4.465357780,4.128001213,-11.807479858,0.000000000,0.000000000,0.000000000,0.000000000,0.000000000,0.000000000,0.000000000,0.000000000,0.000000000,0.000000000,0.000000000,0.000000000
1751979498.105400,27.612000000,59.920490265,0.030000001,0.000000000,3.066907644,2.130804062,-56.166213989,4.465357780,4.128001213,-11.807479858,0.000000000,0.000000000,0.000000000,0.000000000,0.000000000,0.000000000,0.000000000,0.000000000,0.000000000,0.000000000,0.000000000,0.000000000
1751979498.108073,27.614000000,59.920490265,0.030000001,0.000000000,3.066907644,2.117301941,-56.976341248,4.465357780,4.137000084,-11.492519379,0.000000000,0.000000000,0.000000000,0.000000000,0.000000000,0.000000000,0.000000000,0.000000000,0.000000000,0.000000000,0.000000000,0.000000000
1751979498.110772,27.617000000,59.789180756,0.030000001,0.000000000,3.046608686,2.103802204,-56.568389893,4.498836040,4.146001339,-12.349214554,0.000000000,0.000000000,0.000000000,0.000000000,0.000000000,0.000000000,0.000000000,0.000000000,0.000000000,0.000000000,0.000000000,0.000000000
1751979498.113298,27.620000000,59.789180756,0.030000001,0.000000000,3.046608686,2.076803207,-58.188327789,4.498836040,4.146001339,-12.349214554,0.000000000,0.000000000,0.000000000,0.000000000,0.000000000,0.000000000,0.000000000,0.000000000,0.000000000,0.000000000,0.000000000,0.000000000
1751979498.115830,27.622000000,59.789180756,0.030000001,0.000000000,3.046608686,2.063300848,-58.998470306,4.498836040,4.155000210,-12.034254074,0.000000000,0.000000000,0.000000000,0.000000000,0.000000000,0.000000000,0.000000000,0.000000000,0.000000000,0.000000000,0.000000000,0.000000000
1751979498.118430,27.625000000,59.789180756,0.030000001,0.000000000,3.046608686,2.036301851,-60.618408203,4.498836040,4.163999081,-11.719293594,0.000000000,0.000000000,0.000000000,0.000000000,0.000000000,0.000000000,0.000000000,0.000000000,0.000000000,0.000000000,0.000000000,0.000000000
1751979498.121029,27.627000000,59.789180756,0.030000001,0.000000000,3.046608686,2.022799492,-61.428550720,4.498836040,4.163999081,-11.719293594,0.000000000,0.000000000,0.000000000,0.000000000,0.000000000,0.000000000,0.000000000,0.000000000,0.000000000,0.000000000,0.000000000,0.000000000
1751979498.123609,27.630000000,59.789180756,0.030000001,0.000000000,3.046608686,2.009299994,-62.238521576,4.498836040,4.163999081,-11.719293594,0.000000000,0.000000000,0.000000000,0.000000000,0.000000000,0.000000000,0.000000000,0.000000000,0.000000000,0.000000000,0.000000000,0.000000000
1751979498.126186,27.632000000,59.861442566,0.030000001,0.000000000,3.033319712,1.995800495,-62.251152039,4.523922443,4.173000336,-12.282274246,0.000000000,0.000000000,0.000000000,0.000000000,0.000000000,0.000000000,0.000000000,0.000000000,0.000000000,0.000000000,0.000000000,0.000000000
1751979498.128788,27.635000000,59.861442566,0.030000001,0.000000000,3.033319712,1.968798637,-63.871265411,4.523922443,4.181999207,-11.967313766,0.000000000,0.000000000,0.000000000,0.000000000,0.000000000,0.000000000,0.000000000,0.000000000,0.000000000,0.000000000,0.000000000,0.000000000
1751979498.131403,27.638000000,59.861442566,0.030000001,0.000000000,3.033319712,1.928297281,-66.301345825,4.523922443,4.181999207,-11.967313766,0.000000000,0.000000000,0.000000000,0.000000000,0.000000000,0.000000000,0.000000000,0.000000000,0.000000000,0.000000000,0.000000000,0.000000000
1751979498.134051,27.640000000,59.792461395,0.030000001,0.000000000,3.043634892,1.914797783,-67.730224609,4.542513847,4.181999207,-12.618012428,0.000000000,0.000000000,0.000000000,0.000000000,0.000000000,0.000000000,0.000000000,0.000000000,0.000000000,0.000000000,0.000000000,0.000000000
1751979498.136676,27.643000000,59.792461395,0.030000001,0.000000000,3.043634892,1.914797783,-67.730224609,4.542513847,4.181999207,-12.618012428,0.000000000,0.000000000,0.000000000,0.000000000,0.000000000,0.000000000,0.000000000,0.000000000,0.000000000,0.000000000,0.000000000,0.000000000
1751979498.139279,27.646000000,59.792461395,0.030000001,0.000000000,3.043634892,1.887795925,-69.350341797,4.542513847,4.191000938,-12.302951813,0.000000000,0.000000000,0.000000000,0.000000000,0.000000000,0.000000000,0.000000000,0.000000000,0.000000000,0.000000000,0.000000000,0.000000000
1751979498.141892,27.648000000,59.894687653,0.030000001,0.000000000,3.016814709,1.847297192,-70.171051025,4.555603027,4.191000938,-12.761073112,0.000000000,0.000000000,0.000000000,0.000000000,0.000000000,0.000000000,0.000000000,0.000000000,0.000000000,0.000000000,0.000000000,0.000000000
1751979498.144507,27.651000000,59.894687653,0.030000001,0.000000000,3.016814709,1.847297192,-70.171051025,4.555603027,4.191000938,-12.761073112,0.000000000,0.000000000,0.000000000,0.000000000,0.000000000,0.000000000,0.000000000,0.000000000,0.000000000,0.000000000,0.000000000,0.000000000
1751979498.147093,27.653000000,59.894687653,0.030000001,0.000000000,3.016814709,1.833795071,-70.981178284,4.555603027,4.191000938,-12.761073112,0.000000000,0.000000000,0.000000000,0.000000000,0.000000000,0.000000000,0.000000000,0.000000000,0.000000000,0.000000000,0.000000000,0.000000000
1751979498.149678,27.656000000,59.894687653,0.030000001,0.000000000,3.016814709,1.793293715,-73.411262512,4.555603027,4.191000938,-12.761073112,0.000000000,0.000000000,0.000000000,0.000000000,0.000000000,0.000000000,0.000000000,0.000000000,0.000000000,0.000000000,0.000000000,0.000000000
1751979498.152419,27.659000000,59.894687653,0.030000001,0.000000000,3.016814709,1.766294479,-75.031211853,4.555603027,4.191000938,-12.761073112,0.000000000,0.000000000,0.000000000,0.000000000,0.000000000,0.000000000,0.000000000,0.000000000,0.000000000,0.000000000,0.000000000,0.000000000
1751979498.155169,27.661000000,59.894687653,0.030000001,0.000000000,3.016814709,1.766294479,-75.031211853,4.555603027,4.191000938,-12.761073112,0.000000000,0.000000000,0.000000000,0.000000000,0.000000000,0.000000000,0.000000000,0.000000000,0.000000000,0.000000000,0.000000000,0.000000000
1751979498.157931,27.664000000,59.843414307,0.030000001,0.000000000,3.022462845,1.739292741,-76.990203857,4.559694767,4.181999207,-13.219345093,0.000000000,0.000000000,0.000000000,0.000000000,0.000000000,0.000000000,0.000000000,0.000000000,0.000000000,0.000000000,0.000000000,0.000000000
1751979498.160779,27.667000000,59.843414307,0.030000001,0.000000000,3.022462845,1.685291767,-80.230262756,4.559694767,4.181999207,-13.219345093,0.000000000,0.000000000,0.000000000,0.000000000,0.000000000,0.000000000,0.000000000,0.000000000,0.000000000,0.000000000,0.000000000,0.000000000
1751979498.163368,27.670000000,59.843414307,0.030000001,0.000000000,3.022462845,1.671792269,-81.040237427,4.559694767,4.181999207,-13.219345093,0.000000000,0.000000000,0.000000000,0.000000000,0.000000000,0.000000000,0.000000000,0.000000000,0.000000000,0.000000000,0.000000000,0.000000000
1751979498.165920,27.672000000,59.883197784,0.030000001,0.000000000,3.019305944,1.671792269,-80.850822449,4.550232887,4.181999207,-12.888178825,0.000000000,0.000000000,0.000000000,0.000000000,0.000000000,0.000000000,0.000000000,0.000000000,0.000000000,0.000000000,0.000000000,0.000000000
1751979498.168460,27.675000000,59.883197784,0.030000001,0.000000000,3.019305944,1.617791414,-84.090873718,4.550232887,4.181999207,-12.888178825,0.000000000,0.000000000,0.000000000,0.000000000,0.000000000,0.000000000,0.000000000,0.000000000,0.000000000,0.000000000,0.000000000,0.000000000
1751979498.171047,27.677000000,59.883197784,0.030000001,0.000000000,3.019305944,1.577290058,-86.520950317,4.550232887,4.173000336,-13.203139305,0.000000000,0.000000000,0.000000000,0.000000000,0.000000000,0.000000000,0.000000000,0.000000000,0.000000000,0.000000000,0.000000000,0.000000000
1751979498.173775,27.680000000,59.883197784,0.030000001,0.000000000,3.019305944,1.577290058,-86.520950317,4.550232887,4.173000336,-13.203139305,0.000000000,0.000000000,0.000000000,0.000000000,0.000000000,0.000000000,0.000000000,0.000000000,0.000000000,0.000000000,0.000000000,0.000000000
1751979498.176403,27.683000000,59.883197784,0.030000001,0.000000000,3.019305944,1.577290058,-86.520950317,4.550232887,4.173000336,-13.203139305,0.000000000,0.000000000,0.000000000,0.000000000,0.000000000,0.000000000,0.000000000,0.000000000,0.000000000,0.000000000,0.000000000,0.000000000
1751979498.178967,27.685000000,59.883197784,0.030000001,0.000000000,3.019305944,1.550288200,-88.141067505,4.550232887,4.173000336,-13.203139305,0.000000000,0.000000000,0.000000000,0.000000000,0.000000000,0.000000000,0.000000000,0.000000000,0.000000000,0.000000000,0.000000000,0.000000000
1751979498.181707,27.688000000,59.906757355,0.030000001,0.000000000,2.984621525,1.496287346,-89.300048828,4.544039726,4.173000336,-12.986378670,0.000000000,0.000000000,0.000000000,0.000000000,0.000000000,0.000000000,0.000000000,0.000000000,0.000000000,0.000000000,0.000000000,0.000000000
1751979498.184338,27.691000000,59.906757355,0.030000001,0.000000000,2.984621525,1.469285488,-90.920166016,4.544039726,4.163999081,-13.301422119,0.000000000,0.000000000,0.000000000,0.000000000,0.000000000,0.000000000,0.000000000,0.000000000,0.000000000,0.000000000,0.000000000,0.000000000
1751979498.186991,27.693000000,59.906757355,0.030000001,0.000000000,2.984621525,1.442286372,-92.540107727,4.544039726,4.163999081,-13.301422119,0.000000000,0.000000000,0.000000000,0.000000000,0.000000000,0.000000000,0.000000000,0.000000000,0.000000000,0.000000000,0.000000000,0.000000000
1751979498.189579,27.696000000,59.888118744,0.030000001,0.000000000,2.988315344,1.428786755,-93.571716309,4.534294605,4.163999081,-12.960343361,0.000000000,0.000000000,0.000000000,0.000000000,0.000000000,0.000000000,0.000000000,0.000000000,0.000000000,0.000000000,0.000000000,0.000000000
1751979498.192235,27.698000000,59.888118744,0.030000001,0.000000000,2.988315344,1.428786755,-93.571716309,4.534294605,4.155000210,-13.275303841,0.000000000,0.000000000,0.000000000,0.000000000,0.000000000,0.000000000,0.000000000,0.000000000,0.000000000,0.000000000,0.000000000,0.000000000
1751979498.194776,27.701000000,59.888118744,0.030000001,0.000000000,2.988315344,1.388285398,-96.001800537,4.534294605,4.155000210,-13.275303841,0.000000000,0.000000000,0.000000000,0.000000000,0.000000000,0.000000000,0.000000000,0.000000000,0.000000000,0.000000000,0.000000000,0.000000000
1751979498.197404,27.704000000,59.836135864,0.030000001,0.000000000,2.967662573,1.374783278,-95.572753906,4.515246391,4.155000210,-12.608615875,0.000000000,0.000000000,0.000000000,0.000000000,0.000000000,0.000000000,0.000000000,0.000000000,0.000000000,0.000000000,0.000000000,0.000000000
1751979498.199981,27.706000000,59.836135864,0.030000001,0.000000000,2.967662573,1.361283660,-96.382736206,4.515246391,4.146001339,-12.923576355,0.000000000,0.000000000,0.000000000,0.000000000,0.000000000,0.000000000,0.000000000,0.000000000,0.000000000,0.000000000,0.000000000,0.000000000
1751979498.202546,27.709000000,59.836135864,0.030000001,0.000000000,2.967662573,1.334284544,-98.002685547,4.515246391,4.146001339,-12.923576355,0.000000000,0.000000000,0.000000000,0.000000000,0.000000000,0.000000000,0.000000000,0.000000000,0.000000000,0.000000000,0.000000000,0.000000000
1751979498.205136,27.711000000,59.836135864,0.030000001,0.000000000,2.967662573,1.307282686,-99.622795105,4.515246391,4.146001339,-12.923576355,0.000000000,0.000000000,0.000000000,0.000000000,0.000000000,0.000000000,0.000000000,0.000000000,0.000000000,0.000000000,0.000000000,0.000000000
1751979498.207752,27.714000000,59.836135864,0.030000001,0.000000000,2.967662573,1.293783188,-100.432762146,4.515246391,4.137000084,-13.238620758,0.000000000,0.000000000,0.000000000,0.000000000,0.000000000,0.000000000,0.000000000,0.000000000,0.000000000,0.000000000,0.000000000,0.000000000
1751979498.210366,27.717000000,59.836135864,0.030000001,0.000000000,2.967662573,1.293783188,-100.432762146,4.515246391,4.137000084,-13.238620758,0.000000000,0.000000000,0.000000000,0.000000000,0.000000000,0.000000000,0.000000000,0.000000000,0.000000000,0.000000000,0.000000000,0.000000000
1751979498.213078,27.719000000,59.806804657,0.030000001,0.000000000,2.968566179,1.280280948,-101.297111511,4.505105495,4.137000084,-12.883689880,0.000000000,0.000000000,0.000000000,0.000000000,0.000000000,0.000000000,0.000000000,0.000000000,0.000000000,0.000000000,0.000000000,0.000000000
1751979498.215902,27.722000000,59.806804657,0.030000001,0.000000000,2.968566179,1.266781330,-102.107093811,4.505105495,4.137000084,-12.883689880,0.000000000,0.000000000,0.000000000,0.000000000,0.000000000,0.000000000,0.000000000,0.000000000,0.000000000,0.000000000,0.000000000,0.000000000
1751979498.218637,27.725000000,59.806804657,0.030000001,0.000000000,2.968566179,1.239782333,-103.727027893,4.505105495,4.128001213,-13.198650360,0.000000000,0.000000000,0.000000000,0.000000000,0.000000000,0.000000000,0.000000000,0.000000000,0.000000000,0.000000000,0.000000000,0.000000000
1751979498.221281,27.728000000,59.779262543,0.030000001,0.000000000,2.974716425,1.239782333,-104.096046448,4.485892773,4.128001213,-12.526205063,0.000000000,0.000000000,0.000000000,0.000000000,0.000000000,0.000000000,0.000000000,0.000000000,0.000000000,0.000000000,0.000000000,0.000000000
1751979498.224032,27.730000000,59.779262543,0.030000001,0.000000000,2.974716425,1.226279974,-104.906188965,4.485892773,4.128001213,-12.526205063,0.000000000,0.000000000,0.000000000,0.000000000,0.000000000,0.000000000,0.000000000,0.000000000,0.000000000,0.000000000,0.000000000,0.000000000
1751979498.226598,27.733000000,59.779262543,0.030000001,0.000000000,2.974716425,1.212780476,-105.716156006,4.485892773,4.118999481,-12.841264725,0.000000000,0.000000000,0.000000000,0.000000000,0.000000000,0.000000000,0.000000000,0.000000000,0.000000000,0.000000000,0.000000000,0.000000000
1751979498.229198,27.735000000,59.871978760,0.030000001,0.000000000,2.968856573,1.199280977,-106.174537659,4.501864910,4.118999481,-13.400289536,0.000000000,0.000000000,0.000000000,0.000000000,0.000000000,0.000000000,0.000000000,0.000000000,0.000000000,0.000000000,0.000000000,0.000000000
1751979498.231717,27.738000000,59.871978760,0.030000001,0.000000000,2.968856573,1.185778618,-106.984680176,4.501864910,4.118999481,-13.400289536,0.000000000,0.000000000,0.000000000,0.000000000,0.000000000,0.000000000,0.000000000,0.000000000,0.000000000,0.000000000,0.000000000,0.000000000
1751979498.234253,27.741000000,59.871978760,0.030000001,0.000000000,2.968856573,1.172279119,-107.794647217,4.501864910,4.118999481,-13.400289536,0.000000000,0.000000000,0.000000000,0.000000000,0.000000000,0.000000000,0.000000000,0.000000000,0.000000000,0.000000000,0.000000000,0.000000000
1751979498.236898,27.743000000,59.871978760,0.030000001,0.000000000,2.968856573,1.172279119,-107.794647217,4.501864910,4.118999481,-13.400289536,0.000000000,0.000000000,0.000000000,0.000000000,0.000000000,0.000000000,0.000000000,0.000000000,0.000000000,0.000000000,0.000000000,0.000000000
1751979498.239422,27.746000000,59.871978760,0.030000001,0.000000000,2.968856573,1.158779621,-108.604614258,4.501864910,4.118999481,-13.400289536,0.000000000,0.000000000,0.000000000,0.000000000,0.000000000,0.000000000,0.000000000,0.000000000,0.000000000,0.000000000,0.000000000,0.000000000
1751979498.242054,27.748000000,59.871978760,0.030000001,0.000000000,2.968856573,1.145277262,-109.414756775,4.501864910,4.118999481,-13.400289536,0.000000000,0.000000000,0.000000000,0.000000000,0.000000000,0.000000000,0.000000000,0.000000000,0.000000000,0.000000000,0.000000000,0.000000000
1751979498.244594,27.751000000,59.776222229,0.030000001,0.000000000,2.987246752,1.131777763,-111.328140259,4.498269558,4.118999481,-13.274452209,0.000000000,0.000000000,0.000000000,0.000000000,0.000000000,0.000000000,0.000000000,0.000000000,0.000000000,0.000000000,0.000000000,0.000000000
1751979498.247211,27.753000000,59.776222229,0.030000001,0.000000000,2.987246752,1.131777763,-111.328140259,4.498269558,4.118999481,-13.274452209,0.000000000,0.000000000,0.000000000,0.000000000,0.000000000,0.000000000,0.000000000,0.000000000,0.000000000,0.000000000,0.000000000,0.000000000
1751979498.249814,27.756000000,59.776222229,0.030000001,0.000000000,2.987246752,1.118278265,-112.138107300,4.498269558,4.118999481,-13.274452209,0.000000000,0.000000000,0.000000000,0.000000000,0.000000000,0.000000000,0.000000000,0.000000000,0.000000000,0.000000000,0.000000000,0.000000000
1751979498.252419,27.759000000,59.776222229,0.030000001,0.000000000,2.987246752,1.118278265,-112.138107300,4.498269558,4.118999481,-13.274452209,0.000000000,0.000000000,0.000000000,0.000000000,0.000000000,0.000000000,0.000000000,0.000000000,0.000000000,0.000000000,0.000000000,0.000000000
1751979498.255031,27.761000000,59.760875702,0.030000001,0.000000000,2.986033440,1.104778647,-112.875289917,4.499262333,4.118999481,-13.309200287,0.000000000,0.000000000,0.000000000,0.000000000,0.000000000,0.000000000,0.000000000,0.000000000,0.000000000,0.000000000,0.000000000,0.000000000
1751979498.257681,27.764000000,59.760875702,0.030000001,0.000000000,2.986033440,1.104778647,-112.875289917,4.499262333,4.118999481,-13.309200287,0.000000000,0.000000000,0.000000000,0.000000000,0.000000000,0.000000000,0.000000000,0.000000000,0.000000000,0.000000000,0.000000000,0.000000000
1751979498.260375,27.767000000,59.760875702,0.030000001,0.000000000,2.986033440,1.104778647,-112.875289917,4.499262333,4.118999481,-13.309200287,0.000000000,0.000000000,0.000000000,0.000000000,0.000000000,0.000000000,0.000000000,0.000000000,0.000000000,0.000000000,0.000000000,0.000000000
1751979498.263023,27.769000000,59.760875702,0.030000001,0.000000000,2.986033440,1.104778647,-112.875289917,4.499262333,4.110000610,-13.624160767,0.000000000,0.000000000,0.000000000,0.000000000,0.000000000,0.000000000,0.000000000,0.000000000,0.000000000,0.000000000,0.000000000,0.000000000
1751979498.265589,27.772000000,59.760875702,0.030000001,0.000000000,2.986033440,1.091276407,-113.685424805,4.499262333,4.110000610,-13.624160767,0.000000000,0.000000000,0.000000000,0.000000000,0.000000000,0.000000000,0.000000000,0.000000000,0.000000000,0.000000000,0.000000000,0.000000000
1751979498.268214,27.774000000,59.765392303,0.030000001,0.000000000,2.992642164,1.091276407,-114.081947327,4.515764713,4.110000610,-14.201744080,0.000000000,0.000000000,0.000000000,0.000000000,0.000000000,0.000000000,0.000000000,0.000000000,0.000000000,0.000000000,0.000000000,0.000000000
1751979498.270902,27.777000000,59.765392303,0.030000001,0.000000000,2.992642164,1.091276407,-114.081947327,4.515764713,4.110000610,-14.201744080,0.000000000,0.000000000,0.000000000,0.000000000,0.000000000,0.000000000,0.000000000,0.000000000,0.000000000,0.000000000,0.000000000,0.000000000
1751979498.273491,27.780000000,59.765392303,0.030000001,0.000000000,2.992642164,1.091276407,-114.081947327,4.515764713,4.110000610,-14.201744080,0.000000000,0.000000000,0.000000000,0.000000000,0.000000000,0.000000000,0.000000000,0.000000000,0.000000000,0.000000000,0.000000000,0.000000000
1751979498.276142,27.782000000,59.708713531,0.030000001,0.000000000,2.989726067,1.104778647,-113.096847534,4.501852989,4.100999355,-14.029876709,0.000000000,0.000000000,0.000000000,0.000000000,0.000000000,0.000000000,0.000000000,0.000000000,0.000000000,0.000000000,0.000000000,0.000000000
1751979498.278646,27.785000000,59.708713531,0.030000001,0.000000000,2.989726067,1.104778647,-113.096847534,4.501852989,4.100999355,-14.029876709,0.000000000,0.000000000,0.000000000,0.000000000,0.000000000,0.000000000,0.000000000,0.000000000,0.000000000,0.000000000,0.000000000,0.000000000
1751979498.281273,27.787000000,59.708713531,0.030000001,0.000000000,2.989726067,1.104778647,-113.096847534,4.501852989,4.100999355,-14.029876709,0.000000000,0.000000000,0.000000000,0.000000000,0.000000000,0.000000000,0.000000000,0.000000000,0.000000000,0.000000000,0.000000000,0.000000000
1751979498.283864,27.790000000,59.714588165,0.030000001,0.000000000,3.005372047,1.104778647,-114.035606384,4.506995678,4.092000484,-14.524831772,0.000000000,0.000000000,0.000000000,0.000000000,0.000000000,0.000000000,0.000000000,0.000000000,0.000000000,0.000000000,0.000000000,0.000000000
1751979498.286469,27.793000000,59.714588165,0.030000001,0.000000000,3.005372047,1.104778647,-114.035606384,4.506995678,4.092000484,-14.524831772,0.000000000,0.000000000,0.000000000,0.000000000,0.000000000,0.000000000,0.000000000,0.000000000,0.000000000,0.000000000,0.000000000,0.000000000
1751979498.289053,27.795000000,59.714588165,0.030000001,0.000000000,3.005372047,1.118278265,-113.225624084,4.506995678,4.082998753,-14.839892387,0.000000000,0.000000000,0.000000000,0.000000000,0.000000000,0.000000000,0.000000000,0.000000000,0.000000000,0.000000000,0.000000000,0.000000000
1751979498.291754,27.798000000,59.714588165,0.030000001,0.000000000,3.005372047,1.118278265,-113.225624084,4.506995678,4.082998753,-14.839892387,0.000000000,0.000000000,0.000000000,0.000000000,0.000000000,0.000000000,0.000000000,0.000000000,0.000000000,0.000000000,0.000000000,0.000000000
1751979498.294355,27.801000000,59.714588165,0.030000001,0.000000000,3.005372047,1.131777763,-112.415657043,4.506995678,4.074000359,-15.154836655,0.000000000,0.000000000,0.000000000,0.000000000,0.000000000,0.000000000,0.000000000,0.000000000,0.000000000,0.000000000,0.000000000,0.000000000
1751979498.296980,27.803000000,59.714588165,0.030000001,0.000000000,3.005372047,1.131777763,-112.415657043,4.506995678,4.074000359,-15.154836655,0.000000000,0.000000000,0.000000000,0.000000000,0.000000000,0.000000000,0.000000000,0.000000000,0.000000000,0.000000000,0.000000000,0.000000000
1751979498.299579,27.806000000,59.714588165,0.030000001,0.000000000,3.005372047,1.131777763,-112.415657043,4.506995678,4.065001488,-15.469797134,0.000000000,0.000000000,0.000000000,0.000000000,0.000000000,0.000000000,0.000000000,0.000000000,0.000000000,0.000000000,0.000000000,0.000000000
1751979498.302208,27.808000000,59.820957184,0.030000001,0.000000000,2.990090847,1.145277262,-110.688812256,4.536974430,4.055999756,-16.834114075,0.000000000,0.000000000,0.000000000,0.000000000,0.000000000,0.000000000,0.000000000,0.000000000,0.000000000,0.000000000,0.000000000,0.000000000
1751979498.304976,27.811000000,59.820957184,0.030000001,0.000000000,2.990090847,1.145277262,-110.688812256,4.536974430,4.047000885,-17.149074554,0.000000000,0.000000000,0.000000000,0.000000000,0.000000000,0.000000000,0.000000000,0.000000000,0.000000000,0.000000000,0.000000000,0.000000000
1751979498.307782,27.814000000,59.820957184,0.030000001,0.000000000,2.990090847,1.145277262,-110.688812256,4.536974430,4.047000885,-17.149074554,0.000000000,0.000000000,0.000000000,0.000000000,0.000000000,0.000000000,0.000000000,0.000000000,0.000000000,0.000000000,0.000000000,0.000000000
1751979498.310538,27.817000000,59.842319489,0.030000001,0.000000000,2.984837770,1.158779621,-109.563491821,4.538940430,4.037999630,-17.532928467,0.000000000,0.000000000,0.000000000,0.000000000,0.000000000,0.000000000,0.000000000,0.000000000,0.000000000,0.000000000,0.000000000,0.000000000
1751979498.313134,27.819000000,59.842319489,0.030000001,0.000000000,2.984837770,1.172279119,-108.753517151,4.538940430,4.029000759,-17.847888947,0.000000000,0.000000000,0.000000000,0.000000000,0.000000000,0.000000000,0.000000000,0.000000000,0.000000000,0.000000000,0.000000000,0.000000000
1751979498.315809,27.822000000,59.842319489,0.030000001,0.000000000,2.984837770,1.185778618,-107.943550110,4.538940430,4.019999027,-18.162948608,0.000000000,0.000000000,0.000000000,0.000000000,0.000000000,0.000000000,0.000000000,0.000000000,0.000000000,0.000000000,0.000000000,0.000000000
1751979498.318582,27.825000000,59.842319489,0.030000001,0.000000000,2.984837770,1.185778618,-107.943550110,4.538940430,4.011000633,-18.477893829,0.000000000,0.000000000,0.000000000,0.000000000,0.000000000,0.000000000,0.000000000,0.000000000,0.000000000,0.000000000,0.000000000,0.000000000
1751979498.321083,27.827000000,59.842319489,0.030000001,0.000000000,2.984837770,1.199280977,-107.133407593,4.538940430,4.001998901,-18.792953491,0.000000000,0.000000000,0.000000000,0.000000000,0.000000000,0.000000000,0.000000000,0.000000000,0.000000000,0.000000000,0.000000000,0.000000000
1751979498.323624,27.830000000,59.822422028,0.030000001,0.000000000,2.986801386,1.212780476,-106.441253662,4.542278767,4.001998901,-18.909795761,0.000000000,0.000000000,0.000000000,0.000000000,0.000000000,0.000000000,0.000000000,0.000000000,0.000000000,0.000000000,0.000000000,0.000000000
1751979498.326156,27.832000000,59.822422028,0.030000001,0.000000000,2.986801386,1.226279974,-105.631286621,4.542278767,3.993000031,-19.224756241,0.000000000,0.000000000,0.000000000,0.000000000,0.000000000,0.000000000,0.000000000,0.000000000,0.000000000,0.000000000,0.000000000,0.000000000
1751979498.328722,27.835000000,59.822422028,0.030000001,0.000000000,2.986801386,1.226279974,-105.631286621,4.542278767,3.984001160,-19.539716721,0.000000000,0.000000000,0.000000000,0.000000000,0.000000000,0.000000000,0.000000000,0.000000000,0.000000000,0.000000000,0.000000000,0.000000000
1751979498.331298,27.838000000,59.822422028,0.030000001,0.000000000,2.986801386,1.239782333,-104.821144104,4.542278767,3.974999905,-19.854759216,0.000000000,0.000000000,0.000000000,0.000000000,0.000000000,0.000000000,0.000000000,0.000000000,0.000000000,0.000000000,0.000000000,0.000000000
1751979498.333843,27.840000000,59.859260559,0.030000001,0.000000000,2.988286972,1.253281832,-104.100311279,4.522294998,3.966001034,-19.470289230,0.000000000,0.000000000,0.000000000,0.000000000,0.000000000,0.000000000,0.000000000,0.000000000,0.000000000,0.000000000,0.000000000,0.000000000
1751979498.336403,27.843000000,59.859260559,0.030000001,0.000000000,2.988286972,1.266781330,-103.290336609,4.522294998,3.956999540,-19.785341263,0.000000000,0.000000000,0.000000000,0.000000000,0.000000000,0.000000000,0.000000000,0.000000000,0.000000000,0.000000000,0.000000000,0.000000000
1751979498.339015,27.845000000,59.859260559,0.030000001,0.000000000,2.988286972,1.280280948,-102.480361938,4.522294998,3.948000669,-20.100301743,0.000000000,0.000000000,0.000000000,0.000000000,0.000000000,0.000000000,0.000000000,0.000000000,0.000000000,0.000000000,0.000000000,0.000000000
1751979498.341620,27.848000000,59.845569611,0.030000001,0.000000000,2.993476629,1.293783188,-101.981605530,4.509358406,3.938999176,-19.962574005,0.000000000,0.000000000,0.000000000,0.000000000,0.000000000,0.000000000,0.000000000,0.000000000,0.000000000,0.000000000,0.000000000,0.000000000
1751979498.344160,27.850000000,59.845569611,0.030000001,0.000000000,2.993476629,1.307282686,-101.171638489,4.509358406,3.930000305,-20.277534485,0.000000000,0.000000000,0.000000000,0.000000000,0.000000000,0.000000000,0.000000000,0.000000000,0.000000000,0.000000000,0.000000000,0.000000000
1751979498.346696,27.853000000,59.845569611,0.030000001,0.000000000,2.993476629,1.320782304,-100.361656189,4.509358406,3.920998812,-20.592586517,0.000000000,0.000000000,0.000000000,0.000000000,0.000000000,0.000000000,0.000000000,0.000000000,0.000000000,0.000000000,0.000000000,0.000000000
1751979498.349288,27.856000000,59.845569611,0.030000001,0.000000000,2.993476629,1.334284544,-99.551528931,4.509358406,3.912000179,-20.907537460,0.000000000,0.000000000,0.000000000,0.000000000,0.000000000,0.000000000,0.000000000,0.000000000,0.000000000,0.000000000,0.000000000,0.000000000
1751979498.351891,27.858000000,59.845569611,0.030000001,0.000000000,2.993476629,1.334284544,-99.551528931,4.509358406,3.903001308,-21.222497940,0.000000000,0.000000000,0.000000000,0.000000000,0.000000000,0.000000000,0.000000000,0.000000000,0.000000000,0.000000000,0.000000000,0.000000000
1751979498.354496,27.861000000,59.845569611,0.030000001,0.000000000,2.993476629,1.361283660,-97.931579590,4.509358406,3.893999815,-21.537549973,0.000000000,0.000000000,0.000000000,0.000000000,0.000000000,0.000000000,0.000000000,0.000000000,0.000000000,0.000000000,0.000000000,0.000000000
1751979498.357134,27.863000000,59.785713196,0.030000001,0.000000000,2.990692854,1.388285398,-96.144447327,4.508901596,3.893999815,-21.521562576,0.000000000,0.000000000,0.000000000,0.000000000,0.000000000,0.000000000,0.000000000,0.000000000,0.000000000,0.000000000,0.000000000,0.000000000
1751979498.359884,27.866000000,59.785713196,0.030000001,0.000000000,2.990692854,1.388285398,-96.144447327,4.508901596,3.885000944,-21.836523056,0.000000000,0.000000000,0.000000000,0.000000000,0.000000000,0.000000000,0.000000000,0.000000000,0.000000000,0.000000000,0.000000000,0.000000000
1751979498.362695,27.869000000,59.785713196,0.030000001,0.000000000,2.990692854,1.401785016,-95.334472656,4.508901596,3.875999451,-22.151575089,0.000000000,0.000000000,0.000000000,0.000000000,0.000000000,0.000000000,0.000000000,0.000000000,0.000000000,0.000000000,0.000000000,0.000000000
1751979498.365316,27.872000000,59.804756165,0.030000001,0.000000000,2.985252619,1.401785016,-95.008056641,4.490582466,3.867000580,-21.825366974,0.000000000,0.000000000,0.000000000,0.000000000,0.000000000,0.000000000,0.000000000,0.000000000,0.000000000,0.000000000,0.000000000,0.000000000
1751979498.367868,27.874000000,59.804756165,0.030000001,0.000000000,2.985252619,1.415284634,-94.198081970,4.490582466,3.857999086,-22.140419006,0.000000000,0.000000000,0.000000000,0.000000000,0.000000000,0.000000000,0.000000000,0.000000000,0.000000000,0.000000000,0.000000000,0.000000000
1751979498.370451,27.877000000,59.804756165,0.030000001,0.000000000,2.985252619,1.428786755,-93.387954712,4.490582466,3.849000454,-22.455369949,0.000000000,0.000000000,0.000000000,0.000000000,0.000000000,0.000000000,0.000000000,0.000000000,0.000000000,0.000000000,0.000000000,0.000000000
1751979498.372999,27.879000000,59.791263580,0.030000001,0.000000000,2.968372583,1.469285488,-89.945228577,4.503039360,3.839998722,-23.206422806,0.000000000,0.000000000,0.000000000,0.000000000,0.000000000,0.000000000,0.000000000,0.000000000,0.000000000,0.000000000,0.000000000,0.000000000
1751979498.375677,27.882000000,59.791263580,0.030000001,0.000000000,2.968372583,1.469285488,-89.945228577,4.503039360,3.839998722,-23.206422806,0.000000000,0.000000000,0.000000000,0.000000000,0.000000000,0.000000000,0.000000000,0.000000000,0.000000000,0.000000000,0.000000000,0.000000000
1751979498.378237,27.884000000,59.791263580,0.030000001,0.000000000,2.968372583,1.469285488,-89.945228577,4.503039360,3.831000090,-23.521373749,0.000000000,0.000000000,0.000000000,0.000000000,0.000000000,0.000000000,0.000000000,0.000000000,0.000000000,0.000000000,0.000000000,0.000000000
1751979498.380823,27.887000000,59.791263580,0.030000001,0.000000000,2.968372583,1.482787728,-89.135093689,4.503039360,3.822001219,-23.836334229,0.000000000,0.000000000,0.000000000,0.000000000,0.000000000,0.000000000,0.000000000,0.000000000,0.000000000,0.000000000,0.000000000,0.000000000
1751979498.383417,27.890000000,59.791263580,0.030000001,0.000000000,2.968372583,1.482787728,-89.135093689,4.503039360,3.812999725,-24.151386261,0.000000000,0.000000000,0.000000000,0.000000000,0.000000000,0.000000000,0.000000000,0.000000000,0.000000000,0.000000000,0.000000000,0.000000000
1751979498.386000,27.892000000,59.791263580,0.030000001,0.000000000,2.968372583,1.496287346,-88.325111389,4.503039360,3.804000854,-24.466346741,0.000000000,0.000000000,0.000000000,0.000000000,0.000000000,0.000000000,0.000000000,0.000000000,0.000000000,0.000000000,0.000000000,0.000000000
1751979498.388626,27.895000000,59.799034119,0.030000001,0.000000000,2.958436728,1.523289084,-86.108856201,4.506757259,3.794999361,-24.911525726,0.000000000,0.000000000,0.000000000,0.000000000,0.000000000,0.000000000,0.000000000,0.000000000,0.000000000,0.000000000,0.000000000,0.000000000
1751979498.391304,27.897000000,59.799034119,0.030000001,0.000000000,2.958436728,1.536788702,-85.298881531,4.506757259,3.786000729,-25.226478577,0.000000000,0.000000000,0.000000000,0.000000000,0.000000000,0.000000000,0.000000000,0.000000000,0.000000000,0.000000000,0.000000000,0.000000000
1751979498.393960,27.900000000,59.799034119,0.030000001,0.000000000,2.958436728,1.536788702,-85.298881531,4.506757259,3.786000729,-25.226478577,0.000000000,0.000000000,0.000000000,0.000000000,0.000000000,0.000000000,0.000000000,0.000000000,0.000000000,0.000000000,0.000000000,0.000000000
1751979498.396641,27.903000000,59.786159515,0.030000001,0.000000000,2.965476751,1.577290058,-83.291198730,4.506627560,3.776998997,-25.536998749,0.000000000,0.000000000,0.000000000,0.000000000,0.000000000,0.000000000,0.000000000,0.000000000,0.000000000,0.000000000,0.000000000,0.000000000
1751979498.399264,27.905000000,59.786159515,0.030000001,0.000000000,2.965476751,1.604289055,-81.671264648,4.506627560,3.768000364,-25.851951599,0.000000000,0.000000000,0.000000000,0.000000000,0.000000000,0.000000000,0.000000000,0.000000000,0.000000000,0.000000000,0.000000000,0.000000000
1751979498.401903,27.908000000,59.786159515,0.030000001,0.000000000,2.965476751,1.604289055,-81.671264648,4.506627560,3.768000364,-25.851951599,0.000000000,0.000000000,0.000000000,0.000000000,0.000000000,0.000000000,0.000000000,0.000000000,0.000000000,0.000000000,0.000000000,0.000000000
1751979498.404504,27.911000000,59.774826050,0.030000001,0.000000000,2.966920853,1.617791414,-80.947769165,4.511746883,3.768000364,-26.031127930,0.000000000,0.000000000,0.000000000,0.000000000,0.000000000,0.000000000,0.000000000,0.000000000,0.000000000,0.000000000,0.000000000,0.000000000
1751979498.407068,27.913000000,59.774826050,0.030000001,0.000000000,2.966920853,1.631290913,-80.137794495,4.511746883,3.768000364,-26.031127930,0.000000000,0.000000000,0.000000000,0.000000000,0.000000000,0.000000000,0.000000000,0.000000000,0.000000000,0.000000000,0.000000000,0.000000000
1751979498.409798,27.916000000,59.774826050,0.030000001,0.000000000,2.966920853,1.644790411,-79.327827454,4.511746883,3.768000364,-26.031127930,0.000000000,0.000000000,0.000000000,0.000000000,0.000000000,0.000000000,0.000000000,0.000000000,0.000000000,0.000000000,0.000000000,0.000000000
1751979498.412468,27.919000000,59.774826050,0.030000001,0.000000000,2.966920853,1.658292770,-78.517684937,4.511746883,3.768000364,-26.031127930,0.000000000,0.000000000,0.000000000,0.000000000,0.000000000,0.000000000,0.000000000,0.000000000,0.000000000,0.000000000,0.000000000,0.000000000
1751979498.415113,27.921000000,59.774826050,0.030000001,0.000000000,2.966920853,1.658292770,-78.517684937,4.511746883,3.768000364,-26.031127930,0.000000000,0.000000000,0.000000000,0.000000000,0.000000000,0.000000000,0.000000000,0.000000000,0.000000000,0.000000000,0.000000000,0.000000000
1751979498.417716,27.924000000,59.774826050,0.030000001,0.000000000,2.966920853,1.685291767,-76.897743225,4.511746883,3.768000364,-26.031127930,0.000000000,0.000000000,0.000000000,0.000000000,0.000000000,0.000000000,0.000000000,0.000000000,0.000000000,0.000000000,0.000000000,0.000000000
1751979498.420382,27.927000000,59.774826050,0.030000001,0.000000000,2.966920853,1.698791385,-76.087768555,4.511746883,3.768000364,-26.031127930,0.000000000,0.000000000,0.000000000,0.000000000,0.000000000,0.000000000,0.000000000,0.000000000,0.000000000,0.000000000,0.000000000,0.000000000
1751979498.423019,27.929000000,59.834785461,0.030000001,0.000000000,2.986178398,1.698791385,-77.243217468,4.522535801,3.768000364,-26.408740997,0.000000000,0.000000000,0.000000000,0.000000000,0.000000000,0.000000000,0.000000000,0.000000000,0.000000000,0.000000000,0.000000000,0.000000000
1751979498.425753,27.932000000,59.834785461,0.030000001,0.000000000,2.986178398,1.739292741,-74.813140869,4.522535801,3.768000364,-26.408740997,0.000000000,0.000000000,0.000000000,0.000000000,0.000000000,0.000000000,0.000000000,0.000000000,0.000000000,0.000000000,0.000000000,0.000000000
1751979498.428364,27.935000000,59.839523315,0.030000001,0.000000000,2.979191542,1.752794981,-73.583793640,4.524191856,3.768000364,-26.466701508,0.000000000,0.000000000,0.000000000,0.000000000,0.000000000,0.000000000,0.000000000,0.000000000,0.000000000,0.000000000,0.000000000,0.000000000
1751979498.430958,27.937000000,59.839523315,0.030000001,0.000000000,2.979191542,1.752794981,-73.583793640,4.524191856,3.776998997,-26.151750565,0.000000000,0.000000000,0.000000000,0.000000000,0.000000000,0.000000000,0.000000000,0.000000000,0.000000000,0.000000000,0.000000000,0.000000000
1751979498.433533,27.940000000,59.839523315,0.030000001,0.000000000,2.979191542,1.779794097,-71.963844299,4.524191856,3.786000729,-25.836688995,0.000000000,0.000000000,0.000000000,0.000000000,0.000000000,0.000000000,0.000000000,0.000000000,0.000000000,0.000000000,0.000000000,0.000000000
1751979498.436110,27.942000000,59.839523315,0.030000001,0.000000000,2.979191542,1.779794097,-71.963844299,4.524191856,3.786000729,-25.836688995,0.000000000,0.000000000,0.000000000,0.000000000,0.000000000,0.000000000,0.000000000,0.000000000,0.000000000,0.000000000,0.000000000,0.000000000
1751979498.438700,27.945000000,59.939754486,0.030000001,0.000000000,2.977902412,1.793293715,-71.076522827,4.519732475,3.786000729,-25.680610657,0.000000000,0.000000000,0.000000000,0.000000000,0.000000000,0.000000000,0.000000000,0.000000000,0.000000000,0.000000000,0.000000000,0.000000000
1751979498.441275,27.948000000,59.939754486,0.030000001,0.000000000,2.977902412,1.793293715,-71.076522827,4.519732475,3.794999361,-25.365659714,0.000000000,0.000000000,0.000000000,0.000000000,0.000000000,0.000000000,0.000000000,0.000000000,0.000000000,0.000000000,0.000000000,0.000000000
1751979498.444050,27.950000000,59.939754486,0.030000001,0.000000000,2.977902412,1.806795835,-70.266395569,4.519732475,3.794999361,-25.365659714,0.000000000,0.000000000,0.000000000,0.000000000,0.000000000,0.000000000,0.000000000,0.000000000,0.000000000,0.000000000,0.000000000,0.000000000
1751979498.446663,27.953000000,59.939754486,0.030000001,0.000000000,2.977902412,1.820295453,-69.456420898,4.519732475,3.804000854,-25.050605774,0.000000000,0.000000000,0.000000000,0.000000000,0.000000000,0.000000000,0.000000000,0.000000000,0.000000000,0.000000000,0.000000000,0.000000000
1751979498.449279,27.956000000,59.939754486,0.030000001,0.000000000,2.977902412,1.820295453,-69.456420898,4.519732475,3.804000854,-25.050605774,0.000000000,0.000000000,0.000000000,0.000000000,0.000000000,0.000000000,0.000000000,0.000000000,0.000000000,0.000000000,0.000000000,0.000000000
1751979498.452048,27.958000000,59.930004120,0.030000001,0.000000000,2.981907845,1.833795071,-68.886764526,4.536349773,3.812999725,-25.317251205,0.000000000,0.000000000,0.000000000,0.000000000,0.000000000,0.000000000,0.000000000,0.000000000,0.000000000,0.000000000,0.000000000,0.000000000
1751979498.454669,27.961000000,59.930004120,0.030000001,0.000000000,2.981907845,1.820295453,-69.696746826,4.536349773,3.822001219,-25.002199173,0.000000000,0.000000000,0.000000000,0.000000000,0.000000000,0.000000000,0.000000000,0.000000000,0.000000000,0.000000000,0.000000000,0.000000000
1751979498.457263,27.964000000,59.930004120,0.030000001,0.000000000,2.981907845,1.833795071,-68.886764526,4.536349773,3.822001219,-25.002199173,0.000000000,0.000000000,0.000000000,0.000000000,0.000000000,0.000000000,0.000000000,0.000000000,0.000000000,0.000000000,0.000000000,0.000000000
1751979498.459920,27.966000000,59.930004120,0.030000001,0.000000000,2.981907845,1.833795071,-68.886764526,4.536349773,3.831000090,-24.687238693,0.000000000,0.000000000,0.000000000,0.000000000,0.000000000,0.000000000,0.000000000,0.000000000,0.000000000,0.000000000,0.000000000,0.000000000
1751979498.462577,27.969000000,59.953880310,0.030000001,0.000000000,2.968391418,1.847297192,-67.265655518,4.538424969,3.831000090,-24.759870529,0.000000000,0.000000000,0.000000000,0.000000000,0.000000000,0.000000000,0.000000000,0.000000000,0.000000000,0.000000000,0.000000000,0.000000000
1751979498.465141,27.971000000,59.953880310,0.030000001,0.000000000,2.968391418,1.847297192,-67.265655518,4.538424969,3.831000090,-24.759870529,0.000000000,0.000000000,0.000000000,0.000000000,0.000000000,0.000000000,0.000000000,0.000000000,0.000000000,0.000000000,0.000000000,0.000000000
1751979498.467716,27.974000000,59.953880310,0.030000001,0.000000000,2.968391418,1.860796809,-66.455673218,4.538424969,3.839998722,-24.444919586,0.000000000,0.000000000,0.000000000,0.000000000,0.000000000,0.000000000,0.000000000,0.000000000,0.000000000,0.000000000,0.000000000,0.000000000
1751979498.470326,27.977000000,59.953880310,0.030000001,0.000000000,2.968391418,1.860796809,-66.455673218,4.538424969,3.839998722,-24.444919586,0.000000000,0.000000000,0.000000000,0.000000000,0.000000000,0.000000000,0.000000000,0.000000000,0.000000000,0.000000000,0.000000000,0.000000000
1751979498.472928,27.979000000,59.953880310,0.030000001,0.000000000,2.968391418,1.860796809,-66.455673218,4.538424969,3.849000454,-24.129858017,0.000000000,0.000000000,0.000000000,0.000000000,0.000000000,0.000000000,0.000000000,0.000000000,0.000000000,0.000000000,0.000000000,0.000000000
1751979498.475522,27.982000000,59.953880310,0.030000001,0.000000000,2.968391418,1.860796809,-66.455673218,4.538424969,3.849000454,-24.129858017,0.000000000,0.000000000,0.000000000,0.000000000,0.000000000,0.000000000,0.000000000,0.000000000,0.000000000,0.000000000,0.000000000,0.000000000
1751979498.478202,27.984000000,59.885707855,0.030000001,0.000000000,2.987277508,1.860796809,-67.588844299,4.545079708,3.857999086,-24.047821045,0.000000000,0.000000000,0.000000000,0.000000000,0.000000000,0.000000000,0.000000000,0.000000000,0.000000000,0.000000000,0.000000000,0.000000000
1751979498.480771,27.987000000,59.885707855,0.030000001,0.000000000,2.987277508,1.874296427,-66.778862000,4.545079708,3.857999086,-24.047821045,0.000000000,0.000000000,0.000000000,0.000000000,0.000000000,0.000000000,0.000000000,0.000000000,0.000000000,0.000000000,0.000000000,0.000000000
1751979498.483358,27.990000000,59.885707855,0.030000001,0.000000000,2.987277508,1.874296427,-66.778862000,4.545079708,3.867000580,-23.732769012,0.000000000,0.000000000,0.000000000,0.000000000,0.000000000,0.000000000,0.000000000,0.000000000,0.000000000,0.000000000,0.000000000,0.000000000
1751979498.485954,27.992000000,59.866619110,0.030000001,0.000000000,2.996987581,1.874296427,-67.361465454,4.536922932,3.867000580,-23.447282791,0.000000000,0.000000000,0.000000000,0.000000000,0.000000000,0.000000000,0.000000000,0.000000000,0.000000000,0.000000000,0.000000000,0.000000000
1751979498.488550,27.995000000,59.866619110,0.030000001,0.000000000,2.996987581,1.874296427,-67.361465454,4.536922932,3.867000580,-23.447282791,0.000000000,0.000000000,0.000000000,0.000000000,0.000000000,0.000000000,0.000000000,0.000000000,0.000000000,0.000000000,0.000000000,0.000000000
1751979498.491291,27.997000000,59.866619110,0.030000001,0.000000000,2.996987581,1.874296427,-67.361465454,4.536922932,3.867000580,-23.447282791,0.000000000,0.000000000,0.000000000,0.000000000,0.000000000,0.000000000,0.000000000,0.000000000,0.000000000,0.000000000,0.000000000,0.000000000
1751979498.493998,28.000000000,59.866619110,0.030000001,0.000000000,2.996987581,1.874296427,-67.361465454,4.536922932,3.875999451,-23.132322311,0.000000000,0.000000000,0.000000000,0.000000000,0.000000000,0.000000000,0.000000000,0.000000000,0.000000000,0.000000000,0.000000000,0.000000000
1751979498.496810,28.003000000,59.866619110,0.030000001,0.000000000,2.996987581,1.874296427,-67.361465454,4.536922932,3.885000944,-22.817270279,0.000000000,0.000000000,0.000000000,0.000000000,0.000000000,0.000000000,0.000000000,0.000000000,0.000000000,0.000000000,0.000000000,0.000000000
1751979498.499617,28.006000000,59.866619110,0.030000001,0.000000000,2.996987581,1.874296427,-67.361465454,4.536922932,3.885000944,-22.817270279,0.000000000,0.000000000,0.000000000,0.000000000,0.000000000,0.000000000,0.000000000,0.000000000,0.000000000,0.000000000,0.000000000,0.000000000
1751979498.502238,28.008000000,59.868675232,0.030000001,0.000000000,2.991157770,1.874296427,-67.011680603,4.538103580,3.893999815,-22.543632507,0.000000000,0.000000000,0.000000000,0.000000000,0.000000000,0.000000000,0.000000000,0.000000000,0.000000000,0.000000000,0.000000000,0.000000000
1751979498.504871,28.011000000,59.868675232,0.030000001,0.000000000,2.991157770,1.874296427,-67.011680603,4.538103580,3.893999815,-22.543632507,0.000000000,0.000000000,0.000000000,0.000000000,0.000000000,0.000000000,0.000000000,0.000000000,0.000000000,0.000000000,0.000000000,0.000000000
1751979498.507459,28.014000000,59.868675232,0.030000001,0.000000000,2.991157770,1.874296427,-67.011680603,4.538103580,3.893999815,-22.543632507,0.000000000,0.000000000,0.000000000,0.000000000,0.000000000,0.000000000,0.000000000,0.000000000,0.000000000,0.000000000,0.000000000,0.000000000
1751979498.510075,28.016000000,59.872093201,0.030000001,0.000000000,3.001444101,1.874296427,-67.628860474,4.538009644,3.903001308,-22.225292206,0.000000000,0.000000000,0.000000000,0.000000000,0.000000000,0.000000000,0.000000000,0.000000000,0.000000000,0.000000000,0.000000000,0.000000000
1751979498.512643,28.019000000,59.872093201,0.030000001,0.000000000,3.001444101,1.874296427,-67.628860474,4.538009644,3.903001308,-22.225292206,0.000000000,0.000000000,0.000000000,0.000000000,0.000000000,0.000000000,0.000000000,0.000000000,0.000000000,0.000000000,0.000000000,0.000000000
1751979498.515216,28.021000000,59.872093201,0.030000001,0.000000000,3.001444101,1.874296427,-67.628860474,4.538009644,3.903001308,-22.225292206,0.000000000,0.000000000,0.000000000,0.000000000,0.000000000,0.000000000,0.000000000,0.000000000,0.000000000,0.000000000,0.000000000,0.000000000
1751979498.517779,28.024000000,59.943470001,0.030000001,0.000000000,2.963487625,1.874296427,-65.351470947,4.528612137,3.903001308,-21.896379471,0.000000000,0.000000000,0.000000000,0.000000000,0.000000000,0.000000000,0.000000000,0.000000000,0.000000000,0.000000000,0.000000000,0.000000000
1751979498.520378,28.027000000,59.943470001,0.030000001,0.000000000,2.963487625,1.874296427,-65.351470947,4.528612137,3.903001308,-21.896379471,0.000000000,0.000000000,0.000000000,0.000000000,0.000000000,0.000000000,0.000000000,0.000000000,0.000000000,0.000000000,0.000000000,0.000000000
1751979498.522968,28.029000000,59.943470001,0.030000001,0.000000000,2.963487625,1.860796809,-66.161445618,4.528612137,3.903001308,-21.896379471,0.000000000,0.000000000,0.000000000,0.000000000,0.000000000,0.000000000,0.000000000,0.000000000,0.000000000,0.000000000,0.000000000,0.000000000
1751979498.525584,28.032000000,59.943470001,0.030000001,0.000000000,2.963487625,1.860796809,-66.161445618,4.528612137,3.903001308,-21.896379471,0.000000000,0.000000000,0.000000000,0.000000000,0.000000000,0.000000000,0.000000000,0.000000000,0.000000000,0.000000000,0.000000000,0.000000000
1751979498.528197,28.034000000,59.943470001,0.030000001,0.000000000,2.963487625,1.860796809,-66.161445618,4.528612137,3.912000179,-21.581418991,0.000000000,0.000000000,0.000000000,0.000000000,0.000000000,0.000000000,0.000000000,0.000000000,0.000000000,0.000000000,0.000000000,0.000000000
1751979498.530756,28.037000000,59.943470001,0.030000001,0.000000000,2.963487625,1.847297192,-66.971427917,4.528612137,3.912000179,-21.581418991,0.000000000,0.000000000,0.000000000,0.000000000,0.000000000,0.000000000,0.000000000,0.000000000,0.000000000,0.000000000,0.000000000,0.000000000
1751979498.533338,28.040000000,59.888092041,0.030000001,0.000000000,2.956987143,1.833795071,-67.391525269,4.523855686,3.912000179,-21.414943695,0.000000000,0.000000000,0.000000000,0.000000000,0.000000000,0.000000000,0.000000000,0.000000000,0.000000000,0.000000000,0.000000000,0.000000000
1751979498.535957,28.042000000,59.888092041,0.030000001,0.000000000,2.956987143,1.833795071,-67.391525269,4.523855686,3.912000179,-21.414943695,0.000000000,0.000000000,0.000000000,0.000000000,0.000000000,0.000000000,0.000000000,0.000000000,0.000000000,0.000000000,0.000000000,0.000000000
1751979498.538538,28.045000000,59.888092041,0.030000001,0.000000000,2.956987143,1.820295453,-68.201499939,4.523855686,3.912000179,-21.414943695,0.000000000,0.000000000,0.000000000,0.000000000,0.000000000,0.000000000,0.000000000,0.000000000,0.000000000,0.000000000,0.000000000,0.000000000
1751979498.541167,28.047000000,59.899082184,0.030000001,0.000000000,2.955025673,1.806795835,-68.893791199,4.508839130,3.912000179,-20.889362335,0.000000000,0.000000000,0.000000000,0.000000000,0.000000000,0.000000000,0.000000000,0.000000000,0.000000000,0.000000000,0.000000000,0.000000000
1751979498.543982,28.050000000,59.899082184,0.030000001,0.000000000,2.955025673,1.806795835,-68.893791199,4.508839130,3.912000179,-20.889362335,0.000000000,0.000000000,0.000000000,0.000000000,0.000000000,0.000000000,0.000000000,0.000000000,0.000000000,0.000000000,0.000000000,0.000000000
1751979498.546508,28.053000000,59.899082184,0.030000001,0.000000000,2.955025673,1.793293715,-69.703918457,4.508839130,3.912000179,-20.889362335,0.000000000,0.000000000,0.000000000,0.000000000,0.000000000,0.000000000,0.000000000,0.000000000,0.000000000,0.000000000,0.000000000,0.000000000
1751979498.549134,28.055000000,59.846527100,0.030000001,0.000000000,2.969604731,1.752794981,-73.008583069,4.517768860,3.912000179,-21.201904297,0.000000000,0.000000000,0.000000000,0.000000000,0.000000000,0.000000000,0.000000000,0.000000000,0.000000000,0.000000000,0.000000000,0.000000000
1751979498.551719,28.058000000,59.846527100,0.030000001,0.000000000,2.969604731,1.766294479,-72.198616028,4.517768860,3.912000179,-21.201904297,0.000000000,0.000000000,0.000000000,0.000000000,0.000000000,0.000000000,0.000000000,0.000000000,0.000000000,0.000000000,0.000000000,0.000000000
1751979498.554364,28.061000000,59.846527100,0.030000001,0.000000000,2.969604731,1.766294479,-72.198616028,4.517768860,3.912000179,-21.201904297,0.000000000,0.000000000,0.000000000,0.000000000,0.000000000,0.000000000,0.000000000,0.000000000,0.000000000,0.000000000,0.000000000,0.000000000
1751979498.557005,28.063000000,59.846527100,0.030000001,0.000000000,2.969604731,1.739292741,-73.818717957,4.517768860,3.912000179,-21.201904297,0.000000000,0.000000000,0.000000000,0.000000000,0.000000000,0.000000000,0.000000000,0.000000000,0.000000000,0.000000000,0.000000000,0.000000000
1751979498.559809,28.066000000,59.846527100,0.030000001,0.000000000,2.969604731,1.752794981,-73.008583069,4.517768860,3.912000179,-21.201904297,0.000000000,0.000000000,0.000000000,0.000000000,0.000000000,0.000000000,0.000000000,0.000000000,0.000000000,0.000000000,0.000000000,0.000000000
1751979498.562467,28.069000000,59.846527100,0.030000001,0.000000000,2.969604731,1.725793123,-74.628692627,4.517768860,3.912000179,-21.201904297,0.000000000,0.000000000,0.000000000,0.000000000,0.000000000,0.000000000,0.000000000,0.000000000,0.000000000,0.000000000,0.000000000,0.000000000
1751979498.565022,28.071000000,59.855834961,0.030000001,0.000000000,2.946362734,1.725793123,-73.234176636,4.505748272,3.912000179,-20.781183243,0.000000000,0.000000000,0.000000000,0.000000000,0.000000000,0.000000000,0.000000000,0.000000000,0.000000000,0.000000000,0.000000000,0.000000000
1751979498.567593,28.074000000,59.855834961,0.030000001,0.000000000,2.946362734,1.725793123,-73.234176636,4.505748272,3.912000179,-20.781183243,0.000000000,0.000000000,0.000000000,0.000000000,0.000000000,0.000000000,0.000000000,0.000000000,0.000000000,0.000000000,0.000000000,0.000000000
1751979498.570174,28.076000000,59.855834961,0.030000001,0.000000000,2.946362734,1.698791385,-74.854278564,4.505748272,3.912000179,-20.781183243,0.000000000,0.000000000,0.000000000,0.000000000,0.000000000,0.000000000,0.000000000,0.000000000,0.000000000,0.000000000,0.000000000,0.000000000
1751979498.572757,28.079000000,59.919403076,0.030000001,0.000000000,2.950829744,1.685291767,-75.932281494,4.505651474,3.920998812,-20.462842941,0.000000000,0.000000000,0.000000000,0.000000000,0.000000000,0.000000000,0.000000000,0.000000000,0.000000000,0.000000000,0.000000000,0.000000000
1751979498.575477,28.082000000,59.919403076,0.030000001,0.000000000,2.950829744,1.658292770,-77.552215576,4.505651474,3.920998812,-20.462842941,0.000000000,0.000000000,0.000000000,0.000000000,0.000000000,0.000000000,0.000000000,0.000000000,0.000000000,0.000000000,0.000000000,0.000000000
1751979498.578226,28.084000000,59.919403076,0.030000001,0.000000000,2.950829744,1.658292770,-77.552215576,4.505651474,3.920998812,-20.462842941,0.000000000,0.000000000,0.000000000,0.000000000,0.000000000,0.000000000,0.000000000,0.000000000,0.000000000,0.000000000,0.000000000,0.000000000
1751979498.580945,28.087000000,59.935989380,0.030000001,0.000000000,2.952429295,1.658292770,-77.648193359,4.518728733,3.920998812,-20.920547485,0.000000000,0.000000000,0.000000000,0.000000000,0.000000000,0.000000000,0.000000000,0.000000000,0.000000000,0.000000000,0.000000000,0.000000000
1751979498.583669,28.090000000,59.935989380,0.030000001,0.000000000,2.952429295,1.617791414,-80.078269958,4.518728733,3.920998812,-20.920547485,0.000000000,0.000000000,0.000000000,0.000000000,0.000000000,0.000000000,0.000000000,0.000000000,0.000000000,0.000000000,0.000000000,0.000000000
1751979498.586383,28.093000000,59.935989380,0.030000001,0.000000000,2.952429295,1.604289055,-80.888412476,4.518728733,3.920998812,-20.920547485,0.000000000,0.000000000,0.000000000,0.000000000,0.000000000,0.000000000,0.000000000,0.000000000,0.000000000,0.000000000,0.000000000,0.000000000
1751979498.589031,28.095000000,59.935989380,0.030000001,0.000000000,2.952429295,1.617791414,-80.078269958,4.518728733,3.930000305,-20.605495453,0.000000000,0.000000000,0.000000000,0.000000000,0.000000000,0.000000000,0.000000000,0.000000000,0.000000000,0.000000000,0.000000000,0.000000000
1751979498.591793,28.098000000,59.935989380,0.030000001,0.000000000,2.952429295,1.617791414,-80.078269958,4.518728733,3.930000305,-20.605495453,0.000000000,0.000000000,0.000000000,0.000000000,0.000000000,0.000000000,0.000000000,0.000000000,0.000000000,0.000000000,0.000000000,0.000000000
1751979498.594528,28.101000000,59.935989380,0.030000001,0.000000000,2.952429295,1.604289055,-80.888412476,4.518728733,3.930000305,-20.605495453,0.000000000,0.000000000,0.000000000,0.000000000,0.000000000,0.000000000,0.000000000,0.000000000,0.000000000,0.000000000,0.000000000,0.000000000
1751979498.597369,28.103000000,59.854999542,0.030000001,0.000000000,2.972709179,1.577290058,-83.725143433,4.520849228,3.930000305,-20.679712296,0.000000000,0.000000000,0.000000000,0.000000000,0.000000000,0.000000000,0.000000000,0.000000000,0.000000000,0.000000000,0.000000000,0.000000000
1751979498.600078,28.106000000,59.854999542,0.030000001,0.000000000,2.972709179,1.590789557,-82.915176392,4.520849228,3.938999176,-20.364751816,0.000000000,0.000000000,0.000000000,0.000000000,0.000000000,0.000000000,0.000000000,0.000000000,0.000000000,0.000000000,0.000000000,0.000000000
1751979498.602659,28.109000000,59.854999542,0.030000001,0.000000000,2.972709179,1.577290058,-83.725143433,4.520849228,3.938999176,-20.364751816,0.000000000,0.000000000,0.000000000,0.000000000,0.000000000,0.000000000,0.000000000,0.000000000,0.000000000,0.000000000,0.000000000,0.000000000
1751979498.605317,28.112000000,59.926612854,0.030000001,0.000000000,2.954572916,1.563787699,-83.447113037,4.517261028,3.948000669,-19.924112320,0.000000000,0.000000000,0.000000000,0.000000000,0.000000000,0.000000000,0.000000000,0.000000000,0.000000000,0.000000000,0.000000000,0.000000000
1751979498.607918,28.114000000,59.926612854,0.030000001,0.000000000,2.954572916,1.563787699,-83.447113037,4.517261028,3.948000669,-19.924112320,0.000000000,0.000000000,0.000000000,0.000000000,0.000000000,0.000000000,0.000000000,0.000000000,0.000000000,0.000000000,0.000000000,0.000000000
1751979498.610536,28.117000000,59.926612854,0.030000001,0.000000000,2.954572916,1.563787699,-83.447113037,4.517261028,3.956999540,-19.609151840,0.000000000,0.000000000,0.000000000,0.000000000,0.000000000,0.000000000,0.000000000,0.000000000,0.000000000,0.000000000,0.000000000,0.000000000
1751979498.613182,28.119000000,59.926612854,0.030000001,0.000000000,2.954572916,1.536788702,-85.067054749,4.517261028,3.956999540,-19.609151840,0.000000000,0.000000000,0.000000000,0.000000000,0.000000000,0.000000000,0.000000000,0.000000000,0.000000000,0.000000000,0.000000000,0.000000000
1751979498.615890,28.122000000,59.926612854,0.030000001,0.000000000,2.954572916,1.523289084,-85.877029419,4.517261028,3.966001034,-19.294099808,0.000000000,0.000000000,0.000000000,0.000000000,0.000000000,0.000000000,0.000000000,0.000000000,0.000000000,0.000000000,0.000000000,0.000000000
1751979498.618574,28.125000000,59.926612854,0.030000001,0.000000000,2.954572916,1.536788702,-85.067054749,4.517261028,3.974999905,-18.979139328,0.000000000,0.000000000,0.000000000,0.000000000,0.000000000,0.000000000,0.000000000,0.000000000,0.000000000,0.000000000,0.000000000,0.000000000
1751979498.621280,28.127000000,59.876960754,0.030000001,0.000000000,2.968402147,1.523289084,-86.706787109,4.519947052,3.974999905,-19.073150635,0.000000000,0.000000000,0.000000000,0.000000000,0.000000000,0.000000000,0.000000000,0.000000000,0.000000000,0.000000000,0.000000000,0.000000000
1751979498.623921,28.130000000,59.876960754,0.030000001,0.000000000,2.968402147,1.509786844,-87.516921997,4.519947052,3.984001160,-18.758106232,0.000000000,0.000000000,0.000000000,0.000000000,0.000000000,0.000000000,0.000000000,0.000000000,0.000000000,0.000000000,0.000000000,0.000000000
1751979498.626632,28.133000000,59.876960754,0.030000001,0.000000000,2.968402147,1.509786844,-87.516921997,4.519947052,3.993000031,-18.443145752,0.000000000,0.000000000,0.000000000,0.000000000,0.000000000,0.000000000,0.000000000,0.000000000,0.000000000,0.000000000,0.000000000,0.000000000
1751979498.629296,28.136000000,59.888282776,0.030000001,0.000000000,2.973206997,1.509786844,-87.805206299,4.527415276,3.993000031,-18.704532623,0.000000000,0.000000000,0.000000000,0.000000000,0.000000000,0.000000000,0.000000000,0.000000000,0.000000000,0.000000000,0.000000000,0.000000000
1751979498.631953,28.138000000,59.888282776,0.030000001,0.000000000,2.973206997,1.496287346,-88.615180969,4.527415276,4.001998901,-18.389572144,0.000000000,0.000000000,0.000000000,0.000000000,0.000000000,0.000000000,0.000000000,0.000000000,0.000000000,0.000000000,0.000000000,0.000000000
1751979498.634519,28.141000000,59.888282776,0.030000001,0.000000000,2.973206997,1.482787728,-89.425155640,4.527415276,4.011000633,-18.074512482,0.000000000,0.000000000,0.000000000,0.000000000,0.000000000,0.000000000,0.000000000,0.000000000,0.000000000,0.000000000,0.000000000,0.000000000
1751979498.637111,28.143000000,59.836875916,0.030000001,0.000000000,2.973700285,1.482787728,-89.454750061,4.529123783,4.011000633,-18.134309769,0.000000000,0.000000000,0.000000000,0.000000000,0.000000000,0.000000000,0.000000000,0.000000000,0.000000000,0.000000000,0.000000000,0.000000000
1751979498.639682,28.146000000,59.836875916,0.030000001,0.000000000,2.973700285,1.482787728,-89.454750061,4.529123783,4.011000633,-18.134309769,0.000000000,0.000000000,0.000000000,0.000000000,0.000000000,0.000000000,0.000000000,0.000000000,0.000000000,0.000000000,0.000000000,0.000000000
1751979498.642264,28.148000000,59.836875916,0.030000001,0.000000000,2.973700285,1.455785990,-91.074859619,4.529123783,4.019999027,-17.819366455,0.000000000,0.000000000,0.000000000,0.000000000,0.000000000,0.000000000,0.000000000,0.000000000,0.000000000,0.000000000,0.000000000,0.000000000
1751979498.644915,28.151000000,59.836875916,0.030000001,0.000000000,2.973700285,1.469285488,-90.264884949,4.529123783,4.029000759,-17.504306793,0.000000000,0.000000000,0.000000000,0.000000000,0.000000000,0.000000000,0.000000000,0.000000000,0.000000000,0.000000000,0.000000000,0.000000000
1751979498.647605,28.154000000,59.836875916,0.030000001,0.000000000,2.973700285,1.455785990,-91.074859619,4.529123783,4.029000759,-17.504306793,0.000000000,0.000000000,0.000000000,0.000000000,0.000000000,0.000000000,0.000000000,0.000000000,0.000000000,0.000000000,0.000000000,0.000000000
1751979498.650264,28.156000000,59.836875916,0.030000001,0.000000000,2.973700285,1.455785990,-91.074859619,4.529123783,4.037999630,-17.189346313,0.000000000,0.000000000,0.000000000,0.000000000,0.000000000,0.000000000,0.000000000,0.000000000,0.000000000,0.000000000,0.000000000,0.000000000
1751979498.652941,28.159000000,59.861450195,0.030000001,0.000000000,2.976733923,1.442286372,-92.066856384,4.536586761,4.037999630,-17.450550079,0.000000000,0.000000000,0.000000000,0.000000000,0.000000000,0.000000000,0.000000000,0.000000000,0.000000000,0.000000000,0.000000000,0.000000000
1751979498.655619,28.162000000,59.861450195,0.030000001,0.000000000,2.976733923,1.442286372,-92.066856384,4.536586761,4.037999630,-17.450550079,0.000000000,0.000000000,0.000000000,0.000000000,0.000000000,0.000000000,0.000000000,0.000000000,0.000000000,0.000000000,0.000000000,0.000000000
1751979498.658244,28.164000000,59.861450195,0.030000001,0.000000000,2.976733923,1.428786755,-92.876831055,4.536586761,4.047000885,-17.135505676,0.000000000,0.000000000,0.000000000,0.000000000,0.000000000,0.000000000,0.000000000,0.000000000,0.000000000,0.000000000,0.000000000,0.000000000
1751979498.660971,28.167000000,59.873077393,0.030000001,0.000000000,2.965106249,1.428786755,-92.179168701,4.533840179,4.047000885,-17.039375305,0.000000000,0.000000000,0.000000000,0.000000000,0.000000000,0.000000000,0.000000000,0.000000000,0.000000000,0.000000000,0.000000000,0.000000000
1751979498.663559,28.170000000,59.873077393,0.030000001,0.000000000,2.965106249,1.401785016,-93.799270630,4.533840179,4.047000885,-17.039375305,0.000000000,0.000000000,0.000000000,0.000000000,0.000000000,0.000000000,0.000000000,0.000000000,0.000000000,0.000000000,0.000000000,0.000000000
1751979498.666150,28.172000000,59.873077393,0.030000001,0.000000000,2.965106249,1.415284634,-92.989295959,4.533840179,4.047000885,-17.039375305,0.000000000,0.000000000,0.000000000,0.000000000,0.000000000,0.000000000,0.000000000,0.000000000,0.000000000,0.000000000,0.000000000,0.000000000
1751979498.668917,28.175000000,59.867225647,0.030000001,0.000000000,2.965728045,1.401785016,-93.836578369,4.543567181,4.055999756,-17.064859390,0.000000000,0.000000000,0.000000000,0.000000000,0.000000000,0.000000000,0.000000000,0.000000000,0.000000000,0.000000000,0.000000000,0.000000000
1751979498.671488,28.178000000,59.867225647,0.030000001,0.000000000,2.965728045,1.374783278,-95.456687927,4.543567181,4.055999756,-17.064859390,0.000000000,0.000000000,0.000000000,0.000000000,0.000000000,0.000000000,0.000000000,0.000000000,0.000000000,0.000000000,0.000000000,0.000000000
1751979498.674054,28.180000000,59.867225647,0.030000001,0.000000000,2.965728045,1.388285398,-94.646560669,4.543567181,4.055999756,-17.064859390,0.000000000,0.000000000,0.000000000,0.000000000,0.000000000,0.000000000,0.000000000,0.000000000,0.000000000,0.000000000,0.000000000,0.000000000
1751979498.676667,28.183000000,59.867225647,0.030000001,0.000000000,2.965728045,1.374783278,-95.456687927,4.543567181,4.055999756,-17.064859390,0.000000000,0.000000000,0.000000000,0.000000000,0.000000000,0.000000000,0.000000000,0.000000000,0.000000000,0.000000000,0.000000000,0.000000000
1751979498.679286,28.186000000,59.867225647,0.030000001,0.000000000,2.965728045,1.374783278,-95.456687927,4.543567181,4.055999756,-17.064859390,0.000000000,0.000000000,0.000000000,0.000000000,0.000000000,0.000000000,0.000000000,0.000000000,0.000000000,0.000000000,0.000000000,0.000000000
1751979498.681834,28.188000000,59.867225647,0.030000001,0.000000000,2.965728045,1.374783278,-95.456687927,4.543567181,4.055999756,-17.064859390,0.000000000,0.000000000,0.000000000,0.000000000,0.000000000,0.000000000,0.000000000,0.000000000,0.000000000,0.000000000,0.000000000,0.000000000
1751979498.684386,28.191000000,59.867225647,0.030000001,0.000000000,2.965728045,1.374783278,-95.456687927,4.543567181,4.055999756,-17.064859390,0.000000000,0.000000000,0.000000000,0.000000000,0.000000000,0.000000000,0.000000000,0.000000000,0.000000000,0.000000000,0.000000000,0.000000000
1751979498.687010,28.193000000,59.867225647,0.030000001,0.000000000,2.965728045,1.361283660,-96.266662598,4.543567181,4.055999756,-17.064859390,0.000000000,0.000000000,0.000000000,0.000000000,0.000000000,0.000000000,0.000000000,0.000000000,0.000000000,0.000000000,0.000000000,0.000000000
1751979498.689557,28.196000000,59.867225647,0.030000001,0.000000000,2.965728045,1.361283660,-96.266662598,4.543567181,4.055999756,-17.064859390,0.000000000,0.000000000,0.000000000,0.000000000,0.000000000,0.000000000,0.000000000,0.000000000,0.000000000,0.000000000,0.000000000,0.000000000
1751979498.692180,28.198000000,59.867225647,0.030000001,0.000000000,2.965728045,1.361283660,-96.266662598,4.543567181,4.055999756,-17.064859390,0.000000000,0.000000000,0.000000000,0.000000000,0.000000000,0.000000000,0.000000000,0.000000000,0.000000000,0.000000000,0.000000000,0.000000000
1751979498.694775,28.201000000,59.867225647,0.030000001,0.000000000,2.965728045,1.361283660,-96.266662598,4.543567181,4.055999756,-17.064859390,0.000000000,0.000000000,0.000000000,0.000000000,0.000000000,0.000000000,0.000000000,0.000000000,0.000000000,0.000000000,0.000000000,0.000000000
1751979498.697360,28.204000000,59.867225647,0.030000001,0.000000000,2.965728045,1.361283660,-96.266662598,4.543567181,4.055999756,-17.064859390,0.000000000,0.000000000,0.000000000,0.000000000,0.000000000,0.000000000,0.000000000,0.000000000,0.000000000,0.000000000,0.000000000,0.000000000
1751979498.699980,28.206000000,59.867225647,0.030000001,0.000000000,2.965728045,1.361283660,-96.266662598,4.543567181,4.055999756,-17.064859390,0.000000000,0.000000000,0.000000000,0.000000000,0.000000000,0.000000000,0.000000000,0.000000000,0.000000000,0.000000000,0.000000000,0.000000000
1751979498.702577,28.209000000,59.867225647,0.030000001,0.000000000,2.965728045,1.361283660,-96.266662598,4.543567181,4.055999756,-17.064859390,0.000000000,0.000000000,0.000000000,0.000000000,0.000000000,0.000000000,0.000000000,0.000000000,0.000000000,0.000000000,0.000000000,0.000000000
1751979498.705125,28.211000000,59.867225647,0.030000001,0.000000000,2.965728045,1.361283660,-96.266662598,4.543567181,4.055999756,-17.064859390,0.000000000,0.000000000,0.000000000,0.000000000,0.000000000,0.000000000,0.000000000,0.000000000,0.000000000,0.000000000,0.000000000,0.000000000
1751979498.707724,28.214000000,59.867225647,0.030000001,0.000000000,2.965728045,1.361283660,-96.266662598,4.543567181,4.055999756,-17.064859390,0.000000000,0.000000000,0.000000000,0.000000000,0.000000000,0.000000000,0.000000000,0.000000000,0.000000000,0.000000000,0.000000000,0.000000000
1751979498.710445,28.217000000,59.867225647,0.030000001,0.000000000,2.965728045,1.361283660,-96.266662598,4.543567181,4.055999756,-17.064859390,0.000000000,0.000000000,0.000000000,0.000000000,0.000000000,0.000000000,0.000000000,0.000000000,0.000000000,0.000000000,0.000000000,0.000000000
1751979498.713097,28.219000000,59.867225647,0.030000001,0.000000000,2.965728045,1.361283660,-96.266662598,4.543567181,4.055999756,-17.064859390,0.000000000,0.000000000,0.000000000,0.000000000,0.000000000,0.000000000,0.000000000,0.000000000,0.000000000,0.000000000,0.000000000,0.000000000
1751979498.715840,28.222000000,59.867225647,0.030000001,0.000000000,2.965728045,1.374783278,-95.456687927,4.543567181,4.055999756,-17.064859390,0.000000000,0.000000000,0.000000000,0.000000000,0.000000000,0.000000000,0.000000000,0.000000000,0.000000000,0.000000000,0.000000000,0.000000000
1751979498.718575,28.225000000,59.867225647,0.030000001,0.000000000,2.965728045,1.374783278,-95.456687927,4.543567181,4.055999756,-17.064859390,0.000000000,0.000000000,0.000000000,0.000000000,0.000000000,0.000000000,0.000000000,0.000000000,0.000000000,0.000000000,0.000000000,0.000000000
1751979498.721311,28.227000000,59.867225647,0.030000001,0.000000000,2.965728045,1.374783278,-95.456687927,4.543567181,4.055999756,-17.064859390,0.000000000,0.000000000,0.000000000,0.000000000,0.000000000,0.000000000,0.000000000,0.000000000,0.000000000,0.000000000,0.000000000,0.000000000
1751979498.724087,28.230000000,59.867225647,0.030000001,0.000000000,2.965728045,1.374783278,-95.456687927,4.543567181,4.055999756,-17.064859390,0.000000000,0.000000000,0.000000000,0.000000000,0.000000000,0.000000000,0.000000000,0.000000000,0.000000000,0.000000000,0.000000000,0.000000000
1751979498.726821,28.233000000,59.867225647,0.030000001,0.000000000,2.965728045,1.374783278,-95.456687927,4.543567181,4.047000885,-17.379819870,0.000000000,0.000000000,0.000000000,0.000000000,0.000000000,0.000000000,0.000000000,0.000000000,0.000000000,0.000000000,0.000000000,0.000000000
1751979498.729561,28.236000000,59.867225647,0.030000001,0.000000000,2.965728045,1.374783278,-95.456687927,4.543567181,4.047000885,-17.379819870,0.000000000,0.000000000,0.000000000,0.000000000,0.000000000,0.000000000,0.000000000,0.000000000,0.000000000,0.000000000,0.000000000,0.000000000
1751979498.732222,28.238000000,59.867225647,0.030000001,0.000000000,2.965728045,1.374783278,-95.456687927,4.543567181,4.047000885,-17.379819870,0.000000000,0.000000000,0.000000000,0.000000000,0.000000000,0.000000000,0.000000000,0.000000000,0.000000000,0.000000000,0.000000000,0.000000000
1751979498.734836,28.241000000,59.867225647,0.030000001,0.000000000,2.965728045,1.374783278,-95.456687927,4.543567181,4.047000885,-17.379819870,0.000000000,0.000000000,0.000000000,0.000000000,0.000000000,0.000000000,0.000000000,0.000000000,0.000000000,0.000000000,0.000000000,0.000000000
1751979498.737431,28.244000000,59.867225647,0.030000001,0.000000000,2.965728045,1.374783278,-95.456687927,4.543567181,4.037999630,-17.694864273,0.000000000,0.000000000,0.000000000,0.000000000,0.000000000,0.000000000,0.000000000,0.000000000,0.000000000,0.000000000,0.000000000,0.000000000
1751979498.740043,28.246000000,59.867225647,0.030000001,0.000000000,2.965728045,1.374783278,-95.456687927,4.543567181,4.037999630,-17.694864273,0.000000000,0.000000000,0.000000000,0.000000000,0.000000000,0.000000000,0.000000000,0.000000000,0.000000000,0.000000000,0.000000000,0.000000000
1751979498.742704,28.249000000,59.867225647,0.030000001,0.000000000,2.965728045,1.374783278,-95.456687927,4.543567181,4.037999630,-17.694864273,0.000000000,0.000000000,0.000000000,0.000000000,0.000000000,0.000000000,0.000000000,0.000000000,0.000000000,0.000000000,0.000000000,0.000000000
1751979498.745307,28.252000000,59.867225647,0.030000001,0.000000000,2.965728045,1.374783278,-95.456687927,4.543567181,4.029000759,-18.009824753,0.000000000,0.000000000,0.000000000,0.000000000,0.000000000,0.000000000,0.000000000,0.000000000,0.000000000,0.000000000,0.000000000,0.000000000
1751979498.747890,28.254000000,59.867225647,0.030000001,0.000000000,2.965728045,1.374783278,-95.456687927,4.543567181,4.019999027,-18.324886322,0.000000000,0.000000000,0.000000000,0.000000000,0.000000000,0.000000000,0.000000000,0.000000000,0.000000000,0.000000000,0.000000000,0.000000000
1751979498.750487,28.257000000,59.867225647,0.030000001,0.000000000,2.965728045,1.374783278,-95.456687927,4.543567181,4.019999027,-18.324886322,0.000000000,0.000000000,0.000000000,0.000000000,0.000000000,0.000000000,0.000000000,0.000000000,0.000000000,0.000000000,0.000000000,0.000000000
1751979498.753175,28.259000000,59.867225647,0.030000001,0.000000000,2.965728045,1.374783278,-95.456687927,4.543567181,4.011000633,-18.639829636,0.000000000,0.000000000,0.000000000,0.000000000,0.000000000,0.000000000,0.000000000,0.000000000,0.000000000,0.000000000,0.000000000,0.000000000
1751979498.755813,28.262000000,59.867225647,0.030000001,0.000000000,2.965728045,1.374783278,-95.456687927,4.543567181,4.001998901,-18.954889297,0.000000000,0.000000000,0.000000000,0.000000000,0.000000000,0.000000000,0.000000000,0.000000000,0.000000000,0.000000000,0.000000000,0.000000000
1751979498.758470,28.265000000,59.867225647,0.030000001,0.000000000,2.965728045,1.388285398,-94.646560669,4.543567181,3.993000031,-19.269849777,0.000000000,0.000000000,0.000000000,0.000000000,0.000000000,0.000000000,0.000000000,0.000000000,0.000000000,0.000000000,0.000000000,0.000000000
1751979498.761198,28.267000000,59.867225647,0.030000001,0.000000000,2.965728045,1.388285398,-94.646560669,4.543567181,3.993000031,-19.269849777,0.000000000,0.000000000,0.000000000,0.000000000,0.000000000,0.000000000,0.000000000,0.000000000,0.000000000,0.000000000,0.000000000,0.000000000
1751979498.763773,28.270000000,59.867225647,0.030000001,0.000000000,2.965728045,1.388285398,-94.646560669,4.543567181,3.984001160,-19.584810257,0.000000000,0.000000000,0.000000000,0.000000000,0.000000000,0.000000000,0.000000000,0.000000000,0.000000000,0.000000000,0.000000000,0.000000000
1751979498.766351,28.273000000,59.867225647,0.030000001,0.000000000,2.965728045,1.401785016,-93.836578369,4.543567181,3.974999905,-19.899854660,0.000000000,0.000000000,0.000000000,0.000000000,0.000000000,0.000000000,0.000000000,0.000000000,0.000000000,0.000000000,0.000000000,0.000000000
1751979498.768953,28.275000000,59.867225647,0.030000001,0.000000000,2.965728045,1.415284634,-93.026603699,4.543567181,3.966001034,-20.214815140,0.000000000,0.000000000,0.000000000,0.000000000,0.000000000,0.000000000,0.000000000,0.000000000,0.000000000,0.000000000,0.000000000,0.000000000
1751979498.771530,28.278000000,59.867225647,0.030000001,0.000000000,2.965728045,1.415284634,-93.026603699,4.543567181,3.966001034,-20.214815140,0.000000000,0.000000000,0.000000000,0.000000000,0.000000000,0.000000000,0.000000000,0.000000000,0.000000000,0.000000000,0.000000000,0.000000000
1751979498.774050,28.280000000,59.867225647,0.030000001,0.000000000,2.965728045,1.428786755,-92.216476440,4.543567181,3.956999540,-20.529867172,0.000000000,0.000000000,0.000000000,0.000000000,0.000000000,0.000000000,0.000000000,0.000000000,0.000000000,0.000000000,0.000000000,0.000000000
1751979498.776586,28.283000000,59.867225647,0.030000001,0.000000000,2.965728045,1.442286372,-91.406501770,4.543567181,3.948000669,-20.844827652,0.000000000,0.000000000,0.000000000,0.000000000,0.000000000,0.000000000,0.000000000,0.000000000,0.000000000,0.000000000,0.000000000,0.000000000
1751979498.779149,28.285000000,59.867225647,0.030000001,0.000000000,2.965728045,1.442286372,-91.406501770,4.543567181,3.948000669,-20.844827652,0.000000000,0.000000000,0.000000000,0.000000000,0.000000000,0.000000000,0.000000000,0.000000000,0.000000000,0.000000000,0.000000000,0.000000000
1751979498.781650,28.288000000,59.867225647,0.030000001,0.000000000,2.965728045,1.442286372,-91.406501770,4.543567181,3.948000669,-20.844827652,0.000000000,0.000000000,0.000000000,0.000000000,0.000000000,0.000000000,0.000000000,0.000000000,0.000000000,0.000000000,0.000000000,0.000000000
1751979498.784217,28.290000000,59.867225647,0.030000001,0.000000000,2.965728045,1.455785990,-90.596527100,4.543567181,3.938999176,-21.159879684,0.000000000,0.000000000,0.000000000,0.000000000,0.000000000,0.000000000,0.000000000,0.000000000,0.000000000,0.000000000,0.000000000,0.000000000
1751979498.786791,28.293000000,59.867225647,0.030000001,0.000000000,2.965728045,1.455785990,-90.596527100,4.543567181,3.930000305,-21.474840164,0.000000000,0.000000000,0.000000000,0.000000000,0.000000000,0.000000000,0.000000000,0.000000000,0.000000000,0.000000000,0.000000000,0.000000000
1751979498.789370,28.296000000,59.867225647,0.030000001,0.000000000,2.965728045,1.469285488,-89.786552429,4.543567181,3.930000305,-21.474840164,0.000000000,0.000000000,0.000000000,0.000000000,0.000000000,0.000000000,0.000000000,0.000000000,0.000000000,0.000000000,0.000000000,0.000000000
1751979498.792003,28.298000000,59.867225647,0.030000001,0.000000000,2.965728045,1.469285488,-89.786552429,4.543567181,3.930000305,-21.474840164,0.000000000,0.000000000,0.000000000,0.000000000,0.000000000,0.000000000,0.000000000,0.000000000,0.000000000,0.000000000,0.000000000,0.000000000
1751979498.794702,28.301000000,59.867225647,0.030000001,0.000000000,2.965728045,1.482787728,-88.976417542,4.543567181,3.920998812,-21.789892197,0.000000000,0.000000000,0.000000000,0.000000000,0.000000000,0.000000000,0.000000000,0.000000000,0.000000000,0.000000000,0.000000000,0.000000000
1751979498.797209,28.303000000,59.867225647,0.030000001,0.000000000,2.965728045,1.482787728,-88.976417542,4.543567181,3.920998812,-21.789892197,0.000000000,0.000000000,0.000000000,0.000000000,0.000000000,0.000000000,0.000000000,0.000000000,0.000000000,0.000000000,0.000000000,0.000000000
1751979498.799766,28.306000000,59.867225647,0.030000001,0.000000000,2.965728045,1.482787728,-88.976417542,4.543567181,3.920998812,-21.789892197,0.000000000,0.000000000,0.000000000,0.000000000,0.000000000,0.000000000,0.000000000,0.000000000,0.000000000,0.000000000,0.000000000,0.000000000
1751979498.802326,28.309000000,59.867225647,0.030000001,0.000000000,2.965728045,1.496287346,-88.166442871,4.543567181,3.920998812,-21.789892197,0.000000000,0.000000000,0.000000000,0.000000000,0.000000000,0.000000000,0.000000000,0.000000000,0.000000000,0.000000000,0.000000000,0.000000000
1751979498.804919,28.311000000,59.867225647,0.030000001,0.000000000,2.965728045,1.496287346,-88.166442871,4.543567181,3.920998812,-21.789892197,0.000000000,0.000000000,0.000000000,0.000000000,0.000000000,0.000000000,0.000000000,0.000000000,0.000000000,0.000000000,0.000000000,0.000000000
1751979498.807491,28.314000000,59.867225647,0.030000001,0.000000000,2.965728045,1.496287346,-88.166442871,4.543567181,3.920998812,-21.789892197,0.000000000,0.000000000,0.000000000,0.000000000,0.000000000,0.000000000,0.000000000,0.000000000,0.000000000,0.000000000,0.000000000,0.000000000
1751979498.810107,28.316000000,59.867225647,0.030000001,0.000000000,2.965728045,1.496287346,-88.166442871,4.543567181,3.920998812,-21.789892197,0.000000000,0.000000000,0.000000000,0.000000000,0.000000000,0.000000000,0.000000000,0.000000000,0.000000000,0.000000000,0.000000000,0.000000000
1751979498.812742,28.319000000,59.867225647,0.030000001,0.000000000,2.965728045,1.496287346,-88.166442871,4.543567181,3.912000179,-22.104845047,0.000000000,0.000000000,0.000000000,0.000000000,0.000000000,0.000000000,0.000000000,0.000000000,0.000000000,0.000000000,0.000000000,0.000000000
1751979498.815496,28.322000000,59.867225647,0.030000001,0.000000000,2.965728045,1.509786844,-87.356475830,4.543567181,3.912000179,-22.104845047,0.000000000,0.000000000,0.000000000,0.000000000,0.000000000,0.000000000,0.000000000,0.000000000,0.000000000,0.000000000,0.000000000,0.000000000
1751979498.818181,28.324000000,59.867225647,0.030000001,0.000000000,2.965728045,1.509786844,-87.356475830,4.543567181,3.912000179,-22.104845047,0.000000000,0.000000000,0.000000000,0.000000000,0.000000000,0.000000000,0.000000000,0.000000000,0.000000000,0.000000000,0.000000000,0.000000000
1751979498.820765,28.327000000,59.867225647,0.030000001,0.000000000,2.965728045,1.509786844,-87.356475830,4.543567181,3.912000179,-22.104845047,0.000000000,0.000000000,0.000000000,0.000000000,0.000000000,0.000000000,0.000000000,0.000000000,0.000000000,0.000000000,0.000000000,0.000000000
1751979498.823349,28.330000000,59.867225647,0.030000001,0.000000000,2.965728045,1.509786844,-87.356475830,4.543567181,3.912000179,-22.104845047,0.000000000,0.000000000,0.000000000,0.000000000,0.000000000,0.000000000,0.000000000,0.000000000,0.000000000,0.000000000,0.000000000,0.000000000
1751979498.826115,28.332000000,59.867225647,0.030000001,0.000000000,2.965728045,1.523289084,-86.546340942,4.543567181,3.912000179,-22.104845047,0.000000000,0.000000000,0.000000000,0.000000000,0.000000000,0.000000000,0.000000000,0.000000000,0.000000000,0.000000000,0.000000000,0.000000000
1751979498.828880,28.335000000,59.867225647,0.030000001,0.000000000,2.965728045,1.523289084,-86.546340942,4.543567181,3.912000179,-22.104845047,0.000000000,0.000000000,0.000000000,0.000000000,0.000000000,0.000000000,0.000000000,0.000000000,0.000000000,0.000000000,0.000000000,0.000000000
1751979498.831612,28.338000000,59.867225647,0.030000001,0.000000000,2.965728045,1.536788702,-85.736358643,4.543567181,3.912000179,-22.104845047,0.000000000,0.000000000,0.000000000,0.000000000,0.000000000,0.000000000,0.000000000,0.000000000,0.000000000,0.000000000,0.000000000,0.000000000
1751979498.834429,28.341000000,59.867225647,0.030000001,0.000000000,2.965728045,1.523289084,-86.546340942,4.543567181,3.912000179,-22.104845047,0.000000000,0.000000000,0.000000000,0.000000000,0.000000000,0.000000000,0.000000000,0.000000000,0.000000000,0.000000000,0.000000000,0.000000000
1751979498.837127,28.343000000,59.867225647,0.030000001,0.000000000,2.965728045,1.536788702,-85.736358643,4.543567181,3.912000179,-22.104845047,0.000000000,0.000000000,0.000000000,0.000000000,0.000000000,0.000000000,0.000000000,0.000000000,0.000000000,0.000000000,0.000000000,0.000000000
1751979498.839778,28.346000000,59.867225647,0.030000001,0.000000000,2.965728045,1.536788702,-85.736358643,4.543567181,3.912000179,-22.104845047,0.000000000,0.000000000,0.000000000,0.000000000,0.000000000,0.000000000,0.000000000,0.000000000,0.000000000,0.000000000,0.000000000,0.000000000
1751979498.842520,28.349000000,59.867225647,0.030000001,0.000000000,2.965728045,1.550288200,-84.926391602,4.543567181,3.912000179,-22.104845047,0.000000000,0.000000000,0.000000000,0.000000000,0.000000000,0.000000000,0.000000000,0.000000000,0.000000000,0.000000000,0.000000000,0.000000000
1751979498.845237,28.351000000,59.867225647,0.030000001,0.000000000,2.965728045,1.563787699,-84.116424561,4.543567181,3.912000179,-22.104845047,0.000000000,0.000000000,0.000000000,0.000000000,0.000000000,0.000000000,0.000000000,0.000000000,0.000000000,0.000000000,0.000000000,0.000000000
1751979498.847818,28.354000000,59.867225647,0.030000001,0.000000000,2.965728045,1.563787699,-84.116424561,4.543567181,3.912000179,-22.104845047,0.000000000,0.000000000,0.000000000,0.000000000,0.000000000,0.000000000,0.000000000,0.000000000,0.000000000,0.000000000,0.000000000,0.000000000
1751979498.850383,28.357000000,59.867225647,0.030000001,0.000000000,2.965728045,1.577290058,-83.306282043,4.543567181,3.912000179,-22.104845047,0.000000000,0.000000000,0.000000000,0.000000000,0.000000000,0.000000000,0.000000000,0.000000000,0.000000000,0.000000000,0.000000000,0.000000000
1751979498.853049,28.359000000,59.867225647,0.030000001,0.000000000,2.965728045,1.590789557,-82.496307373,4.543567181,3.920998812,-21.789892197,0.000000000,0.000000000,0.000000000,0.000000000,0.000000000,0.000000000,0.000000000,0.000000000,0.000000000,0.000000000,0.000000000,0.000000000
1751979498.855544,28.362000000,59.867225647,0.030000001,0.000000000,2.965728045,1.590789557,-82.496307373,4.543567181,3.920998812,-21.789892197,0.000000000,0.000000000,0.000000000,0.000000000,0.000000000,0.000000000,0.000000000,0.000000000,0.000000000,0.000000000,0.000000000,0.000000000
1751979498.858170,28.364000000,59.867225647,0.030000001,0.000000000,2.965728045,1.590789557,-82.496307373,4.543567181,3.920998812,-21.789892197,0.000000000,0.000000000,0.000000000,0.000000000,0.000000000,0.000000000,0.000000000,0.000000000,0.000000000,0.000000000,0.000000000,0.000000000
1751979498.860879,28.367000000,59.867225647,0.030000001,0.000000000,2.965728045,1.590789557,-82.496307373,4.543567181,3.920998812,-21.789892197,0.000000000,0.000000000,0.000000000,0.000000000,0.000000000,0.000000000,0.000000000,0.000000000,0.000000000,0.000000000,0.000000000,0.000000000
1751979498.863552,28.370000000,59.867225647,0.030000001,0.000000000,2.965728045,1.604289055,-81.686340332,4.543567181,3.920998812,-21.789892197,0.000000000,0.000000000,0.000000000,0.000000000,0.000000000,0.000000000,0.000000000,0.000000000,0.000000000,0.000000000,0.000000000,0.000000000
1751979498.866119,28.372000000,59.867225647,0.030000001,0.000000000,2.965728045,1.590789557,-82.496307373,4.543567181,3.920998812,-21.789892197,0.000000000,0.000000000,0.000000000,0.000000000,0.000000000,0.000000000,0.000000000,0.000000000,0.000000000,0.000000000,0.000000000,0.000000000
1751979498.868706,28.375000000,59.867225647,0.030000001,0.000000000,2.965728045,1.617791414,-80.876197815,4.543567181,3.920998812,-21.789892197,0.000000000,0.000000000,0.000000000,0.000000000,0.000000000,0.000000000,0.000000000,0.000000000,0.000000000,0.000000000,0.000000000,0.000000000
1751979498.871272,28.378000000,59.867225647,0.030000001,0.000000000,2.965728045,1.617791414,-80.876197815,4.543567181,3.920998812,-21.789892197,0.000000000,0.000000000,0.000000000,0.000000000,0.000000000,0.000000000,0.000000000,0.000000000,0.000000000,0.000000000,0.000000000,0.000000000
1751979498.873846,28.380000000,59.867225647,0.030000001,0.000000000,2.965728045,1.617791414,-80.876197815,4.543567181,3.912000179,-22.104845047,0.000000000,0.000000000,0.000000000,0.000000000,0.000000000,0.000000000,0.000000000,0.000000000,0.000000000,0.000000000,0.000000000,0.000000000
1751979498.876418,28.383000000,59.867225647,0.030000001,0.000000000,2.965728045,1.631290913,-80.066230774,4.543567181,3.912000179,-22.104845047,0.000000000,0.000000000,0.000000000,0.000000000,0.000000000,0.000000000,0.000000000,0.000000000,0.000000000,0.000000000,0.000000000,0.000000000
1751979498.879031,28.385000000,59.867225647,0.030000001,0.000000000,2.965728045,1.631290913,-80.066230774,4.543567181,3.912000179,-22.104845047,0.000000000,0.000000000,0.000000000,0.000000000,0.000000000,0.000000000,0.000000000,0.000000000,0.000000000,0.000000000,0.000000000,0.000000000
1751979498.881578,28.388000000,59.867225647,0.030000001,0.000000000,2.965728045,1.631290913,-80.066230774,4.543567181,3.912000179,-22.104845047,0.000000000,0.000000000,0.000000000,0.000000000,0.000000000,0.000000000,0.000000000,0.000000000,0.000000000,0.000000000,0.000000000,0.000000000
1751979498.884138,28.390000000,59.867225647,0.030000001,0.000000000,2.965728045,1.631290913,-80.066230774,4.543567181,3.912000179,-22.104845047,0.000000000,0.000000000,0.000000000,0.000000000,0.000000000,0.000000000,0.000000000,0.000000000,0.000000000,0.000000000,0.000000000,0.000000000
1751979498.886701,28.393000000,59.867225647,0.030000001,0.000000000,2.965728045,1.631290913,-80.066230774,4.543567181,3.912000179,-22.104845047,0.000000000,0.000000000,0.000000000,0.000000000,0.000000000,0.000000000,0.000000000,0.000000000,0.000000000,0.000000000,0.000000000,0.000000000
1751979498.889272,28.396000000,59.867225647,0.030000001,0.000000000,2.965728045,1.631290913,-80.066230774,4.543567181,3.912000179,-22.104845047,0.000000000,0.000000000,0.000000000,0.000000000,0.000000000,0.000000000,0.000000000,0.000000000,0.000000000,0.000000000,0.000000000,0.000000000
1751979498.892010,28.398000000,59.867225647,0.030000001,0.000000000,2.965728045,1.631290913,-80.066230774,4.543567181,3.920998812,-21.789892197,0.000000000,0.000000000,0.000000000,0.000000000,0.000000000,0.000000000,0.000000000,0.000000000,0.000000000,0.000000000,0.000000000,0.000000000
1751979498.894634,28.401000000,59.867225647,0.030000001,0.000000000,2.965728045,1.631290913,-80.066230774,4.543567181,3.912000179,-22.104845047,0.000000000,0.000000000,0.000000000,0.000000000,0.000000000,0.000000000,0.000000000,0.000000000,0.000000000,0.000000000,0.000000000,0.000000000
1751979498.897181,28.403000000,59.867225647,0.030000001,0.000000000,2.965728045,1.631290913,-80.066230774,4.543567181,3.920998812,-21.789892197,0.000000000,0.000000000,0.000000000,0.000000000,0.000000000,0.000000000,0.000000000,0.000000000,0.000000000,0.000000000,0.000000000,0.000000000
1751979498.899776,28.406000000,59.867225647,0.030000001,0.000000000,2.965728045,1.631290913,-80.066230774,4.543567181,3.912000179,-22.104845047,0.000000000,0.000000000,0.000000000,0.000000000,0.000000000,0.000000000,0.000000000,0.000000000,0.000000000,0.000000000,0.000000000,0.000000000
1751979498.902333,28.409000000,59.867225647,0.030000001,0.000000000,2.965728045,1.631290913,-80.066230774,4.543567181,3.920998812,-21.789892197,0.000000000,0.000000000,0.000000000,0.000000000,0.000000000,0.000000000,0.000000000,0.000000000,0.000000000,0.000000000,0.000000000,0.000000000
1751979498.904917,28.411000000,59.867225647,0.030000001,0.000000000,2.965728045,1.631290913,-80.066230774,4.543567181,3.920998812,-21.789892197,0.000000000,0.000000000,0.000000000,0.000000000,0.000000000,0.000000000,0.000000000,0.000000000,0.000000000,0.000000000,0.000000000,0.000000000
1751979498.907476,28.414000000,59.867225647,0.030000001,0.000000000,2.965728045,1.631290913,-80.066230774,4.543567181,3.920998812,-21.789892197,0.000000000,0.000000000,0.000000000,0.000000000,0.000000000,0.000000000,0.000000000,0.000000000,0.000000000,0.000000000,0.000000000,0.000000000
1751979498.910075,28.416000000,59.867225647,0.030000001,0.000000000,2.965728045,1.631290913,-80.066230774,4.543567181,3.920998812,-21.789892197,0.000000000,0.000000000,0.000000000,0.000000000,0.000000000,0.000000000,0.000000000,0.000000000,0.000000000,0.000000000,0.000000000,0.000000000
1751979498.912652,28.419000000,59.867225647,0.030000001,0.000000000,2.965728045,1.631290913,-80.066230774,4.543567181,3.920998812,-21.789892197,0.000000000,0.000000000,0.000000000,0.000000000,0.000000000,0.000000000,0.000000000,0.000000000,0.000000000,0.000000000,0.000000000,0.000000000
1751979498.915218,28.421000000,59.867225647,0.030000001,0.000000000,2.965728045,1.631290913,-80.066230774,4.543567181,3.920998812,-21.789892197,0.000000000,0.000000000,0.000000000,0.000000000,0.000000000,0.000000000,0.000000000,0.000000000,0.000000000,0.000000000,0.000000000,0.000000000
1751979498.917778,28.424000000,59.867225647,0.030000001,0.000000000,2.965728045,1.631290913,-80.066230774,4.543567181,3.920998812,-21.789892197,0.000000000,0.000000000,0.000000000,0.000000000,0.000000000,0.000000000,0.000000000,0.000000000,0.000000000,0.000000000,0.000000000,0.000000000
1751979498.920388,28.427000000,59.867225647,0.030000001,0.000000000,2.965728045,1.631290913,-80.066230774,4.543567181,3.912000179,-22.104845047,0.000000000,0.000000000,0.000000000,0.000000000,0.000000000,0.000000000,0.000000000,0.000000000,0.000000000,0.000000000,0.000000000,0.000000000
1751979498.922997,28.429000000,59.867225647,0.030000001,0.000000000,2.965728045,1.631290913,-80.066230774,4.543567181,3.920998812,-21.789892197,0.000000000,0.000000000,0.000000000,0.000000000,0.000000000,0.000000000,0.000000000,0.000000000,0.000000000,0.000000000,0.000000000,0.000000000
1751979498.925625,28.432000000,59.867225647,0.030000001,0.000000000,2.965728045,1.631290913,-80.066230774,4.543567181,3.912000179,-22.104845047,0.000000000,0.000000000,0.000000000,0.000000000,0.000000000,0.000000000,0.000000000,0.000000000,0.000000000,0.000000000,0.000000000,0.000000000
1751979498.928330,28.435000000,59.867225647,0.030000001,0.000000000,2.965728045,1.631290913,-80.066230774,4.543567181,3.912000179,-22.104845047,0.000000000,0.000000000,0.000000000,0.000000000,0.000000000,0.000000000,0.000000000,0.000000000,0.000000000,0.000000000,0.000000000,0.000000000
1751979498.931038,28.437000000,59.867225647,0.030000001,0.000000000,2.965728045,1.631290913,-80.066230774,4.543567181,3.912000179,-22.104845047,0.000000000,0.000000000,0.000000000,0.000000000,0.000000000,0.000000000,0.000000000,0.000000000,0.000000000,0.000000000,0.000000000,0.000000000
1751979498.933771,28.440000000,59.867225647,0.030000001,0.000000000,2.965728045,1.604289055,-81.686340332,4.543567181,3.912000179,-22.104845047,0.000000000,0.000000000,0.000000000,0.000000000,0.000000000,0.000000000,0.000000000,0.000000000,0.000000000,0.000000000,0.000000000,0.000000000
1751979498.936462,28.443000000,59.867225647,0.030000001,0.000000000,2.965728045,1.631290913,-80.066230774,4.543567181,3.912000179,-22.104845047,0.000000000,0.000000000,0.000000000,0.000000000,0.000000000,0.000000000,0.000000000,0.000000000,0.000000000,0.000000000,0.000000000,0.000000000
1751979498.939057,28.445000000,59.867225647,0.030000001,0.000000000,2.965728045,1.644790411,-79.256256104,4.543567181,3.912000179,-22.104845047,0.000000000,0.000000000,0.000000000,0.000000000,0.000000000,0.000000000,0.000000000,0.000000000,0.000000000,0.000000000,0.000000000,0.000000000
1751979498.941684,28.448000000,59.867225647,0.030000001,0.000000000,2.965728045,1.631290913,-80.066230774,4.543567181,3.912000179,-22.104845047,0.000000000,0.000000000,0.000000000,0.000000000,0.000000000,0.000000000,0.000000000,0.000000000,0.000000000,0.000000000,0.000000000,0.000000000
1751979498.944397,28.451000000,59.867225647,0.030000001,0.000000000,2.965728045,1.631290913,-80.066230774,4.543567181,3.912000179,-22.104845047,0.000000000,0.000000000,0.000000000,0.000000000,0.000000000,0.000000000,0.000000000,0.000000000,0.000000000,0.000000000,0.000000000,0.000000000
1751979498.947071,28.453000000,59.867225647,0.030000001,0.000000000,2.965728045,1.644790411,-79.256256104,4.543567181,3.912000179,-22.104845047,0.000000000,0.000000000,0.000000000,0.000000000,0.000000000,0.000000000,0.000000000,0.000000000,0.000000000,0.000000000,0.000000000,0.000000000
1751979498.949814,28.456000000,59.867225647,0.030000001,0.000000000,2.965728045,1.644790411,-79.256256104,4.543567181,3.912000179,-22.104845047,0.000000000,0.000000000,0.000000000,0.000000000,0.000000000,0.000000000,0.000000000,0.000000000,0.000000000,0.000000000,0.000000000,0.000000000
1751979498.952558,28.459000000,59.867225647,0.030000001,0.000000000,2.965728045,1.631290913,-80.066230774,4.543567181,3.912000179,-22.104845047,0.000000000,0.000000000,0.000000000,0.000000000,0.000000000,0.000000000,0.000000000,0.000000000,0.000000000,0.000000000,0.000000000,0.000000000
1751979498.955288,28.462000000,59.867225647,0.030000001,0.000000000,2.965728045,1.644790411,-79.256256104,4.543567181,3.912000179,-22.104845047,0.000000000,0.000000000,0.000000000,0.000000000,0.000000000,0.000000000,0.000000000,0.000000000,0.000000000,0.000000000,0.000000000,0.000000000
1751979498.957868,28.464000000,59.867225647,0.030000001,0.000000000,2.965728045,1.644790411,-79.256256104,4.543567181,3.912000179,-22.104845047,0.000000000,0.000000000,0.000000000,0.000000000,0.000000000,0.000000000,0.000000000,0.000000000,0.000000000,0.000000000,0.000000000,0.000000000
1751979498.960474,28.467000000,59.867225647,0.030000001,0.000000000,2.965728045,1.644790411,-79.256256104,4.543567181,3.912000179,-22.104845047,0.000000000,0.000000000,0.000000000,0.000000000,0.000000000,0.000000000,0.000000000,0.000000000,0.000000000,0.000000000,0.000000000,0.000000000
1751979498.963078,28.469000000,59.867225647,0.030000001,0.000000000,2.965728045,1.644790411,-79.256256104,4.543567181,3.912000179,-22.104845047,0.000000000,0.000000000,0.000000000,0.000000000,0.000000000,0.000000000,0.000000000,0.000000000,0.000000000,0.000000000,0.000000000,0.000000000
1751979498.965608,28.472000000,59.867225647,0.030000001,0.000000000,2.965728045,1.644790411,-79.256256104,4.543567181,3.912000179,-22.104845047,0.000000000,0.000000000,0.000000000,0.000000000,0.000000000,0.000000000,0.000000000,0.000000000,0.000000000,0.000000000,0.000000000,0.000000000
1751979498.968168,28.474000000,59.867225647,0.030000001,0.000000000,2.965728045,1.644790411,-79.256256104,4.543567181,3.912000179,-22.104845047,0.000000000,0.000000000,0.000000000,0.000000000,0.000000000,0.000000000,0.000000000,0.000000000,0.000000000,0.000000000,0.000000000,0.000000000
1751979498.970764,28.477000000,59.867225647,0.030000001,0.000000000,2.965728045,1.644790411,-79.256256104,4.543567181,3.912000179,-22.104845047,0.000000000,0.000000000,0.000000000,0.000000000,0.000000000,0.000000000,0.000000000,0.000000000,0.000000000,0.000000000,0.000000000,0.000000000
1751979498.973372,28.480000000,59.867225647,0.030000001,0.000000000,2.965728045,1.644790411,-79.256256104,4.543567181,3.912000179,-22.104845047,0.000000000,0.000000000,0.000000000,0.000000000,0.000000000,0.000000000,0.000000000,0.000000000,0.000000000,0.000000000,0.000000000,0.000000000
1751979498.976007,28.482000000,59.867225647,0.030000001,0.000000000,2.965728045,1.644790411,-79.256256104,4.543567181,3.912000179,-22.104845047,0.000000000,0.000000000,0.000000000,0.000000000,0.000000000,0.000000000,0.000000000,0.000000000,0.000000000,0.000000000,0.000000000,0.000000000
1751979498.978619,28.485000000,59.867225647,0.030000001,0.000000000,2.965728045,1.644790411,-79.256256104,4.543567181,3.920998812,-21.789892197,0.000000000,0.000000000,0.000000000,0.000000000,0.000000000,0.000000000,0.000000000,0.000000000,0.000000000,0.000000000,0.000000000,0.000000000
1751979498.981199,28.487000000,59.867225647,0.030000001,0.000000000,2.965728045,1.644790411,-79.256256104,4.543567181,3.920998812,-21.789892197,0.000000000,0.000000000,0.000000000,0.000000000,0.000000000,0.000000000,0.000000000,0.000000000,0.000000000,0.000000000,0.000000000,0.000000000
1751979498.983777,28.490000000,59.867225647,0.030000001,0.000000000,2.965728045,1.644790411,-79.256256104,4.543567181,3.920998812,-21.789892197,0.000000000,0.000000000,0.000000000,0.000000000,0.000000000,0.000000000,0.000000000,0.000000000,0.000000000,0.000000000,0.000000000,0.000000000
1751979498.986367,28.493000000,59.867225647,0.030000001,0.000000000,2.965728045,1.644790411,-79.256256104,4.543567181,3.920998812,-21.789892197,0.000000000,0.000000000,0.000000000,0.000000000,0.000000000,0.000000000,0.000000000,0.000000000,0.000000000,0.000000000,0.000000000,0.000000000
1751979498.988999,28.495000000,59.867225647,0.030000001,0.000000000,2.965728045,1.644790411,-79.256256104,4.543567181,3.920998812,-21.789892197,0.000000000,0.000000000,0.000000000,0.000000000,0.000000000,0.000000000,0.000000000,0.000000000,0.000000000,0.000000000,0.000000000,0.000000000
1751979498.991524,28.498000000,59.867225647,0.030000001,0.000000000,2.965728045,1.644790411,-79.256256104,4.543567181,3.920998812,-21.789892197,0.000000000,0.000000000,0.000000000,0.000000000,0.000000000,0.000000000,0.000000000,0.000000000,0.000000000,0.000000000,0.000000000,0.000000000
1751979498.994286,28.501000000,59.867225647,0.030000001,0.000000000,2.965728045,1.644790411,-79.256256104,4.543567181,3.920998812,-21.789892197,0.000000000,0.000000000,0.000000000,0.000000000,0.000000000,0.000000000,0.000000000,0.000000000,0.000000000,0.000000000,0.000000000,0.000000000
1751979498.997059,28.503000000,59.867225647,0.030000001,0.000000000,2.965728045,1.644790411,-79.256256104,4.543567181,3.920998812,-21.789892197,0.000000000,0.000000000,0.000000000,0.000000000,0.000000000,0.000000000,0.000000000,0.000000000,0.000000000,0.000000000,0.000000000,0.000000000
1751979498.999801,28.506000000,59.867225647,0.030000001,0.000000000,2.965728045,1.644790411,-79.256256104,4.543567181,3.920998812,-21.789892197,0.000000000,0.000000000,0.000000000,0.000000000,0.000000000,0.000000000,0.000000000,0.000000000,0.000000000,0.000000000,0.000000000,0.000000000
1751979499.002476,28.509000000,59.867225647,0.030000001,0.000000000,2.965728045,1.631290913,-80.066230774,4.543567181,3.920998812,-21.789892197,0.000000000,0.000000000,0.000000000,0.000000000,0.000000000,0.000000000,0.000000000,0.000000000,0.000000000,0.000000000,0.000000000,0.000000000
1751979499.005089,28.511000000,59.867225647,0.030000001,0.000000000,2.965728045,1.631290913,-80.066230774,4.543567181,3.920998812,-21.789892197,0.000000000,0.000000000,0.000000000,0.000000000,0.000000000,0.000000000,0.000000000,0.000000000,0.000000000,0.000000000,0.000000000,0.000000000
1751979499.007697,28.514000000,59.867225647,0.030000001,0.000000000,2.965728045,1.631290913,-80.066230774,4.543567181,3.920998812,-21.789892197,0.000000000,0.000000000,0.000000000,0.000000000,0.000000000,0.000000000,0.000000000,0.000000000,0.000000000,0.000000000,0.000000000,0.000000000
1751979499.010407,28.517000000,59.867225647,0.030000001,0.000000000,2.965728045,1.631290913,-80.066230774,4.543567181,3.920998812,-21.789892197,0.000000000,0.000000000,0.000000000,0.000000000,0.000000000,0.000000000,0.000000000,0.000000000,0.000000000,0.000000000,0.000000000,0.000000000
1751979499.013022,28.519000000,59.867225647,0.030000001,0.000000000,2.965728045,1.631290913,-80.066230774,4.543567181,3.920998812,-21.789892197,0.000000000,0.000000000,0.000000000,0.000000000,0.000000000,0.000000000,0.000000000,0.000000000,0.000000000,0.000000000,0.000000000,0.000000000
1751979499.015713,28.522000000,59.867225647,0.030000001,0.000000000,2.965728045,1.631290913,-80.066230774,4.543567181,3.920998812,-21.789892197,0.000000000,0.000000000,0.000000000,0.000000000,0.000000000,0.000000000,0.000000000,0.000000000,0.000000000,0.000000000,0.000000000,0.000000000
1751979499.018432,28.525000000,59.867225647,0.030000001,0.000000000,2.965728045,1.631290913,-80.066230774,4.543567181,3.920998812,-21.789892197,0.000000000,0.000000000,0.000000000,0.000000000,0.000000000,0.000000000,0.000000000,0.000000000,0.000000000,0.000000000,0.000000000,0.000000000
1751979499.021144,28.527000000,59.867225647,0.030000001,0.000000000,2.965728045,1.631290913,-80.066230774,4.543567181,3.920998812,-21.789892197,0.000000000,0.000000000,0.000000000,0.000000000,0.000000000,0.000000000,0.000000000,0.000000000,0.000000000,0.000000000,0.000000000,0.000000000
1751979499.023800,28.530000000,59.867225647,0.030000001,0.000000000,2.965728045,1.631290913,-80.066230774,4.543567181,3.920998812,-21.789892197,0.000000000,0.000000000,0.000000000,0.000000000,0.000000000,0.000000000,0.000000000,0.000000000,0.000000000,0.000000000,0.000000000,0.000000000
1751979499.026433,28.533000000,59.867225647,0.030000001,0.000000000,2.965728045,1.631290913,-80.066230774,4.543567181,3.920998812,-21.789892197,0.000000000,0.000000000,0.000000000,0.000000000,0.000000000,0.000000000,0.000000000,0.000000000,0.000000000,0.000000000,0.000000000,0.000000000
1751979499.029038,28.535000000,59.867225647,0.030000001,0.000000000,2.965728045,1.631290913,-80.066230774,4.543567181,3.920998812,-21.789892197,0.000000000,0.000000000,0.000000000,0.000000000,0.000000000,0.000000000,0.000000000,0.000000000,0.000000000,0.000000000,0.000000000,0.000000000
1751979499.031595,28.538000000,59.867225647,0.030000001,0.000000000,2.965728045,1.631290913,-80.066230774,4.543567181,3.930000305,-21.474840164,0.000000000,0.000000000,0.000000000,0.000000000,0.000000000,0.000000000,0.000000000,0.000000000,0.000000000,0.000000000,0.000000000,0.000000000
1751979499.034204,28.540000000,59.867225647,0.030000001,0.000000000,2.965728045,1.631290913,-80.066230774,4.543567181,3.930000305,-21.474840164,0.000000000,0.000000000,0.000000000,0.000000000,0.000000000,0.000000000,0.000000000,0.000000000,0.000000000,0.000000000,0.000000000,0.000000000
1751979499.036799,28.543000000,59.867225647,0.030000001,0.000000000,2.965728045,1.631290913,-80.066230774,4.543567181,3.930000305,-21.474840164,0.000000000,0.000000000,0.000000000,0.000000000,0.000000000,0.000000000,0.000000000,0.000000000,0.000000000,0.000000000,0.000000000,0.000000000
1751979499.039384,28.546000000,59.867225647,0.030000001,0.000000000,2.965728045,1.631290913,-80.066230774,4.543567181,3.930000305,-21.474840164,0.000000000,0.000000000,0.000000000,0.000000000,0.000000000,0.000000000,0.000000000,0.000000000,0.000000000,0.000000000,0.000000000,0.000000000
1751979499.042327,28.548000000,59.867225647,0.030000001,0.000000000,2.965728045,1.631290913,-80.066230774,4.543567181,3.930000305,-21.474840164,0.000000000,0.000000000,0.000000000,0.000000000,0.000000000,0.000000000,0.000000000,0.000000000,0.000000000,0.000000000,0.000000000,0.000000000
1751979499.045193,28.551000000,59.867225647,0.030000001,0.000000000,2.965728045,1.644790411,-79.256256104,4.543567181,3.930000305,-21.474840164,0.000000000,0.000000000,0.000000000,0.000000000,0.000000000,0.000000000,0.000000000,0.000000000,0.000000000,0.000000000,0.000000000,0.000000000
1751979499.048059,28.554000000,59.867225647,0.030000001,0.000000000,2.965728045,1.644790411,-79.256256104,4.543567181,3.930000305,-21.474840164,0.000000000,0.000000000,0.000000000,0.000000000,0.000000000,0.000000000,0.000000000,0.000000000,0.000000000,0.000000000,0.000000000,0.000000000
1751979499.050931,28.557000000,59.867225647,0.030000001,0.000000000,2.965728045,1.644790411,-79.256256104,4.543567181,3.930000305,-21.474840164,0.000000000,0.000000000,0.000000000,0.000000000,0.000000000,0.000000000,0.000000000,0.000000000,0.000000000,0.000000000,0.000000000,0.000000000
1751979499.053810,28.560000000,59.867225647,0.030000001,0.000000000,2.965728045,1.644790411,-79.256256104,4.543567181,3.930000305,-21.474840164,0.000000000,0.000000000,0.000000000,0.000000000,0.000000000,0.000000000,0.000000000,0.000000000,0.000000000,0.000000000,0.000000000,0.000000000
1751979499.056747,28.563000000,59.867225647,0.030000001,0.000000000,2.965728045,1.644790411,-79.256256104,4.543567181,3.930000305,-21.474840164,0.000000000,0.000000000,0.000000000,0.000000000,0.000000000,0.000000000,0.000000000,0.000000000,0.000000000,0.000000000,0.000000000,0.000000000
1751979499.059466,28.566000000,59.867225647,0.030000001,0.000000000,2.965728045,1.644790411,-79.256256104,4.543567181,3.930000305,-21.474840164,0.000000000,0.000000000,0.000000000,0.000000000,0.000000000,0.000000000,0.000000000,0.000000000,0.000000000,0.000000000,0.000000000,0.000000000
1751979499.062165,28.568000000,59.867225647,0.030000001,0.000000000,2.965728045,1.644790411,-79.256256104,4.543567181,3.930000305,-21.474840164,0.000000000,0.000000000,0.000000000,0.000000000,0.000000000,0.000000000,0.000000000,0.000000000,0.000000000,0.000000000,0.000000000,0.000000000
1751979499.064666,28.571000000,59.867225647,0.030000001,0.000000000,2.965728045,1.644790411,-79.256256104,4.543567181,3.930000305,-21.474840164,0.000000000,0.000000000,0.000000000,0.000000000,0.000000000,0.000000000,0.000000000,0.000000000,0.000000000,0.000000000,0.000000000,0.000000000
1751979499.067251,28.573000000,59.867225647,0.030000001,0.000000000,2.965728045,1.644790411,-79.256256104,4.543567181,3.930000305,-21.474840164,0.000000000,0.000000000,0.000000000,0.000000000,0.000000000,0.000000000,0.000000000,0.000000000,0.000000000,0.000000000,0.000000000,0.000000000
1751979499.069830,28.576000000,59.867225647,0.030000001,0.000000000,2.965728045,1.644790411,-79.256256104,4.543567181,3.930000305,-21.474840164,0.000000000,0.000000000,0.000000000,0.000000000,0.000000000,0.000000000,0.000000000,0.000000000,0.000000000,0.000000000,0.000000000,0.000000000
1751979499.072396,28.579000000,59.867225647,0.030000001,0.000000000,2.965728045,1.644790411,-79.256256104,4.543567181,3.930000305,-21.474840164,0.000000000,0.000000000,0.000000000,0.000000000,0.000000000,0.000000000,0.000000000,0.000000000,0.000000000,0.000000000,0.000000000,0.000000000
1751979499.075031,28.581000000,59.867225647,0.030000001,0.000000000,2.965728045,1.644790411,-79.256256104,4.543567181,3.930000305,-21.474840164,0.000000000,0.000000000,0.000000000,0.000000000,0.000000000,0.000000000,0.000000000,0.000000000,0.000000000,0.000000000,0.000000000,0.000000000
1751979499.077677,28.584000000,59.867225647,0.030000001,0.000000000,2.965728045,1.644790411,-79.256256104,4.543567181,3.930000305,-21.474840164,0.000000000,0.000000000,0.000000000,0.000000000,0.000000000,0.000000000,0.000000000,0.000000000,0.000000000,0.000000000,0.000000000,0.000000000
1751979499.080276,28.587000000,59.867225647,0.030000001,0.000000000,2.965728045,1.644790411,-79.256256104,4.543567181,3.930000305,-21.474840164,0.000000000,0.000000000,0.000000000,0.000000000,0.000000000,0.000000000,0.000000000,0.000000000,0.000000000,0.000000000,0.000000000,0.000000000
1751979499.082838,28.589000000,59.867225647,0.030000001,0.000000000,2.965728045,1.644790411,-79.256256104,4.543567181,3.930000305,-21.474840164,0.000000000,0.000000000,0.000000000,0.000000000,0.000000000,0.000000000,0.000000000,0.000000000,0.000000000,0.000000000,0.000000000,0.000000000
1751979499.085407,28.592000000,59.867225647,0.030000001,0.000000000,2.965728045,1.644790411,-79.256256104,4.543567181,3.930000305,-21.474840164,0.000000000,0.000000000,0.000000000,0.000000000,0.000000000,0.000000000,0.000000000,0.000000000,0.000000000,0.000000000,0.000000000,0.000000000
1751979499.087962,28.594000000,59.867225647,0.030000001,0.000000000,2.965728045,1.644790411,-79.256256104,4.543567181,3.930000305,-21.474840164,0.000000000,0.000000000,0.000000000,0.000000000,0.000000000,0.000000000,0.000000000,0.000000000,0.000000000,0.000000000,0.000000000,0.000000000
1751979499.090622,28.597000000,59.867225647,0.030000001,0.000000000,2.965728045,1.644790411,-79.256256104,4.543567181,3.930000305,-21.474840164,0.000000000,0.000000000,0.000000000,0.000000000,0.000000000,0.000000000,0.000000000,0.000000000,0.000000000,0.000000000,0.000000000,0.000000000
1751979499.093260,28.599000000,59.867225647,0.030000001,0.000000000,2.965728045,1.644790411,-79.256256104,4.543567181,3.930000305,-21.474840164,0.000000000,0.000000000,0.000000000,0.000000000,0.000000000,0.000000000,0.000000000,0.000000000,0.000000000,0.000000000,0.000000000,0.000000000
1751979499.095848,28.602000000,59.867225647,0.030000001,0.000000000,2.965728045,1.644790411,-79.256256104,4.543567181,3.930000305,-21.474840164,0.000000000,0.000000000,0.000000000,0.000000000,0.000000000,0.000000000,0.000000000,0.000000000,0.000000000,0.000000000,0.000000000,0.000000000
1751979499.098398,28.605000000,59.867225647,0.030000001,0.000000000,2.965728045,1.644790411,-79.256256104,4.543567181,3.930000305,-21.474840164,0.000000000,0.000000000,0.000000000,0.000000000,0.000000000,0.000000000,0.000000000,0.000000000,0.000000000,0.000000000,0.000000000,0.000000000
1751979499.101087,28.607000000,59.867225647,0.030000001,0.000000000,2.965728045,1.644790411,-79.256256104,4.543567181,3.930000305,-21.474840164,0.000000000,0.000000000,0.000000000,0.000000000,0.000000000,0.000000000,0.000000000,0.000000000,0.000000000,0.000000000,0.000000000,0.000000000
1751979499.103830,28.610000000,59.867225647,0.030000001,0.000000000,2.965728045,1.644790411,-79.256256104,4.543567181,3.930000305,-21.474840164,0.000000000,0.000000000,0.000000000,0.000000000,0.000000000,0.000000000,0.000000000,0.000000000,0.000000000,0.000000000,0.000000000,0.000000000
1751979499.106567,28.613000000,59.867225647,0.030000001,0.000000000,2.965728045,1.644790411,-79.256256104,4.543567181,3.930000305,-21.474840164,0.000000000,0.000000000,0.000000000,0.000000000,0.000000000,0.000000000,0.000000000,0.000000000,0.000000000,0.000000000,0.000000000,0.000000000
1751979499.109346,28.616000000,59.867225647,0.030000001,0.000000000,2.965728045,1.644790411,-79.256256104,4.543567181,3.930000305,-21.474840164,0.000000000,0.000000000,0.000000000,0.000000000,0.000000000,0.000000000,0.000000000,0.000000000,0.000000000,0.000000000,0.000000000,0.000000000
1751979499.111932,28.618000000,59.867225647,0.030000001,0.000000000,2.965728045,1.644790411,-79.256256104,4.543567181,3.930000305,-21.474840164,0.000000000,0.000000000,0.000000000,0.000000000,0.000000000,0.000000000,0.000000000,0.000000000,0.000000000,0.000000000,0.000000000,0.000000000
1751979499.114489,28.621000000,59.867225647,0.030000001,0.000000000,2.965728045,1.644790411,-79.256256104,4.543567181,3.930000305,-21.474840164,0.000000000,0.000000000,0.000000000,0.000000000,0.000000000,0.000000000,0.000000000,0.000000000,0.000000000,0.000000000,0.000000000,0.000000000
1751979499.117050,28.623000000,59.867225647,0.030000001,0.000000000,2.965728045,1.644790411,-79.256256104,4.543567181,3.930000305,-21.474840164,0.000000000,0.000000000,0.000000000,0.000000000,0.000000000,0.000000000,0.000000000,0.000000000,0.000000000,0.000000000,0.000000000,0.000000000
1751979499.119596,28.626000000,59.867225647,0.030000001,0.000000000,2.965728045,1.644790411,-79.256256104,4.543567181,3.930000305,-21.474840164,0.000000000,0.000000000,0.000000000,0.000000000,0.000000000,0.000000000,0.000000000,0.000000000,0.000000000,0.000000000,0.000000000,0.000000000
1751979499.122151,28.628000000,59.867225647,0.030000001,0.000000000,2.965728045,1.644790411,-79.256256104,4.543567181,3.930000305,-21.474840164,0.000000000,0.000000000,0.000000000,0.000000000,0.000000000,0.000000000,0.000000000,0.000000000,0.000000000,0.000000000,0.000000000,0.000000000
1751979499.124735,28.631000000,59.867225647,0.030000001,0.000000000,2.965728045,1.644790411,-79.256256104,4.543567181,3.930000305,-21.474840164,0.000000000,0.000000000,0.000000000,0.000000000,0.000000000,0.000000000,0.000000000,0.000000000,0.000000000,0.000000000,0.000000000,0.000000000
1751979499.127424,28.634000000,59.867225647,0.030000001,0.000000000,2.965728045,1.644790411,-79.256256104,4.543567181,3.930000305,-21.474840164,0.000000000,0.000000000,0.000000000,0.000000000,0.000000000,0.000000000,0.000000000,0.000000000,0.000000000,0.000000000,0.000000000,0.000000000
1751979499.130027,28.636000000,59.867225647,0.030000001,0.000000000,2.965728045,1.644790411,-79.256256104,4.543567181,3.930000305,-21.474840164,0.000000000,0.000000000,0.000000000,0.000000000,0.000000000,0.000000000,0.000000000,0.000000000,0.000000000,0.000000000,0.000000000,0.000000000
1751979499.132590,28.639000000,59.867225647,0.030000001,0.000000000,2.965728045,1.644790411,-79.256256104,4.543567181,3.930000305,-21.474840164,0.000000000,0.000000000,0.000000000,0.000000000,0.000000000,0.000000000,0.000000000,0.000000000,0.000000000,0.000000000,0.000000000,0.000000000
1751979499.135186,28.641000000,59.867225647,0.030000001,0.000000000,2.965728045,1.644790411,-79.256256104,4.543567181,3.930000305,-21.474840164,0.000000000,0.000000000,0.000000000,0.000000000,0.000000000,0.000000000,0.000000000,0.000000000,0.000000000,0.000000000,0.000000000,0.000000000
1751979499.137774,28.644000000,59.867225647,0.030000001,0.000000000,2.965728045,1.644790411,-79.256256104,4.543567181,3.930000305,-21.474840164,0.000000000,0.000000000,0.000000000,0.000000000,0.000000000,0.000000000,0.000000000,0.000000000,0.000000000,0.000000000,0.000000000,0.000000000
1751979499.140363,28.647000000,59.867225647,0.030000001,0.000000000,2.965728045,1.644790411,-79.256256104,4.543567181,3.930000305,-21.474840164,0.000000000,0.000000000,0.000000000,0.000000000,0.000000000,0.000000000,0.000000000,0.000000000,0.000000000,0.000000000,0.000000000,0.000000000
1751979499.143038,28.649000000,59.867225647,0.030000001,0.000000000,2.965728045,1.644790411,-79.256256104,4.543567181,3.930000305,-21.474840164,0.000000000,0.000000000,0.000000000,0.000000000,0.000000000,0.000000000,0.000000000,0.000000000,0.000000000,0.000000000,0.000000000,0.000000000
1751979499.145730,28.652000000,59.867225647,0.030000001,0.000000000,2.965728045,1.644790411,-79.256256104,4.543567181,3.930000305,-21.474840164,0.000000000,0.000000000,0.000000000,0.000000000,0.000000000,0.000000000,0.000000000,0.000000000,0.000000000,0.000000000,0.000000000,0.000000000
1751979499.148370,28.655000000,59.867225647,0.030000001,0.000000000,2.965728045,1.644790411,-79.256256104,4.543567181,3.930000305,-21.474840164,0.000000000,0.000000000,0.000000000,0.000000000,0.000000000,0.000000000,0.000000000,0.000000000,0.000000000,0.000000000,0.000000000,0.000000000
1751979499.150971,28.657000000,59.867225647,0.030000001,0.000000000,2.965728045,1.644790411,-79.256256104,4.543567181,3.930000305,-21.474840164,0.000000000,0.000000000,0.000000000,0.000000000,0.000000000,0.000000000,0.000000000,0.000000000,0.000000000,0.000000000,0.000000000,0.000000000
1751979499.153589,28.660000000,59.867225647,0.030000001,0.000000000,2.965728045,1.644790411,-79.256256104,4.543567181,3.930000305,-21.474840164,0.000000000,0.000000000,0.000000000,0.000000000,0.000000000,0.000000000,0.000000000,0.000000000,0.000000000,0.000000000,0.000000000,0.000000000
1751979499.156251,28.662000000,59.867225647,0.030000001,0.000000000,2.965728045,1.644790411,-79.256256104,4.543567181,3.930000305,-21.474840164,0.000000000,0.000000000,0.000000000,0.000000000,0.000000000,0.000000000,0.000000000,0.000000000,0.000000000,0.000000000,0.000000000,0.000000000
1751979499.158794,28.665000000,59.867225647,0.030000001,0.000000000,2.965728045,1.644790411,-79.256256104,4.543567181,3.930000305,-21.474840164,0.000000000,0.000000000,0.000000000,0.000000000,0.000000000,0.000000000,0.000000000,0.000000000,0.000000000,0.000000000,0.000000000,0.000000000
1751979499.161507,28.668000000,59.867225647,0.030000001,0.000000000,2.965728045,1.644790411,-79.256256104,4.543567181,3.930000305,-21.474840164,0.000000000,0.000000000,0.000000000,0.000000000,0.000000000,0.000000000,0.000000000,0.000000000,0.000000000,0.000000000,0.000000000,0.000000000
1751979499.164107,28.670000000,59.867225647,0.030000001,0.000000000,2.965728045,1.644790411,-79.256256104,4.543567181,3.930000305,-21.474840164,0.000000000,0.000000000,0.000000000,0.000000000,0.000000000,0.000000000,0.000000000,0.000000000,0.000000000,0.000000000,0.000000000,0.000000000
1751979499.166635,28.673000000,59.867225647,0.030000001,0.000000000,2.965728045,1.644790411,-79.256256104,4.543567181,3.930000305,-21.474840164,0.000000000,0.000000000,0.000000000,0.000000000,0.000000000,0.000000000,0.000000000,0.000000000,0.000000000,0.000000000,0.000000000,0.000000000
1751979499.169204,28.675000000,59.867225647,0.030000001,0.000000000,2.965728045,1.644790411,-79.256256104,4.543567181,3.930000305,-21.474840164,0.000000000,0.000000000,0.000000000,0.000000000,0.000000000,0.000000000,0.000000000,0.000000000,0.000000000,0.000000000,0.000000000,0.000000000
1751979499.171764,28.678000000,59.867225647,0.030000001,0.000000000,2.965728045,1.644790411,-79.256256104,4.543567181,3.930000305,-21.474840164,0.000000000,0.000000000,0.000000000,0.000000000,0.000000000,0.000000000,0.000000000,0.000000000,0.000000000,0.000000000,0.000000000,0.000000000
1751979499.174380,28.681000000,59.867225647,0.030000001,0.000000000,2.965728045,1.644790411,-79.256256104,4.543567181,3.930000305,-21.474840164,0.000000000,0.000000000,0.000000000,0.000000000,0.000000000,0.000000000,0.000000000,0.000000000,0.000000000,0.000000000,0.000000000,0.000000000
1751979499.177180,28.683000000,59.867225647,0.030000001,0.000000000,2.965728045,1.644790411,-79.256256104,4.543567181,3.930000305,-21.474840164,0.000000000,0.000000000,0.000000000,0.000000000,0.000000000,0.000000000,0.000000000,0.000000000,0.000000000,0.000000000,0.000000000,0.000000000
1751979499.179785,28.686000000,59.867225647,0.030000001,0.000000000,2.965728045,1.644790411,-79.256256104,4.543567181,3.930000305,-21.474840164,0.000000000,0.000000000,0.000000000,0.000000000,0.000000000,0.000000000,0.000000000,0.000000000,0.000000000,0.000000000,0.000000000,0.000000000
1751979499.182393,28.689000000,59.867225647,0.030000001,0.000000000,2.965728045,1.644790411,-79.256256104,4.543567181,3.930000305,-21.474840164,0.000000000,0.000000000,0.000000000,0.000000000,0.000000000,0.000000000,0.000000000,0.000000000,0.000000000,0.000000000,0.000000000,0.000000000
1751979499.185049,28.691000000,59.867225647,0.030000001,0.000000000,2.965728045,1.644790411,-79.256256104,4.543567181,3.930000305,-21.474840164,0.000000000,0.000000000,0.000000000,0.000000000,0.000000000,0.000000000,0.000000000,0.000000000,0.000000000,0.000000000,0.000000000,0.000000000
1751979499.187624,28.694000000,59.867225647,0.030000001,0.000000000,2.965728045,1.644790411,-79.256256104,4.543567181,3.930000305,-21.474840164,0.000000000,0.000000000,0.000000000,0.000000000,0.000000000,0.000000000,0.000000000,0.000000000,0.000000000,0.000000000,0.000000000,0.000000000
1751979499.190222,28.696000000,59.867225647,0.030000001,0.000000000,2.965728045,1.644790411,-79.256256104,4.543567181,3.930000305,-21.474840164,0.000000000,0.000000000,0.000000000,0.000000000,0.000000000,0.000000000,0.000000000,0.000000000,0.000000000,0.000000000,0.000000000,0.000000000
1751979499.193156,28.699000000,59.867225647,0.030000001,0.000000000,2.965728045,1.644790411,-79.256256104,4.543567181,3.930000305,-21.474840164,0.000000000,0.000000000,0.000000000,0.000000000,0.000000000,0.000000000,0.000000000,0.000000000,0.000000000,0.000000000,0.000000000,0.000000000
1751979499.195881,28.702000000,59.867225647,0.030000001,0.000000000,2.965728045,1.644790411,-79.256256104,4.543567181,3.930000305,-21.474840164,0.000000000,0.000000000,0.000000000,0.000000000,0.000000000,0.000000000,0.000000000,0.000000000,0.000000000,0.000000000,0.000000000,0.000000000
1751979499.198578,28.705000000,59.867225647,0.030000001,0.000000000,2.965728045,1.631290913,-80.066230774,4.543567181,3.930000305,-21.474840164,0.000000000,0.000000000,0.000000000,0.000000000,0.000000000,0.000000000,0.000000000,0.000000000,0.000000000,0.000000000,0.000000000,0.000000000
1751979499.201456,28.708000000,59.867225647,0.030000001,0.000000000,2.965728045,1.644790411,-79.256256104,4.543567181,3.930000305,-21.474840164,0.000000000,0.000000000,0.000000000,0.000000000,0.000000000,0.000000000,0.000000000,0.000000000,0.000000000,0.000000000,0.000000000,0.000000000
1751979499.204112,28.710000000,59.867225647,0.030000001,0.000000000,2.965728045,1.644790411,-79.256256104,4.543567181,3.930000305,-21.474840164,0.000000000,0.000000000,0.000000000,0.000000000,0.000000000,0.000000000,0.000000000,0.000000000,0.000000000,0.000000000,0.000000000,0.000000000
1751979499.206711,28.713000000,59.867225647,0.030000001,0.000000000,2.965728045,1.644790411,-79.256256104,4.543567181,3.930000305,-21.474840164,0.000000000,0.000000000,0.000000000,0.000000000,0.000000000,0.000000000,0.000000000,0.000000000,0.000000000,0.000000000,0.000000000,0.000000000
1751979499.209334,28.716000000,59.867225647,0.030000001,0.000000000,2.965728045,1.644790411,-79.256256104,4.543567181,3.930000305,-21.474840164,0.000000000,0.000000000,0.000000000,0.000000000,0.000000000,0.000000000,0.000000000,0.000000000,0.000000000,0.000000000,0.000000000,0.000000000
1751979499.212012,28.718000000,59.867225647,0.030000001,0.000000000,2.965728045,1.644790411,-79.256256104,4.543567181,3.930000305,-21.474840164,0.000000000,0.000000000,0.000000000,0.000000000,0.000000000,0.000000000,0.000000000,0.000000000,0.000000000,0.000000000,0.000000000,0.000000000
1751979499.214564,28.721000000,59.867225647,0.030000001,0.000000000,2.965728045,1.644790411,-79.256256104,4.543567181,3.930000305,-21.474840164,0.000000000,0.000000000,0.000000000,0.000000000,0.000000000,0.000000000,0.000000000,0.000000000,0.000000000,0.000000000,0.000000000,0.000000000
1751979499.217127,28.723000000,59.867225647,0.030000001,0.000000000,2.965728045,1.644790411,-79.256256104,4.543567181,3.930000305,-21.474840164,0.000000000,0.000000000,0.000000000,0.000000000,0.000000000,0.000000000,0.000000000,0.000000000,0.000000000,0.000000000,0.000000000,0.000000000
1751979499.219740,28.726000000,59.867225647,0.030000001,0.000000000,2.965728045,1.644790411,-79.256256104,4.543567181,3.930000305,-21.474840164,0.000000000,0.000000000,0.000000000,0.000000000,0.000000000,0.000000000,0.000000000,0.000000000,0.000000000,0.000000000,0.000000000,0.000000000
1751979499.222317,28.729000000,59.867225647,0.030000001,0.000000000,2.965728045,1.644790411,-79.256256104,4.543567181,3.930000305,-21.474840164,0.000000000,0.000000000,0.000000000,0.000000000,0.000000000,0.000000000,0.000000000,0.000000000,0.000000000,0.000000000,0.000000000,0.000000000
1751979499.224929,28.731000000,59.867225647,0.030000001,0.000000000,2.965728045,1.644790411,-79.256256104,4.543567181,3.930000305,-21.474840164,0.000000000,0.000000000,0.000000000,0.000000000,0.000000000,0.000000000,0.000000000,0.000000000,0.000000000,0.000000000,0.000000000,0.000000000
1751979499.227518,28.734000000,59.867225647,0.030000001,0.000000000,2.965728045,1.644790411,-79.256256104,4.543567181,3.930000305,-21.474840164,0.000000000,0.000000000,0.000000000,0.000000000,0.000000000,0.000000000,0.000000000,0.000000000,0.000000000,0.000000000,0.000000000,0.000000000
1751979499.230088,28.736000000,59.867225647,0.030000001,0.000000000,2.965728045,1.644790411,-79.256256104,4.543567181,3.930000305,-21.474840164,0.000000000,0.000000000,0.000000000,0.000000000,0.000000000,0.000000000,0.000000000,0.000000000,0.000000000,0.000000000,0.000000000,0.000000000
1751979499.232633,28.739000000,59.867225647,0.030000001,0.000000000,2.965728045,1.644790411,-79.256256104,4.543567181,3.930000305,-21.474840164,0.000000000,0.000000000,0.000000000,0.000000000,0.000000000,0.000000000,0.000000000,0.000000000,0.000000000,0.000000000,0.000000000,0.000000000
1751979499.235223,28.741000000,59.867225647,0.030000001,0.000000000,2.965728045,1.644790411,-79.256256104,4.543567181,3.930000305,-21.474840164,0.000000000,0.000000000,0.000000000,0.000000000,0.000000000,0.000000000,0.000000000,0.000000000,0.000000000,0.000000000,0.000000000,0.000000000
1751979499.237811,28.744000000,59.867225647,0.030000001,0.000000000,2.965728045,1.644790411,-79.256256104,4.543567181,3.930000305,-21.474840164,0.000000000,0.000000000,0.000000000,0.000000000,0.000000000,0.000000000,0.000000000,0.000000000,0.000000000,0.000000000,0.000000000,0.000000000
1751979499.240386,28.747000000,59.867225647,0.030000001,0.000000000,2.965728045,1.644790411,-79.256256104,4.543567181,3.930000305,-21.474840164,0.000000000,0.000000000,0.000000000,0.000000000,0.000000000,0.000000000,0.000000000,0.000000000,0.000000000,0.000000000,0.000000000,0.000000000
1751979499.243075,28.749000000,59.867225647,0.030000001,0.000000000,2.965728045,1.644790411,-79.256256104,4.543567181,3.930000305,-21.474840164,0.000000000,0.000000000,0.000000000,0.000000000,0.000000000,0.000000000,0.000000000,0.000000000,0.000000000,0.000000000,0.000000000,0.000000000
1751979499.245713,28.752000000,59.867225647,0.030000001,0.000000000,2.965728045,1.644790411,-79.256256104,4.543567181,3.930000305,-21.474840164,0.000000000,0.000000000,0.000000000,0.000000000,0.000000000,0.000000000,0.000000000,0.000000000,0.000000000,0.000000000,0.000000000,0.000000000
1751979499.248355,28.755000000,59.867225647,0.030000001,0.000000000,2.965728045,1.644790411,-79.256256104,4.543567181,3.930000305,-21.474840164,0.000000000,0.000000000,0.000000000,0.000000000,0.000000000,0.000000000,0.000000000,0.000000000,0.000000000,0.000000000,0.000000000,0.000000000
1751979499.250922,28.757000000,59.867225647,0.030000001,0.000000000,2.965728045,1.644790411,-79.256256104,4.543567181,3.930000305,-21.474840164,0.000000000,0.000000000,0.000000000,0.000000000,0.000000000,0.000000000,0.000000000,0.000000000,0.000000000,0.000000000,0.000000000,0.000000000
1751979499.253497,28.760000000,59.867225647,0.030000001,0.000000000,2.965728045,1.644790411,-79.256256104,4.543567181,3.930000305,-21.474840164,0.000000000,0.000000000,0.000000000,0.000000000,0.000000000,0.000000000,0.000000000,0.000000000,0.000000000,0.000000000,0.000000000,0.000000000
1751979499.256092,28.762000000,59.867225647,0.030000001,0.000000000,2.965728045,1.644790411,-79.256256104,4.543567181,3.930000305,-21.474840164,0.000000000,0.000000000,0.000000000,0.000000000,0.000000000,0.000000000,0.000000000,0.000000000,0.000000000,0.000000000,0.000000000,0.000000000
1751979499.258656,28.765000000,59.867225647,0.030000001,0.000000000,2.965728045,1.644790411,-79.256256104,4.543567181,3.930000305,-21.474840164,0.000000000,0.000000000,0.000000000,0.000000000,0.000000000,0.000000000,0.000000000,0.000000000,0.000000000,0.000000000,0.000000000,0.000000000
1751979499.261465,28.768000000,59.867225647,0.030000001,0.000000000,2.965728045,1.644790411,-79.256256104,4.543567181,3.930000305,-21.474840164,0.000000000,0.000000000,0.000000000,0.000000000,0.000000000,0.000000000,0.000000000,0.000000000,0.000000000,0.000000000,0.000000000,0.000000000
1751979499.264081,28.770000000,59.867225647,0.030000001,0.000000000,2.965728045,1.644790411,-79.256256104,4.543567181,3.930000305,-21.474840164,0.000000000,0.000000000,0.000000000,0.000000000,0.000000000,0.000000000,0.000000000,0.000000000,0.000000000,0.000000000,0.000000000,0.000000000
1751979499.266649,28.773000000,59.867225647,0.030000001,0.000000000,2.965728045,1.644790411,-79.256256104,4.543567181,3.930000305,-21.474840164,0.000000000,0.000000000,0.000000000,0.000000000,0.000000000,0.000000000,0.000000000,0.000000000,0.000000000,0.000000000,0.000000000,0.000000000
1751979499.269238,28.775000000,59.867225647,0.030000001,0.000000000,2.965728045,1.644790411,-79.256256104,4.543567181,3.930000305,-21.474840164,0.000000000,0.000000000,0.000000000,0.000000000,0.000000000,0.000000000,0.000000000,0.000000000,0.000000000,0.000000000,0.000000000,0.000000000
1751979499.271941,28.778000000,59.867225647,0.030000001,0.000000000,2.965728045,1.644790411,-79.256256104,4.543567181,3.930000305,-21.474840164,0.000000000,0.000000000,0.000000000,0.000000000,0.000000000,0.000000000,0.000000000,0.000000000,0.000000000,0.000000000,0.000000000,0.000000000
1751979499.274507,28.781000000,59.867225647,0.030000001,0.000000000,2.965728045,1.644790411,-79.256256104,4.543567181,3.930000305,-21.474840164,0.000000000,0.000000000,0.000000000,0.000000000,0.000000000,0.000000000,0.000000000,0.000000000,0.000000000,0.000000000,0.000000000,0.000000000
1751979499.277173,28.783000000,59.867225647,0.030000001,0.000000000,2.965728045,1.644790411,-79.256256104,4.543567181,3.930000305,-21.474840164,0.000000000,0.000000000,0.000000000,0.000000000,0.000000000,0.000000000,0.000000000,0.000000000,0.000000000,0.000000000,0.000000000,0.000000000
1751979499.279855,28.786000000,59.867225647,0.030000001,0.000000000,2.965728045,1.644790411,-79.256256104,4.543567181,3.930000305,-21.474840164,0.000000000,0.000000000,0.000000000,0.000000000,0.000000000,0.000000000,0.000000000,0.000000000,0.000000000,0.000000000,0.000000000,0.000000000
1751979499.282493,28.789000000,59.867225647,0.030000001,0.000000000,2.965728045,1.644790411,-79.256256104,4.543567181,3.930000305,-21.474840164,0.000000000,0.000000000,0.000000000,0.000000000,0.000000000,0.000000000,0.000000000,0.000000000,0.000000000,0.000000000,0.000000000,0.000000000
1751979499.285153,28.791000000,59.867225647,0.030000001,0.000000000,2.965728045,1.644790411,-79.256256104,4.543567181,3.930000305,-21.474840164,0.000000000,0.000000000,0.000000000,0.000000000,0.000000000,0.000000000,0.000000000,0.000000000,0.000000000,0.000000000,0.000000000,0.000000000
1751979499.287827,28.794000000,59.867225647,0.030000001,0.000000000,2.965728045,1.644790411,-79.256256104,4.543567181,3.930000305,-21.474840164,0.000000000,0.000000000,0.000000000,0.000000000,0.000000000,0.000000000,0.000000000,0.000000000,0.000000000,0.000000000,0.000000000,0.000000000
1751979499.290415,28.797000000,59.867225647,0.030000001,0.000000000,2.965728045,1.644790411,-79.256256104,4.543567181,3.930000305,-21.474840164,0.000000000,0.000000000,0.000000000,0.000000000,0.000000000,0.000000000,0.000000000,0.000000000,0.000000000,0.000000000,0.000000000,0.000000000
